GTAGACAACCGATGAA-1_1	4.857919	1.408820	1.963283	2.825541	3.403947	-4.639504	-0.242998	0.483534	-0.543950	5.014571	-0.662967	-2.268894	-3.341362	2.589857	-2.616586	2.022391	-0.993369	-2.998998	1.804557	-0.171251	4.712563	1.114066	3.924714	1.171701	1.899025	-1.096676	0.096881	2.942415	1.760160	3.190254	0.312124	-0.288840
ACAGATTAGGTTAGTG-1_1	0.579504	-0.070586	0.548138	2.487650	-1.394056	0.322032	1.096302	0.997497	-0.999312	0.959811	-0.882272	0.464604	1.692197	1.815986	-2.572641	-2.369311	1.161123	1.707046	0.798117	0.850665	1.034678	1.053104	0.795659	1.062931	-2.079111	2.647722	-1.476219	0.569490	-1.292537	2.553133	-2.274786	-0.476813
TGGTATCGGTCTGTAT-1_1	0.321894	-0.273083	0.265345	1.294528	-0.436273	-0.108183	0.435526	0.307023	-0.126776	0.568471	-0.963266	-0.236288	0.663877	0.891941	-1.489496	-1.016890	0.893419	1.244175	0.761685	0.281462	0.424205	0.654692	0.585981	0.577385	-1.281937	1.488972	-0.685659	0.136944	-1.130125	1.472587	-0.819692	-0.316786
ATTATCTCGACAGATC-1_1	0.417175	-0.162392	0.175843	1.903379	-0.657563	-0.269636	0.933279	0.331924	-0.262070	0.738509	-1.340873	-0.354287	0.737124	1.564729	-1.945999	-1.257271	0.844544	2.141182	0.743508	0.454245	1.016177	0.659901	0.957576	0.983771	-1.784403	1.556370	-1.033938	-0.163145	-1.855057	2.216134	-0.685531	-0.470179
TGAGATCAAATACTCA-1_1	1.155008	0.008972	0.440846	2.427664	-0.128173	-0.384970	0.970595	0.368213	-0.408730	1.124158	-1.731392	-0.649471	0.432695	1.673845	-2.277288	-1.088858	1.159255	1.415203	0.863675	0.607767	1.900626	0.751594	1.451308	0.945982	-1.812150	1.786736	-0.644610	0.159211	-1.833010	2.514982	-0.450143	-0.393673
CAACTTGTAGTGGGCA-1_1	1.438538	-0.370029	0.569906	2.198286	0.068602	-0.576728	0.539209	0.517185	-0.395129	1.438583	-1.720581	-0.443288	0.116099	1.375167	-2.506243	-1.163337	1.292891	0.921398	1.118540	0.596731	1.777323	0.988511	1.553170	0.726027	-1.523562	1.775113	-0.315112	0.958688	-1.094209	2.452909	-0.636999	-0.217838
AATATCAAGGTCGGAT-1_1	0.773651	-0.234185	0.597664	1.576102	-0.225634	-0.183692	0.348518	0.614855	-0.332700	0.967899	-0.964480	-0.054112	0.722937	1.151941	-1.612305	-1.316879	0.755252	1.060757	0.861826	0.479407	1.014171	0.695195	0.662448	0.539708	-1.230234	1.816336	-0.688317	0.831257	-0.813684	1.742993	-1.196549	-0.239385
ACTCAGACCTGCTTCT-1_1	2.664346	-0.921760	0.341776	2.909548	0.758145	-1.864248	1.207161	0.091422	-0.201643	2.331514	-3.149908	-1.723021	-0.873608	1.760066	-3.974525	-0.623607	1.663175	1.101417	1.625658	0.565387	2.682146	1.520122	3.171890	1.351301	-1.755490	1.488040	0.182956	0.908758	-2.118343	3.739567	0.519487	-0.614820
TTGGAGTCTCCCTTCT-1_1	1.408247	-0.632607	0.039999	1.936128	0.379628	-0.951888	0.904291	-0.060523	0.250378	1.212378	-2.364681	-1.244021	-0.150986	1.336945	-2.738388	-0.616930	1.559103	1.809134	1.332990	0.387409	1.263634	1.008693	1.804670	0.889092	-1.867692	1.638826	0.027063	0.055052	-2.236117	2.546859	0.166134	-0.424109
GGATACTCATGAATTG-1_1	0.960562	-1.028030	0.036517	2.051460	0.168728	-0.798039	0.631876	-0.051031	0.850562	1.166516	-3.026184	-1.240003	0.665871	1.180154	-3.153163	-1.306360	2.259273	3.134778	2.229648	0.333599	0.392894	1.333768	1.321726	0.732583	-2.536857	3.088391	-0.523484	0.078694	-2.866870	2.972894	-0.715099	-0.501364
TGGGCACAAACAGAAC-1_1	0.729982	-1.328169	-0.186988	2.129628	-0.397810	-0.990987	0.804883	-0.310786	0.528364	1.337876	-3.077089	-1.247957	0.204670	1.295110	-3.735333	-0.777293	3.007800	2.849838	2.181137	0.058525	0.492275	1.717563	1.926075	1.396991	-3.109867	2.433837	-0.563993	-0.144312	-3.318255	3.002730	-0.273599	-0.818242
GAGCCACGGTAGTAGG-1_1	3.138499	-1.328240	0.492929	4.229614	0.289158	-1.638669	2.004654	0.538611	-0.219922	3.189371	-4.385755	-1.558229	-0.446868	2.197677	-5.963993	-1.757499	2.898385	2.102234	2.462212	0.648607	3.141130	1.962556	4.260095	1.947552	-3.126850	2.893550	0.085127	0.569162	-3.086508	5.044003	0.033553	-0.748485
TCGATAGGCTAGTCGC-1_1	0.888697	-0.641472	0.843238	2.652703	-1.370283	-0.077563	0.996264	1.062338	-0.790777	1.854937	-1.444260	-0.034413	0.860295	1.579573	-3.332345	-2.079175	1.657472	1.290837	1.051850	0.352250	0.859061	1.174435	1.644448	1.327792	-2.233678	2.212251	-1.192792	0.579183	-1.253515	2.544914	-1.897830	-0.351095
TAACCGCCCGCAGTGC-1_1	1.781512	-1.293042	0.226745	3.403967	-0.494311	-1.212528	1.576842	0.324207	-0.366285	2.372228	-3.500823	-1.173361	-0.213661	1.793850	-4.934221	-1.425084	2.768006	2.378297	2.017884	0.196516	1.997179	1.806633	3.425361	2.085369	-3.166426	2.232004	-0.432273	0.237170	-3.180121	3.960330	0.074738	-0.891272
GCCTATTTGCTACACA-1_1	1.028385	-1.548391	-0.031521	2.643503	-0.175340	-1.007248	0.848702	-0.199930	0.885361	1.647236	-3.909819	-1.526695	0.535174	1.454989	-4.474348	-1.355305	3.518224	3.622931	2.881993	0.195524	0.467071	2.013251	2.163400	1.300185	-3.653156	3.563267	-0.603368	-0.049995	-3.804506	3.721829	-0.693223	-0.808530
TTGACGATTCAGCACG-1_1	1.567038	-1.556392	-0.170903	2.337058	0.005850	-1.220364	1.016101	-0.191988	0.684883	1.358671	-3.677145	-1.200403	0.094020	1.214178	-4.567630	-1.147548	3.161108	2.615336	2.569395	0.319828	0.883542	2.154292	2.766394	1.306914	-3.052055	3.067462	0.076122	-0.019590	-3.017517	3.570735	-0.155487	-0.776038
ACCGAAAGGGCCCTGC-1_1	1.360906	-1.201237	-0.290445	2.082480	-0.010637	-1.388248	1.211476	-0.346214	0.396345	1.246277	-3.185435	-1.345642	-0.151219	1.435635	-3.790569	-0.623713	2.300386	2.580156	1.854470	0.079431	0.931415	1.623971	2.421629	1.425473	-2.545532	1.965962	-0.060765	-0.232067	-3.058846	3.124976	0.322950	-0.819347
ACGTTCCGCGCTCCGT-1_1	0.578034	-0.545213	0.902544	2.917751	-1.629473	-0.010251	1.287420	1.046433	-1.111190	1.839250	-1.263717	-0.235205	1.047168	2.161851	-3.294038	-2.163264	1.620292	1.972850	0.837571	0.640880	1.203322	1.135059	1.603097	1.733839	-2.668083	2.175924	-1.562137	0.692768	-2.034777	2.836519	-2.071848	-0.689918
ATACCAGGCTAATAGA-1_1	0.542788	-0.296422	0.515753	1.906070	-0.557257	-0.130702	0.794440	0.515482	-0.427389	1.105986	-1.256185	-0.384194	0.550277	1.364398	-2.006795	-1.277080	0.980449	1.436911	0.723472	0.366085	1.084167	0.679007	1.166057	0.983528	-1.662902	1.455028	-0.811606	0.238153	-1.495578	1.975782	-0.733814	-0.417376
CGGCTTTGTATGATAA-1_1	0.644886	-0.078423	0.740728	2.427985	-1.202173	0.064594	0.885868	0.956280	-0.972254	1.088342	-0.883801	0.212750	1.355667	1.865847	-2.410246	-2.036215	1.011786	1.620578	0.759335	0.741782	1.282282	0.961972	0.936010	1.119823	-2.041095	2.388804	-1.415764	0.556441	-1.282030	2.478226	-2.039179	-0.452033
CTTGACCCGAAAGATA-1_1	0.870531	-0.246474	0.245510	1.423651	-0.064372	-0.089451	0.636462	0.336637	-0.166702	0.784882	-1.194734	-0.168909	0.436966	0.974251	-1.744765	-0.972152	0.917535	0.788237	0.775678	0.326927	0.938014	0.638205	0.945665	0.529753	-1.237301	1.456300	-0.202796	0.222894	-0.953487	1.578142	-0.439670	-0.187141
CGCAGAAACATTTGCG-1_1	0.472634	-0.001624	0.806870	3.205316	-2.542838	0.105790	1.531977	1.360987	-1.649958	1.312097	-0.240929	1.086386	1.630431	2.242601	-3.100186	-2.802615	1.327109	1.591310	0.291521	1.638351	1.270135	0.716295	0.978985	1.892389	-2.121212	2.421106	-1.927459	0.654262	-1.349918	2.686036	-3.365877	-0.411134
GACCCGTCGCCGGCTA-1_1	0.499446	0.226695	0.576481	1.899737	-1.226905	0.185155	0.765847	0.824567	-1.173726	0.558835	-0.352965	0.909057	1.192765	1.303426	-1.822858	-1.546141	0.786658	0.747976	0.453637	0.781079	1.071498	0.581270	0.486999	0.871427	-1.413880	1.966751	-0.977129	0.322481	-0.568846	1.582810	-1.904768	-0.238830
AATCGGGACACTACGA-1_1	0.412179	0.177195	0.437943	2.408562	-1.532605	0.045208	1.109059	0.901251	-1.073414	0.590378	-0.666585	0.510679	1.535075	1.893116	-2.227089	-2.004089	0.836171	1.908958	0.514021	0.958376	1.190801	0.859774	0.745784	1.151358	-1.954584	2.268081	-1.585874	0.105373	-1.318510	2.385352	-2.049986	-0.428007
GTCACAAAGTTTCCAA-1_1	0.757300	-0.029132	0.363136	2.009752	-0.795644	-0.006862	1.305387	0.590129	-0.889106	0.671975	-0.843943	0.373510	1.312739	1.562703	-2.170076	-1.607129	0.846566	1.404425	0.621406	0.611080	1.484491	0.824681	0.787116	0.986399	-1.667039	2.273671	-1.065680	0.391091	-1.385741	2.278992	-1.509204	-0.684965
TATATTCGCGTCGATA-1_1	0.201710	-0.535971	-0.142829	0.833041	-0.239964	-0.457930	0.264854	-0.180603	0.477965	0.263382	-1.228874	-0.495726	0.406400	0.554454	-1.480654	-0.513111	1.250487	1.569219	1.042544	0.104660	-0.168467	0.764511	0.472706	0.444059	-1.311944	1.420640	-0.404009	-0.253000	-1.474005	1.293079	-0.376725	-0.304175
CCTCCCGACAATCCCT-1_1	0.438327	-0.423995	0.084127	1.546617	-0.478725	-0.374065	0.739781	0.012176	-0.040485	0.730493	-1.396460	-0.486941	0.246463	1.056358	-2.073488	-0.727842	1.335335	1.477010	0.891843	0.183976	0.707337	0.832091	1.197643	0.892706	-1.717296	1.272247	-0.492653	-0.165731	-1.734616	1.777668	-0.303856	-0.438132
CGACATGCGATCTTCT-1_1	0.335337	-0.281127	0.097974	1.138036	-0.296994	-0.212153	0.568652	0.117764	-0.029828	0.532659	-1.004332	-0.302559	0.391426	0.902452	-1.376217	-0.713111	0.832889	1.215647	0.738088	0.181858	0.567842	0.525763	0.644755	0.588222	-1.163148	1.202575	-0.502325	0.006543	-1.279500	1.399202	-0.386198	-0.381186
AACACGACTGTACTGA-1_1	0.645152	-0.461899	0.283821	1.939123	-0.595203	-0.274568	0.978968	0.174008	-0.270748	0.948501	-1.565640	-0.311851	0.582398	1.408848	-2.511153	-1.147290	1.531209	1.718711	1.040099	0.374929	1.076726	0.927706	1.204239	1.069288	-2.037915	1.938388	-0.715398	0.149560	-1.998255	2.307125	-0.769602	-0.611848
CCCAACCACACTAACA-1_1	0.547236	-1.962975	-1.474845	0.323117	0.620693	-2.041402	-0.403257	-2.223429	3.221070	-0.021475	-3.785273	-2.289688	0.037493	0.202727	-3.233679	0.646853	4.254353	3.887031	3.715260	0.091408	-1.933315	2.238816	0.519770	0.224828	-3.017058	3.597907	0.106679	-1.045349	-4.292135	2.640844	0.199622	-0.680652
CACCGCCGACCAGCGA-1_1	3.531636	-1.402962	1.156864	4.514615	-0.425555	-0.499539	2.791106	1.333477	-1.406414	2.562474	-3.412404	0.941492	2.034358	2.083159	-6.866091	-3.316335	3.533559	1.727491	2.669389	0.808343	3.136446	2.646817	3.306575	1.916718	-4.193472	5.850513	0.155185	1.858929	-2.360542	4.835915	-2.898416	-1.181677
TGGTATCGCATCCCAA-1_1	0.737227	-0.370127	0.417206	2.538884	-0.892799	0.242612	1.287928	0.480777	-0.611400	0.877998	-1.807315	0.144492	1.360158	1.569263	-3.169510	-1.919930	2.039521	1.666067	1.376906	0.531981	1.374614	1.311168	1.376937	1.163682	-2.498780	3.052858	-0.927577	0.124785	-2.032061	2.854440	-1.386337	-0.790949
CAGAGTGATTTAACGT-1_1	2.813388	-1.503991	2.326053	7.336493	-5.257214	0.809570	4.066387	2.577880	-3.658401	4.939402	-1.338935	4.690227	3.388599	3.034136	-10.638084	-7.434813	5.635453	0.957031	3.180594	2.846425	3.161994	3.207021	3.857562	4.227586	-5.539546	7.293952	-2.350638	3.525331	-1.398579	6.183115	-8.078893	-0.834094
AACCCTGGTGGAACCA-1_1	1.225520	-0.679697	0.618376	3.041315	-0.506104	-0.154053	1.405511	0.428354	-0.390848	1.539467	-2.683117	-0.378581	1.035983	1.882056	-3.883077	-1.974850	2.472427	2.238323	1.777007	0.666572	1.877959	1.465884	1.929340	1.379101	-3.000277	3.362621	-0.839173	0.484966	-2.716448	3.550621	-1.228638	-0.841847
GTCAGTTGTGCTCGTT-1_1	3.065886	-1.282055	2.145146	6.470438	-5.089705	1.881410	3.223287	2.711380	-3.590059	3.575280	-0.669484	6.234899	5.055527	2.483875	-10.244683	-8.379698	6.528140	0.115422	3.801561	3.679518	2.513620	4.000861	2.713788	3.488499	-5.377868	9.839948	-1.873809	4.315392	0.009984	5.735421	-9.997759	-0.634839
ATTGACGTAACTCGGT-1_1	1.609145	-0.449481	1.089042	3.031901	-0.856549	-0.312058	1.030365	0.988112	-1.314565	1.845313	-1.269232	0.652685	0.888363	1.901935	-3.667649	-2.165386	1.745430	0.820372	1.440951	0.772223	2.519030	1.552525	1.933968	1.261084	-2.222669	3.020366	-0.806812	1.569316	-0.939340	3.064930	-2.007295	-0.536764
GATGTCGGTCAACTGC-1_1	2.736383	0.342428	3.622415	7.497108	-5.175272	0.561332	1.790210	2.938987	-4.018285	2.143394	0.619794	7.244172	5.767711	1.811964	-9.585751	-8.599572	5.535982	0.047994	2.715149	5.171097	3.460814	4.099460	1.658630	3.744328	-5.707084	9.802992	-2.826706	5.134274	0.988662	6.075586	-12.371024	-0.719978
AGGGCAGCGGCGTGGT-1_1	1.350713	-0.159250	1.507935	3.128826	-1.963346	0.041961	1.237696	1.210531	-1.828303	2.088491	-0.211429	2.049143	1.279893	1.505012	-4.035217	-2.767979	1.848104	0.101882	1.021266	1.153421	1.775295	1.112077	1.218821	1.773009	-2.413309	2.756660	-1.111042	1.814547	-0.410186	2.504403	-3.557191	-0.396719
ACATCGTTAACCTAGT-1_1	4.017044	-1.452314	4.170877	7.806100	-5.396561	0.880405	2.241266	2.828636	-4.217387	4.473997	-0.600965	7.484280	4.355882	2.515511	-12.831320	-9.478679	7.388646	-0.820722	5.110382	4.424044	4.561574	4.932527	4.293480	4.794378	-6.893124	10.097675	-1.744724	5.622475	1.147211	7.014273	-10.561268	-0.210539
TGTTTAATACTTCATC-1_1	2.552844	-0.829169	1.480248	3.194073	-1.592457	-0.015858	1.181996	1.080688	-1.643611	1.738796	-0.762335	2.824665	1.726443	1.260295	-5.583371	-3.588169	2.986610	-0.418748	2.262859	1.496800	2.298118	2.380256	2.258681	1.702320	-2.783482	4.655771	-0.060186	2.243100	0.516471	3.073994	-3.763423	-0.058439
CATATTATTTGCCCTA-1_1	2.071253	-0.447733	0.899941	2.490038	0.053475	-0.519965	0.951994	0.835074	-0.830531	1.701334	-1.617535	0.299782	0.507120	1.442851	-3.200821	-1.645442	1.628038	0.514664	1.393550	0.637312	2.254600	1.211420	1.615081	0.851199	-1.700408	2.539265	-0.070937	1.396438	-0.806124	2.762216	-1.213925	-0.341154
ACGAGATATTTGCTTA-1_1	1.736868	-0.591303	0.313964	2.294316	0.179503	-0.401879	1.089563	0.311897	-0.014430	0.966574	-2.290043	-0.243965	0.901388	1.166884	-3.295962	-1.560137	2.097600	1.512410	1.579366	0.815122	1.523889	1.351098	1.521029	0.766804	-2.150253	3.226006	-0.061749	0.486859	-1.814481	2.874123	-0.953509	-0.388545
AACGTGATGAAGGACA-1_1	0.852056	-0.099395	0.809071	2.366767	-1.328160	0.224178	1.156315	1.179066	-1.449926	0.946231	-0.403699	1.027360	1.832253	1.701231	-2.490472	-2.387631	1.118275	1.118617	0.823067	0.945693	1.351791	1.011655	0.574787	1.151607	-1.696208	3.091999	-1.304844	1.017525	-0.859731	2.419703	-2.798766	-0.668907
GAGGGCATCGCGTATC-1_1	2.184831	-1.142348	0.946102	5.022919	-3.722523	0.675890	2.826188	1.625538	-2.001510	1.949303	-1.282088	4.024850	3.239202	1.502840	-7.786555	-5.741814	4.160015	1.100319	2.393649	2.544452	1.595366	2.969965	2.889277	2.445891	-4.086488	6.579986	-1.007383	1.510751	-0.405811	4.259283	-5.923496	-0.075196
CTTGTGAGTCTTTGAC-1_1	1.707038	-0.341688	1.347073	2.900468	-1.954433	0.051878	0.986735	0.991441	-1.485989	1.325421	0.000057	3.218931	1.767141	0.639466	-4.589209	-3.528868	2.412473	-0.266466	1.874077	1.783067	1.744108	1.753580	1.473801	1.559994	-2.286158	4.088519	-0.540364	1.990500	0.597404	2.330979	-3.981174	0.028551
TCAACACATTGGGTAA-1_1	2.170135	-1.772882	1.081636	5.926116	-4.125338	0.425597	3.277036	1.455029	-1.994534	2.841631	-1.842091	3.819895	2.728326	1.326798	-9.266248	-6.087322	5.036016	1.478135	3.004687	2.539233	2.093111	3.354947	4.270061	3.183240	-4.940248	6.437701	-0.999944	1.915686	-1.155091	4.784944	-5.412111	-0.358761
ACTGTATACGCGAGCA-1_1	2.710836	-1.230329	2.203011	3.333785	-2.253936	0.149604	0.994562	1.205956	-1.887704	2.972488	-0.277998	4.061208	1.433610	1.514393	-6.387766	-4.554461	3.443258	-1.626001	3.421582	2.103059	2.629870	2.206137	2.669517	2.800051	-2.652686	5.005711	-0.259142	3.523456	1.495383	3.409624	-4.593886	-0.315312
GTGAAACGTGCTCCAC-1_1	4.478931	-0.015311	0.835453	2.344253	1.072016	-3.523259	0.447943	0.527721	-0.600240	3.312897	-1.442683	-0.224974	-1.977542	2.219887	-4.192776	0.244781	0.301201	-2.509167	1.737938	0.501863	3.457929	1.890078	4.183496	1.849848	0.330705	0.291013	0.623128	2.155476	1.547037	3.530845	-0.166581	-0.530334
CGAGTGCTATAGTTCG-1_1	2.050835	-0.347684	1.017129	2.599432	-1.032771	-0.621826	0.706127	0.913708	-1.214800	1.835756	-0.806773	1.343537	0.142486	1.354439	-3.781971	-1.852573	1.422582	-0.664357	1.179321	0.906641	1.911081	1.216782	2.172613	1.514917	-1.655556	1.842643	-0.058614	1.227921	0.379208	2.457357	-1.650128	-0.070759
GTACTGCATGAAGCGT-1_1	9.300666	2.400076	0.943555	1.762400	7.095653	-9.714585	-1.175958	-1.194397	0.367045	8.398459	-1.810203	-4.857626	-7.553089	3.371913	-3.468404	5.913456	-3.464936	-8.522379	5.363123	-1.542432	4.642104	2.963924	7.276984	3.618757	7.596894	-5.037996	1.786426	3.926405	6.172339	3.526092	2.680467	-1.244581
GTAACTTGCGGCAGTC-1_1	1.809625	-0.083452	0.593492	2.240906	0.000256	-0.764480	0.791718	0.529941	-0.585799	1.572564	-1.263824	-0.155468	-0.170513	1.405486	-2.530289	-0.924793	0.957272	0.267217	0.765101	0.456827	1.996029	0.759867	1.646211	0.730137	-1.169674	1.175768	0.009422	0.684495	-0.637580	2.198151	-0.460626	-0.031387
GAATCGCCGGACACGG-1_1	1.366189	1.815144	1.491503	5.860744	-4.047818	0.120832	0.380193	2.870392	-2.102226	0.423275	0.095148	3.083145	4.804871	3.387524	-4.776423	-5.905465	0.755168	3.333154	0.876731	3.168748	0.635636	2.145657	0.249896	1.578598	-3.958707	6.310443	-3.800555	-0.259189	-0.046351	4.108951	-7.702600	1.400425
GGGAGTAATGGCTGGC-1_1	9.410457	3.183593	1.708450	2.998736	8.638762	-10.691566	-1.026957	-1.370002	0.941116	9.062213	-2.101334	-7.093760	-8.169907	3.927459	-3.383235	7.516334	-3.997651	-7.066457	4.939146	-1.771924	6.382501	3.103647	8.537167	2.974382	7.074683	-5.396560	1.278152	4.203811	4.761640	4.310196	3.426509	-1.741969
CATGAACCGACATTTG-1_1	-3.458601	11.542072	6.182048	26.302307	-22.210585	-5.065631	4.563445	13.628418	-3.395752	-2.607029	8.871240	15.082108	14.662338	11.311565	-6.146062	-25.658407	-0.067694	14.644395	-4.846699	26.817102	0.479263	-5.132027	-5.911756	7.591384	-4.716667	16.091524	-20.689306	-5.701675	0.336645	11.006516	-34.533417	8.915689
TCTGTCATACAAGAGC-1_1	0.946583	-0.885346	0.362256	4.941139	-2.147138	-0.350738	1.777033	1.219296	-0.111836	1.259200	-3.568243	-0.439987	3.037303	2.797930	-6.104415	-4.920774	3.196789	6.422598	2.506238	1.725604	0.559188	2.697701	2.609842	2.161421	-5.020065	5.760751	-2.454662	-1.053333	-4.228060	5.751848	-2.510796	-0.457252
TAAAGAGCCCGAAACC-1_1	-0.501036	0.185012	0.791746	9.266793	-8.748249	0.405115	3.714808	4.527624	-2.976453	1.327395	0.979458	2.988512	6.511801	7.557716	-5.113501	-10.596218	1.586607	8.062702	-0.673798	7.081660	0.219192	1.302085	0.653599	4.305501	-3.833030	7.852636	-7.059669	-0.217890	-2.591179	8.016075	-10.131547	-0.066983
AAAGACCCAAGTCGCG-1_1	-0.050340	-0.854310	2.000471	10.758765	-9.498094	-1.226438	4.803414	3.742478	-3.869625	4.935823	-1.107525	0.521030	3.254230	9.431106	-9.605892	-7.879570	2.932725	8.508256	-0.374939	4.873576	3.213889	1.412153	4.970607	7.467155	-7.257698	4.141339	-7.777777	-0.518081	-6.332024	8.600099	-7.841126	-0.574136
TGTATCCTTATTCCAT-1_1	0.848240	-0.245588	1.849124	7.157167	-5.535178	-1.091680	3.738460	2.933348	-3.051826	3.573961	-0.375154	1.149857	2.269643	4.864267	-7.344047	-4.989966	2.424243	4.129339	-0.016915	2.841941	2.726264	1.175662	3.349518	4.853375	-4.714031	3.273890	-4.732043	0.582911	-3.928608	5.554129	-6.162114	-1.115125
AAAGTCACTGATGTAA-1_1	7.334211	-0.806553	0.430555	4.252921	5.394483	-7.129352	2.331151	-1.534595	1.480410	5.077474	-6.169801	-6.172544	-3.828647	3.335629	-6.555574	2.231726	0.613285	1.727904	2.943719	0.367908	5.731115	3.016219	6.966486	1.414377	-0.450824	0.219658	1.649915	1.582456	-3.276828	7.096252	3.165834	-1.086995
TGTCTACAGTTTCTGT-1_1	1.656855	-1.529904	0.864257	6.507486	-2.840218	0.141469	3.485824	1.615185	-1.062032	2.540854	-4.650113	-0.269169	2.853697	3.727204	-8.408212	-5.568667	4.433960	5.918221	2.841577	1.670761	2.599573	3.261838	4.859637	3.539515	-6.638706	6.124045	-2.133218	-0.714208	-5.165514	7.060161	-2.512979	-1.068442
TTAACGTCGCAAGACC-1_1	1.922404	-2.113290	-0.787803	2.410195	-0.097868	-1.548526	1.093985	-0.941136	1.763057	0.816959	-4.642033	-1.364902	0.390087	0.926190	-6.038854	-1.217823	4.727574	3.598719	3.602791	0.550622	-0.018178	2.984152	3.042429	1.262481	-4.177326	4.746921	0.618086	-0.703027	-4.082178	4.233776	-0.394213	-0.776343
CTATGTCTATTGAAAC-1_1	4.637646	-1.270906	0.944090	4.620826	1.438920	-3.485560	2.624433	0.121617	-0.649925	4.080316	-4.367978	-2.400452	-1.792091	2.779765	-6.250782	-0.595656	1.729728	0.870831	2.278667	0.311751	4.662938	2.160263	5.289270	2.131874	-1.974617	1.125989	0.757303	1.328685	-2.601624	5.524237	1.011139	-1.031184
TCGGGTGAAACTGCTA-1_1	2.237256	-1.628581	1.793273	4.478061	-1.023692	0.637715	1.465851	2.282044	-1.000215	3.513098	-3.453218	0.160490	3.153707	2.519406	-6.370102	-4.917624	3.503378	2.915088	3.590227	0.720636	0.797662	2.455060	1.734658	1.508411	-4.306496	6.821297	-1.646765	2.023152	-2.227239	5.032354	-4.720766	-0.726550
TGTCCCGACATAGCAC-1_1	1.057195	-0.783108	0.007690	1.738734	0.013626	-0.530014	0.712034	-0.129403	0.516953	0.742346	-2.273777	-0.682636	0.471840	0.949044	-2.898043	-0.985403	2.177096	1.840417	1.713439	0.399863	0.567232	1.278030	1.359929	0.667849	-2.143696	2.593902	-0.050427	-0.016673	-2.108136	2.385932	-0.561780	-0.414876
ACAGCATAGAGCCAGT-1_1	1.103507	-1.126149	0.479393	2.717831	-0.710113	-0.162888	1.233029	0.586269	-0.060152	1.365169	-2.607414	-0.281335	1.089842	1.346797	-4.163975	-2.191245	2.622454	2.345982	1.912583	0.567071	0.926824	1.735089	2.155030	1.338245	-3.077530	3.351236	-0.544556	0.154875	-2.313349	3.141984	-1.325496	-0.557364
ATATTCCCACAGGTCA-1_1	1.905230	-0.939459	-0.097610	2.095873	0.563196	-0.881243	0.828896	-0.368788	0.852560	0.936784	-3.017705	-1.106753	0.368931	1.199797	-3.639387	-0.926574	2.831573	1.994389	2.223991	0.717084	0.933058	1.586615	1.592756	0.623677	-2.534358	3.412595	0.308044	0.185871	-2.647287	3.109142	-0.531771	-0.367188
TTGGATCGACTTCTGG-1_1	0.882786	-0.594842	0.328251	2.395950	-0.555398	-0.380089	1.334594	0.318453	-0.286933	1.209540	-2.038751	-0.479620	0.555423	1.524359	-3.117093	-1.296877	1.753695	1.887694	1.183639	0.302764	1.333034	1.122819	1.794093	1.294471	-2.399677	2.048255	-0.636235	0.017022	-2.293332	2.631750	-0.691603	-0.717965
CACCATCGGAGGAGAC-1_1	2.993384	-0.542484	1.005318	3.239532	0.190022	-0.791905	0.823234	0.893289	-0.888211	2.014103	-2.147761	0.627349	0.324271	1.575361	-4.498795	-1.994588	2.358722	0.174555	1.808391	1.057278	2.919162	1.849621	2.352080	0.840674	-2.167159	3.183858	0.362834	1.791030	-0.481976	3.527568	-1.408944	0.034065
TCGTTCGTTATTATGT-1_1	1.851483	-0.384798	0.758175	2.931974	-0.259045	-0.428798	1.425288	0.764389	-0.928746	1.496722	-1.899207	0.089315	0.898826	1.780573	-3.529207	-1.790505	1.697243	1.204772	1.166751	0.697557	2.327800	1.366414	1.895064	1.223763	-2.348042	2.771926	-0.394864	0.998469	-1.635161	3.090735	-1.300485	-0.630022
CTTAACTTCGAAGTAC-1_1	2.700599	-2.001511	0.895053	5.811716	-3.082058	0.317971	4.087506	1.735028	-1.989412	2.599337	-3.152488	2.342513	3.140907	1.912676	-9.359632	-5.226107	5.072975	2.476952	2.795969	1.323561	2.178678	3.779015	4.659794	3.047270	-5.787227	6.915419	-0.726902	1.354322	-2.771780	5.239554	-4.590502	-1.259351
GCACAAGTGTCGGAAG-1_1	1.529397	-1.287775	0.325229	2.997291	-1.179014	-0.088479	1.675184	0.283370	-0.377571	1.098484	-2.433042	0.460742	1.673855	1.635091	-5.046826	-2.429442	3.303625	2.084568	2.223688	0.812665	1.164691	2.267467	2.172754	1.551215	-3.658692	4.594760	-0.382816	0.521277	-2.508843	3.588632	-2.161300	-0.884225
TACCAGCTAGGTTTAA-1_1	3.561848	-3.015064	2.001910	11.576042	-7.617254	0.644488	8.636104	4.131050	-5.124498	7.702384	-4.127891	4.326533	4.348816	5.849917	-15.693142	-9.876196	7.341727	4.017087	3.554268	2.823118	4.806601	3.879380	7.283834	6.799589	-8.133177	9.060047	-4.023986	2.376278	-5.296225	9.978003	-8.723124	-2.496825
ACGTACAGATTTCTCT-1_1	2.589571	-2.744340	1.122040	8.723310	-5.191911	-0.042679	6.131719	2.104352	-2.748834	5.659545	-4.120306	2.148487	2.246080	3.046646	-12.601101	-6.379006	6.047868	3.136813	2.834239	1.434307	3.131070	3.339489	6.795214	5.010690	-6.904150	5.750488	-1.921520	1.276644	-4.509763	6.893807	-4.678294	-1.596661
AATTTGGTTCCAAAGA-1_1	8.697832	-8.042755	11.132507	58.369450	-43.474079	6.410259	39.216003	8.393085	-20.521811	29.869547	-9.601640	21.009455	13.564347	27.041197	-59.391644	-46.373280	27.211742	5.411680	5.344555	28.748638	10.970485	-6.187417	22.356239	35.935852	-21.544527	18.795933	-24.400610	1.706291	-23.976797	32.767109	-38.161076	-7.605020
GTAAGGATTTGTCGGA-1_1	6.477120	-5.339950	4.236601	22.314899	-15.386950	1.496015	17.300190	3.401650	-7.973481	14.145706	-6.116502	8.975782	5.349379	8.015543	-28.843641	-19.047773	13.690211	2.573191	6.357107	8.931506	6.795679	2.081831	13.012223	14.182557	-10.957222	11.286819	-6.738870	3.239984	-9.636251	14.583872	-14.985330	-3.011871
CATCATCTACCCGGAC-1_1	5.272715	-4.458589	-1.122671	29.657961	-31.449972	8.172319	29.140394	7.968538	-15.915516	6.262588	8.057820	29.638815	21.342741	16.131851	-22.172840	-36.868313	15.035582	-0.563810	0.539397	26.718668	-0.314156	-6.864349	-0.101030	19.809256	-1.321269	23.907377	-14.262721	8.238501	-5.066939	15.950162	-36.691250	-9.350563
ACGATGGATCCGATGC-1_1	7.207339	-1.477439	4.152155	15.560556	-13.972762	2.116982	16.573223	6.380317	-11.251840	6.165738	5.145438	17.585491	11.858765	8.928570	-16.783003	-18.857681	9.137486	-4.102020	4.392424	12.246792	7.735283	-3.083927	2.345666	11.897486	-2.598938	17.146597	-8.105195	7.728275	-4.330741	8.568712	-24.120235	-5.980808
CACTCAGCTCTTGAGG-1_1	4.974181	-1.834464	-0.276421	19.468290	-21.307245	2.278048	23.934200	8.167794	-11.593681	1.579545	12.259419	24.491222	16.781937	11.843946	-11.005975	-26.741522	6.926545	-1.704771	-0.387284	21.074869	2.507206	-10.248714	-5.101732	12.746881	5.019777	18.724360	-13.683402	8.311222	-3.046443	9.470920	-32.638557	-8.577245
TAGATCCGAAGTCGCA-1_1	4.547640	-2.910291	3.022593	13.398237	-9.647905	1.561211	9.517953	4.356128	-6.261140	7.729398	-3.255690	8.089368	6.760961	4.691579	-18.279203	-13.428432	10.515100	2.107374	4.671820	5.883910	4.942791	4.565104	7.110424	8.122201	-8.759993	13.083784	-3.934919	4.504233	-4.094913	10.626759	-14.168477	-2.585522
TGAAACTTATGCAAGC-1_1	7.033221	-0.865758	2.605738	17.640520	-16.108812	5.849852	14.185572	5.814457	-9.964518	5.425943	1.778442	21.069921	15.216582	6.235918	-21.550602	-23.766068	13.687726	-2.788879	5.482153	14.585301	3.649175	2.824607	3.168408	10.234632	-7.182291	23.256216	-6.175915	6.715346	-0.831116	10.321086	-27.044224	-2.426933
GCGATTCTGGAAGCAG-1_1	6.305830	-3.135403	4.865904	15.044203	-8.867428	-2.090387	8.445344	2.995186	-5.496935	12.818606	-4.790733	5.250592	-0.121768	5.442336	-20.290327	-10.147419	7.869585	-0.011497	5.944912	3.835870	7.444351	2.634047	11.753860	10.741075	-8.869472	5.773948	-3.184106	5.147640	-4.268389	11.358965	-8.007957	-2.685486
CAAACTATTGAGCTTC-1_1	8.932524	-0.736845	2.360728	7.900192	-0.644647	-4.208543	4.284983	2.004732	-3.492703	5.998986	-3.278070	2.309508	-0.569480	5.205376	-11.167262	-3.267723	2.510011	-2.106317	2.947410	1.907441	7.669674	3.198551	7.020426	3.867540	-3.538993	4.472200	1.728216	3.920643	0.275354	7.658549	-3.681226	-0.599117
TAGAATTAAGGGCAAC-1_1	10.444608	0.506187	2.190078	4.351671	3.624746	-8.431038	1.750848	0.875220	-1.364258	8.172760	-2.212565	-0.657546	-5.368321	5.090905	-7.988945	1.780205	-1.157326	-7.159866	3.611045	1.026777	7.303927	2.572296	8.602711	4.635692	2.285504	-1.375485	2.437950	4.697888	3.845663	6.423961	-0.318759	-1.364823
CGAAACATAGATGGCA-1_1	4.176702	-0.281562	0.864559	11.996314	-10.196250	3.575300	9.861337	5.584840	-7.649782	2.075459	-0.082040	12.691093	12.517354	5.600022	-13.864072	-15.497935	7.925778	1.534463	2.293172	8.576194	3.688463	3.512004	1.228701	5.937836	-5.292404	17.897795	-5.491326	2.770489	-1.503015	10.132701	-18.587719	-2.658457
GATGGTGCCCTAGGCA-1_1	3.444723	-0.434345	1.568573	3.865231	-0.845169	-0.573971	2.126098	1.546226	-2.338668	1.928494	-1.265462	2.207888	2.062663	1.966277	-5.308960	-3.068835	2.381930	0.048708	1.817792	0.913749	3.388045	2.275414	2.138954	1.488871	-2.827574	5.088442	-0.034282	2.501303	-0.500109	3.815287	-3.584047	-0.891494
CCCGCAGGGCCCAAAG-1_1	8.041246	5.129806	2.689265	20.288906	-18.110220	-2.645275	23.591946	11.306656	-11.127626	-1.345471	15.371395	27.342649	19.092638	9.613894	-10.689037	-27.528433	3.180883	-3.949122	-0.192050	25.044149	10.549958	-13.592420	-8.694989	10.585953	8.136380	23.367840	-15.687243	4.926665	-0.410838	9.107546	-40.343834	-4.888064
ACAGCGCACCCGCAGC-1_1	2.437562	0.403812	0.212645	7.144704	-5.895094	2.385739	5.627515	3.816518	-4.240983	0.383122	-0.288085	6.223613	8.309162	5.067223	-6.647076	-10.428897	3.279399	3.442912	1.521964	5.298278	2.425565	2.035983	0.102577	2.733354	-3.036937	11.658813	-4.184305	0.284037	-1.471511	7.413379	-10.286021	-0.796353
GGTAAATGTGCGTTAC-1_1	6.613981	1.468057	1.338587	18.737698	-18.511351	-0.829413	23.800013	10.281565	-10.759705	-0.731366	15.078231	25.504982	17.340811	10.718581	-9.090881	-26.857170	3.438382	-3.120499	-0.610774	22.727846	6.777776	-13.727482	-8.102080	10.740732	8.332584	19.905708	-15.572271	6.585345	-2.301846	8.584552	-36.494358	-6.711672
GTCCTTCTAGTGGGTT-1_1	1.311212	1.778431	1.606124	6.820269	-5.260277	-0.127592	3.767084	4.529165	-3.709768	-0.001091	1.637166	4.937444	6.487108	4.819995	-4.146172	-7.871962	0.939607	3.599408	0.564867	5.401465	3.148050	-0.026061	-0.663990	2.699769	-1.851410	8.574389	-5.057858	-0.047672	-0.549974	5.204028	-10.557224	-0.503066
GGAAGCTCGCTTACAG-1_1	1.748746	6.305232	5.744575	14.062109	-10.405044	-3.780045	9.804740	9.409822	-7.840244	-2.635848	9.163862	14.174063	9.879842	7.255925	-5.512579	-13.388913	0.412036	0.067953	0.698878	15.253417	11.078389	-8.815717	-3.934355	6.808378	1.984351	12.506396	-13.502195	-1.207246	0.056279	4.715641	-24.528870	-1.018061
CACCGATACACCGAGC-1_1	1.278943	0.705815	1.284593	5.446621	-2.675963	0.899383	2.349235	3.014657	-1.986345	0.965765	-1.740010	1.380123	5.338086	4.111951	-4.264464	-6.333385	1.377960	4.464871	1.767828	2.117340	1.518845	1.957747	0.633962	1.609961	-3.511230	7.255870	-3.654643	-0.345860	-1.824055	5.485762	-5.836861	-0.509301
CAGCCGGGCCCTCTAT-1_1	0.405328	5.922441	5.880223	13.713195	-9.864697	-4.049906	6.715220	9.758926	-6.843059	-2.419243	7.830420	10.783017	9.782702	8.332024	-5.195292	-11.981483	-0.736138	2.517751	0.381081	13.593867	9.513965	-6.928781	-3.175951	6.547051	0.280851	11.457937	-13.692524	-2.447202	0.002985	5.179821	-22.351477	-0.338020
CGGAGCTTATAACACC-1_1	0.849648	0.782890	1.247286	5.476673	-3.042264	0.995508	2.123927	3.119603	-2.030849	0.612835	-1.428487	1.453774	5.392753	4.241105	-3.851677	-6.577012	1.282569	4.792677	1.618108	2.632682	1.439570	1.849943	0.470466	1.644809	-3.417245	7.183492	-3.892372	-0.530288	-1.660620	5.499934	-5.998153	-0.373729
ATTACAACTACCGGCC-1_1	-0.080319	6.826873	5.409536	14.551190	-10.424994	-4.520859	4.403480	10.473822	-5.152479	-1.796590	6.339366	8.903320	11.775768	8.555490	-5.465075	-13.216510	-1.379482	6.719634	-0.579785	13.308477	7.073762	-3.746794	-3.203488	5.306228	-1.593813	13.645200	-13.358344	-2.876930	0.217913	7.109887	-23.541515	1.487170
ACTGTGCTAGTAGATC-1_1	3.021957	9.447883	4.190361	21.189548	-16.771652	-2.935164	11.332726	8.874220	-4.749161	-1.548733	9.529624	21.478699	13.034004	4.359260	-7.610328	-22.911781	2.314541	0.295989	-2.100097	23.083773	3.564064	-8.707674	-7.151716	5.742924	1.848468	16.356190	-13.369362	-0.900407	2.722149	5.924305	-32.879906	5.073714
GTTTGGCCGCTCAGCG-1_1	0.976914	6.712064	2.033216	20.255951	-18.852224	-1.313637	12.394213	8.637794	-4.519907	-1.725233	10.169566	20.672174	12.581944	6.572245	-5.546311	-24.166737	2.629754	3.323981	-3.983702	23.256296	-0.264309	-8.316365	-7.496886	6.492006	1.714679	13.951146	-13.842925	0.664660	0.701773	7.295376	-30.144207	3.438985
TTATCCAATCGAACTC-1_1	2.001298	4.490305	0.612131	18.019936	-17.433741	-0.113654	11.366419	6.878266	-4.541354	0.288409	7.834873	18.018991	12.155478	6.242619	-8.026747	-22.408533	3.833306	3.191687	-2.828731	19.923893	-0.698538	-4.738961	-5.139227	6.485260	0.191954	14.885130	-10.878957	1.680058	0.751485	8.399515	-27.049404	2.326408
CCGTACCCAAGCGCCA-1_1	2.313700	-0.904543	0.952954	6.874547	-5.501559	1.096520	4.389873	1.912808	-2.759354	2.621531	-1.010363	5.966697	4.144212	1.849988	-9.303568	-7.744480	5.041794	0.800097	2.265457	4.152208	1.712620	2.509429	3.150084	3.615336	-4.499416	7.448277	-1.777859	1.753191	-0.841449	4.724342	-7.874558	-0.275714
CATACAAAGCCGAACC-1_1	3.321646	-0.586926	1.914822	5.588571	-3.319231	1.349896	1.764818	2.991289	-2.836134	2.025308	-0.932438	4.949488	5.733949	2.511381	-7.533083	-7.405673	3.816335	1.181410	3.044521	2.736441	1.470342	3.365575	0.715019	1.648660	-4.430384	9.929906	-1.398068	3.244962	0.485336	5.335602	-9.098620	-0.005096
GGTCGGTAATTAGACA-1_1	1.477344	-0.224460	1.369935	4.416679	-3.425801	0.707144	1.615249	1.408202	-1.972965	1.472033	-0.174793	4.203608	2.859149	0.973176	-6.107679	-5.100868	3.534600	0.105818	1.716115	2.959088	1.405556	2.097579	1.681607	2.347125	-3.432710	5.253437	-1.213534	1.924736	0.194868	3.142859	-5.933221	-0.021195
AGCGGGAAGGGTCCAT-1_1	10.467004	2.139780	1.478601	2.630038	7.228929	-10.513936	-0.576741	-0.620356	0.392018	8.852611	-1.810535	-4.519628	-7.646017	4.147947	-4.902980	5.544273	-3.174142	-8.517253	4.773910	-0.727624	6.365733	3.263225	8.726608	3.547954	6.415447	-4.284205	2.079014	4.740577	5.740869	4.991496	2.304788	-1.404820
GCCCACCAAGGCTGTC-1_1	2.041523	-0.640966	0.508069	2.366898	0.298181	-0.147682	0.687110	0.588571	0.196112	1.099254	-2.475591	0.249164	1.661573	1.048900	-3.616749	-2.335289	2.317295	1.574024	2.327004	0.788399	1.112545	1.712864	1.082351	0.297449	-2.320692	4.653958	-0.231073	1.001212	-1.327399	3.016194	-2.062561	-0.089198
GTAGACGTCGTTACAT-1_1	1.725678	0.982771	2.233508	5.208798	-2.435582	0.410455	0.465430	3.056399	-1.956900	1.420083	-1.275568	1.616377	4.490745	3.503315	-4.367116	-5.370142	1.294195	3.097427	1.882063	1.606568	1.132196	2.183700	0.485106	1.301449	-3.942393	6.501026	-3.231472	0.596623	-0.665136	4.477511	-6.344048	0.304305
GAGCATCATCCCTGGG-1_1	0.952363	1.405432	1.332833	5.504600	-3.468381	0.397386	0.634310	2.892616	-1.447193	0.525937	-0.483287	1.655446	4.890020	3.441149	-3.967011	-6.261866	0.820768	4.390829	1.216463	2.792246	0.306465	2.118493	0.277870	1.189547	-3.441608	6.537541	-3.885199	-0.548407	-0.668625	4.526043	-6.830617	1.212034
AGGTAACCTCCTATTC-1_1	-0.968387	10.328342	5.958104	21.201284	-15.802739	-4.615919	4.306305	10.453379	-2.809230	-2.524471	7.274047	13.828734	12.196182	6.540177	-5.532826	-19.994854	-0.229155	7.295601	-2.714649	21.479517	2.453454	-5.873368	-5.713116	5.292695	-1.855095	13.905455	-15.519699	-4.568509	1.665435	6.945792	-29.262375	7.414075
GGTTTGAGTGCTGGAA-1_1	-2.232196	14.406398	7.446359	27.483635	-21.145582	-5.585302	5.236828	13.309537	-3.372657	-4.165717	9.612287	18.036493	15.350949	8.209805	-6.305659	-25.923079	0.040079	10.149257	-4.167350	28.906441	2.933042	-8.113875	-7.751264	6.838700	-2.673515	16.491158	-19.911493	-6.654454	1.800965	8.826093	-36.780777	10.189632
GGTAACTATGTATCTG-1_1	-0.467341	2.893276	1.827707	7.811563	-6.787432	-1.129493	2.291739	4.336869	-1.898942	-0.383248	2.877264	5.513554	4.784501	4.030320	-2.559868	-8.005487	0.217340	3.515403	-0.870813	7.754748	0.919372	-1.779375	-1.529989	2.804782	-1.455822	5.344318	-6.384299	-1.178392	0.247264	3.402238	-11.064487	1.703861
TGCGGCATAGTTCAAC-1_1	3.452691	-1.355470	1.133708	5.854631	-0.979936	-1.563352	3.228015	1.010462	-1.537592	3.439592	-4.073438	-0.319491	0.459965	3.094924	-7.679501	-3.045527	3.166233	2.216745	2.283501	0.962454	4.425107	2.656656	5.107265	2.656442	-4.085613	3.721157	-0.243399	1.116884	-2.872446	6.032217	-1.298684	-0.894066
CCGCCGGTCAACACAC-1_1	4.036493	-1.401014	1.434717	5.346200	0.095855	-1.123941	2.701770	1.298357	-1.026964	3.994776	-4.468522	-0.210613	0.770423	2.678604	-7.466959	-3.363587	3.578159	2.060387	3.146294	0.892772	4.044220	2.326950	4.008813	1.947006	-3.870225	4.970242	-0.019248	1.744135	-2.658402	5.953856	-1.766960	-0.583643
TCGTATAGTGCAATTA-1_1	1.432924	-0.569655	0.129219	1.505101	0.517620	-0.642758	0.655865	0.037220	0.171958	1.015939	-1.899153	-0.799437	0.027407	0.962881	-2.269553	-0.682580	1.240799	0.996685	1.157418	0.459731	1.086354	0.877249	1.375452	0.519244	-1.307460	1.625227	0.222681	0.352408	-1.327996	2.014883	-0.032690	-0.191113
TAGTTTATTCTTGCTT-1_1	3.064256	-0.635126	1.110897	3.944801	0.266292	-1.073866	2.249201	1.092926	-1.206412	2.602769	-2.730342	-0.368556	0.808678	2.403677	-4.648951	-2.050223	1.984723	1.447466	1.767375	0.643610	3.445829	1.518234	2.513987	1.630037	-2.721996	3.446753	-0.279977	1.649956	-2.350384	4.193243	-1.444744	-0.966355
GATATCTCATGCAATA-1_1	4.791859	-0.242290	1.056422	3.921927	2.286795	-2.803015	1.674975	0.487904	-0.250124	3.200139	-3.346302	-1.804478	-1.002278	2.277528	-4.538199	-0.381726	1.534055	0.812901	1.765807	0.782409	4.187089	1.400005	3.070000	0.867195	-1.681407	2.236072	0.798349	1.892684	-1.974331	4.385249	-0.172000	-0.351391
CGTTTAAGCGGAGCAC-1_1	2.940256	0.968250	1.718414	9.299887	-7.463962	0.357849	5.980392	5.910261	-4.665148	1.956296	2.875727	8.793090	9.285790	5.040238	-8.319569	-11.901079	2.330465	1.948639	1.044865	7.093170	2.382802	0.348585	-1.143168	4.128002	-2.353449	12.229499	-6.072427	2.373626	0.246709	6.563324	-17.021376	-1.234108
CATGCTGGCTCCAATT-1_1	3.550903	-1.148813	1.098696	4.397100	-1.471490	0.317445	2.610460	1.490726	-2.249486	1.191984	-1.973400	3.470123	3.826915	1.622249	-7.245032	-4.897046	3.973687	1.149883	3.189449	1.556261	3.139017	3.746569	2.828851	1.587510	-4.264409	8.334170	0.039446	2.555744	-0.813695	4.781192	-4.676742	-1.022396
GAAACAGCCATGCAGT-1_1	7.795261	5.532477	4.062909	20.324518	-18.089100	-1.249534	18.677139	10.298536	-10.442195	0.887272	12.178988	25.292803	16.807632	8.086801	-15.722069	-25.590551	5.744859	-3.994807	0.995646	22.218496	8.797872	-9.014426	-4.930281	10.212214	2.338280	22.099176	-14.743301	2.982485	0.271694	8.840960	-38.815720	-1.836748
AGTTTCGCAGGTCGGA-1_1	4.342373	-1.764212	1.223316	9.778485	-7.418526	1.436002	5.669816	2.907557	-3.513555	2.584401	-2.217743	8.934537	7.331996	2.138442	-15.003933	-11.451592	8.648627	1.660429	4.537457	6.053376	2.565532	5.647987	5.114367	4.794012	-7.862671	14.129813	-1.914299	2.985373	-0.706067	7.265960	-12.818630	-0.290218
CTCATGGCTCACAATC-1_1	4.307186	0.222055	1.902637	11.333050	-10.044095	3.105586	8.860107	5.507846	-7.488703	3.443013	1.509219	13.016710	10.592525	5.193009	-13.764531	-14.223320	7.521298	-0.953463	2.608325	7.867018	3.241322	2.046088	1.427234	6.337971	-4.925511	15.301105	-5.645208	3.377080	-0.718054	7.566969	-18.291178	-2.250567
AACCGTTGTGTTTGCT-1_1	3.359764	-1.071887	1.511973	9.016558	-7.085131	2.251353	6.920675	4.115107	-5.102035	3.599767	-1.116218	8.244105	7.438016	3.726015	-11.760959	-10.690109	7.131233	0.668660	2.776663	5.215906	2.870939	3.018865	2.891943	5.026735	-5.284633	11.989371	-3.224548	2.934767	-1.670386	6.986434	-12.567225	-2.075567
ACCCTTCATCTGCGAA-1_1	2.969177	5.496088	5.326623	13.825860	-10.416586	-2.997294	9.465430	7.801878	-6.906311	-1.025477	7.762947	13.857835	9.674818	6.480249	-8.079930	-13.747328	1.763049	-1.163041	0.654884	14.532141	8.915718	-7.257564	-2.794380	7.133295	1.039993	11.942153	-12.016894	-0.872167	0.322624	4.803358	-23.972609	-0.872127
TGCGGTGAAATTTCAT-1_1	3.092633	0.986904	5.808434	22.819773	-19.999208	-1.168900	16.978079	9.027205	-10.425893	5.258680	6.306498	14.660698	11.490200	14.189149	-17.488775	-22.165777	7.325356	3.161629	-0.597123	19.449467	7.942735	-7.085970	1.588066	15.447634	-3.331214	12.907971	-16.599068	1.914597	-6.534956	12.988608	-28.491779	-4.992343
CAAATTGTCAGCAAGC-1_1	3.985463	8.507816	8.459381	23.056042	-18.026876	-3.517826	15.358565	12.316498	-11.199556	-1.236152	11.896257	22.678858	14.477643	10.932351	-12.516303	-22.460098	3.289608	-1.931312	1.609839	24.106785	14.041764	-13.228854	-4.336630	11.507689	1.728552	18.276775	-19.373228	-2.182959	0.178221	7.287319	-38.034138	-0.728825
GAGGTACATCCATCTT-1_1	3.076488	-2.323826	3.329654	18.448730	-14.057624	2.393322	12.665529	3.060482	-6.773628	8.865211	-2.590878	7.903883	5.491554	8.613679	-18.952959	-15.499118	8.926311	1.451061	1.783321	9.713337	3.343450	-1.658472	6.587971	11.254333	-6.800797	7.640431	-7.879384	0.743116	-7.109360	10.311871	-13.690170	-2.403480
AAATGGCATGTCTTGT-1_1	2.339663	1.031869	0.697187	16.829311	-18.842619	1.539663	15.475899	7.623080	-7.617918	1.213772	9.656018	18.676834	11.783347	11.379694	-9.956676	-22.295748	4.543001	1.500914	-2.056700	18.961115	1.349512	-7.591161	-3.647183	9.753716	1.122123	12.734986	-13.944005	2.215450	-2.184469	8.618311	-26.713511	-2.183629
TCATCCCAGAGGGTGG-1_1	4.832633	-3.837761	-1.828183	26.551144	-30.354662	6.319482	29.608440	9.353170	-14.783840	3.328094	12.879266	30.472048	20.936703	16.707483	-15.995672	-36.103405	10.949454	-0.198876	-1.264898	26.761564	-1.323398	-10.477293	-4.190191	17.055950	2.862758	22.324348	-16.813103	8.601812	-4.717955	13.312354	-38.197601	-9.022735
CGTAGCGAATTGTCAG-1_1	4.939600	-0.451466	-0.172831	18.067085	-19.782877	1.221171	21.966688	9.352796	-10.361607	0.532792	13.381025	24.295132	16.625969	10.905122	-9.894652	-26.110477	4.843470	-1.424082	-1.362338	20.776272	2.202204	-10.002380	-6.456564	11.134553	5.502219	18.137766	-14.356051	6.703443	-1.946044	8.907052	-32.923996	-6.657351
CCTAGTTAGTCGCATG-1_1	3.795320	-0.398882	-0.502052	14.096725	-15.447395	0.883946	16.748825	6.887592	-8.142231	0.919864	9.941294	18.640934	12.916409	7.768928	-8.142321	-19.721079	4.278556	-0.848433	-0.786526	15.707585	1.879276	-6.779840	-4.587767	8.671572	3.839000	14.712028	-10.429886	5.829674	-1.168037	7.205714	-25.305630	-5.406514
GAAACTCTAATGAAGG-1_1	5.176188	-1.236747	1.849873	9.435181	-6.665246	2.603772	7.906323	5.140102	-6.567182	3.462229	-1.245654	10.113562	9.431001	4.671324	-13.055093	-11.923880	7.257415	0.314923	3.855686	4.997810	4.051928	4.050155	2.698354	4.983101	-5.813479	15.403488	-2.787233	3.877934	-1.175921	8.085317	-14.125632	-2.860478
TTGTATCACACAGAAT-1_1	4.908014	-1.446935	1.885174	8.422597	-4.847460	2.075255	6.924366	4.074187	-5.559915	2.568074	-2.452821	7.644939	8.567607	3.751238	-12.218643	-10.110516	7.117943	1.429790	4.054996	3.492378	4.235270	4.960267	3.017609	3.893302	-6.280971	14.599730	-2.250924	3.803302	-1.870804	8.357479	-11.639675	-3.008879
TTCAAGCCGAGCTGAG-1_1	4.814048	7.713030	7.492795	20.933916	-16.190193	-4.815503	15.898151	12.519876	-11.154251	-1.356849	12.292396	21.264282	15.956836	11.347679	-13.061460	-21.559139	2.620190	-0.930898	0.768959	21.833189	14.451242	-10.536707	-3.979564	11.441734	1.873952	19.364738	-19.206184	-0.517162	-0.351649	8.670618	-36.864670	-2.940042
AGGTACGATATTGCCA-1_1	5.203563	7.310680	5.993295	16.825554	-12.347719	-4.621134	13.680554	10.362262	-9.123116	-1.713813	10.920127	18.847776	13.903043	7.149003	-9.501667	-18.022297	1.747488	-2.052289	0.678496	18.127295	12.163841	-9.032021	-4.777599	8.126795	2.959021	17.786749	-14.478982	0.418091	0.918315	6.297124	-32.216873	-1.749401
TTAAGCCGACAACTTC-1_1	2.714704	2.244880	2.267807	16.665768	-17.554699	-1.396730	16.659155	10.386359	-9.087155	-0.803496	12.909858	19.449984	13.355899	12.087554	-7.833772	-21.772907	2.062371	1.575913	-2.072334	19.611080	5.060301	-9.375345	-5.583447	9.740758	3.258198	15.256361	-16.522568	2.533868	-1.988595	8.439178	-30.471783	-3.202126
GTCTTAGTACAGCCGG-1_1	2.939028	0.690167	0.670935	14.466833	-16.018215	-0.279843	16.847624	8.484396	-8.122767	-0.722331	11.874525	18.364796	12.633010	10.703156	-6.354146	-20.704384	2.224409	0.802675	-1.915114	17.644117	3.375695	-9.136388	-5.697751	8.682211	4.338659	13.787494	-13.807899	4.058507	-2.376875	7.629982	-26.914354	-4.283916
CTACGCCATTTCCGAT-1_1	2.215766	0.543396	-0.277567	16.167746	-18.827454	0.095560	18.513813	8.537021	-8.003831	-0.893607	12.884308	20.270176	13.159472	11.198756	-5.627267	-23.437769	2.977220	2.267519	-3.463143	20.465126	1.668907	-9.786498	-6.858666	9.212873	4.873701	14.319955	-14.599237	5.026197	-2.871631	8.940896	-28.716698	-4.105388
TAGTTAAGATAGGATA-1_1	1.083254	1.229461	1.070501	11.512547	-12.934667	-0.170023	11.126659	6.985637	-6.206372	-0.603488	8.625357	13.398431	8.960656	9.165903	-4.817342	-15.168638	1.436574	1.948730	-1.685512	13.440775	2.589872	-6.312118	-3.737553	6.574110	1.631516	9.887533	-11.551172	1.489664	-1.498952	5.886904	-20.221748	-1.846621
CAAACTACGATAGAGA-1_1	-0.305375	1.780667	1.803670	9.048317	-9.101662	-1.264093	6.261405	5.656443	-4.199016	-0.807297	5.964488	8.196371	6.072661	6.845687	-2.915724	-10.088702	0.249053	3.085787	-1.038873	9.849193	2.866401	-4.303507	-2.323496	4.673552	0.410195	7.000242	-9.470088	0.156464	-1.064989	4.385678	-14.619217	-0.629589
TTCGTAATCCCAGCGG-1_1	-0.692742	2.563459	2.859619	12.032378	-11.645745	-1.982708	7.733953	7.661517	-5.314954	-1.696964	8.016380	10.315331	7.982756	8.863513	-3.397482	-13.249854	0.004501	4.208005	-1.583578	13.007304	3.312200	-5.692011	-3.182928	6.033031	0.482008	8.807450	-12.853490	-0.301662	-1.485921	5.423086	-18.947166	-0.443693
GTGAGGAGCGGTTGAG-1_1	-0.454853	1.913166	1.681814	8.346637	-8.510238	-0.636455	5.168306	4.794911	-3.585547	-0.880797	5.021201	7.583550	5.160078	6.105488	-2.412573	-9.208589	0.366980	2.673397	-0.949527	9.054772	2.002244	-3.987773	-2.063813	3.893963	0.003853	5.968320	-8.348931	-0.540739	-0.726506	3.499202	-12.934160	0.394893
CAATCCCTATACCAGC-1_1	1.528561	7.548201	4.913001	11.542352	-7.134540	-3.850961	4.800779	7.513371	-5.352328	-3.067524	6.551218	10.090886	9.244568	4.389167	-3.925281	-9.391891	-0.922899	-0.321045	0.434477	11.792182	9.353217	-6.590932	-3.973856	4.211652	1.382955	10.348554	-9.369124	-2.796694	1.916417	3.042861	-19.761301	1.039847
AGGGAAACGAGGTACT-1_1	2.098748	5.477448	3.939784	11.128237	-8.247640	-3.083680	8.339196	7.355987	-5.799182	-2.384500	8.031753	12.060518	9.208520	5.511847	-5.033552	-11.442519	-0.138103	-1.168219	0.218794	12.793881	8.583385	-7.344223	-4.014464	5.250629	2.683100	10.447581	-10.710684	-1.028041	0.378411	3.559699	-20.583721	-0.462086
TCCTGCCAACTGGAGA-1_1	1.045778	3.698993	2.325062	7.299650	-4.832067	-1.539081	2.159415	4.326415	-2.679802	-0.394183	2.072273	5.466378	5.770661	3.311866	-2.853387	-6.516550	-0.258872	2.030054	0.288938	5.792743	3.380374	-1.439878	-1.332222	1.838224	-0.986077	7.540691	-5.014076	-1.418232	1.422475	2.849038	-11.491542	1.419808
AATTTGGGACATAGTA-1_1	2.021686	5.524762	3.193448	11.820601	-8.655834	-2.383318	4.761078	6.860142	-4.292120	-0.638123	4.402953	10.013664	9.803624	5.380041	-5.044585	-12.024560	-0.075988	2.943763	0.201681	10.600313	5.031305	-2.487149	-2.567680	3.186245	-0.957836	13.081737	-8.575481	-1.476345	2.025921	5.023483	-20.168556	2.313453
GCTCATTACTGCATGT-1_1	2.302013	2.278034	2.358462	3.668023	-0.829844	-1.857147	0.912409	2.393664	-3.014183	0.197342	0.630211	2.474749	2.018654	2.654770	-1.681047	-1.710491	-0.236728	0.257269	0.261485	2.206275	4.689992	0.224414	-0.185923	1.243241	-1.263051	3.701085	-2.050358	0.949303	0.211315	2.664775	-4.645060	-0.370030
CTGAGCAAGTAACAAG-1_1	1.060860	-0.181040	0.598361	1.562657	0.019599	-0.271512	0.395389	0.712918	-0.212047	1.266882	-1.042460	-0.018677	0.502403	1.153383	-1.552488	-1.279282	0.558033	0.799880	1.022416	0.285712	1.154481	0.477140	0.683773	0.379703	-0.897425	1.600580	-0.441842	0.756010	-0.533654	1.709281	-0.918443	-0.095791
ACGGAATTTAGCAAAT-1_1	3.717173	0.447899	0.960348	1.764003	1.002647	-2.271417	0.294503	0.529110	-0.473544	2.589877	-0.350325	0.438815	-1.388080	1.765778	-2.764904	0.073176	-0.080220	-2.439993	1.195543	0.807975	2.663533	0.730165	2.446713	1.186253	0.355741	0.433146	0.897394	1.847965	1.559783	2.032258	-0.667170	0.012541
GGGCGGTCCTATTGTC-1_1	1.170890	-0.267037	0.309284	2.197582	-1.391480	0.316516	1.636505	0.772596	-1.099668	0.606686	-0.586138	1.808982	1.860381	1.034427	-3.013304	-2.513590	1.515598	0.671706	0.839227	1.054726	0.982511	1.181636	0.926568	0.977827	-1.692886	3.222082	-0.575439	0.725850	-0.532506	1.978947	-2.520267	-0.371084
ATGTTACGAGCAATAC-1_1	1.578207	0.374672	0.232199	7.059242	-6.698256	1.396136	4.968800	3.551213	-3.617020	0.913187	1.608280	6.991384	7.002613	4.018802	-5.957788	-9.571037	2.687242	1.662694	0.273739	5.988975	0.932954	0.559033	-0.417454	3.326971	-1.815370	8.933759	-3.978548	1.020478	-0.011663	5.200761	-11.008584	-0.679960
AACCATGGGATCGCTA-1_1	0.782871	4.639975	1.988948	15.566957	-14.681763	-0.907085	8.367316	6.867911	-4.166716	-0.055342	6.442731	13.867775	9.498154	6.452586	-6.514509	-17.610586	2.711974	3.959566	-2.181555	16.648411	0.796141	-4.497812	-3.674065	5.869754	-0.829917	11.607699	-10.790019	-0.289095	0.094784	6.876361	-22.528605	2.325845
TCGCATCCCTAAGTGT-1_1	1.924182	4.348957	1.360554	18.853184	-18.550100	-0.391936	13.295794	7.965704	-5.364322	-0.105391	9.555665	19.313351	12.302943	7.404372	-8.487333	-23.434011	4.068294	2.620760	-3.371479	21.332588	-0.467671	-6.619084	-5.639062	7.810822	0.953346	14.101810	-13.009181	1.631478	-0.392190	8.318272	-28.422722	1.361488
ACTTAGTACGACAAGA-1_1	0.571792	10.142426	4.065393	24.454851	-21.151491	-2.918173	10.800783	10.904858	-4.933050	-2.138044	10.411500	22.101133	14.273456	7.844468	-6.511764	-26.345026	1.802033	5.507252	-3.552790	26.726032	1.977846	-8.632844	-7.687219	6.741066	0.065901	17.354319	-16.749613	-2.091151	2.157913	8.326777	-35.586079	6.630114
GAGCTCTCGGACCTAA-1_1	2.116434	0.489477	1.147629	5.617918	-4.510207	1.470308	2.778003	2.118118	-3.208003	1.161743	0.324807	6.395223	4.980867	1.770050	-6.815736	-6.865595	3.762095	-0.016507	1.490633	3.907730	1.900685	2.227675	0.657548	2.269276	-3.492934	7.800199	-1.964749	2.294910	0.379240	4.247561	-8.581997	-0.255720
TCTATTACGCTGGCGA-1_1	2.578966	0.364175	1.315945	5.995778	-4.409271	1.509200	2.724124	2.440258	-3.537277	0.878196	0.185615	6.558988	5.934858	1.904222	-7.379808	-7.483666	3.871346	0.216881	1.975229	3.938160	2.202480	2.866697	0.556277	2.220584	-3.744213	9.387889	-1.892115	2.551518	0.575489	4.990182	-9.529629	-0.260927
AGATACGACTTCATAT-1_1	3.403095	-0.858988	3.188521	9.175047	-6.614706	-0.342451	3.877751	2.135383	-3.273516	5.468091	-1.389277	6.620001	2.373479	2.384423	-13.044572	-8.461965	5.521502	-0.185596	3.915130	4.749346	3.406935	2.824730	5.782744	6.256079	-6.493866	6.527909	-2.412107	3.199653	-0.432597	6.469500	-8.753078	-0.368662
CGCTATACCGCCCACT-1_1	2.512026	-1.323687	2.815746	8.709030	-6.405842	0.069509	3.046449	2.418585	-3.189773	4.213150	-1.789221	5.267599	3.009926	2.188565	-12.574910	-8.220283	6.719540	1.416137	3.143652	4.212095	3.148265	4.176616	5.340346	5.076416	-7.237256	7.114629	-2.556453	2.792894	-1.020266	6.968777	-8.546097	-0.056492
CAGTGTCCGCAGAATG-1_1	3.627294	-0.212758	3.054545	5.252358	-3.071011	-0.376413	0.557686	1.776657	-3.002808	2.140354	0.311580	5.913098	2.699778	1.786272	-8.234111	-6.146834	3.766055	-1.412920	3.319679	3.681990	3.867362	3.646856	2.848171	2.828671	-4.160295	6.855357	-0.787452	4.149084	2.388000	4.781483	-7.380607	0.419592
CCATCCATACCAAGTC-1_1	1.278732	-0.522471	1.121683	2.376183	-1.201257	0.178993	0.672431	1.279748	-1.205697	1.251647	-0.673243	1.385353	1.604544	1.339631	-3.295121	-2.561152	1.743566	0.633304	1.380986	0.800103	1.337269	1.537830	1.154837	1.067769	-2.178495	3.431488	-0.737811	1.397886	-0.299255	2.391315	-2.822642	-0.369287
AACCCAGAGACGGAGA-1_1	1.595212	-0.511979	1.107865	3.746940	-1.180813	0.267520	1.245373	1.818051	-0.919537	1.537521	-2.048888	0.575178	3.093872	1.953823	-4.588625	-3.935727	2.173410	2.676839	2.153943	0.937248	0.899796	2.107852	1.270621	1.171576	-3.266051	5.537877	-1.681841	0.902663	-1.604777	3.893595	-3.986501	-0.545460
GAAGAACGGTGCAGGT-1_1	0.440427	4.625276	2.718400	11.237968	-8.253056	-0.932041	1.329355	5.793301	-2.902023	-0.169094	1.576593	5.306740	8.499349	6.032506	-4.970676	-11.316030	0.074045	7.228609	0.169020	8.964978	1.915610	0.821934	-0.885110	2.641223	-4.041942	10.547585	-7.563781	-2.271340	0.546786	6.287252	-15.261446	3.295362
GATAAATCGGTGGATG-1_1	-1.948420	3.848479	2.049440	17.605465	-17.096823	-1.316153	6.951850	10.128905	-4.981177	-0.802333	6.494136	11.023812	12.262056	11.358215	-5.179340	-20.219387	1.166962	12.214165	-3.109434	17.580381	-0.412986	-1.857067	-3.445893	7.020434	-3.764053	13.833495	-14.103068	-0.633087	-1.671479	11.144577	-23.373798	1.608399
CAGCTCGTGCTTGTGT-1_1	-7.726963	7.242454	6.067266	32.625340	-32.087391	-3.501644	10.234308	17.374901	-6.615661	-3.998543	13.716695	18.702705	16.984621	20.398937	-4.278816	-34.596127	0.793727	21.479443	-8.145926	33.949841	-4.784165	-8.388321	-7.378832	12.873477	-5.432786	16.466333	-29.357691	-3.973066	-4.170068	15.415317	-39.542881	5.686428
GAGTACGGGTATACAA-1_1	-6.239903	3.906720	4.797974	27.842121	-28.179054	-3.640826	11.461767	15.674848	-7.112021	-2.676991	13.724835	16.180014	15.534257	19.934029	-4.842782	-30.302589	0.306204	18.630913	-6.953928	28.949121	-2.805110	-7.646121	-6.040804	12.892722	-3.436485	15.148563	-27.173065	-1.244634	-5.029141	14.774804	-35.460106	1.539300
AACGATAGAAGGGCCG-1_1	0.505508	0.880762	1.560352	7.499906	-6.731558	-0.027225	3.591004	3.679740	-3.145360	1.495393	1.110247	4.157594	4.944897	4.518564	-6.109091	-8.001024	2.596124	3.696013	-0.161423	5.729612	1.752784	0.654471	0.956195	4.067705	-3.300284	6.111703	-5.394038	0.398715	-1.782089	5.560398	-9.711846	-0.370783
TATCCTGCATGGGAAT-1_1	2.827713	-0.918352	1.461850	6.419570	-4.276514	0.216471	4.266018	2.407845	-3.014651	3.870054	-1.504239	4.047173	3.012048	2.922675	-9.054829	-5.807537	3.881442	1.307738	2.099005	1.953093	2.723395	2.367430	3.373441	3.383987	-4.652657	6.059815	-1.956302	1.826778	-1.621813	5.114922	-6.425797	-0.787828
AGGCCCATTGTACAGG-1_1	2.283074	1.244092	1.974896	3.999405	-0.883061	-0.378226	1.309747	2.153352	-2.446753	1.287743	-1.125157	1.420196	2.430119	2.946363	-3.044528	-2.718663	0.861123	1.265207	0.955456	0.994591	3.453676	1.049901	0.637898	1.301850	-2.472632	4.205101	-1.740242	0.852610	-0.851037	3.726515	-3.524055	-0.480058
CCGGCGCATATTGGAT-1_1	1.903638	-0.040817	0.965830	4.238647	-0.774009	0.587362	2.426243	1.618056	-1.442423	1.199273	-2.773229	0.980191	3.616704	2.318687	-4.739350	-4.152253	2.491009	3.049811	2.352582	1.043773	2.574181	1.987885	1.267783	1.376336	-3.531094	6.307810	-1.767401	0.793195	-2.650572	4.980822	-3.426239	-1.339248
ATCTGTAATTGTACCC-1_1	1.334798	6.102401	5.577107	12.100464	-7.946515	-3.970025	5.593693	8.277960	-6.388883	-2.301440	6.839110	9.605600	9.009830	6.357991	-5.151680	-9.756730	-0.493969	0.445774	0.640587	11.707673	9.596326	-6.502817	-2.852666	5.910036	0.651217	10.218785	-11.111593	-2.499829	0.883827	3.967951	-20.094078	-0.495638
GAGCGAGGGAGTACCG-1_1	3.631031	4.012121	3.577908	13.562236	-11.522466	-2.978250	13.251038	8.606249	-7.853079	-1.343664	10.157477	15.674621	11.391733	7.430441	-6.733487	-15.935061	1.351760	-0.830518	0.157264	15.741940	8.790492	-8.700136	-4.640297	7.535383	3.730767	14.064301	-12.404480	1.738490	-0.725781	5.916755	-25.843330	-3.068945
CTTCTTACGTCGTATA-1_1	4.178367	1.443436	1.528641	11.211128	-10.823133	-1.130662	13.693799	7.133443	-6.880900	-0.441877	9.574534	15.150107	10.640964	6.994041	-6.349715	-15.766022	1.576850	-1.950805	-0.163466	13.368196	4.978730	-7.827795	-4.538360	6.714774	4.313151	12.210895	-10.435154	3.179172	-1.101321	5.101686	-22.848202	-3.648501
GAAGTGCTGGATAGCT-1_1	2.918435	3.024600	2.734622	13.189342	-12.550421	-1.210592	11.977595	7.665105	-7.149782	-0.348646	8.955173	15.240558	10.050867	8.150069	-6.888736	-15.847048	1.789709	-0.435220	-0.104848	14.914689	6.109465	-7.878075	-3.839987	7.182349	2.328146	12.188922	-11.895899	1.082739	-0.550316	5.562143	-24.104622	-1.758872
GTGCAACAAATGTGGC-1_1	5.907403	5.875910	5.249640	18.132471	-14.144397	-3.579906	17.499584	10.899845	-10.322193	-1.747049	13.011109	21.974783	15.102116	8.470631	-9.548525	-20.945200	1.729021	-4.038533	1.410648	20.393684	12.216273	-12.499249	-6.081270	9.349375	5.713009	18.692778	-15.699670	1.727722	0.116312	6.076504	-34.712856	-3.365765
CATGCGTTAGACAGAA-1_1	6.040214	2.573447	2.139120	16.377844	-15.820993	-1.527264	19.737108	10.073477	-9.675757	-1.164266	14.099768	22.543652	15.335692	9.493916	-8.427936	-23.272240	2.220278	-3.086735	-0.635521	19.977356	6.519675	-11.534208	-7.146482	9.212750	6.548348	17.767994	-14.803008	4.325766	-1.148270	6.942780	-33.434544	-4.275702
ACACACTTTCTACACG-1_1	4.972299	4.300385	4.477334	15.702411	-13.427753	-2.428807	13.600996	10.356020	-9.242540	0.668893	9.665528	17.652828	13.584534	9.349424	-11.258282	-18.180265	2.452534	-0.682699	0.671242	15.758462	8.833270	-6.772072	-3.346687	8.732726	0.952964	17.156126	-13.796329	1.099657	0.108481	7.528786	-30.172604	-2.710857
AGCCCTAAGCGAAGTT-1_1	7.096354	3.981990	3.775037	18.317757	-15.832975	-1.189447	17.517553	10.803480	-10.577449	1.383647	10.707307	22.616402	16.983934	8.977811	-15.335413	-23.238922	4.833220	-2.774185	0.822572	18.477171	8.445222	-6.520068	-4.006148	10.042170	1.296587	21.454229	-13.953008	3.190696	0.237463	9.400838	-35.227638	-3.647542
ATTAATTCGGTCACTC-1_1	3.855150	9.022884	7.161269	17.009933	-11.013993	-4.195392	10.414579	10.235583	-8.723579	-3.008589	9.815265	18.585522	12.292881	5.482675	-7.576223	-15.910660	0.945420	-3.338864	1.379666	17.590477	12.483184	-9.919093	-4.927127	7.042045	2.168800	15.280226	-13.364135	-1.882519	2.733862	4.024699	-29.971287	0.217565
AACAGGAAATCGAATA-1_1	5.698709	10.816900	6.472712	17.894991	-11.222186	-4.623256	13.344221	9.617117	-8.779273	-4.172233	11.524680	22.277212	13.674401	3.317288	-6.527215	-17.983395	0.967105	-6.008981	1.781820	20.144636	14.451585	-12.688948	-7.166582	5.778730	5.565087	17.969736	-12.711278	-0.748380	3.448085	3.016402	-33.267662	0.981839
ACGTTTAGTTGTGATC-1_1	3.417806	7.367586	5.376582	15.618437	-11.543698	-3.410982	11.434460	9.056313	-7.830572	-2.309835	10.110250	18.059299	11.370667	6.038321	-7.082392	-16.127796	0.949586	-2.742275	1.000604	17.456285	11.167029	-9.896131	-4.919755	6.722062	3.066132	14.250051	-13.368029	-0.656037	1.560050	4.253476	-28.548925	-0.039327
TCCTTCAGTGGTCGAA-1_1	4.730764	7.849165	4.883529	16.857912	-13.004910	-2.839628	14.033227	9.075572	-8.280493	-2.592479	11.471972	21.220312	12.606461	5.966772	-7.426814	-18.925961	1.418679	-4.215615	1.187284	19.736004	11.282806	-11.850045	-6.074717	6.738974	4.765206	15.871280	-13.775156	-0.019814	1.581993	4.037581	-31.711594	0.317033
CGAACGCCCAGTGCCG-1_1	2.734974	4.125657	4.536223	15.049690	-12.963326	-2.573509	12.223883	9.082173	-7.844356	-0.919055	9.953259	15.859275	10.725568	8.725875	-7.953105	-16.531363	1.588438	-0.476688	-0.087347	16.505329	7.878841	-8.704504	-3.887754	8.241667	2.237181	12.935704	-14.286437	0.229422	-0.687392	5.869143	-26.567129	-1.767262
CCTCGAAGTGGACGGG-1_1	3.725477	6.523435	6.687589	19.633224	-15.940369	-2.972786	13.308806	11.605678	-10.179255	-0.056466	9.323432	18.670298	14.336853	11.512990	-11.753325	-19.898413	2.774731	1.092799	0.969810	19.256281	11.710304	-8.630076	-3.062984	9.988956	-0.225975	18.349127	-16.713495	-1.279644	-0.027960	8.607544	-33.349567	-1.597477
CTCTGTTTGAGGATTC-1_1	3.655559	-0.180658	1.383140	8.926203	-7.054352	2.867019	7.626099	5.558329	-6.633695	2.287591	0.152088	9.556299	10.153190	5.285619	-10.438936	-11.861959	5.354260	0.767915	2.473258	5.492859	3.279361	2.399525	0.302475	4.581857	-3.896575	14.187727	-4.581656	2.714317	-0.978565	7.854110	-14.835220	-2.705694
TGGGCACGTTCTATGG-1_1	4.068661	4.836932	4.769099	13.999214	-11.220235	-2.550543	10.930054	9.785957	-8.593205	-0.070438	7.877954	15.422109	12.018007	8.138707	-9.638657	-14.975925	2.088903	-0.043017	0.808930	13.346634	9.457304	-5.647930	-2.755519	7.489125	-0.052713	15.333482	-12.169659	0.375377	0.306344	6.895052	-26.215263	-2.419788
ACTATTCGTCCGTGGT-1_1	4.361516	5.986824	5.593520	15.813892	-12.225286	-3.410601	12.047295	9.125719	-8.383659	-0.869171	9.070949	16.702520	12.323764	7.882872	-9.622544	-16.571381	2.112447	-1.258734	0.752970	16.621677	10.559877	-7.942938	-3.576060	8.055551	1.558365	15.901120	-13.449709	-0.142053	0.469539	6.352159	-28.952633	-1.507038
CCTCTGGCCTAGACGG-1_1	2.620391	5.520491	5.483875	14.818297	-11.763829	-4.160760	10.488740	9.401039	-7.954030	-1.491504	9.924231	14.469220	10.881558	8.617625	-7.751380	-15.010707	0.640192	0.310080	0.452015	16.026705	10.449043	-7.970558	-3.310997	8.034922	1.668030	13.595177	-14.854551	-0.566389	-0.023932	5.849566	-27.026024	-1.358473
CCATAAACAACCCGAC-1_1	2.789516	4.089563	4.716211	17.289661	-16.062096	-2.353210	14.137670	10.927687	-9.625148	-0.582655	11.449600	18.058119	12.657444	12.028455	-9.412068	-19.377966	1.761322	0.819317	-0.173400	18.848154	8.857771	-9.495036	-4.057897	9.996018	1.647865	15.244448	-17.017870	0.099820	-1.055698	7.692769	-30.661028	-2.312505
AAATAACCATACGGGA-1_1	-0.523891	1.974656	1.061656	11.743338	-12.981995	-0.400642	8.604815	6.467106	-4.755952	-1.223555	7.800581	11.875125	7.856905	8.620128	-2.928330	-14.553994	0.722970	3.950908	-2.269355	13.558631	1.134313	-5.574128	-3.738383	5.421776	0.804436	8.644821	-11.542622	0.495218	-1.157001	5.495175	-18.737234	0.230092
AGTTACTCTATCGTGG-1_1	-0.255255	1.281249	0.748464	9.220384	-10.316648	-0.094001	7.155135	5.228256	-3.849425	-0.815789	6.283161	9.697431	6.326715	6.767056	-2.533662	-11.774364	0.755266	2.874882	-1.844780	10.619553	0.526398	-4.438821	-3.073222	4.393985	0.660229	6.725849	-9.047047	0.749197	-1.019020	4.379185	-14.929166	-0.132883
CGTTAGCTCACAACTG-1_1	1.747898	2.779326	2.192930	9.516614	-8.661702	-1.619273	8.538523	5.627090	-4.866534	-1.224398	7.108031	10.835903	7.393928	5.704484	-4.278464	-11.411760	0.708907	-0.112563	-0.582543	11.299177	4.637678	-5.790276	-3.191098	5.008753	2.164535	8.606166	-9.305808	0.462678	-0.478356	3.773200	-17.295101	-0.910250
GAATGTATGGCAGGTC-1_1	1.464314	3.839531	2.989202	10.069722	-8.133913	-2.575243	8.124866	6.279687	-5.068541	-1.722704	7.243658	10.769129	7.704540	5.054933	-4.005290	-11.006554	0.439589	0.112564	-0.259032	11.735304	6.521120	-6.196436	-3.441521	5.042937	2.233756	9.015006	-9.603113	0.394734	-0.273061	3.948923	-18.013432	-1.185777
GCAACCACCAGACCGG-1_1	1.251093	4.002982	2.811597	8.937477	-7.133423	-1.833689	4.326788	5.974172	-4.169763	-0.512510	3.981947	7.878753	7.213231	4.942320	-4.179039	-9.218717	0.473782	2.670560	0.106626	8.366824	4.596575	-2.313414	-1.593416	3.508355	-1.217563	9.239469	-7.406893	-0.926519	0.751335	4.252297	-15.490560	0.573307
TCACTCGTGCAACGGC-1_1	1.967192	0.736579	1.293000	5.290520	-3.881970	0.162334	3.893354	3.826250	-3.527294	0.680300	1.255419	4.581970	5.652355	3.679720	-4.666193	-6.464482	1.315450	1.677839	0.756786	3.584150	2.380486	0.390630	-0.414368	2.540031	-1.611511	7.548946	-3.639392	0.908747	-0.533817	4.316924	-8.970414	-1.287534
AAACAGAGCGACTCCT-1_1	4.824400	2.582237	2.741262	4.089307	2.191479	-3.581672	-0.508341	1.795452	-2.529763	2.364338	0.346035	-0.029946	-1.514180	2.558207	-1.432038	1.036423	-0.649410	-2.851370	0.246976	1.765775	5.701239	0.551628	1.321201	0.330755	0.158331	0.955914	-0.018045	2.697713	1.227349	2.575327	-1.991513	0.314070
CAGCCTCTCCTCAAGA-1_1	5.583009	2.755262	2.585238	4.226933	3.190684	-4.652719	-0.579648	1.064765	-1.430460	4.159020	0.003598	-1.609912	-3.023010	2.891223	-2.307316	2.018914	-0.922670	-3.263753	1.012334	1.212422	6.002868	0.910825	3.274351	0.621076	1.105496	-0.110300	0.236751	3.252420	1.730222	3.188623	-0.925549	0.334271
TTGCGTGAACGCTTAG-1_1	2.308466	0.864253	1.501166	2.641807	-0.575960	-0.806137	0.576796	1.214205	-2.094183	1.061376	0.058920	1.451019	1.031960	1.912706	-2.326235	-1.480861	0.685131	-0.488067	0.411778	1.187433	2.840416	0.875019	0.497728	0.835731	-1.352826	2.775774	-0.561052	1.704587	0.024852	2.323927	-2.914726	-0.218875
CCGCCTGCGAATTGGT-1_1	0.857539	0.206657	0.739351	1.761125	-0.570974	-0.157169	0.425831	0.670002	-0.952461	0.653800	-0.477520	0.548144	0.850526	1.217026	-1.654200	-1.223226	0.701358	0.513941	0.481693	0.594267	1.449196	0.737054	0.595272	0.629793	-1.228277	1.829502	-0.735576	0.759531	-0.445556	1.692123	-1.509491	-0.251129
CGGTGGGCTCCAGCCT-1_1	0.755680	0.269752	1.121933	3.521552	-2.582623	0.007042	1.208957	1.455875	-1.894757	0.621306	0.240087	2.070734	2.776060	1.832840	-3.355965	-3.577699	1.527452	1.322435	0.538731	2.412813	1.411896	1.217744	0.320598	1.740198	-2.034378	4.097846	-2.244014	1.328359	-0.565300	3.052693	-5.184265	-0.555011
AGAATTGTTTGACATA-1_1	0.653764	-0.206294	0.443932	1.069585	-0.218484	-0.067917	0.302673	0.505576	-0.296786	0.758779	-0.594224	0.097312	0.521710	0.710492	-1.269865	-0.978729	0.561238	0.468062	0.602162	0.208231	0.520162	0.493299	0.464337	0.369790	-0.809978	1.239512	-0.363189	0.507282	-0.346430	1.094614	-0.877391	-0.082959
AAATGCTCGTTACGTT-1_1	1.254774	0.071961	0.416272	1.322623	0.370272	-0.767851	0.377425	0.206540	-0.209521	1.178740	-0.596680	-0.394928	-0.442766	0.938731	-1.230445	-0.200377	0.254981	0.083587	0.462209	0.266922	1.445702	0.407519	1.060294	0.311327	-0.404089	0.407308	-0.035193	0.713636	-0.317080	1.293403	-0.050632	-0.067089
CACCTAATAGAGTCGT-1_1	1.259268	-0.550160	0.603259	1.689017	-0.329508	-0.194509	0.347189	0.634914	-0.544332	1.372020	-1.084672	0.453678	0.259878	0.966620	-2.422368	-1.373077	1.301103	0.149482	1.202455	0.398276	1.278363	1.004480	1.257298	0.569422	-1.207574	1.802048	-0.172484	1.127618	-0.154114	1.848121	-1.010359	-0.046614
CATTTCTAGCAGACTA-1_1	8.544297	1.818077	0.259577	1.103680	5.568569	-8.599853	-0.883181	-1.140401	0.294697	6.938774	-1.579277	-3.477393	-6.600469	2.945371	-3.418548	5.130943	-3.098091	-8.332435	4.749050	-1.071043	3.495975	2.813115	6.555385	3.722864	6.745108	-4.489074	2.052941	3.386331	5.994419	2.855284	2.151139	-1.304830
CCGAAAGTGGTGAGCA-1_1	2.065444	-1.430543	1.302291	3.954871	-2.669688	0.388407	1.707501	1.243763	-1.716998	2.284654	-1.100202	3.086888	2.082793	1.193800	-6.902753	-4.635059	3.880958	0.518572	2.901480	1.697856	1.971298	2.938818	3.020907	2.118739	-3.583926	5.476413	-0.637230	2.196341	-0.093075	3.702112	-4.228578	-0.126714
AGTCAGCCACCGCCTG-1_1	3.756706	-1.224476	1.349635	5.465981	-2.571214	-0.231490	3.341371	1.751097	-2.469482	2.752504	-2.059751	3.442769	2.789552	2.214056	-8.651917	-4.974702	3.853814	0.916325	2.812841	1.441446	3.199759	3.355023	3.788148	2.397590	-4.496294	6.770369	-0.346924	2.122640	-0.809780	4.980829	-4.987603	-0.548563
TCATCACTCGAGCTCG-1_1	3.001659	-2.296915	1.239328	9.288595	-7.997733	2.396760	5.898633	2.814687	-3.826411	4.262687	-1.695704	8.319363	6.208355	2.693268	-14.019263	-11.779694	8.375324	1.250952	4.539320	5.791587	2.021459	4.514293	4.731200	5.097827	-6.338972	11.839652	-2.613173	3.104494	-0.601514	7.266133	-11.633826	-0.275533
CTCAGGACTCACCTGT-1_1	2.884768	4.455966	2.695286	15.033473	-13.843275	-1.094223	10.978357	7.242586	-5.578065	0.185703	8.121184	16.305456	10.203767	5.684207	-8.804023	-17.933121	3.538713	0.006057	-1.401893	16.852102	3.010454	-6.060257	-3.966626	7.137485	0.607012	11.902826	-10.933702	0.960405	0.119668	6.265761	-24.891958	0.215235
CGGTGTACTTGATCCC-1_1	3.381471	-1.060773	2.247597	10.110435	-7.672652	1.653107	6.473077	2.623789	-4.442676	6.004931	-1.399454	6.981547	4.219121	3.607852	-13.091538	-10.240404	6.495731	0.008620	3.247737	4.982756	2.847497	1.778669	4.215721	5.567513	-5.264444	8.079912	-3.376493	2.324084	-1.912268	6.549098	-10.156139	-0.300451
CCTACGGCTCAGTCGA-1_1	2.926310	-1.423027	0.355798	7.605196	-6.723463	2.399693	5.408829	2.980373	-3.349545	1.982266	-1.216508	7.676540	7.121499	2.461008	-11.376670	-10.224647	6.830740	1.417653	3.050597	5.151258	0.882375	4.168392	2.922089	3.685678	-5.317524	11.894540	-2.296604	1.856258	-0.477968	6.146815	-11.603190	-0.412015
GTACTTGGGCACTTCT-1_1	2.273279	2.019403	2.134685	9.278822	-7.301247	1.366258	3.356456	3.372760	-3.928923	2.475675	0.080259	8.028176	5.985703	2.971073	-9.524859	-9.534234	4.526199	0.759010	0.923464	5.994956	1.936667	2.015719	1.046817	3.548146	-5.229702	8.981673	-4.029842	1.300465	0.098536	5.712314	-12.592149	0.927374
TGATTTCCTCCTGACG-1_1	3.196398	-1.345500	2.664855	13.124474	-9.979867	1.121389	7.060590	2.386178	-4.005281	6.041533	-2.474185	7.441264	4.164737	3.318847	-16.805983	-12.121732	8.303699	1.460244	3.124325	7.333687	2.620540	2.625894	6.279664	7.336807	-7.861255	8.304506	-4.197011	1.300746	-2.981096	8.100550	-11.996336	0.449162
CCTCACCAATCTTGAC-1_1	3.302424	8.005086	5.345438	17.555748	-11.499819	-2.286857	4.320911	9.021756	-5.627862	-0.133797	3.884521	14.173289	13.491937	4.915886	-9.465075	-17.142975	1.764007	3.435856	0.986211	13.715703	5.160719	-0.775744	-2.487316	4.127433	-4.378710	18.202484	-9.939924	-1.710542	3.886359	7.258137	-27.605076	4.073345
GGTGAGATGCAGATAA-1_1	4.385959	-0.247334	3.604257	8.174764	-6.122709	-0.389596	2.455830	2.523707	-3.476575	4.628784	-0.408872	8.600891	3.356532	2.480797	-12.542714	-8.868666	5.226485	-1.315866	4.677212	5.118103	4.080275	3.643963	4.783150	5.369070	-6.256705	8.641093	-2.061080	4.525313	1.997501	6.336703	-10.432552	0.225873
GCTAGTTTCATTGAGG-1_1	1.776675	2.767401	1.687723	7.499760	-5.079011	0.113978	1.994997	3.845032	-3.143512	0.202190	0.748394	6.094367	6.300403	3.152965	-4.908962	-7.579784	1.000704	2.354520	0.848089	5.097593	2.416892	0.947500	-0.663754	1.711671	-2.779773	8.888608	-3.822950	-0.339992	1.148292	4.439195	-10.992167	1.297450
AGGACATCGCACGTCG-1_1	3.415507	-0.214841	1.172382	3.397656	-0.592522	-1.255704	0.753749	1.100797	-1.650007	2.142526	-0.920401	1.694840	0.028209	1.816236	-4.631428	-2.060988	1.692664	-0.939434	1.559451	1.254832	3.458261	1.885162	2.640332	1.077552	-1.584632	2.749850	0.390766	2.165412	0.851691	3.321424	-1.985393	0.281521
GTGGACGTGCTGAGAC-1_1	5.137407	1.275021	0.948367	4.240551	1.874222	-3.149881	0.717719	0.526477	-0.241414	2.478362	-1.896803	-1.170255	-1.134194	2.887001	-3.986209	-0.629530	0.847804	0.556940	1.193290	1.821464	5.051997	1.831779	3.148644	0.245234	-1.170299	2.105567	0.430885	1.841115	-0.468053	4.561779	-0.669304	0.904440
TAAGGAACTTGTGGGA-1_1	2.134486	-1.176673	-0.601630	2.435920	0.957150	-1.203158	1.023528	-0.292672	1.749119	0.583848	-4.193018	-1.264532	1.429990	1.204456	-4.398855	-2.161328	2.608137	4.277021	3.133762	1.011708	0.420416	2.160624	1.757120	0.290345	-2.942399	5.019788	-0.030088	-0.371841	-3.128522	4.049580	-0.909269	0.049296
TCGCTGTGCGTAAATC-1_1	4.324138	1.246115	1.240148	3.763242	1.645485	-2.289514	0.286910	0.935770	-0.245120	2.707198	-1.694933	-0.809231	-0.323667	3.023463	-3.256783	-1.176304	0.450153	0.661187	1.587427	1.131733	4.095981	1.451381	2.239011	0.088274	-0.998891	2.428866	-0.189141	1.708536	0.047847	3.983160	-1.201915	1.009060
GCATCCCTAACTTTGA-1_1	-2.753321	5.935442	4.574845	22.135332	-19.814716	-3.813005	7.307265	13.275789	-5.389460	-1.407276	8.981109	13.486712	13.789577	13.062469	-5.367206	-22.892071	-0.253904	12.857924	-3.890053	21.709600	0.211911	-4.661859	-4.990457	8.566537	-3.422595	15.275340	-18.913172	-2.306565	-0.987360	11.161136	-29.660606	3.001531
CACCCACACGTCACCC-1_1	-2.364033	1.826549	1.837323	14.490480	-13.733733	-0.849179	4.475523	8.269891	-3.792088	0.214488	3.724825	6.152261	9.502283	10.894535	-4.423089	-15.567966	0.484380	12.000856	-2.306550	12.753588	-1.085589	-0.329853	-1.636408	5.829764	-4.157722	10.942280	-11.805904	-1.065032	-2.272506	9.964027	-16.868258	1.059514
CCCTCATTCTGGAATT-1_1	-3.525179	1.648217	1.461473	18.645899	-20.807978	-1.638197	10.603980	10.288095	-5.289660	-1.527775	10.882280	13.430937	11.444296	13.914770	-3.565239	-22.649769	1.036544	12.069459	-5.583815	20.849085	-2.880297	-5.689094	-5.053070	9.285080	-1.123160	10.781928	-18.414421	1.279198	-3.844584	10.848067	-25.529528	-0.270976
AGGGCGTGATCGGCTA-1_1	-5.548128	1.761610	2.512830	22.652483	-24.588884	-1.359177	10.236891	11.914283	-5.617200	-0.888518	10.321242	13.212756	11.601275	16.830999	-4.069497	-25.032671	1.383708	15.908829	-6.388063	23.192114	-4.004571	-6.178014	-4.421548	10.953731	-3.458558	10.619074	-20.857107	-0.340809	-5.127848	12.791687	-26.729948	0.992763
TAATATTGAAATTCGC-1_1	-3.881776	0.871148	2.764013	20.156883	-20.974461	-1.786412	9.292627	10.237372	-5.020005	1.324824	7.839334	10.168237	9.670085	14.395992	-6.439901	-21.144304	2.143234	13.523658	-5.021313	19.397732	-2.098947	-4.739553	-2.217944	11.084936	-3.737769	8.868665	-17.360609	0.186386	-5.261185	12.376215	-22.803692	-0.516477
ACCAAGAACGCGTGTC-1_1	-2.331769	-0.521647	3.354111	23.121283	-22.246193	0.179189	10.318181	7.699330	-6.597114	6.879371	1.851531	6.799898	7.554455	16.480743	-13.529969	-20.448177	5.769068	12.908674	-3.261765	17.009317	0.825441	-2.357027	3.942617	14.116002	-8.594863	7.308323	-15.220146	-0.489752	-8.111067	14.863863	-19.076435	-0.149225
GATGCTACAAGCGCCT-1_1	-0.815547	0.366565	1.787541	10.350676	-9.643186	-0.672813	4.145522	4.162524	-3.239921	3.097223	0.937215	2.793522	4.406610	7.127088	-6.447391	-9.440504	2.591516	6.927748	-1.262689	7.273064	1.453239	0.272965	1.994486	5.989792	-4.605119	4.840717	-7.234123	0.478553	-3.407609	7.572398	-10.331140	-0.359023
GTTCCAGTCTGACCAT-1_1	2.382639	1.098624	2.533847	6.082728	-2.410722	0.540024	2.557097	3.917392	-3.688436	1.447163	-1.560187	2.602571	5.737480	4.040809	-5.485036	-5.972873	1.828977	3.198417	2.225876	1.525856	3.188592	2.370723	0.662174	2.116306	-4.230636	8.339133	-3.497108	0.960824	-1.538652	5.929286	-7.325200	-1.395410
ATGATCGGGAATAGAC-1_1	2.357193	2.087851	2.886151	6.883424	-2.963859	0.337519	2.549857	5.027051	-4.385195	0.813363	-0.912673	3.559356	6.765847	5.307351	-4.788743	-6.659346	0.643031	3.973238	2.117086	2.414606	3.852142	1.823281	-0.110850	2.135627	-4.225587	9.360061	-4.493822	0.121483	-0.767171	6.060852	-8.936639	-1.078712
TTGGATTGGGTACCAC-1_1	2.481905	10.761737	7.592366	16.556530	-9.870799	-5.339867	7.744929	10.506652	-8.697807	-4.662892	9.441278	15.482772	12.433131	5.952067	-5.698388	-12.623644	-0.681536	-2.184110	1.232918	16.682217	15.097657	-10.567601	-5.429254	6.482640	2.319888	14.424079	-13.209920	-3.849139	2.745689	3.768316	-27.674446	0.517331
TACCTCACGCTTGTAC-1_1	1.796657	9.604267	6.837861	15.362990	-9.691210	-4.706141	6.841569	9.893134	-7.845059	-3.925485	8.630235	13.505876	11.309745	6.537109	-5.555652	-11.893926	-0.768494	-0.952103	0.906507	15.398103	13.092655	-9.343596	-4.499671	6.283085	1.613159	12.754407	-12.877534	-4.122014	2.134470	3.739182	-25.146883	0.772394
CGTCTGGAAGGGCCCG-1_1	1.276215	1.017212	1.186338	9.168355	-9.540877	-0.312258	8.494435	4.976631	-4.553640	0.207619	5.786073	9.934459	6.623458	6.336174	-4.594957	-11.348839	1.626511	1.011480	-0.904777	10.327363	2.453165	-4.830460	-2.495852	5.291277	1.261010	7.750134	-8.203608	1.208847	-1.124014	4.659862	-15.451523	-1.644161
ACGTGCGCCTCGTGCA-1_1	1.514141	2.538677	2.056425	9.469303	-9.014105	-0.679179	8.114806	5.485779	-4.890825	-1.108393	6.599321	11.111711	7.035474	5.796843	-3.920556	-11.377751	0.911746	-0.251059	-0.438275	10.830186	3.640111	-5.845719	-3.136765	4.617331	1.622408	8.174536	-8.822289	0.114230	-0.245559	3.293673	-16.774935	-0.357212
AGAGCGGGCTAATCAT-1_1	5.863802	2.589050	2.431233	18.161470	-17.523878	-1.442433	21.141111	10.590704	-10.217925	-1.296966	14.844271	23.930496	16.117689	10.480707	-8.886192	-25.095783	2.641714	-2.828524	-0.877373	21.739538	6.425980	-12.656303	-7.512804	10.058218	6.835506	18.478325	-16.216404	4.448796	-1.691274	7.456428	-35.277328	-4.587476
GCGTCGAAATGTCGGT-1_1	2.797253	2.140392	1.382220	8.261108	-7.275390	-1.176088	9.004316	4.631616	-4.268874	-0.685300	6.389231	10.804438	7.103649	3.718770	-4.079746	-10.782397	1.102708	-1.634347	-0.213544	9.934896	3.783724	-5.635094	-3.459078	4.129184	3.139872	8.497265	-6.931790	1.689651	-0.272860	3.085680	-15.969338	-1.491386
AACTGATATTAGGCCT-1_1	4.817135	2.777476	2.417680	12.386394	-10.447926	1.087248	9.904630	4.995942	-5.943897	1.478087	4.801000	15.822165	10.351810	2.808931	-11.805546	-15.716083	5.878379	-3.308625	1.456091	12.166787	4.073576	-2.608487	-1.648007	5.835470	-0.746983	14.099320	-6.619956	2.758708	0.558425	5.769177	-21.815132	-0.829982
CGAGCTGGGCTTTAGG-1_1	7.524354	9.420222	5.802193	18.300694	-13.032963	-3.301065	14.246147	9.639846	-8.767665	-1.140848	10.343913	23.450439	14.629050	4.301804	-11.103731	-19.945543	2.950320	-5.656026	1.186871	19.278587	11.201756	-9.502509	-5.896908	6.559652	3.080551	19.989468	-12.161408	0.016559	3.391200	4.916865	-35.372181	1.254021
GGGTGTTTCAGCTATG-1_1	4.914511	11.114558	6.037762	17.317621	-11.094519	-4.538501	11.527367	8.645601	-7.312199	-3.761059	10.547014	20.664310	12.907408	2.687445	-6.996284	-16.941023	0.975163	-5.356349	0.899251	19.535351	12.615309	-11.202724	-6.710551	5.245756	4.552938	16.349686	-12.117778	-1.690307	3.521526	2.820114	-31.497120	2.305514
TTAATTTCAGACGCGG-1_1	5.941968	8.602799	4.262868	17.638977	-12.830543	-3.320628	16.678389	9.069587	-8.290190	-3.546721	12.874428	24.446747	14.334653	3.461193	-6.361827	-21.009720	1.590370	-6.190786	0.851046	21.634920	11.617053	-13.458557	-8.430021	6.176202	7.519380	17.867188	-12.696855	2.039290	2.246193	3.820311	-34.231663	-0.396186
ACTGCCGTCGTAACTC-1_1	6.592068	11.106857	7.771830	21.388153	-14.501756	-5.050095	16.293470	11.728997	-10.790262	-3.841779	13.679494	25.722460	16.225433	6.217326	-9.581035	-22.119783	1.611589	-6.031534	1.919309	24.014353	16.023193	-14.257655	-7.405413	8.481802	5.510539	21.023746	-16.451330	-0.767143	3.034885	4.854082	-39.920750	0.196910
GTGCACGAAAGTGACT-1_1	6.088533	9.337928	6.710483	20.519363	-15.382767	-5.773032	17.242037	12.867722	-10.526331	-2.901376	14.692072	23.548424	17.647404	9.011115	-11.452031	-22.742556	1.215374	-3.144971	0.126207	23.499287	14.363316	-12.057564	-6.975025	9.892890	5.068727	21.170393	-18.583717	-0.083577	0.901493	7.329367	-39.721558	-1.488806
ATCTCCCTGCAATCTA-1_1	3.788195	0.935714	1.915623	9.551688	-6.373021	1.968613	7.043406	6.046530	-5.915153	1.752301	-0.451882	7.061681	10.613564	6.691582	-9.219059	-12.533233	3.747557	4.334175	2.361908	5.427552	3.733845	2.813288	0.002823	3.720778	-4.407946	14.910421	-5.890381	1.637914	-2.027498	9.623497	-14.595301	-1.991771
ACGCCAGATGATTTCT-1_1	7.002477	9.960874	6.801919	19.479328	-13.408177	-4.671770	14.290414	12.254496	-10.057557	-2.299632	11.818808	23.108601	17.409985	6.779650	-11.115371	-21.080427	1.498625	-3.892484	0.961083	20.274687	12.926257	-9.591564	-6.464047	7.908001	2.800442	21.644339	-14.730351	-0.551980	3.332967	6.364423	-37.907101	-0.039381
AGCTATTTAATCCAAC-1_1	3.218387	13.368369	10.509910	22.404484	-13.184399	-6.555088	10.639085	14.084001	-11.218084	-5.425137	11.718760	20.846371	15.891222	7.384985	-7.761288	-18.057398	0.003290	-2.359452	1.705079	22.170374	18.207502	-13.328119	-6.644301	8.664637	2.234865	18.845684	-17.412848	-4.465095	3.481883	5.198858	-36.750328	0.618820
CTGCGTTACGATATAA-1_1	-0.931651	2.111833	1.362378	11.520407	-12.450191	-0.933799	7.653125	6.599320	-4.320591	-1.275198	7.616582	10.727267	7.314592	8.182648	-2.507970	-13.848876	0.440423	4.689635	-2.365400	13.147429	0.966160	-5.156378	-3.591252	5.177462	0.529493	8.121680	-11.574964	0.380259	-1.297540	5.449877	-18.113567	0.482277
TAATAAACAAGGAGAT-1_1	1.658138	8.431274	4.511487	17.184774	-14.414312	-2.383752	12.280437	9.444949	-8.335526	-4.452405	11.640894	20.569212	12.173984	7.643122	-3.855289	-18.518396	0.337994	-0.946202	-0.029447	20.172667	10.537913	-11.700138	-6.639177	6.032204	3.515362	14.744087	-14.938535	-1.366871	1.612635	4.122950	-29.879358	1.678554
AACCTTTACGACGTCT-1_1	3.913949	8.039898	4.802453	16.241653	-12.289156	-4.254556	13.850831	9.867906	-8.095790	-3.376957	12.050136	19.661848	13.272665	6.071722	-6.690453	-18.133535	0.736368	-2.447938	-0.105189	19.643602	11.695744	-10.821368	-6.606279	7.027071	5.003442	15.993931	-14.189562	0.230861	0.934876	5.241494	-30.817476	-0.692702
AGTCCCGCCTTTAATT-1_1	6.760416	14.555903	6.177092	21.609007	-14.735213	-5.087295	16.353384	10.666992	-9.425857	-5.338509	13.854458	28.413200	18.147024	3.806722	-8.355674	-23.096575	1.134180	-6.522908	0.759192	25.792088	16.365093	-14.035062	-9.453192	6.032258	6.727078	22.844393	-14.877557	-1.565105	4.822524	4.197219	-41.277798	3.113754
TGAGATTAGGCCCTAA-1_1	3.180561	2.376453	1.255711	5.876227	-3.587146	0.389320	3.905953	3.854986	-4.315031	-0.570044	1.475891	7.275392	7.116146	2.752371	-4.777919	-7.333570	1.165418	0.857075	1.248476	4.272235	4.015033	0.921258	-1.406824	1.644576	-1.729926	10.020123	-2.895923	1.170441	0.625507	4.814158	-10.375476	-0.568449
AGTGTATTGCGCATTG-1_1	1.433679	2.036597	1.034533	3.752767	-2.486458	-0.224157	1.679591	2.215305	-2.356207	-0.374631	1.137875	4.555610	3.518449	1.667452	-2.298076	-3.873154	0.434087	0.409557	0.528316	3.106030	2.858517	-0.097681	-0.893441	0.965096	-0.990757	5.109275	-2.108812	0.391477	0.736371	2.313497	-6.353222	0.234688
GTTGGATTCAGTGGCT-1_1	2.034148	0.536549	1.343352	2.511328	-0.558268	-0.124030	0.500478	1.315553	-1.558904	0.777225	-0.523166	1.735790	1.802207	1.525836	-2.569982	-2.349469	1.139200	0.082445	1.058341	0.999812	2.137449	1.261537	0.399800	0.519892	-1.669840	3.682008	-0.675910	1.572438	0.135590	2.490669	-3.038374	-0.163828
TAAAGCTGCAATAGGG-1_1	0.841454	0.665719	0.880353	2.478955	-1.447075	0.268014	0.558726	1.217899	-1.484751	0.294794	-0.184293	1.781561	2.100490	1.342684	-2.245994	-2.352104	0.864696	0.713644	0.653036	1.178053	1.227225	0.910649	0.134832	0.772789	-1.721015	3.102039	-1.225795	0.542257	-0.087891	1.980432	-3.070912	-0.076067
AGTAGGAAGGAAGTTG-1_1	0.586508	-0.127911	0.656704	1.468354	-0.803429	0.258934	0.222066	0.852568	-0.755655	0.681450	-0.258745	0.841089	1.215985	0.878624	-1.697966	-1.632624	0.897751	0.431895	0.775149	0.586279	0.556578	0.789628	0.262889	0.531263	-1.203417	2.146887	-0.707105	0.902602	-0.130827	1.374880	-2.050511	-0.238452
TATCACTTCGAGTAAC-1_1	0.617549	-0.340448	0.695352	1.679645	-0.768330	0.289488	0.318014	0.964385	-0.597824	0.914973	-0.735151	0.328609	1.356743	1.153328	-2.022029	-1.881063	1.151150	0.931285	1.045364	0.495828	0.400273	0.982524	0.452046	0.601639	-1.559395	2.485854	-0.908725	0.786753	-0.573082	1.785857	-2.077323	-0.289347
TGATCTACGCTGATCT-1_1	1.774365	-1.320156	0.905724	4.263525	-1.648368	-0.936197	2.419795	0.959898	-1.346571	3.281682	-2.754512	-0.736969	0.041290	2.479473	-5.627446	-2.132586	2.462593	2.062321	1.327134	0.128255	2.328764	1.474269	3.488855	2.751521	-3.373782	1.947955	-1.136086	0.523590	-2.991802	4.233330	-1.014959	-0.866322
GGATCATCCCGTACGC-1_1	0.551273	-0.021672	0.469314	1.288769	-0.356602	-0.065575	0.418548	0.520398	-0.429696	0.680064	-0.589937	0.052113	0.662880	0.965629	-1.212517	-1.028402	0.497059	0.726691	0.492599	0.304042	0.800428	0.485133	0.478268	0.485420	-0.957439	1.318408	-0.626215	0.442796	-0.613544	1.300798	-0.965286	-0.215502
AGCCCTTCTAATCCGA-1_1	0.764852	-0.618465	0.031503	1.660543	-0.043503	-0.642300	0.655260	0.093051	0.412357	1.007432	-2.032212	-0.939282	0.237485	1.090756	-2.270701	-0.908803	1.394595	2.197103	1.357762	0.194735	0.558068	0.828735	1.288260	0.758497	-1.792287	1.770715	-0.386555	-0.132855	-2.088942	2.140164	-0.216698	-0.361370
TTGAACGAATCCTTTG-1_1	1.307876	0.073550	0.352758	0.737872	0.619895	-0.985759	0.095905	0.100543	0.026890	1.111153	-0.462263	-0.304287	-0.539574	0.693782	-1.071387	0.125340	0.074867	-0.476607	0.615000	0.064090	1.081802	0.484045	1.083302	0.315523	0.112118	0.267954	0.069950	0.716226	0.307257	0.982163	-0.016514	-0.100517
GAAATACTAAACGTTT-1_1	1.497614	0.010442	0.717911	1.541238	0.442717	-0.861664	0.258814	0.426896	-0.374831	1.641238	-0.822481	-0.378051	-0.455667	1.155822	-1.566898	-0.420518	0.505267	-0.092803	0.784366	0.152593	1.740459	0.487490	1.123665	0.380753	-0.362994	0.665183	-0.157615	1.052987	-0.107207	1.627501	-0.316876	0.012807
CCCGCGCAATGCACCC-1_1	2.041813	-0.852051	0.477342	2.016842	0.631541	-0.623925	0.469175	0.380399	0.063393	1.847388	-2.396788	-0.442169	0.015005	1.032787	-3.196807	-1.301071	1.776108	0.780017	1.863644	0.562982	1.547871	1.197956	1.704215	0.506661	-1.602403	2.420845	0.223065	1.131917	-1.017018	2.637579	-0.502787	-0.024699
TTCGGCTAGAGATGGT-1_1	2.075725	-0.756196	0.301355	1.570051	0.375650	-0.600935	0.220450	0.322526	-0.097003	1.452357	-1.683796	0.225901	-0.081194	0.801282	-3.031508	-1.217852	1.576513	-0.075476	1.580361	0.680693	1.458313	1.336530	1.614064	0.427016	-1.210353	2.052751	0.454283	1.167024	-0.148376	2.197869	-0.467820	0.217860
GACACGAGTTAGAGGA-1_1	2.865670	-1.083234	2.075297	3.647555	-2.670894	0.043815	1.068215	1.215265	-1.915765	2.303638	-0.101359	4.836421	2.171693	1.258991	-7.017981	-5.113107	3.706933	-1.330978	3.613810	2.677155	2.528282	2.806680	2.727444	2.855575	-3.096958	6.183118	-0.484167	3.645486	1.735674	3.490994	-5.650640	-0.184118
GAGGTCCCAAAGATCT-1_1	5.454238	-1.642576	1.885142	5.737206	-2.977469	-2.546737	3.118821	1.595236	-2.333951	5.488618	-2.570182	3.500925	-0.468024	3.163997	-9.987002	-4.006903	2.922898	-2.542416	3.619482	2.027532	3.996587	2.469513	6.877095	5.606102	-3.452294	3.373930	0.267134	3.180491	0.722258	6.058712	-3.557683	-1.642226
TAACTCCATGGAGGCT-1_1	4.333583	-1.531459	3.063629	8.034128	-5.930468	-0.292060	3.815770	1.853052	-2.828940	5.067357	-0.763248	8.725407	3.039109	2.070399	-13.253947	-8.974091	5.657861	-1.988963	5.679430	5.348225	3.761569	3.107307	6.031062	6.822704	-5.878642	8.560320	-1.110218	4.916895	1.438616	5.747032	-9.405122	-1.115950
CTTGTTTATGTAGCCA-1_1	6.799118	-3.366663	3.892731	15.835734	-9.680474	-2.249692	10.099830	2.777969	-5.020700	13.686936	-6.271913	4.649967	-0.369227	6.240157	-21.282108	-10.154760	7.086866	0.283946	5.530448	3.665717	5.930244	1.424137	12.022820	11.674281	-8.361757	3.895554	-4.250897	3.687014	-5.981336	11.528594	-7.117274	-2.850585
GATGGCGCACACATTA-1_1	4.017855	0.324917	3.043574	10.188671	-7.236228	1.411419	5.436269	3.924623	-5.500182	4.658129	-0.679131	9.109238	6.183810	3.454545	-12.874392	-10.612253	6.460197	-0.135429	3.024204	5.083189	4.151262	3.109723	3.205676	4.941441	-6.259225	11.025642	-3.132921	3.419569	-0.458737	7.218922	-12.653619	-0.649713
ATAATAGTGTAGGGAC-1_1	4.351723	-2.681078	4.762391	22.062490	-16.018557	1.403131	13.307770	3.582931	-6.954606	11.947414	-4.977933	8.636600	5.100567	6.991438	-26.803637	-17.949530	12.969819	3.036485	3.951829	10.244945	5.083214	2.209773	10.710005	12.832864	-11.729760	10.027362	-8.272942	1.588473	-7.951601	13.800928	-17.077715	-0.857245
CGCTATTCAATGTATG-1_1	4.620132	14.541019	8.715513	23.701843	-15.568402	-4.912314	12.293180	11.134104	-7.842110	-3.775050	11.421771	25.757412	14.363894	2.652732	-9.555492	-22.716629	2.825092	-4.433061	0.650698	25.720188	13.034517	-12.935462	-7.421449	6.594753	2.503288	18.372498	-15.846899	-3.025563	4.158667	4.051126	-39.349506	5.169562
ATATTGCTGTCAAAGT-1_1	2.206127	10.476114	6.778474	20.323841	-14.342796	-4.176597	7.678804	10.018582	-5.417533	-2.047253	8.126909	18.062340	12.395087	4.976510	-7.785341	-19.567263	1.430047	1.526266	-0.497365	20.515821	6.903828	-7.487567	-5.105422	5.773665	-0.590901	15.674538	-14.297671	-2.998135	2.883149	5.492804	-31.772350	5.046702
GGATTCAGTACGGTGG-1_1	2.917396	15.199403	7.992377	22.658632	-14.676915	-4.349092	9.042371	10.456203	-6.360863	-4.779390	9.822683	23.629166	13.242877	2.099671	-6.192417	-20.723801	1.264913	-2.962529	0.557129	24.276047	11.287970	-12.203283	-7.809389	4.206080	1.833905	17.311155	-14.327829	-4.988499	5.174934	2.632236	-35.715294	7.944656
TTCTTAGTGAACGGTG-1_1	3.100504	15.548114	9.694905	24.045614	-14.555337	-5.665895	7.577593	11.953049	-6.992381	-4.381014	9.382924	21.894972	14.594810	3.509344	-8.277029	-20.433125	0.994559	-1.767383	0.551768	23.853634	12.210049	-11.089132	-6.887375	5.684110	0.358475	18.110415	-15.700785	-5.861628	5.228047	3.978834	-37.214664	7.117865
AATGGTTCTCACAAGC-1_1	-2.702986	11.520066	3.996788	26.510801	-25.522268	-1.345715	10.711043	11.281878	-5.553792	-4.930690	12.921115	24.707405	13.496933	10.046092	-2.505415	-28.945080	1.530127	7.969815	-4.730462	30.295984	0.879778	-11.568882	-8.971185	6.188550	-0.371904	15.466109	-20.335466	-3.617651	1.452836	7.199028	-37.485638	9.616314
TATACACGCAAAGTAT-1_1	2.772924	17.565117	10.411893	26.551971	-16.112047	-6.526397	8.152812	13.272851	-6.929482	-5.365886	10.586078	23.746075	16.258701	3.296630	-7.755593	-22.938524	0.582984	-0.985215	0.296442	27.051992	12.996511	-12.614480	-8.551690	5.457974	0.928611	20.223848	-17.293728	-6.379646	5.428109	4.376020	-41.200344	8.606615
CTTCATAGCTCAAGAA-1_1	0.452265	16.573946	8.080709	25.817169	-18.093155	-4.409567	7.944792	11.502988	-5.508401	-5.139717	9.830736	23.808983	13.068585	3.102790	-4.643831	-23.396595	1.386078	1.630897	-0.827277	27.597012	9.366519	-12.279104	-8.385784	4.189540	0.268426	17.285336	-16.231810	-5.911362	4.665891	4.175966	-37.189159	10.271042
CAACGGTTCTTGATAC-1_1	1.285274	8.511052	5.448654	19.060450	-13.275807	-3.591187	4.472100	10.943844	-4.790961	-1.015918	5.430882	12.988161	14.007944	7.746505	-5.902186	-18.622309	-0.927210	7.957376	-0.308828	16.240730	4.121660	-2.610126	-4.431999	3.821290	-3.175702	18.445200	-13.014699	-2.625665	2.749431	8.023539	-29.213261	5.249859
ACACCCGAGAAATCCG-1_1	-0.866505	17.451710	8.834395	32.859898	-24.198671	-6.425734	7.938948	14.825108	-4.735200	-4.707810	11.184548	25.079817	17.198421	6.957261	-5.648713	-30.868813	0.501296	8.911829	-3.360475	33.730782	5.225471	-10.729062	-9.742083	5.801768	-1.585867	22.711216	-21.637100	-6.239008	4.502212	8.732271	-45.669487	12.937312
TCTATCATGCAGTTAC-1_1	2.637158	3.068126	1.844860	5.666112	-1.878008	-0.158105	0.964835	2.263713	-2.515584	-0.577894	-1.315690	2.958937	5.162926	3.251968	-3.610690	-4.856678	0.603311	2.935207	1.531720	2.254621	3.592727	2.018153	0.082479	0.568382	-3.341721	7.712120	-2.982296	-0.565090	-0.278400	4.776755	-5.790841	1.018744
CCCGCCATGCTCCCGT-1_1	1.632217	6.760938	3.263155	14.219115	-10.132541	-0.892851	2.493654	6.532182	-4.103424	-0.607836	1.975477	9.468523	10.373117	5.808436	-5.663153	-13.995150	0.605436	6.457515	0.641290	11.495607	3.849095	0.108882	-1.830325	2.161003	-4.113483	14.687989	-8.046785	-2.520803	2.283687	6.908185	-20.246595	4.940774
CGCTTCCACTGAAATC-1_1	5.852787	2.062305	3.614641	5.057909	2.633667	-3.860612	-0.842020	2.059397	-1.894004	5.676579	-0.956884	-1.072208	-2.027577	3.941375	-3.767800	-0.280836	0.276762	-2.182752	2.440117	0.410126	6.759442	1.187041	3.138559	0.803852	0.344507	1.545202	-0.649353	3.540115	2.066462	4.567533	-1.739954	1.228121
CACTGTCCAAGTGAGA-1_1	4.705235	2.437257	2.280747	3.971834	2.145064	-3.651038	-0.419648	1.276134	-1.332778	2.821053	-0.348617	-0.777962	-1.353475	2.829744	-2.381324	0.168535	-0.244894	-1.213927	0.953596	1.349143	5.569895	1.173814	2.081178	0.187977	0.432036	1.282783	-0.481153	2.264255	1.272903	3.429765	-1.640596	1.249751
ATTACTAGCCTCTTGC-1_1	2.262714	-0.313646	1.287197	6.016633	-1.196614	-0.254431	2.220206	2.363006	-0.366206	2.174629	-4.209680	-0.509323	4.478114	3.901227	-6.180185	-6.128620	2.306478	6.560777	3.203805	1.860975	2.194669	2.704717	2.090087	1.782096	-5.000711	7.840452	-3.217177	0.512918	-3.937893	7.060050	-4.821027	-0.549139
CATAGTAGCATAGTAG-1_1	5.268425	1.664285	2.177990	3.475864	2.865083	-4.616364	-0.183910	0.874489	-0.780053	4.913496	-1.031165	-1.841205	-3.014528	3.020050	-3.278918	1.551666	-0.670901	-2.499529	1.926796	0.219806	5.245066	1.329219	4.352781	1.283195	1.145161	-0.410201	0.048991	2.727931	1.721192	3.838017	-0.217503	-0.077677
CAACTCCTTGATCCCG-1_1	0.744210	0.646923	2.772346	11.476698	-7.638632	1.879125	3.527148	6.418959	-3.270661	3.152780	-2.588949	1.928142	8.971190	8.167242	-8.425713	-13.024865	3.108316	9.844599	2.498773	5.368784	0.461420	3.298497	1.831534	3.997945	-7.390310	11.736695	-7.625196	-1.033357	-3.588080	10.097558	-12.252792	0.216193
AAGTAGAAGACCGGGT-1_1	4.090892	0.887397	2.176363	5.308573	-0.388728	-2.387119	1.097137	1.556126	-2.490544	3.493574	-1.556271	0.091418	-0.878474	3.736422	-4.866859	-1.437008	1.206559	-0.389335	0.731877	1.507619	5.496685	1.290430	3.062945	1.701882	-2.097790	1.592852	-0.448161	2.051929	-0.498685	4.762583	-2.057653	0.248050
GCGGGAACCAGGCCCT-1_1	1.300995	-0.674607	2.593463	10.605165	-7.443364	0.422557	4.399961	5.424251	-3.610552	4.496694	-2.458560	1.228351	6.096921	7.363237	-10.250549	-10.075245	4.025227	7.962151	1.494502	4.223951	1.600940	3.424634	3.931976	5.574181	-7.600698	8.640954	-6.657359	-0.194531	-4.878160	9.432137	-10.179418	-0.878303
ATTAGATTGATAGCGG-1_1	0.731198	-0.534766	0.539929	2.925417	-1.171520	-0.279199	1.317245	0.635046	-0.576178	1.133732	-1.881500	-0.275036	1.234740	1.833058	-3.444708	-2.220527	1.678649	2.751982	1.078079	0.864700	1.337971	1.387926	1.788987	1.534743	-2.830158	2.663094	-1.341550	0.160920	-2.350723	3.206786	-1.524479	-0.593061
CTCGGTCCGTAGCCTG-1_1	0.570730	-0.663493	0.636004	6.690467	-4.765975	-0.214496	3.379613	2.071971	-1.816003	2.181663	-2.262611	0.675618	3.172067	4.159097	-7.187898	-5.955046	3.472556	6.393308	1.259922	2.629440	1.799726	2.734390	3.518052	3.643724	-5.571523	5.244263	-3.997117	-0.404427	-4.622249	6.567543	-4.377344	-1.015529
TGGCTTTGGGTAGACA-1_1	2.547920	-0.486128	0.715450	4.261120	-0.260165	-0.343767	2.317575	0.666476	-0.940582	1.073339	-3.419944	0.378533	2.832628	2.126922	-5.465057	-3.393270	3.196235	3.232243	2.413007	1.664342	2.985010	2.404974	1.805106	1.375077	-3.752096	6.500940	-1.095619	1.249745	-3.197103	5.380965	-2.840558	-1.134297
TATCCATATCATGCGA-1_1	2.833674	-0.584879	0.596143	5.209860	-1.286609	0.643394	3.811289	1.559696	-1.925772	0.717805	-3.481880	1.979385	5.502425	2.906137	-6.815170	-5.761321	3.563071	4.239764	3.109958	2.047167	2.878479	3.151867	1.513558	1.717507	-4.607973	9.514458	-1.871585	1.252864	-3.342834	6.705971	-5.194689	-1.853987
GGAGTGCCGCCCTGGA-1_1	2.714609	3.292060	3.334377	11.965558	-10.375181	-2.157427	8.839993	8.963569	-7.163105	0.076489	6.449357	11.022277	11.515261	8.426581	-8.309744	-14.191838	1.773438	3.811682	0.137099	11.178540	6.523475	-2.294153	-1.600517	6.514630	-1.478258	14.522643	-11.020475	0.600296	-0.782800	7.914499	-22.213318	-2.110267
TGAGAATGCTTTACCG-1_1	3.017662	4.595735	4.252200	11.121097	-8.111026	-2.958344	8.597349	7.466964	-6.805090	-1.560207	7.712207	12.197348	8.952561	6.055789	-5.680806	-11.210074	0.173119	-1.628197	0.984380	11.682593	8.862377	-6.848165	-3.062707	5.770463	2.123614	11.280913	-10.434034	-0.629482	0.844421	3.623366	-20.881861	-1.221573
TTAACCAACCCTCCCT-1_1	2.798803	3.508555	3.568748	11.465982	-9.580535	-2.544273	10.080789	7.300344	-6.598513	-0.939729	8.421047	12.673725	9.050155	6.939620	-6.414779	-12.789740	0.763455	-0.957534	0.510514	12.749219	7.697741	-7.131802	-3.064609	6.505306	2.416562	10.980399	-11.475665	0.410537	-0.404510	4.406900	-21.597790	-1.872510
TCCGATAATTGCCATA-1_1	5.128915	6.205243	3.676264	15.013241	-12.212125	-2.222167	14.595595	8.823456	-8.530367	-2.916770	11.966129	20.729382	13.263951	6.679947	-6.332798	-18.584856	0.587786	-4.527381	1.031855	17.791780	9.644163	-11.177771	-6.351435	6.286210	5.397311	16.064358	-13.078102	0.712761	1.493074	3.518795	-30.204771	-0.534425
CATTACGTCGGCCCGT-1_1	4.866332	12.820446	7.425753	19.142456	-11.779912	-5.133111	11.585001	11.207168	-9.329818	-5.001837	11.846128	22.157986	15.253398	4.544037	-7.570560	-17.479776	0.054699	-5.843718	1.272921	20.906694	15.905207	-12.856323	-7.610790	6.512168	4.514447	17.792324	-13.996626	-3.173863	4.315988	3.401219	-34.565506	1.699223
CAAGCACCAAATGCCT-1_1	6.448847	8.812126	6.556724	20.782476	-16.207651	-3.322349	16.178797	11.280510	-10.158207	-1.153815	12.224633	24.087692	15.616685	8.770060	-12.684343	-22.738285	2.783037	-4.184605	1.132960	22.536873	12.268896	-11.455923	-5.335174	9.329626	2.996756	20.011675	-16.705370	-1.158783	1.732208	6.369153	-38.075275	0.344848
TGCATGGATCGGATCT-1_1	5.037987	6.249575	4.811432	16.092058	-11.891156	-1.889695	9.738718	8.723140	-7.285192	0.437145	6.589609	17.221817	12.998462	5.258426	-11.669772	-17.350630	3.391733	-1.149028	1.030551	14.528462	6.987225	-3.982151	-2.795303	6.344930	-1.278961	17.325064	-10.639297	0.117097	2.029847	6.545595	-28.394320	0.620455
GAAATCGCGCGCAACT-1_1	7.485715	13.997436	7.080355	22.152336	-14.436100	-5.219355	17.102755	10.947696	-9.344239	-4.654495	14.414657	29.077454	17.013662	2.387740	-9.555322	-23.839470	2.096142	-8.342431	1.259125	26.090422	15.849558	-15.094935	-9.315067	6.642945	6.947748	21.366268	-15.203922	-0.412317	4.342562	3.634273	-41.903301	2.387130
CTGAAAGAGATCCGAC-1_1	3.691965	11.764699	7.879242	18.530846	-11.189483	-5.189469	8.977551	10.395765	-8.216169	-4.197274	9.738815	18.482456	13.210554	4.645597	-7.293565	-15.695893	0.398319	-3.473500	1.056386	19.132853	14.017715	-10.908448	-5.953311	6.452851	2.472674	15.771798	-13.493958	-3.636404	3.532743	3.743428	-31.201221	2.035520
CACCTCGATGGTGGAC-1_1	4.880262	7.639431	5.334215	16.360834	-11.598653	-4.202106	14.073959	9.196831	-8.355322	-2.935058	11.424821	19.641058	13.423783	5.793588	-7.711112	-17.927959	1.086289	-3.900636	0.947102	19.087574	12.326744	-11.083145	-5.956618	7.374187	5.125252	16.375727	-13.712778	0.438415	1.149376	4.715632	-30.984062	-1.338402
ATTTGTTCCAGGGCTC-1_1	1.495369	7.393923	6.756554	17.313164	-12.217313	-4.451283	6.720768	10.619661	-6.144869	-1.617491	8.074128	13.411250	11.877392	8.191139	-7.992837	-16.025551	-0.286355	2.292185	0.017724	16.720898	7.638655	-6.599066	-3.693558	6.968840	-0.608519	13.978241	-15.293662	-3.255480	1.249560	5.847693	-27.902111	2.228699
TGGGCCACAAGAGCGC-1_1	4.236867	3.270583	2.847847	11.729258	-8.339172	-0.520279	7.626991	7.939349	-7.241754	-0.015553	3.637805	11.527055	12.389517	6.496861	-8.573842	-13.707546	2.001241	2.555192	1.302918	9.018555	6.268528	-0.171056	-1.854634	4.557781	-2.136440	16.882597	-7.386883	1.026463	0.700703	8.238105	-20.569820	-1.387121
CCTTCTTGATCCAGTG-1_1	3.377476	0.722841	1.802989	3.677265	-0.675512	-0.750729	1.538065	1.704618	-2.587400	1.371044	-0.733862	1.869112	1.809764	2.435061	-3.812503	-2.547138	1.374626	-0.192655	0.828401	1.357783	3.455647	1.348347	1.075714	1.324681	-2.365373	4.072470	-0.270170	1.779761	-0.495414	3.510762	-3.454041	-0.467749
CCTCGCCAGCAAATTA-1_1	5.455595	12.221696	8.425632	21.557631	-13.514156	-5.602227	11.876137	12.526361	-9.837924	-3.665966	11.159574	22.181227	17.099106	6.675624	-9.691463	-20.174261	0.562369	-3.228238	1.185447	21.712252	14.771428	-10.984220	-6.660258	7.680403	2.590363	21.044064	-15.674267	-3.063318	4.235975	5.652475	-38.078918	1.710092
TTCATGGCGCAACAGG-1_1	2.326671	2.679878	2.704643	13.473015	-10.521714	0.348887	6.062240	7.970828	-5.823031	1.422045	2.266128	9.640409	11.952608	8.374797	-8.936794	-15.347794	2.034295	5.298148	0.978405	9.919752	3.370434	0.351818	-0.719018	4.858289	-3.831516	15.569869	-8.854973	-0.571776	0.418976	8.686175	-20.302185	0.463759
ATATCTCCCTCGTTAA-1_1	0.313948	8.787079	6.650811	18.046589	-13.987539	-3.529927	8.196830	10.399933	-7.444772	-3.165270	9.290022	15.985569	10.525481	8.740887	-5.450241	-16.399942	0.092764	2.152195	0.351893	18.894808	10.130560	-9.550584	-4.305015	6.582646	0.166911	13.568435	-16.123455	-3.996794	1.090326	4.858388	-28.160126	3.120557
TCGCTAAACCGCTATC-1_1	2.200940	10.764896	5.529954	16.600788	-12.423041	-2.938993	8.927392	9.298852	-8.092875	-4.238325	9.939494	18.935562	11.084672	6.297250	-4.428618	-15.295866	-0.297913	-2.109890	1.119433	18.305468	12.520637	-10.884386	-5.616715	4.908800	2.190425	14.345882	-13.248227	-4.074121	3.570392	2.673659	-28.388769	3.802995
CACATTCTTTCGATGG-1_1	0.153452	3.581295	1.237605	12.098615	-13.271551	-0.035097	9.258946	6.238299	-5.358855	-1.796874	8.490106	14.494587	7.967659	7.789745	-2.908140	-15.021659	0.976934	1.957954	-1.639188	14.780471	3.189369	-7.037625	-4.276676	4.962676	1.487406	9.254079	-11.425307	0.060237	-0.067716	4.479521	-20.800673	1.281624
GATATGCGGTAGCCAA-1_1	6.838489	12.147113	6.185183	18.824787	-11.650215	-4.234270	15.016613	10.747162	-9.746243	-5.113527	13.461638	26.377008	15.825894	2.721180	-6.028552	-19.998545	0.282830	-8.882764	2.640017	21.806347	15.965215	-15.090994	-9.236415	5.261282	7.547386	19.940771	-12.850217	-0.482026	4.933239	1.883855	-36.296024	1.357480
CGTTTCACTTCGGGCG-1_1	7.010199	14.052003	6.475552	19.507523	-11.747176	-4.960958	14.984921	11.009337	-9.702209	-6.085466	14.012517	27.463268	17.036991	1.610162	-5.790491	-20.441912	0.200535	-9.251003	2.162711	23.249550	17.205759	-15.546836	-10.387542	4.926696	8.019551	21.036678	-12.658423	-0.820482	5.676036	1.975815	-38.337315	2.040843
CCAATTACGGGTCGAG-1_1	3.339423	13.298706	6.839171	20.102459	-12.823817	-5.423778	8.748628	10.756276	-6.442723	-4.602983	10.302251	20.112473	15.261910	4.341542	-6.511097	-18.688198	-0.798342	-1.797380	0.164821	21.601200	11.914041	-10.511150	-7.747469	4.723630	3.035092	18.360502	-14.342987	-4.136423	4.417156	4.039791	-34.572872	5.351287
GCAGGTAGAGTATGGT-1_1	3.213127	11.128748	4.273897	16.379347	-12.546632	-3.068968	7.825117	8.981297	-6.577358	-3.135540	7.788267	18.570541	13.286478	5.079314	-5.232901	-17.058498	0.595853	1.312673	0.096698	17.551155	9.992494	-6.259864	-5.383906	3.537615	0.045958	17.714203	-10.911127	-2.487696	4.286653	5.319572	-29.758278	4.558527
GTCGTATTGGCGTACA-1_1	0.889890	0.661640	0.306244	2.868962	-1.733848	0.333953	1.229253	1.267754	-1.032734	-0.072847	-0.393936	1.463825	3.001064	1.685129	-2.318342	-3.510610	0.844662	2.126189	0.805207	1.635164	0.954264	1.193085	0.093098	0.636259	-1.639148	4.297544	-1.834635	-0.032627	-0.753265	2.902243	-3.527518	0.069494
GAAATTAGCACGGATA-1_1	3.219400	1.900802	1.575506	3.956690	0.034182	-1.272111	0.491218	1.455358	-1.957725	1.238875	-1.156925	0.550708	0.832110	3.024728	-2.617609	-1.329108	0.654031	0.095751	0.423206	1.521522	4.013896	0.897196	1.018665	0.762040	-1.809816	2.739407	-0.776310	0.638352	-0.378730	3.364529	-2.156368	0.585547
AATGCACCAAGCAATG-1_1	2.024485	0.234545	0.784025	3.523345	-0.177717	-0.180813	1.242685	0.987327	-0.416038	1.122785	-2.474022	0.391683	2.398715	1.794049	-3.796182	-3.070068	1.954071	2.464096	2.126512	1.077394	2.264895	1.734151	1.100822	0.626297	-2.668877	5.254813	-1.478044	0.772146	-1.927222	4.015039	-2.802274	-0.294933
AGGACGCTCGATGTTG-1_1	1.132531	-0.598094	0.465733	2.108147	0.020821	0.043599	0.487034	0.918331	0.353057	1.106988	-2.130307	-0.302622	1.935398	1.288503	-2.614977	-2.438925	1.448832	2.355822	2.080394	0.582601	0.274661	1.180254	0.433378	0.290113	-1.980880	4.024836	-0.933142	0.647180	-1.492241	2.719963	-2.231852	-0.252971
GGCTAAAGGGCGGGTC-1_1	0.910230	-0.512638	-0.043359	1.103599	0.312642	-0.557030	0.214870	-0.145196	0.672728	0.513774	-1.674640	-0.710227	0.377469	0.703741	-1.780368	-0.608529	1.437565	1.370335	1.364225	0.378281	0.277314	0.867913	0.619538	0.209917	-1.341144	2.033052	-0.084977	0.161015	-1.435669	1.696982	-0.553864	-0.151809
CATCTATCCCGTGTCT-1_1	0.380734	-0.325879	0.179180	1.025863	-0.231732	-0.137887	0.268700	0.181666	0.114994	0.465490	-1.009019	-0.261729	0.642043	0.696793	-1.332503	-0.867245	0.931763	1.094558	0.830646	0.245850	0.190298	0.641272	0.394245	0.373536	-1.139604	1.514529	-0.492375	0.151288	-0.986383	1.289768	-0.760260	-0.195589
CAGTAACTATTTATTG-1_1	0.687758	-0.711601	-0.265733	0.788696	0.366739	-0.929056	0.086105	-0.432752	0.850052	0.513574	-1.816873	-1.077611	0.045502	0.510897	-1.688753	-0.066490	1.485986	1.510477	1.374892	0.142045	-0.029404	0.975136	0.723065	0.308729	-1.294533	1.536994	-0.112790	0.020293	-1.663476	1.539187	-0.103115	-0.327947
CATATACTACTGATAA-1_1	0.693848	-0.625729	-0.210121	0.930254	0.153026	-0.523765	0.293732	-0.250745	0.806123	0.404347	-1.688366	-0.683498	0.345890	0.589083	-1.818000	-0.551098	1.511645	1.537214	1.442784	0.191721	-0.058277	0.878034	0.666583	0.264651	-1.414017	1.914236	-0.025978	-0.178530	-1.567386	1.558193	-0.362455	-0.203790
GCGTTCGGAGACCGGG-1_1	0.515336	-0.345413	0.059485	0.913936	0.096522	-0.372928	0.258642	0.060913	0.181542	0.584939	-1.107710	-0.531065	0.197927	0.675241	-1.154616	-0.466976	0.774230	1.001637	0.772634	0.180948	0.427870	0.496890	0.567056	0.353724	-0.915538	1.076922	-0.255742	0.193204	-1.037621	1.194652	-0.207036	-0.210088
AAGTTCAGTCTGCGTA-1_1	0.719992	-1.327830	0.013316	1.419514	0.094664	-0.636300	0.085873	-0.117829	1.079386	1.116918	-2.769734	-1.022007	0.764378	0.793095	-2.881079	-1.095535	2.647688	2.489657	2.438229	0.159245	-0.367077	1.489053	0.834764	0.518085	-2.440746	3.105555	-0.437936	0.277505	-2.355317	2.394110	-1.033210	-0.384517
CGAAGCTATAAATTCA-1_1	0.414900	-0.083551	0.222248	0.854830	-0.204359	-0.072505	0.363714	0.279364	-0.242984	0.438026	-0.499297	-0.066091	0.315888	0.651686	-0.898905	-0.584941	0.381796	0.453765	0.300855	0.193221	0.511865	0.321174	0.479383	0.387864	-0.676562	0.741928	-0.269814	0.132602	-0.485432	0.832886	-0.382794	-0.123065
TAGTACCTTAGTGGTC-1_1	1.113843	-0.115871	0.193744	0.843351	0.947910	-1.015878	0.163520	-0.156367	0.425879	0.979058	-1.121359	-1.106874	-0.503535	0.657364	-1.044175	0.197789	0.374006	0.597420	0.755596	0.196869	0.989858	0.601200	1.092314	0.134168	-0.321497	0.611812	-0.060898	0.574512	-0.724026	1.291576	0.250195	-0.216696
CTGGCGGGAATAAGTA-1_1	3.955025	0.089094	0.811300	1.150946	2.559725	-4.045689	0.111176	-0.095477	0.266787	3.610935	-1.731161	-1.527402	-2.420819	1.849277	-2.517737	1.250076	-0.435692	-1.816063	2.108526	-0.374146	2.728662	1.484561	3.331495	1.128928	1.648597	-0.526120	0.263809	1.947216	1.445688	2.843069	0.538604	-0.502504
AGTGTGGTCTATTGTG-1_1	3.327521	-0.568755	0.304518	1.558534	2.087010	-3.122102	0.538596	-0.279405	0.626314	2.574006	-2.363986	-1.814950	-1.692521	1.211531	-3.354223	0.735443	0.463112	-0.533763	1.830714	-0.002491	2.255036	1.789289	3.613029	0.993421	0.036056	0.418613	0.651614	1.078345	-0.226678	2.935633	1.047712	-0.665647
GCTATCGCGGCGCAAC-1_1	5.067414	-0.748472	1.044168	2.949171	-0.796281	-2.317438	0.891072	1.214382	-1.256734	3.297784	-1.248637	2.917104	-0.994374	2.461985	-6.317389	-2.163720	1.400216	-3.847613	2.684863	1.848653	3.472780	2.216673	4.793445	3.266131	-1.342662	2.208863	1.102558	2.947475	2.533411	4.044384	-1.883261	-0.765531
CAGTAATCCCTCCCAG-1_1	5.208627	-0.947906	0.843643	2.912672	-0.636058	-2.832867	1.247877	1.172169	-1.480591	3.592134	-1.828751	1.848258	-1.506959	2.715837	-6.262761	-1.551746	1.179317	-3.465776	2.451481	1.160792	3.407127	2.324816	5.230716	3.306986	-1.085135	1.406445	1.106062	2.451599	1.943013	4.448902	-1.047639	-0.940292
GTATTAAGGCGTCTAA-1_1	6.282163	-2.289463	2.996201	9.834834	-6.537849	-1.966223	4.293566	2.679042	-3.486827	7.590892	-2.939422	7.154494	1.122797	3.596081	-15.796767	-8.454507	6.065446	-2.224499	6.027024	4.465362	4.984854	3.866628	9.314589	8.313269	-6.737270	7.445543	-1.119194	4.887990	0.785043	8.533847	-7.903608	-1.672037
CTAATTTCAACAACAC-1_1	6.140627	-0.686669	2.048958	5.260395	-1.663562	-2.504947	1.759770	2.090626	-2.725540	5.517963	-1.975645	2.726704	-1.240068	3.547936	-8.144961	-2.948160	2.205237	-3.353087	3.049053	1.403879	5.125519	2.148558	5.748477	3.793632	-2.330072	2.934825	0.540593	3.537493	1.680782	5.784742	-2.600770	-0.740557
TTAGCAACATGGATGT-1_1	2.556977	-0.508550	1.590633	7.405459	-5.848813	0.922839	3.736152	2.329934	-2.977876	2.699464	-0.749532	6.561941	4.435644	1.755963	-10.140769	-8.159381	5.585845	0.663298	2.454119	4.583059	2.070877	3.007202	3.151582	3.847003	-5.320929	8.224852	-2.070468	2.222559	-0.388817	5.121556	-9.325119	-0.026113
ATGCTCAGTGTTGCAT-1_1	3.608427	2.028847	2.413091	6.178099	-3.694301	0.578657	2.879958	2.721436	-3.819413	2.116099	0.558787	7.932695	4.746159	1.858613	-6.702234	-6.526985	2.845416	-1.458687	1.546091	3.648124	3.407422	1.262990	-0.117875	1.899605	-3.271911	8.113283	-1.795538	2.975149	0.978266	3.811337	-9.845965	-0.149577
GATGTTTGTGCGAGAT-1_1	2.411288	11.500211	6.260220	21.020208	-15.688848	-3.889171	11.481501	9.859245	-6.699648	-3.535653	10.713808	22.091091	12.586827	4.418702	-6.673680	-21.117094	2.130294	-0.807157	-0.690765	23.902975	9.768145	-11.335891	-7.045451	6.339083	2.377037	15.807230	-14.865559	-1.925629	2.467870	5.084261	-33.830982	4.018295
CACTTCGCCACAGGCT-1_1	3.591418	13.410383	7.794618	20.291100	-12.348162	-5.091059	10.758725	10.242038	-7.108125	-4.819562	10.496902	22.082018	13.511085	1.615734	-6.283921	-18.999245	1.470375	-3.975569	0.768216	22.392582	13.227882	-12.382040	-7.780753	5.143731	3.431705	16.701241	-13.398726	-2.371953	3.690365	3.263833	-34.089073	3.650458
CTGTATGGTGTAGAAA-1_1	-0.458130	8.855080	5.055807	22.632660	-20.163761	-2.715706	11.589767	11.093301	-6.831615	-4.188630	12.487586	21.459768	13.460577	9.213120	-4.244156	-24.525055	1.129003	4.219384	-2.767962	25.577370	4.451799	-11.178829	-7.810861	7.333706	1.177013	15.351165	-18.453438	-1.736794	0.725022	6.740346	-34.552685	4.445535
TACGTGCACTATGCTG-1_1	-0.348526	10.320406	4.906672	19.668699	-16.012674	-2.788089	8.498723	9.112597	-5.148057	-4.026047	9.494185	18.744871	10.855270	5.271175	-3.138194	-19.800795	1.085829	2.809547	-1.641062	22.174538	5.998888	-9.918880	-6.821352	4.844060	0.909495	13.117410	-14.267834	-2.649649	1.870528	4.765086	-29.169762	5.526200
GTATCAGCTTGGGTTC-1_1	-4.215450	6.413190	-0.359415	21.385239	-25.532354	1.835966	10.773250	8.457430	-4.830239	-3.477990	11.796638	22.099119	10.706744	11.766786	0.203481	-26.273046	1.754660	9.876960	-5.895947	25.787008	-3.421164	-9.236810	-7.871771	5.340349	-0.338920	11.807405	-17.433077	-0.837963	0.044411	7.675686	-30.290918	7.337194
TAACAAAGGGAGAAGC-1_1	-4.776777	11.371732	2.413010	29.154257	-30.613209	0.001743	13.408733	11.977722	-6.564164	-6.018466	15.316374	28.964001	14.756306	12.224465	0.986973	-32.905537	1.129836	11.619259	-6.277779	34.326057	-0.226122	-13.366603	-11.094040	6.314537	0.860340	16.715002	-22.745890	-2.688276	0.970884	8.714395	-41.163021	10.079392
TTACATCGTGGCCTGG-1_1	-3.803702	9.607429	1.126998	23.271395	-25.615652	1.445632	10.455198	8.971965	-5.191881	-4.503981	11.885352	24.616896	11.271928	10.068277	0.550831	-26.786663	1.451722	8.750251	-5.009036	27.676823	-0.819155	-10.690134	-8.623281	4.482979	-0.000545	12.995586	-17.729475	-2.892041	1.540783	6.421819	-33.000515	9.695136
TCTGAACCGGTCGGCT-1_1	-7.041857	9.927555	-0.238524	30.283543	-35.643085	3.284421	14.349471	11.167405	-6.235927	-5.838994	15.380700	30.983507	14.715689	14.874400	3.141313	-36.211994	1.786698	15.772673	-8.362096	36.316525	-5.191981	-12.868340	-11.607557	6.344616	-0.188183	15.137646	-23.515377	-2.740502	0.026181	10.056562	-40.551590	11.491040
GGCTCGTGCCACCAGC-1_1	-1.763727	20.227512	7.835113	32.979225	-26.666245	-3.271842	10.688185	13.559522	-6.970805	-7.351357	13.520346	31.715742	15.895626	6.294899	-2.705904	-31.258129	1.493762	5.033483	-2.613917	36.477844	8.947059	-16.001856	-11.335773	4.800246	0.294473	20.473440	-21.501417	-7.645559	5.405343	5.443200	-46.094570	14.507187
TATAAGTGAGGATAGC-1_1	-6.400604	11.273579	1.150935	32.128716	-35.418404	1.196561	15.565984	12.406712	-6.648264	-6.609564	17.111046	32.545361	15.953360	13.656791	2.746595	-37.414837	1.472544	14.671281	-8.257281	38.446949	-3.113540	-14.425042	-12.835920	6.889881	1.325630	16.926453	-24.958935	-1.922246	0.322400	10.159008	-44.284721	10.894346
GCCCGCGCGTTTGACA-1_1	-0.651153	14.515176	7.001485	25.905521	-19.190886	-4.549175	7.734556	11.670013	-4.641665	-4.525546	9.815590	21.737352	13.174588	4.785105	-3.800198	-24.240046	0.774024	4.858700	-2.123154	27.562443	6.178045	-10.904903	-8.510386	4.608893	-0.005364	17.236252	-16.896843	-4.912154	3.544781	5.857062	-36.162991	9.745070
TGCTGGTTGGACAATT-1_1	-1.219558	17.453718	6.641584	32.232918	-25.701710	-4.638886	11.308868	13.384927	-5.653775	-5.506359	12.841577	29.097204	15.981550	5.980865	-3.270257	-30.991545	1.384974	6.396657	-3.594851	35.160923	6.490502	-13.982029	-11.312467	5.121295	1.329987	21.807001	-20.307104	-4.769959	4.597914	7.559286	-44.987137	12.186852
GCCTAGCGATCTGACC-1_1	0.392114	9.370121	4.172594	18.372963	-13.897837	-3.575364	4.513752	8.779678	-3.087238	-1.486277	5.824220	14.301226	11.276841	4.818903	-3.854775	-17.997259	-0.007215	6.554242	-1.615746	17.677097	2.963377	-3.975386	-5.052126	2.816280	-1.705984	15.579253	-11.764213	-2.383365	3.219467	6.317584	-27.545362	6.859092
CCATGCTCTGCAGGAA-1_1	1.023886	4.360030	2.092201	10.216857	-8.252074	-0.782797	3.230795	4.767187	-3.040451	0.295202	2.594895	8.353919	6.994296	3.881601	-4.696950	-10.421505	1.159068	3.213313	0.109315	8.954438	2.610706	-1.212092	-1.407773	2.512486	-2.198350	9.663243	-6.382523	-0.972809	1.526907	4.423091	-15.691292	2.636889
TATAAATCCACAAGCT-1_1	2.246753	1.969440	1.936541	3.460684	-1.468640	-0.560308	-0.037812	2.112577	-2.486332	0.083841	0.331456	3.708722	2.746643	2.307723	-1.931049	-2.775084	0.145318	0.223234	0.951534	2.177260	3.092531	0.750993	-0.467830	0.488517	-1.852440	4.839612	-1.548097	0.984939	1.069853	2.411813	-5.104388	0.413199
CGCTCGACATAATGAT-1_1	1.261261	1.703851	1.981540	3.745325	-2.018968	-0.525812	-0.106135	2.305725	-2.016640	0.472757	0.121348	2.973207	2.505302	2.260345	-2.029235	-2.877963	0.233581	1.100586	0.814753	2.131951	2.300293	0.526426	-0.152376	0.914129	-2.154042	3.992025	-2.167496	0.496514	0.605002	2.178786	-5.046558	0.444405
CCAATTGAATGTTAAT-1_1	1.580884	0.654202	1.796531	3.373152	-1.490480	0.084788	0.247772	1.731919	-1.919524	1.100949	-0.655384	1.638362	2.132841	2.375861	-2.911052	-2.893087	1.095400	0.838981	1.017683	1.177198	1.958434	1.278040	0.679400	1.027049	-2.560545	3.810633	-1.390214	0.996730	-0.114620	2.858699	-3.546253	0.060228
GCTAATACCGAATGCC-1_1	0.684634	0.561805	1.116104	2.937132	-1.834109	0.126336	0.501552	1.334618	-1.562065	0.629300	-0.268487	1.550938	1.893600	1.532936	-2.700524	-2.483640	1.108164	0.962386	0.551865	1.378368	1.212089	0.995619	0.552859	1.185960	-2.100240	2.869132	-1.448952	0.532537	-0.356422	2.186416	-3.246374	-0.061289
TTCAACGACCCGACCG-1_1	0.829042	-0.155770	0.423283	2.452355	-0.372745	-0.288860	0.802896	0.496586	-0.174624	0.958448	-1.898775	-0.560438	0.931710	1.565239	-2.440459	-1.691314	1.209335	2.258490	1.078612	0.706412	1.287869	0.955424	1.302697	0.877754	-2.059209	2.270504	-0.953785	0.075042	-1.908416	2.720196	-0.913934	-0.344089
TTCCTCGAGGGTGTCT-1_1	0.958838	-0.123681	1.154864	3.380881	-1.218951	0.210056	0.690165	1.587624	-0.809380	1.445518	-1.668674	0.066864	2.364239	2.223060	-3.290335	-3.315074	1.534786	2.561212	1.566667	0.968803	1.107272	1.534694	0.943876	1.079016	-2.782882	4.042377	-2.033031	0.804354	-1.568776	3.532186	-3.239485	-0.362874
CAACGACCCGTTTACA-1_1	1.350934	-0.549040	0.532285	3.268064	-0.466908	-0.286495	1.244485	0.481074	-0.291381	1.334648	-2.743049	-0.470486	1.010489	1.693593	-4.038421	-2.120443	2.387561	2.328458	1.688973	0.865784	1.871783	1.665536	2.318875	1.277164	-2.994302	3.331545	-0.709570	0.211090	-2.464637	3.570093	-1.091170	-0.524869
CTTGTACTTGTTGACT-1_1	2.332697	0.134816	0.633101	2.544145	0.534610	-1.014183	0.741668	0.533906	-0.411807	1.519577	-1.608180	-0.474697	-0.063217	1.655344	-2.654207	-0.934398	1.107190	0.618886	0.909777	0.791832	2.438346	0.967802	1.702845	0.644484	-1.426759	1.736043	0.036940	0.885666	-1.029125	2.656889	-0.530915	-0.010002
TCTCTAATAGCTGGTA-1_1	2.338309	-0.631011	0.695719	3.350226	-0.436150	0.167945	1.984239	0.835686	-1.016223	0.717004	-2.539415	1.318497	3.240875	1.404456	-4.936049	-3.457295	3.078817	2.190521	2.541962	1.229890	2.002226	2.381100	1.136147	0.942140	-3.250680	6.737931	-0.742062	1.438976	-2.040913	4.286574	-3.427929	-1.081884
ATTATGCCATAGGGAG-1_1	2.726242	-0.677758	0.894070	4.072585	-0.312322	0.085197	2.325136	1.004146	-0.958477	1.396289	-3.322564	0.910854	3.054439	1.926265	-5.660408	-3.680594	3.488957	2.620584	2.822600	1.243478	2.646082	2.400545	1.724889	1.311084	-3.838755	6.951177	-0.878326	1.261206	-2.799617	5.047626	-3.171844	-1.145792
GACAACGCAGCTTACG-1_1	3.657540	5.395295	5.389382	14.778729	-11.774211	-3.467826	11.807741	10.331499	-8.574613	-1.027315	9.702757	15.775078	12.151513	8.513176	-8.970764	-16.124182	1.472065	-0.262374	0.495390	15.663745	9.979568	-7.560024	-3.550196	8.204056	1.270029	14.709980	-14.094983	-0.090166	-0.118069	6.400392	-27.821733	-2.208528
AGATGACTCGCCCACG-1_1	3.041668	4.782044	4.200104	14.914266	-12.267499	-2.900131	9.235905	10.402858	-8.024261	-0.059891	7.147795	13.133312	13.580886	9.858895	-8.897769	-16.499229	1.190921	4.498179	0.328877	13.430507	7.962727	-3.000231	-2.178403	6.948060	-1.700857	17.542881	-13.028746	-0.161316	0.328703	8.787595	-26.856136	-1.108138
GTGCGGGTCTCCAAAT-1_1	0.752605	2.703252	2.500160	15.680141	-16.168602	-2.048546	13.983269	9.138110	-7.559602	-2.046402	11.906625	16.643908	11.255807	10.515528	-4.768981	-19.379944	1.425294	3.250274	-2.547867	19.013424	4.670744	-9.075893	-5.613932	8.489317	3.162755	12.874479	-15.640307	2.108674	-2.196919	7.647515	-27.034206	-2.227239
GTACGAGATTGCGACA-1_1	2.785213	7.607909	5.603872	18.439447	-15.161680	-3.982626	12.437248	10.838671	-8.710211	-2.262595	11.449853	18.703373	13.295440	9.976148	-8.021076	-19.295523	0.607546	0.911281	0.034023	20.345306	10.702950	-9.602414	-4.898369	8.234152	1.986733	17.041368	-16.826653	-1.547739	0.738587	6.663328	-32.302353	0.605797
GTATAGGACTCAGTAG-1_1	2.088489	6.529718	6.439998	18.321039	-14.980271	-4.231192	12.813693	11.701225	-9.745250	-2.116413	11.966401	18.160652	12.715351	10.782926	-8.283873	-18.453325	0.784287	0.831463	0.394216	19.973816	12.282014	-10.499680	-4.493299	9.624149	2.026016	15.719587	-18.101185	-0.855769	-0.209805	7.080297	-32.129406	-1.532606
TTGCACGGAGCAGCAC-1_1	7.267032	15.858555	10.816167	27.379559	-17.362593	-7.457261	19.306984	16.295231	-14.444248	-6.552608	17.765244	32.160461	21.547676	7.371784	-10.267216	-26.601303	0.879801	-7.466275	2.401688	30.303938	22.841257	-18.828808	-10.510847	10.434534	7.012008	26.799511	-20.954580	-1.910779	4.784373	5.856797	-50.699890	-0.004712
ATACTAGCATGACCCT-1_1	4.698430	17.134254	10.078042	23.007851	-12.587893	-7.114764	10.144288	14.016675	-11.096144	-7.287024	12.753562	23.715391	18.271418	5.138805	-7.171382	-17.847609	-1.341149	-5.823804	1.740669	23.455513	20.530701	-15.038323	-9.236692	6.798516	4.385220	21.099586	-15.893766	-6.049816	6.278522	3.531848	-39.488171	3.128212
ACATAATAAGGCGGTG-1_1	3.469369	13.729462	8.349981	19.501577	-10.954080	-6.244747	7.125817	11.245760	-7.823411	-5.019698	9.602952	17.759657	14.843811	4.429784	-6.474429	-15.506672	-0.942340	-2.340701	0.869303	19.405600	14.545279	-10.539069	-6.802077	5.497314	2.321903	17.466270	-13.470497	-4.961225	4.772345	3.759867	-32.759659	3.581377
TAATACACAGTAGTAT-1_1	3.849311	13.972118	9.136011	22.495104	-14.029012	-5.207572	10.884203	11.774921	-9.047767	-4.441124	10.691866	23.162306	14.431207	4.704111	-8.517817	-19.822105	1.556169	-3.547806	1.145041	23.228861	15.012181	-12.388785	-6.402554	7.056355	2.059144	17.930758	-15.806056	-4.165280	4.252897	4.208037	-36.528374	3.457440
TCTTGGTAACACCAAA-1_1	2.033071	5.785104	4.298184	15.280247	-11.022963	-1.763022	5.349133	9.534100	-6.226185	-0.276232	4.059834	10.655480	12.931456	8.758929	-7.209178	-15.667130	0.228521	6.525772	0.815636	12.152973	5.569158	-1.238627	-2.100554	4.557283	-3.465059	16.824512	-10.802142	-1.901232	1.362888	8.207864	-23.846790	1.846231
AACTGGGTCCCGACGT-1_1	5.085255	13.490887	7.535563	22.846565	-14.962749	-5.973962	8.916987	12.802119	-8.424047	-2.822151	10.159341	21.775713	18.264175	7.087001	-9.341737	-21.242857	-0.735453	0.250374	0.711099	21.305429	12.264504	-7.895360	-6.460737	5.730457	0.437094	23.676224	-15.831015	-3.958394	6.134336	6.355139	-40.160423	5.347140
ATCACTTCATCCTCGC-1_1	4.024366	2.167169	3.500255	8.082805	-4.104729	0.071856	3.253984	4.411237	-5.654619	2.189239	0.165344	7.642565	6.540776	3.787972	-8.304488	-7.154675	2.719679	-0.183679	1.874279	3.471850	5.136043	2.206199	0.457535	3.148672	-4.624215	10.308410	-3.286242	2.707720	0.410047	5.747156	-11.420856	-1.338912
TGGAAGGATAAAGATG-1_1	5.183711	16.130844	9.115175	24.326918	-14.745126	-6.834326	8.900078	12.488218	-8.395122	-4.398148	11.139979	23.492836	17.831951	4.799901	-9.587993	-21.149071	-0.242212	-2.642787	0.724744	23.957493	14.463465	-10.643346	-7.466796	6.148953	1.684272	22.164589	-16.200209	-5.157990	6.690509	4.800324	-41.459038	6.223362
CATGATGCACAATTCT-1_1	1.334084	-0.163984	0.086801	6.130065	-4.534045	1.224053	3.241688	2.369415	-1.741066	0.774521	-1.615237	2.235951	5.874351	4.502201	-5.811717	-8.060448	2.564729	5.316297	1.238302	3.911423	0.675978	2.683069	1.369464	2.091431	-3.834059	8.454640	-4.036868	-0.624706	-2.271418	6.461344	-6.593627	0.034788
TGCCTGATCAAACGAT-1_1	3.188273	13.265399	9.827743	26.801388	-18.818933	-5.909957	9.510596	14.539242	-9.526212	-2.278439	10.558984	21.832273	17.693710	11.099614	-11.817781	-23.885717	0.487674	2.738467	0.654240	24.880272	12.565183	-9.366361	-4.850290	8.966795	-1.827065	22.659143	-20.728035	-5.937615	3.950227	8.038928	-42.225201	5.292522
ATAGGGATATCCTTGA-1_1	2.018126	-2.123352	-0.438832	6.991034	-2.444242	-0.048710	3.219187	1.388093	0.920383	1.600351	-6.539234	-0.704039	6.028448	5.416548	-8.423296	-9.265348	3.692694	11.814474	4.517784	3.599269	0.239107	3.781709	3.087683	2.413862	-6.983871	10.878813	-3.152315	-1.873991	-6.228767	9.773641	-3.578852	-0.103174
CACCTAATCAGTTTAC-1_1	3.305200	-0.139801	0.782771	5.285388	-0.656900	0.231253	3.565464	1.542002	-1.331863	1.188381	-3.939526	1.489323	4.896853	2.612885	-6.865090	-5.443424	3.161932	4.342632	3.034727	1.534061	2.996971	2.934619	1.820821	1.451472	-4.639947	8.853471	-1.659875	0.763214	-3.319384	6.434248	-4.449293	-1.085317
TGTGACTACGCCAGTC-1_1	1.726631	-1.415532	-0.131742	3.528194	-1.099683	0.241835	2.445343	0.476321	-0.155126	0.529900	-3.464200	0.580134	3.036663	1.688927	-5.801879	-4.062560	3.565508	4.011092	2.807086	1.445949	0.920005	2.720980	2.351242	1.490755	-4.144035	6.354371	-0.531537	-0.269758	-3.124474	4.749242	-2.096325	-0.776689
CCCGACCATAGTCCGC-1_1	3.141413	-0.915215	0.140912	4.446386	-0.402151	0.106736	3.266284	0.572551	-0.379554	0.754961	-4.282665	0.943268	3.964816	1.876439	-6.953254	-4.444613	4.068260	3.842900	3.315470	1.564725	2.184886	3.058362	2.213521	1.311198	-4.619513	8.438184	-0.590473	0.262124	-3.585672	5.814605	-3.198958	-0.963505
CGCGCCCGACTTAATA-1_1	2.752229	0.013754	0.722218	6.370327	-4.893220	1.922219	5.207479	3.044884	-4.199525	1.574434	-0.299384	7.238223	6.417125	2.641638	-7.910816	-7.830523	4.392045	-0.129134	1.688804	3.829731	2.162626	1.889884	0.882521	2.961044	-3.201212	9.470047	-2.419832	1.888531	-0.607954	4.828604	-9.492785	-1.576885
TGCCACCTGGCGAAAC-1_1	3.766410	-2.143986	0.869198	9.544490	-7.670510	3.372782	8.312771	4.721755	-5.508899	3.953862	-2.223146	8.662788	8.845771	4.832036	-13.439898	-12.216103	8.165282	1.443729	3.582862	5.225719	2.420034	4.001997	3.500874	5.351882	-6.053129	14.122381	-3.201275	2.685190	-2.185311	8.171512	-13.225653	-2.465916
CTGCCAAGGTTGGAAG-1_1	6.739284	7.784775	5.386594	18.118038	-13.242115	-2.524213	15.541021	9.451206	-8.919329	-1.162111	9.788380	22.360579	14.747984	6.112201	-10.849270	-20.362215	3.077271	-4.919258	1.541844	19.504612	11.531931	-10.583043	-5.485771	7.485586	3.779145	19.060329	-12.745286	0.267518	1.566831	5.663066	-33.441883	-0.714786
TTCTTGGAGTAATGAG-1_1	3.735981	4.769643	4.970626	15.165651	-11.406390	-2.223613	10.113689	9.921791	-8.158379	0.530307	6.611856	14.773198	12.753104	8.247710	-10.025624	-15.798412	2.044450	0.978711	1.129282	13.080015	8.315140	-4.736940	-2.338559	7.210500	-0.953822	16.209097	-11.962146	-0.025429	0.658069	7.219092	-26.351933	-1.845424
TACTCTCCGAACAAAT-1_1	2.413752	9.532123	8.562494	25.725077	-18.920931	-4.793422	10.168520	14.028666	-8.951040	-0.177459	8.489355	18.925735	17.153093	12.535821	-11.812967	-23.766655	1.218595	5.901302	0.388561	22.287123	9.369909	-7.055244	-3.616885	9.096261	-2.905687	22.706480	-19.687368	-3.842735	1.803941	10.015486	-38.877789	2.980405
TACGGGATGCTAGCAG-1_1	2.004711	6.665546	6.297087	17.561335	-13.868091	-3.607672	8.441937	11.885096	-9.031421	-0.732032	7.240623	13.600216	13.691817	11.574402	-9.077815	-16.921238	1.128432	5.735451	0.483291	15.467299	9.825777	-4.455163	-1.882748	8.155117	-3.065950	17.555180	-15.271317	-2.398336	0.378635	9.020387	-28.689447	-0.426016
AGCTGAAGTAAACCAA-1_1	1.164557	8.969007	7.673845	17.050816	-11.082816	-4.643291	6.973691	10.228275	-7.857428	-3.046028	8.005529	13.726820	10.738888	7.501636	-6.393631	-13.444908	0.079839	0.811277	0.974234	16.336821	12.193105	-8.726760	-3.397424	7.079196	0.134055	12.994798	-14.372156	-3.908821	1.559456	4.716648	-26.159555	0.845620
CATGGGTCGGGTGTGG-1_1	2.476900	6.565779	5.554553	15.203271	-10.902444	-3.840907	7.128510	9.712997	-7.045770	-1.030343	6.700489	12.238895	12.070017	8.357954	-7.162648	-14.325308	0.088420	2.991533	0.535363	13.719534	8.773911	-4.898896	-2.725960	6.193012	-0.852006	15.473734	-12.527939	-2.086800	1.487921	6.512077	-25.800392	0.482042
CACCCACGAGGCAATT-1_1	2.341104	14.182233	9.757315	20.610729	-11.411630	-6.410260	7.757935	12.348479	-9.746377	-6.065687	10.094620	18.055361	14.555410	6.015919	-5.870256	-14.743206	-0.842283	-2.174279	1.560309	20.121126	17.939756	-12.642183	-6.584910	6.835159	2.207290	16.974428	-15.045745	-5.690027	4.039307	3.922255	-32.504646	2.002719
TGCCATTACTAAAGAA-1_1	4.152585	7.932459	7.834698	18.434458	-12.262488	-4.924778	10.677385	12.532016	-10.261338	-1.789984	9.385242	17.061737	14.627934	9.207260	-9.339189	-16.912529	0.650243	0.261153	1.440690	16.509121	12.710826	-7.808244	-3.738090	8.403893	0.158271	18.803823	-15.300689	-1.871552	1.938214	6.821164	-32.035385	-1.288162
CCGTTACGTTAGAACA-1_1	3.996238	16.728674	9.478892	21.121990	-11.403379	-6.842269	8.806040	13.185188	-10.734851	-7.582530	11.985147	21.638865	17.017467	5.135030	-5.886145	-15.390068	-1.795337	-5.208541	1.667517	21.584768	20.557371	-14.393936	-8.831306	6.143142	4.170472	19.573103	-14.702386	-6.322886	5.962540	3.144996	-36.083927	2.972840
GCCAGGAGTAACCGAT-1_1	4.200041	8.213349	5.830575	16.675272	-11.419134	-3.504789	8.667569	10.313483	-8.110159	-1.230174	7.448944	17.067377	13.416782	6.826287	-8.097737	-15.950159	0.624728	-0.079095	1.232706	14.781467	10.019319	-5.914270	-3.847157	5.615136	-0.388070	17.960897	-12.011057	-1.700595	3.491906	5.702786	-29.428518	1.220196
GGAAAGTGCCCATGCC-1_1	6.905818	20.451063	10.956781	25.009907	-12.894574	-7.690132	12.062867	14.759230	-12.306874	-8.733681	14.643634	29.656298	20.315126	2.341066	-7.093993	-19.902740	-0.918286	-9.978143	2.339577	26.281446	23.508274	-17.516891	-11.690283	5.853279	6.383383	24.724318	-15.270470	-5.821020	8.829012	2.208543	-44.727165	4.485502
TCTTACCGGAACTCGT-1_1	1.465125	7.596906	5.195782	15.342118	-11.784264	-4.702622	6.432565	11.377697	-6.653461	-1.860060	7.824104	11.226563	13.873734	9.703174	-7.058487	-15.051970	-0.941653	6.019054	-0.747355	14.730570	8.772298	-4.163953	-3.594766	6.337762	-1.169875	15.927882	-14.202935	-2.672069	0.565482	8.135940	-27.046375	0.882587
TATGTCAAGACCGACT-1_1	4.862226	17.536007	8.754048	23.296373	-13.252975	-7.326368	8.431085	12.690082	-8.368949	-5.945176	11.361186	23.080462	18.491447	3.526726	-7.145242	-19.682587	-1.282191	-2.812863	0.707669	23.553528	16.400129	-11.508061	-8.868991	4.816017	3.132521	22.555414	-14.813535	-5.324704	7.180733	4.263986	-40.698250	6.131770
CCTAACTAAGGCTCTA-1_1	2.209234	2.083333	1.420091	7.413156	-2.273968	0.144627	2.359849	2.348017	-1.845786	0.487551	-3.373918	1.554258	6.130419	4.450681	-5.978186	-6.541772	1.874160	6.083549	2.471474	2.362339	3.906875	3.060288	1.727916	1.455450	-5.033957	9.378048	-4.301443	-0.880240	-2.893939	7.254460	-5.587770	-0.035954
GCGGTGAACTGCGCTC-1_1	2.282097	1.855868	1.509223	6.243153	-1.878246	0.609709	2.273250	2.682811	-2.396799	0.463140	-2.493905	2.306218	5.908161	3.380519	-5.345047	-5.840333	1.866056	4.040988	2.564558	1.617702	3.392810	2.660858	0.909265	1.138535	-4.166917	8.972500	-3.380226	-0.277778	-1.802521	5.979772	-5.907489	-0.350254
CCTCGCGCGATATAGG-1_1	2.961412	0.691602	0.883971	3.670876	0.386835	-1.486909	0.986140	0.872831	-0.732787	1.657682	-1.993581	-0.671175	0.109743	2.474900	-3.418141	-1.273516	1.314164	1.182714	0.897468	1.230175	3.569306	1.328355	2.329386	1.011349	-2.023821	2.328689	-0.345719	0.624203	-1.480496	3.671709	-0.927758	0.161138
ATCGGCAAGCAGTCCA-1_1	1.743557	-0.451336	0.623887	3.793532	-0.650487	0.260295	1.590950	0.961210	-0.439862	1.389184	-2.996677	0.312307	2.698743	2.116516	-4.894228	-3.600151	2.569852	2.977258	2.467464	1.049591	1.652303	2.218298	1.677341	1.064636	-3.586132	5.701563	-1.491011	0.599794	-2.448056	4.376991	-2.974020	-0.481017
AGATCGTGCATAAGAT-1_1	1.793391	-0.208085	0.123829	1.876721	1.119517	-1.330108	0.443151	-0.333531	0.696102	1.239749	-2.144269	-1.750577	-0.543688	1.130171	-2.303432	-0.013889	1.393846	1.412381	1.326380	0.695438	1.552185	1.138016	1.800824	0.381485	-1.447954	1.648875	0.021572	0.537817	-1.949747	2.473019	0.117331	-0.289258
ATTCAGGACCTATTTC-1_1	0.935714	-0.078961	0.150148	1.328891	0.137377	-0.344829	0.408248	0.066680	0.130483	0.499439	-1.228644	-0.436870	0.384115	0.892874	-1.542127	-0.685289	1.040984	0.851297	0.838874	0.488175	0.877672	0.676092	0.659418	0.319775	-1.111812	1.650416	-0.260823	0.195405	-1.114752	1.643728	-0.536481	-0.130309
AGCTAGAAGCAGAAGT-1_1	4.596179	1.188847	0.609934	1.007702	4.036366	-5.318258	-0.501541	-0.799452	0.501242	4.390830	-1.168231	-3.185484	-4.011720	1.835019	-1.627630	3.427974	-1.830760	-3.704396	2.571021	-0.964425	2.722289	1.653259	3.988009	1.565197	3.756170	-2.640284	0.551745	2.185364	2.573637	2.060831	1.662359	-0.935840
TTCGCTATCTGACGTG-1_1	0.880121	-0.876612	-0.320434	0.653842	0.766090	-1.137607	-0.116902	-0.659856	1.352774	0.570308	-2.096305	-1.327456	0.001920	0.382854	-1.823890	0.067667	1.776091	1.699035	1.838053	0.231318	-0.184240	1.205232	0.693424	0.082325	-1.368220	1.979835	-0.012612	0.203558	-1.805010	1.688512	-0.186519	-0.316335
TTCCGCAGAGAAATAT-1_1	3.380892	-0.045611	0.745852	1.341075	3.020064	-3.866808	0.151460	-0.535386	0.592844	3.225474	-2.084690	-2.688578	-2.401021	1.503874	-2.308744	1.670963	-0.200980	-0.743719	1.687929	-0.414346	2.688554	1.503335	3.150196	0.583647	1.114340	-0.495640	0.175485	1.764921	0.110222	2.809534	1.178030	-0.630571
CAGTACATTCTCTAAA-1_1	0.616735	-0.679868	0.036936	1.050902	0.144219	-0.502203	0.105630	0.016104	0.476036	0.733068	-1.659243	-0.677071	0.372463	0.637846	-1.677821	-0.637393	1.386571	1.370086	1.311484	0.204027	0.199031	0.878143	0.681170	0.359644	-1.347886	1.763175	-0.297577	0.333190	-1.337443	1.552522	-0.496282	-0.253754
GTGAAGATTTCAAGTG-1_1	1.432229	-1.011121	0.041917	1.510993	0.650521	-1.034970	0.415845	-0.118699	0.626224	1.324243	-2.668941	-1.286372	-0.105017	0.957101	-2.686233	-0.602117	1.862002	1.591424	1.867840	0.301387	0.821163	1.249381	1.579266	0.606263	-1.683337	2.036047	0.042596	0.462403	-1.918121	2.473798	-0.006550	-0.394129
AACGCATGATCTGGGT-1_1	0.785782	-1.030409	-0.247597	0.867058	0.405026	-1.015962	-0.226166	-0.544643	1.030351	0.743700	-2.176195	-1.171636	0.145473	0.506483	-2.078989	-0.112135	2.123870	1.544682	1.799568	0.306851	-0.080381	1.352614	0.729042	0.334647	-1.696737	2.083317	-0.209018	0.451474	-1.824349	1.810984	-0.406662	-0.336505
CCCAGAGGAGGGCGTA-1_1	0.856306	-0.532824	0.195128	1.385206	-0.036014	-0.244912	0.399014	0.231096	0.032919	0.926455	-1.458171	-0.352747	0.239056	0.828537	-1.975954	-0.886455	1.280383	0.850234	1.095627	0.299908	0.763392	0.842817	1.147079	0.533336	-1.345187	1.587070	-0.134832	0.355824	-1.024651	1.649791	-0.383028	-0.186250
GGAAACCTTGTTGAAT-1_1	0.711708	-0.196823	0.298407	1.418789	-0.146948	-0.297092	0.464504	0.376468	-0.195294	0.897680	-1.072293	-0.408955	0.175415	0.954396	-1.464557	-0.798800	0.673929	0.794180	0.623296	0.259192	0.909112	0.520227	0.996930	0.549361	-0.987106	1.021632	-0.381835	0.273509	-0.858736	1.468093	-0.339784	-0.181391
CCGAAGTATATTGTTC-1_1	1.988418	-0.610112	0.663226	2.218612	-0.381543	-1.187312	0.645335	0.705988	-0.846954	2.196508	-1.582220	0.029811	-0.659698	1.454896	-3.161450	-0.933679	1.229737	-0.382199	1.188750	0.267317	2.196105	1.176813	2.365738	1.206721	-0.999654	0.968080	-0.212067	1.294185	-0.216714	2.700363	-0.433429	-0.400075
GCTAAACCTGAGGTGA-1_1	2.469258	0.311029	3.784685	6.509567	-2.272717	-0.878010	1.523164	3.414468	-3.497600	4.450292	-1.924433	0.611463	1.768646	4.826689	-5.441471	-4.019539	1.614631	2.050277	1.643530	0.860914	4.495625	1.329077	2.386186	2.957891	-4.025552	3.997713	-3.007518	1.941564	-1.655220	5.751058	-4.722254	-0.825205
TCATACTTACAGATCC-1_1	9.889973	1.025050	0.850672	2.756670	5.672623	-10.579618	0.525388	-0.702229	0.123072	8.753494	-3.131564	-4.219560	-7.370893	3.764681	-5.813047	4.913050	-2.694478	-7.171932	4.877256	-1.346196	5.694426	3.319204	8.910707	4.604701	5.804527	-4.359663	1.502057	3.754158	4.428167	5.523261	2.376844	-2.061693
CGAGCACTTCAAGTTT-1_1	2.476037	0.698561	5.784797	12.192626	-7.917213	-2.689703	5.335654	5.373997	-7.078937	7.258222	-0.355877	2.700951	2.853027	8.592746	-11.718054	-6.998922	3.132221	4.967923	0.658277	3.751104	7.996732	1.658554	5.061185	8.145448	-7.988164	5.304381	-7.473261	2.837877	-5.225255	9.794549	-11.080705	-2.226187
TAGCAACCTGTCACAA-1_1	5.462241	-1.215776	1.208328	4.137734	-1.419824	-2.587198	1.334762	1.631880	-1.948412	4.247438	-2.441656	2.264445	-1.217053	2.874257	-7.898586	-2.629594	2.532570	-3.021776	2.885081	1.275594	4.132277	3.143446	5.889842	3.380631	-2.090175	2.528801	0.510636	2.883148	1.739370	5.665938	-1.844660	-0.738285
TGGGAAATGCCTTTCC-1_1	3.391246	-0.917207	2.357664	4.588675	-2.700105	-0.724998	0.687764	1.906157	-2.141437	4.084402	-1.225258	2.856755	0.574270	2.158308	-7.417131	-4.249894	3.672792	-1.238149	2.843988	1.628586	3.167464	2.603626	3.644086	2.904983	-3.191522	4.188755	-1.142133	3.121325	1.058985	4.755596	-4.490464	0.129646
AGACCATGGGATACAA-1_1	8.253796	0.708970	1.820912	2.802966	2.885700	-6.869680	-0.071765	0.884096	-0.904190	6.231075	-1.502062	0.206198	-4.064345	3.757566	-5.961889	1.010196	-0.397116	-5.971311	3.435925	0.740051	5.763242	2.903485	6.419767	2.990891	2.615051	-0.364075	1.235219	4.162682	4.792143	5.141698	-0.895375	-0.278588
TAAATGAATCCGTTTC-1_1	4.746662	-0.555400	2.372346	4.840127	-2.528113	-1.433574	0.435213	2.030542	-2.304921	3.785669	-1.136635	3.816513	0.268357	2.497761	-8.126204	-4.233306	3.573762	-2.399366	2.936962	2.443282	3.998628	3.106115	4.395253	3.227293	-3.342452	4.528773	-0.461148	3.577700	2.072770	5.228141	-4.771407	0.242737
ACAACGGTCCCTGCGA-1_1	4.016676	0.915542	2.476749	5.216332	-2.149374	0.283690	1.768891	2.707223	-3.638561	1.555743	-0.420764	5.158337	4.403080	2.800985	-6.319338	-5.372026	2.365970	-0.189645	2.184840	2.002573	3.651035	2.622937	0.919970	1.478106	-3.827542	8.152342	-0.969268	2.838864	0.679569	4.526749	-7.168010	-0.388522
GTCACTCTCCAAATCT-1_1	5.756585	1.365007	2.569992	5.353628	-0.338106	-1.815024	0.864495	2.425562	-2.897562	3.471488	-1.174893	2.648135	0.456066	3.619839	-5.785532	-2.952075	1.299834	-2.084807	1.485402	1.689849	5.196757	1.708443	2.147052	1.047737	-2.025756	3.756097	0.070805	2.756858	1.635404	4.828887	-4.011972	1.012368
TTCTACTTGCGAGGGC-1_1	2.049766	13.310487	7.274741	20.773964	-13.768654	-4.650298	7.663795	10.160383	-5.435975	-4.136030	8.906417	20.003174	12.719302	2.691639	-5.555699	-19.525227	1.064141	0.184369	-0.249720	22.278404	9.409778	-9.655860	-6.940854	4.357627	0.814171	16.218004	-13.639372	-3.679549	3.927972	4.162128	-33.076424	6.489090
CGCAATTACTTTCGGT-1_1	1.559289	4.479060	3.214629	9.533608	-5.875974	-1.379986	1.767864	5.123920	-3.299910	0.192271	1.477069	7.011118	6.809443	3.174979	-5.061425	-8.267845	0.628067	2.897789	0.730261	6.594678	3.473362	-0.063772	-0.997192	2.216904	-3.059322	9.403248	-5.477244	-0.868176	1.649810	4.349095	-14.070914	1.704941
CTGTTCATCTCACGGG-1_1	0.866731	14.134653	7.772968	21.409622	-14.284267	-4.263624	6.174290	10.096956	-5.273193	-4.368210	8.223786	19.256845	11.436311	3.271003	-4.778280	-18.713816	0.737859	0.872517	0.130092	22.379795	9.681966	-10.236246	-6.482849	3.860826	-0.120654	15.169362	-14.223707	-5.558645	4.033725	3.346245	-31.864620	8.267756
TTCTTGTAACCTAATG-1_1	1.220527	15.794462	8.187278	26.558779	-18.271984	-5.924802	6.706529	12.109054	-4.874964	-4.064859	9.398442	21.999201	15.335965	4.763700	-6.269876	-24.301022	0.250496	4.407639	-1.383164	26.813484	7.701124	-9.028371	-7.750301	4.440358	-0.794631	20.578436	-17.340548	-5.520337	5.106388	6.136456	-39.755947	10.573794
GCTTGATGATAATCAG-1_1	-3.678281	15.793670	4.237903	33.959312	-32.686874	-1.412364	16.051332	13.561005	-7.634198	-7.609027	17.280306	34.760624	17.149771	9.873946	-0.118987	-36.857471	2.609759	8.992554	-6.206614	40.189922	3.288365	-17.094656	-13.581264	6.885327	2.273788	20.286882	-23.815044	-2.768702	2.369282	8.754206	-48.172844	11.195886
TTGGCTCGCATGAGAC-1_1	0.417579	17.629665	8.078935	30.571350	-22.384212	-6.110621	9.352473	14.102583	-5.766194	-5.160172	11.898934	26.849262	17.073618	5.294960	-4.738934	-29.109182	0.523840	5.921505	-2.352287	32.164257	8.050467	-11.619441	-10.243976	4.756724	0.190646	23.383905	-19.610516	-4.859116	5.425258	7.480182	-45.516693	11.598942
GCCCAGTTGGTATGCC-1_1	-7.026853	17.534422	1.106464	45.079655	-47.984768	0.817600	24.465378	16.252047	-8.964249	-10.018346	24.306307	47.859707	22.870367	14.680377	3.014670	-52.669495	4.215622	15.946603	-11.865656	54.910069	-3.291526	-21.967260	-19.578852	9.182162	4.207551	24.826284	-31.560783	-0.536505	1.054204	13.277323	-61.662651	13.897837
ATTCCTCCGCCAGTGC-1_1	-0.013955	18.407007	7.556938	34.572784	-26.100243	-6.408775	10.137685	14.725801	-5.246467	-5.067750	12.732066	29.189899	19.082329	6.909042	-5.027400	-33.256027	0.029958	8.085810	-3.659313	35.845802	5.694100	-11.709432	-11.424580	5.049492	0.209063	26.122517	-21.870838	-5.284563	6.113250	8.880099	-49.539577	13.838909
TCGTCCGCTGGCGTCT-1_1	-2.138740	10.492038	2.364394	23.701099	-22.446426	-1.840863	10.832392	9.234462	-4.124420	-4.321858	11.472829	22.786224	12.045525	6.663691	-0.852110	-25.905518	1.614172	7.209326	-4.892288	27.743275	0.652846	-10.467529	-9.295855	4.633314	1.616550	15.017380	-16.124662	-1.280880	1.575139	6.976355	-33.240879	7.971060
GGAGAAGTCATTGGCA-1_1	1.081395	6.654021	3.259608	13.908181	-10.316763	-1.743612	3.084792	6.813755	-3.322347	-0.619645	3.330866	10.252234	9.665484	5.220066	-4.564744	-13.773073	0.054568	5.271355	-0.073019	12.145350	2.922679	-1.632537	-2.731331	2.304917	-2.687491	13.323491	-8.743381	-2.378400	2.510863	5.508258	-20.798054	4.969665
TTGTTAGCAAATTCGA-1_1	0.550164	11.154340	5.522921	21.018534	-15.151574	-4.549949	5.427895	9.503264	-3.722811	-2.370493	6.967924	16.547161	12.387070	4.820963	-4.456465	-19.713299	0.061912	5.728572	-1.465037	20.533806	4.898938	-5.785469	-5.740698	3.480090	-1.050360	17.183611	-13.663359	-3.202398	3.719474	6.203554	-31.162373	7.665410
TCTAGCATCTTCGATG-1_1	1.260181	4.259106	1.922464	6.849885	-4.738714	-0.439426	0.946567	4.090048	-2.773492	-0.953617	1.501024	6.488778	5.406826	2.900103	-2.331072	-6.818395	-0.075520	2.914061	0.652043	6.009901	3.367675	-0.237999	-1.706686	0.848346	-2.205268	7.672822	-3.944135	-0.782325	1.641107	3.595705	-10.775030	2.225107
TTCTAGGCCAATTGTG-1_1	0.602442	4.100612	1.679993	5.665537	-4.076107	-0.737517	0.868004	3.153027	-2.094995	-1.006786	1.692025	5.842675	4.011790	2.115272	-1.559195	-5.242356	-0.161046	1.882951	0.318965	5.394287	3.189707	-1.010864	-1.465525	0.816840	-1.475079	5.448452	-3.602707	-1.033750	1.499972	2.210120	-8.781308	1.992884
TCACGGTCATCGCACA-1_1	1.102273	0.768173	0.921237	1.949030	-0.421164	-0.616220	0.278601	0.811683	-1.188761	0.613711	-0.389511	0.332348	0.418857	1.701602	-1.143977	-0.744866	0.195851	0.314298	0.119729	0.847254	1.994766	0.383194	0.589373	0.665800	-1.004082	1.136315	-0.664969	0.391039	-0.302716	1.627833	-1.237605	0.050405
ATGAAGCCAAGGAGCC-1_1	1.919701	0.935787	0.855920	2.190048	0.838389	-1.466511	0.176585	0.365557	-0.493486	1.300454	-0.651830	-0.897071	-0.599337	1.590019	-1.219044	0.248040	0.169871	0.207014	0.256657	0.665869	2.667047	0.658177	1.291652	0.223793	-0.563225	0.626715	-0.405963	1.079379	-0.482329	1.947493	-0.458241	-0.021944
AATGACTGTCAGCCGG-1_1	0.609525	0.487287	0.755258	2.278205	-1.174337	-0.048205	0.736095	0.853835	-1.078371	0.510850	-0.719331	0.560404	1.258153	1.709718	-1.817918	-1.668868	0.598845	1.407103	0.395557	0.844904	1.408215	0.651716	0.708780	0.962015	-1.770524	1.996890	-1.266412	-0.060413	-0.899508	2.018587	-1.736003	-0.060853
CCAAACAGAACCCTCG-1_1	1.519691	0.614933	2.319197	3.997572	-1.970530	-0.392206	0.421874	2.153032	-2.415142	1.514638	-0.314997	1.970540	2.308866	2.613489	-3.469095	-2.976909	1.133329	0.974762	0.914479	1.492216	2.545815	1.213163	0.756398	1.778646	-2.855216	4.008731	-1.955258	1.474068	-0.298706	3.138329	-4.670166	-0.427082
TATCGATGATTAAACG-1_1	1.193208	0.243051	1.755660	2.857890	-1.410740	0.105369	0.116059	1.813379	-1.683173	1.252458	-0.454592	1.283095	1.906193	2.093082	-2.532663	-2.645138	1.104744	0.931377	1.044364	1.035772	1.487874	1.072206	0.437085	1.117953	-2.297091	3.394976	-1.506236	1.193433	-0.267897	2.536901	-3.529054	-0.207388
GAACACACATCAACCA-1_1	0.847185	0.433607	1.411475	3.868957	-2.382032	0.318294	0.595532	1.897100	-1.682513	1.129480	-0.883481	1.130715	2.497430	2.461165	-3.570535	-3.493800	1.590531	2.097889	0.964147	1.520678	1.190809	1.552181	0.927458	1.426461	-3.097247	3.877198	-2.245664	0.499082	-0.954415	3.325554	-4.080907	0.050704
CCCGTCAGCGTCTGAC-1_1	1.356182	-0.362455	0.408179	2.349859	0.019000	-0.134694	0.799734	0.558905	0.243320	1.169886	-2.319324	-0.383269	1.118121	1.387663	-2.882035	-1.895769	1.667380	1.896789	1.689409	0.587665	1.117013	1.133385	1.281545	0.568149	-2.136420	3.134093	-0.531857	0.204967	-1.712427	2.771701	-1.226461	-0.180908
AGCATCGTCGATAATT-1_1	2.957396	0.177386	0.776912	2.725888	1.334937	-1.624492	0.552096	0.338159	0.004561	2.307923	-1.841494	-1.038036	-0.844403	1.658769	-2.963049	-0.467973	1.049519	0.420111	1.428911	0.698661	2.911769	1.158645	2.333985	0.387198	-1.095462	1.496241	0.232361	1.278635	-0.775996	2.957083	-0.179573	0.111782
GACTAAGATCATGCAC-1_1	1.515882	-0.396235	1.139001	2.793562	-0.626171	0.092201	0.550618	1.084725	-0.791852	1.465709	-1.746736	0.588134	1.509250	1.677097	-3.412447	-2.619787	2.022590	1.313681	1.618304	0.913515	1.695624	1.607741	1.291408	0.855270	-2.518801	3.675363	-0.884963	1.434652	-1.008398	3.119977	-2.393478	-0.255849
TAGGGTGTTTCAAGAG-1_1	2.875618	-0.473143	1.332405	3.345129	-1.123842	-0.206986	0.920306	1.298587	-1.934617	1.162664	-0.925637	2.616719	2.071496	1.594172	-5.156865	-3.182126	2.827622	0.011143	1.859576	1.514104	2.839538	2.820729	1.961759	1.057802	-2.920179	5.378868	-0.128873	2.697693	0.260150	3.539726	-3.901686	-0.284534
TGGTTCGTAGCAAAGG-1_1	3.303056	-0.897734	2.109485	3.224083	-0.778228	0.017458	0.251496	1.852136	-1.568608	3.075926	-1.370063	2.214281	1.686262	1.913127	-5.124523	-3.956985	2.892633	-0.287899	3.003626	1.024527	2.456854	2.211669	1.410774	0.775248	-2.389369	5.445309	-0.417722	3.453468	0.798781	3.745646	-4.220935	0.391011
CTGTTCACTGCCTGTG-1_1	3.771323	-0.237386	2.163925	6.662307	-2.881836	1.474187	4.033561	3.253236	-4.128792	2.491723	-2.416989	4.509977	5.749742	3.594791	-9.099496	-7.024237	4.820275	1.714039	3.379098	1.603160	4.206007	3.819949	2.509455	2.610252	-5.766158	10.395143	-2.036618	2.550507	-1.920835	6.883774	-7.331271	-1.859568
ATGTGCATCCGACGCA-1_1	2.112534	-0.937998	2.783766	6.963373	-4.139405	0.219687	2.704511	2.727540	-3.400917	4.750464	-1.562950	3.044527	2.367032	3.158797	-8.919086	-5.766217	4.264053	1.217318	2.480810	1.890679	3.600147	2.534099	3.431012	3.675134	-5.083181	5.533939	-2.542693	2.890949	-1.592166	5.891535	-6.280501	-0.985291
TTGTCGTTCAGTTACC-1_1	2.550113	2.674317	2.312148	9.393184	-6.928307	-0.244123	4.939165	6.196293	-5.314559	0.235601	2.552483	8.593861	9.043204	5.322484	-6.792819	-10.413346	1.519785	2.612598	0.957914	6.986341	4.384704	0.102332	-1.076733	3.625695	-2.551219	12.041224	-6.193784	0.390564	0.553085	6.321144	-15.512379	-0.585830
CGGGATCAATGTAAGA-1_1	2.138162	-0.498616	2.380304	5.613242	-3.188887	0.154933	2.211373	2.540100	-3.319044	2.740940	-1.095909	2.833356	2.818059	3.056798	-7.029352	-4.805384	3.487817	1.353098	1.798703	1.969739	3.606575	2.519365	2.650908	3.125365	-4.645620	5.800852	-1.890006	2.406145	-1.533618	5.172676	-5.587561	-1.249352
TTATCTGTATCATAAC-1_1	2.600754	4.821775	2.980641	11.820309	-8.393899	-1.144892	4.641770	7.062069	-5.581618	-0.576946	3.056247	9.391805	10.788543	6.710474	-6.271402	-12.032555	0.398394	3.946111	0.881424	9.171229	5.549746	-0.610178	-1.677332	3.361234	-2.458859	14.556608	-7.738034	-1.436132	1.594850	6.655488	-18.779989	1.349214
ATCGACTCTTTCCGTT-1_1	3.150769	1.095435	2.697879	5.144588	-1.563199	-1.092768	1.644842	2.344953	-3.429897	1.693040	-0.676444	2.414454	2.640556	3.212529	-5.030077	-3.517288	1.678571	0.699962	0.916132	1.928278	4.632600	2.080972	1.435026	2.064921	-3.168948	5.231338	-1.670715	2.629701	-0.693470	4.813784	-5.498456	-0.849766
CTCATTTGATGGGCGG-1_1	2.130519	2.330212	2.001233	6.529858	-3.144143	0.400199	2.058028	3.788065	-3.095026	0.068490	-0.701348	3.213293	6.640150	4.311241	-4.244989	-6.947133	0.509029	4.136153	1.729958	2.831162	2.632026	1.944858	-0.212796	1.243768	-3.486621	9.321342	-3.961955	-0.671285	-0.346133	5.512592	-8.315893	0.410711
GTAAGCGGGCAGTCAG-1_1	4.663826	-0.586404	2.634422	7.781439	-2.451443	-2.693440	2.832394	2.506339	-3.931476	5.568683	-2.675786	0.644452	-0.900686	4.585314	-8.830631	-3.244286	2.511417	0.075238	1.480727	1.273326	6.503647	2.250704	5.729095	3.805681	-3.942325	2.392147	-1.044881	2.337166	-1.439473	7.346783	-2.690041	-0.678868
TCTATCGGTCGCAACA-1_1	3.823165	1.127703	2.821350	5.949008	-1.197729	0.347085	2.555784	3.422387	-3.036875	2.286340	-2.096822	2.971057	5.639485	3.458104	-5.913762	-6.104182	2.331935	2.315803	3.032521	0.965743	3.969670	2.600019	0.449896	1.290191	-3.981976	9.518942	-2.804871	2.569548	-1.292386	6.099226	-7.374697	-1.147061
AACGCGGTCTCCAGCC-1_1	2.835758	0.152967	2.787866	7.032325	-4.025607	-1.027122	3.341969	2.550143	-3.612507	3.808076	-1.213280	2.738349	2.091062	3.585321	-8.244102	-4.853525	3.042288	1.807210	0.986493	2.182585	4.334234	2.064666	3.356067	3.904124	-5.127528	4.814772	-2.535703	1.850556	-2.298549	5.793557	-6.232575	-0.677636
ATTAATACTACGCGGG-1_1	3.484183	-0.083704	2.096351	5.459827	-1.483397	-0.970371	2.694480	1.922812	-2.925812	2.322796	-1.954541	1.498129	2.298924	3.158289	-6.322839	-3.586937	2.727895	1.460178	1.546053	1.399990	4.698569	2.499350	2.970450	2.473793	-4.049438	5.582364	-0.993258	2.180042	-2.053585	5.405487	-4.003291	-1.224222
CTTTAACTTTCAAAGG-1_1	1.860469	-0.054591	2.000769	4.818951	-2.709756	-0.218337	1.861099	1.926024	-2.780206	2.114099	-0.844963	2.327627	1.933963	2.658106	-5.492599	-3.792770	2.502697	1.163790	1.086849	1.903942	3.340427	1.730681	2.323520	2.663851	-3.758504	4.187549	-1.457153	1.648214	-1.370514	4.240467	-4.139809	-0.830854
CGTACCTGATAGGCCT-1_1	2.656866	-0.731829	0.013000	4.229229	0.249421	-1.306649	2.691220	0.345262	0.242051	1.591726	-4.429780	-1.378224	1.338947	2.487306	-5.631781	-2.711241	2.327246	4.451308	2.160956	1.223526	2.619693	2.129475	3.417564	1.602242	-3.673417	4.308466	-0.440683	-0.512278	-3.896056	5.253388	-0.627532	-0.388337
GAATGTTGGGTAATCT-1_1	5.434044	-0.218733	3.022069	8.927519	-1.637971	-3.246635	4.288450	2.384300	-3.788365	6.217679	-3.761650	-0.513174	-0.550222	5.352217	-9.495948	-3.165813	2.483838	1.503821	1.325270	1.127180	7.715812	1.822070	5.950046	4.075683	-4.455562	2.823272	-1.007946	1.747051	-3.303134	8.224572	-2.457464	-1.065601
TGCGGAGTAAAGGTGC-1_1	2.636102	1.160725	1.524115	9.828032	-5.611289	1.379679	4.825830	4.025067	-3.837998	1.420703	-2.959081	3.292985	8.785329	7.030296	-8.756530	-10.749654	3.300278	7.108228	2.413885	4.389422	3.554534	3.894266	2.165829	3.209656	-6.328838	12.896318	-6.021828	-0.846947	-3.498435	9.898418	-9.739277	-0.681286
CCTGAATATTTACATA-1_1	4.641169	-1.529934	3.296463	9.894462	-4.120722	-2.659943	5.510671	2.858038	-4.570682	8.683217	-3.533024	0.561220	-0.712713	5.434081	-11.605428	-4.341093	3.140586	1.258309	1.848945	0.547352	6.589320	1.455580	6.646310	5.850751	-5.344014	2.427115	-2.367289	2.712214	-3.748925	8.196245	-3.984905	-1.621985
TTGCTCCCATACCGGA-1_1	5.281497	-3.367658	1.635930	11.556130	-3.777462	-2.374478	7.558561	2.356205	-2.781521	6.649218	-8.017642	-0.939678	1.930285	6.326206	-16.120275	-6.978032	6.273128	6.369772	4.285527	1.440518	6.832748	5.479607	10.469606	6.318173	-9.323422	7.506117	-2.034616	0.195690	-6.993389	11.912391	-3.450517	-1.960955
CCTCTAATCTGCCAAG-1_1	5.212051	-2.165695	2.635609	10.034497	-3.698993	-2.930733	5.618613	2.593226	-4.070353	7.821936	-4.991827	0.178076	-0.492413	5.401585	-12.793962	-4.832372	4.397087	2.015800	2.601452	0.674662	7.041949	3.172984	7.896287	5.236432	-5.608740	3.669664	-1.889445	2.371888	-3.644977	9.548698	-3.166733	-1.307782
AGGTTGAGGCACGCTT-1_1	3.448099	-1.854133	1.416541	5.664791	-1.609786	0.641909	4.509219	2.175303	-2.325161	2.849118	-4.091938	1.910848	4.259131	2.936588	-8.869191	-5.743081	4.780671	3.125264	3.705669	1.014511	3.063563	3.521138	3.662133	2.821106	-5.693373	8.704262	-0.966816	1.730042	-3.506357	6.416468	-4.641339	-2.043853
TCCCGTCAGTCCCGCA-1_1	2.091229	2.239949	3.106072	9.030408	-6.107442	-0.914268	4.635178	4.624236	-5.561310	1.418213	0.340482	5.439428	5.975090	5.481414	-7.207885	-7.136071	2.503649	3.030492	0.580818	5.042775	5.916436	0.731278	1.176953	4.490105	-4.211248	8.512878	-5.625249	0.799008	-1.900622	6.699144	-11.329135	-1.412624
TCCGATGACTGAGCTC-1_1	2.234477	6.721094	6.503066	14.666430	-9.659505	-3.904723	7.813431	8.560697	-7.200140	-1.876936	7.023661	12.884788	9.581116	6.326584	-6.790497	-12.560583	1.051582	-0.213548	0.950116	14.146070	10.438573	-7.317287	-2.688425	6.728890	0.504153	12.237376	-12.209440	-1.969528	0.956538	4.656573	-23.569195	-0.486775
CAGCCTCCTGCAGAGG-1_1	1.009215	8.203495	7.431265	16.999626	-11.852452	-5.191629	8.638793	10.814504	-8.060230	-3.453753	9.727192	13.492373	11.482084	8.563932	-6.230460	-14.402847	-0.242423	1.329638	0.515102	17.680927	12.578983	-9.921241	-4.400244	7.803076	1.472256	13.596206	-15.880844	-3.140155	0.042026	5.524259	-27.407509	-0.009487
CTTAGCCTTCCACATG-1_1	2.252733	4.154109	4.231440	14.846334	-12.392678	-3.450711	13.116779	8.965318	-7.847137	-2.181851	10.594176	15.478099	11.274724	8.456147	-5.983983	-16.405146	0.987559	0.324184	-0.488506	17.116308	8.801857	-9.379750	-4.846521	8.129102	3.759006	13.526258	-14.199583	1.138273	-1.259463	6.212121	-25.964079	-2.926157
ATTAATGAACCAGTCG-1_1	0.633712	2.349148	3.102046	8.536486	-6.955511	-1.450363	4.562098	4.473413	-3.762810	0.733687	3.123691	5.855522	4.486519	5.278045	-5.089161	-7.454794	1.214756	1.698954	0.137613	7.592239	4.286104	-3.213542	-0.185048	4.691084	-1.201178	5.506923	-7.443238	-0.864240	-1.035908	3.735691	-12.186285	-0.329226
ACGATACATAGAACTA-1_1	0.235481	4.834735	6.443995	17.390718	-13.872363	-3.826684	9.162609	10.818955	-7.772162	-1.098254	8.759284	12.930213	10.799334	11.189085	-7.840747	-16.115253	0.571670	3.855510	-0.080203	17.053257	8.475170	-7.696995	-2.725299	9.193015	-0.460020	12.857889	-16.954876	-1.933912	-1.144724	7.378050	-26.378086	-1.097697
ATACGGGTTTCGATTG-1_1	0.195297	5.410105	5.878672	14.626471	-11.453780	-3.298217	7.198002	9.291903	-6.860653	-1.461624	7.474211	11.424743	8.846254	9.163998	-6.366118	-12.993707	0.316499	2.861234	0.391545	14.429727	8.664743	-6.902012	-2.204108	7.230879	-0.619065	10.898750	-14.446870	-2.613819	-0.462803	5.500174	-22.578739	0.057498
GCTCGGAATTTAAAGC-1_1	0.286839	6.669770	7.652521	18.031567	-12.890189	-5.225735	8.811180	12.030229	-8.296468	-2.601424	9.736159	13.378588	12.119408	10.372537	-6.962811	-15.737847	-0.490688	3.258389	0.409187	17.592615	11.006305	-8.845376	-3.846481	8.737613	0.319568	14.243092	-17.590790	-2.491058	-0.490959	6.786029	-28.257854	-0.907099
TGGCAACTCGCGCGCC-1_1	2.487196	8.223447	7.556634	17.905508	-12.469343	-4.690811	10.716714	11.122935	-9.687779	-3.217978	10.628906	16.961601	12.519732	8.902298	-7.532632	-15.813506	0.192912	-1.330382	1.342256	18.395288	13.969131	-10.950167	-4.480587	8.632121	2.073828	15.116160	-16.207127	-2.665410	1.250399	5.129592	-30.004736	-0.786633
ATCAGTAGGCAGGGAT-1_1	1.131801	3.609069	3.807315	11.315895	-9.663555	-2.039330	6.984083	6.886128	-5.665410	-0.430043	6.425980	10.267524	7.582547	7.461452	-6.356320	-11.334429	0.790519	1.140067	0.264106	11.680644	6.360871	-5.339133	-1.675650	6.318441	-0.145105	8.898869	-11.188450	-1.213941	-0.264802	4.599398	-18.790956	-0.573480
TATCGATCTATGCATA-1_1	2.730577	10.452589	7.786158	17.279943	-10.695562	-5.149499	8.397979	11.034259	-9.178748	-4.232923	9.765183	16.298294	12.810894	6.921762	-6.781996	-13.615395	-0.492537	-2.315829	1.273632	17.190817	14.871425	-10.583958	-5.080272	7.221851	2.070025	14.852877	-14.200547	-4.105395	2.724830	4.068961	-28.810095	0.462438
CGACTCAGGATGTTAT-1_1	2.905455	8.159885	5.677363	14.619513	-10.337417	-4.215446	9.631923	9.626493	-8.225120	-3.324459	10.033582	15.589467	11.657424	6.784894	-6.339346	-13.653852	-0.159976	-1.917927	0.797731	15.998305	12.675403	-9.525509	-4.811676	6.751859	2.733481	13.508030	-13.210146	-1.970446	1.532413	4.275331	-26.595518	-0.455883
GCCATATTGCACACAG-1_1	3.314593	9.425500	7.316750	16.729107	-10.782132	-5.312240	10.034339	10.873540	-9.391241	-3.907961	10.504304	16.727005	13.134018	7.312960	-7.410445	-14.255864	-0.161877	-2.345677	1.102728	17.310741	14.917044	-10.422038	-5.043657	7.764388	2.748211	15.369571	-14.588114	-2.642529	1.905979	4.752395	-29.392344	-0.894218
AATTCATAAGGGATCT-1_1	2.083016	5.386134	2.918677	9.969687	-8.167440	-2.987119	6.487830	7.490507	-5.676497	-1.523953	6.419811	10.354257	9.562740	6.234303	-4.847764	-10.629602	-0.084023	2.489235	-0.219114	10.349109	7.808394	-3.566763	-2.783789	4.364412	0.114103	11.728651	-9.369555	-0.480201	0.697639	5.425806	-19.460918	-0.395573
CGGTAGAGGTGCAGGT-1_1	1.774221	3.969965	2.675645	10.007933	-7.533565	-1.135885	4.156826	5.732402	-5.265327	-0.156217	2.262155	7.374670	8.010525	6.719054	-6.139838	-9.324510	0.962287	4.205322	0.498352	7.442976	5.638236	0.013803	-0.268776	3.638035	-3.216980	10.997294	-7.533162	-0.926928	-0.048156	6.373565	-14.558475	0.330975
AATGATGATACGCTAT-1_1	3.939069	1.755144	1.774349	3.982760	1.081903	-2.635818	0.327341	1.333606	-1.678120	2.387844	-0.795685	-0.683516	-0.860028	3.060987	-2.416068	-0.041194	0.130415	-0.605398	0.159966	1.416537	4.900892	0.753991	1.639938	0.688700	-0.847574	1.118633	-0.379649	1.910868	-0.334077	3.440814	-1.553191	0.318607
CTTGTGCTCACCGATT-1_1	4.350943	1.156340	1.165261	4.389215	1.925450	-2.887364	1.221862	0.704060	-0.228450	2.968190	-2.332251	-2.036004	-1.195845	2.922016	-3.552452	-0.219382	0.731923	1.170674	1.124257	1.133584	4.862018	1.260920	3.116265	0.705857	-1.472677	1.625427	-0.214200	1.355571	-1.792128	4.378874	-0.357326	0.030664
TTCCAATCAGAGCTAG-1_1	2.480380	-0.474734	0.346074	2.480717	1.603338	-1.622954	0.709816	-0.144554	0.816769	1.917394	-3.014164	-2.123924	-0.623630	1.514113	-3.146691	-0.359414	1.710172	1.909458	1.868499	0.895726	2.216694	1.377059	2.475636	0.558671	-1.847758	2.240091	0.159145	0.822433	-2.401313	3.322053	0.159342	-0.365754
CGATGGACCCTACGCC-1_1	3.293624	0.036309	0.683466	2.715241	2.059712	-2.346380	0.565569	-0.168603	0.339355	2.383336	-2.388711	-1.982469	-1.299340	1.486104	-3.158197	0.277798	1.063704	0.644897	1.403154	0.784570	2.978957	1.464065	2.765172	0.367784	-1.138092	1.324370	0.425912	1.472355	-1.407014	3.208495	0.316584	-0.237382
GGTCGGATAAACGGCG-1_1	4.724484	0.590338	1.427293	2.248381	4.037491	-5.145443	0.325474	-0.290563	0.494595	4.762300	-1.984102	-3.400237	-3.444603	2.405472	-2.754163	2.336233	-0.890593	-1.535780	2.137959	-0.615350	4.238616	1.491197	4.446949	1.063868	1.783842	-1.256025	0.271360	2.299579	0.589081	3.569939	1.518163	-0.832139
TTAGCTAATACGATCT-1_1	1.346743	-0.640870	0.380095	1.462946	0.493215	-0.362864	0.279528	0.337864	0.317195	1.205596	-1.866510	-0.541558	0.366983	0.886572	-2.137406	-1.071651	1.428295	1.027779	1.507916	0.419505	0.823379	0.848694	0.931961	0.289416	-1.378667	2.265532	-0.001289	0.783188	-1.107841	1.956719	-0.721615	-0.098393
CTCGATATTTGCGAGC-1_1	6.758110	1.083140	0.902363	2.122578	5.349566	-7.854661	0.196276	-0.770438	0.610967	6.420302	-2.583299	-4.558688	-5.394257	2.729709	-3.270864	4.143046	-2.250481	-3.959302	3.381687	-1.408232	4.509430	2.254383	6.157971	2.295519	4.298669	-3.149644	0.517327	2.689026	2.262070	4.031287	2.475109	-1.362473
ATTACTTACTGGGCAT-1_1	1.177057	-0.584303	0.385441	1.950181	0.070517	-0.521888	0.599367	0.333208	-0.147101	1.512118	-1.955316	-0.719343	0.008765	1.149814	-2.463475	-0.899914	1.490349	1.089502	1.210719	0.316669	1.339162	0.886233	1.572132	0.820091	-1.631892	1.628317	-0.306834	0.600180	-1.500257	2.228523	-0.321419	-0.358469
CTAGCCGATGTTATGA-1_1	17.556202	4.261103	0.542650	2.996746	14.237753	-20.094141	-1.484094	-4.797409	2.265033	16.132261	-5.874265	-11.842420	-15.947695	5.666482	-6.250315	14.270051	-8.005806	-14.308322	11.248279	-4.190347	7.997765	6.504241	15.272179	7.843857	15.638962	-12.520696	3.316201	6.295338	9.950565	6.896662	7.148477	-4.230892
TACTGCAATCAATTAC-1_1	1.799536	-0.519878	0.332160	2.117768	0.556187	-1.360467	0.980331	0.123536	-0.106281	1.843027	-2.235964	-1.346828	-0.580087	1.553836	-2.541135	-0.441659	0.915125	1.116416	1.098135	0.332576	1.986843	0.813029	2.010108	0.901303	-1.100013	1.015586	-0.182065	0.694734	-1.632864	2.701470	0.244710	-0.466338
TAGTCTGTGACGTTGC-1_1	13.858286	3.151046	0.069359	2.416836	9.845666	-15.202010	-1.056659	-3.090480	0.783332	12.371042	-4.275701	-8.159591	-12.152376	4.502064	-5.318659	10.351036	-5.964339	-12.324552	8.565679	-3.038608	5.759811	4.888564	11.460639	6.802722	12.282828	-9.689913	2.799474	4.761514	8.472942	5.151036	5.033837	-3.114564
CTCGTTTCTAATGTTT-1_1	1.187091	-0.433851	0.459070	1.575382	0.150852	-0.355292	0.449378	0.447499	-0.173260	1.495761	-1.446295	-0.359273	-0.042997	0.986107	-1.920921	-0.902339	0.994124	0.532512	1.085743	0.194811	1.184548	0.541483	1.130961	0.492444	-1.016427	1.311967	-0.153616	0.701022	-0.772630	1.763231	-0.342948	-0.135867
TTCGTTCAACGAAGTT-1_1	4.181053	-0.985132	0.934218	3.662481	1.007224	-3.117650	1.886424	0.578523	-0.647090	4.382051	-3.753552	-1.825700	-1.697876	2.659923	-5.345105	-0.510468	1.334673	0.009488	2.252786	-0.266154	3.822806	1.428215	4.340511	2.071702	-1.003804	0.830921	0.243884	1.213226	-1.414512	4.839920	0.600772	-0.781616
CTGAATTTATTGCCAG-1_1	1.534175	-0.759686	-0.003386	1.634109	0.613993	-1.259166	0.760284	-0.186906	0.320606	1.263923	-2.526792	-1.357812	-0.336061	1.141938	-2.653766	-0.382591	1.388531	1.586834	1.375472	0.267588	1.143705	1.079516	1.769239	0.772734	-1.466299	1.457460	0.047670	0.282551	-1.983781	2.520797	0.302064	-0.461955
TGGAATATCCTTGACC-1_1	1.545393	-0.835665	0.524880	2.550480	-0.153245	-0.555685	0.990376	0.637184	-0.120865	2.039895	-2.483839	-0.701301	0.276126	1.338345	-3.399306	-1.565640	1.758843	1.557877	1.579099	0.302687	1.319749	1.031696	1.954029	1.001454	-2.016139	2.298626	-0.424571	0.534512	-1.705655	2.861996	-0.746034	-0.309716
CAGATCATTTAAAGTC-1_1	0.947075	-0.239183	0.298242	1.400742	0.009481	-0.540212	0.553487	0.302598	-0.256324	1.081493	-1.043273	-0.426145	-0.185945	0.941567	-1.533007	-0.506543	0.635570	0.469166	0.579941	0.213880	1.205279	0.461365	1.166991	0.606822	-0.790296	0.708000	-0.184543	0.408765	-0.778633	1.455428	-0.081687	-0.236437
TTAACACCTCGAACAT-1_1	1.817712	-0.371245	0.437488	2.333877	0.395446	-1.375396	0.790920	0.327862	-0.159546	1.870636	-1.939409	-1.076390	-0.613917	1.531003	-2.691292	-0.619356	1.010296	1.028646	1.119040	0.530512	2.283384	1.015688	2.213139	0.926371	-1.212130	1.129678	-0.328607	0.850881	-1.392545	2.808767	-0.045199	-0.359733
GATTCCTATACGGCGC-1_1	1.336886	-1.242577	-0.036705	1.531122	0.165426	-1.053121	0.487139	-0.099583	0.420626	1.209389	-2.623839	-0.843390	-0.048427	0.702190	-3.234369	-0.690281	2.237142	1.238231	1.830496	0.247422	0.711766	1.670062	1.988588	0.881643	-1.901481	2.057889	0.071551	0.413167	-1.703274	2.477017	-0.125107	-0.529689
TTACCCTAACAGTCCT-1_1	-1.405411	7.606545	7.935157	20.934046	-16.165485	-5.285323	6.856471	12.913022	-6.589544	-1.744743	8.693340	12.769687	11.867293	10.620180	-7.797743	-18.998804	0.892975	8.549425	-1.659310	20.094816	6.339719	-6.268533	-3.211955	9.279825	-3.246500	13.340764	-18.984699	-3.079021	-1.270211	9.051494	-29.346586	1.464580
ACCCACCTACATGCTC-1_1	3.121763	-2.461614	2.006836	6.384498	-3.752307	0.369414	2.106648	2.339119	-2.219313	3.308367	-3.037856	2.892527	3.360486	2.172260	-11.161124	-6.557150	6.373926	1.880313	3.969628	2.168772	2.151322	5.043247	4.858933	3.236058	-6.503079	8.548204	-1.366683	2.419309	-1.137884	6.393205	-6.705947	-0.239039
AAAGGGCAGCTTGAAT-1_1	1.284585	-0.749831	4.112896	12.827245	-9.144137	-0.461938	4.564356	5.335472	-4.972688	6.164134	-2.106553	2.202370	4.984642	6.641394	-14.139433	-10.137691	6.370036	6.448861	1.174077	5.374637	3.499403	4.176088	5.358732	7.808679	-9.632243	7.585630	-7.228169	2.234002	-5.299046	10.752691	-12.870584	-1.474518
CACACAGGGATAGATT-1_1	5.540454	-0.966013	1.306232	3.603526	-0.930975	-2.551335	0.638455	1.553140	-1.880591	4.131855	-2.084096	2.518771	-1.223904	2.787010	-7.305100	-2.697003	2.604233	-3.575746	3.096859	1.270500	4.244729	3.295737	5.252477	2.863671	-1.441079	2.662582	0.519994	3.354548	2.592034	5.283995	-2.072510	-0.113031
AGAGCGTACAAGCTCG-1_1	14.186453	2.038557	0.633838	1.885093	6.551073	-12.927936	-0.946383	-0.682542	-0.658970	10.916494	-1.949149	-2.210990	-9.708390	5.059452	-7.153004	6.010229	-4.030149	-14.631420	7.502443	-0.495439	5.659037	4.306257	10.617604	7.143158	9.428821	-5.788208	3.821909	5.722718	10.556414	5.022305	1.523733	-1.865898
TCTTACGGCATCCGAC-1_1	3.246354	-1.981505	1.488365	3.784785	-1.812044	-0.126513	0.793880	1.484564	-1.399605	3.099628	-2.474861	2.031023	1.292796	1.689109	-7.561063	-4.294219	4.519189	0.311627	3.328326	1.444629	2.100563	3.441052	3.371697	1.769011	-3.782883	5.783130	-0.365060	2.747536	0.012909	4.630996	-3.903347	0.376818
GCCTATTCCGATATAG-1_1	2.688690	-1.238331	2.213507	3.892080	-2.465402	-0.038260	0.503154	1.552128	-1.896948	3.017895	-0.854590	3.253036	1.562709	1.481779	-6.811205	-4.773803	4.081416	-0.680734	3.222574	1.791863	2.662113	3.017538	2.748239	2.168235	-3.118092	5.364252	-1.003575	3.526697	1.135502	4.127715	-4.969217	0.262399
GAAAGTGACTAACTGC-1_1	9.165586	0.929665	1.496496	2.245004	3.536679	-8.076000	-0.366829	0.520960	-1.337528	7.697031	-1.493963	-0.556021	-5.636641	4.063958	-5.609196	2.309392	-1.413895	-8.621662	4.402341	-0.087197	5.134888	2.935261	6.957032	4.316888	4.675444	-2.438541	1.541719	4.495748	6.296485	4.744990	-0.178890	-0.845495
CCGGAATGGTTTCAGT-1_1	2.306399	-1.293653	1.144521	3.970806	-1.720305	-0.246891	1.189199	1.280325	-1.451262	2.367097	-2.102162	1.417843	0.950558	1.848536	-6.185033	-3.320025	3.285253	0.678391	2.200724	1.116100	2.428725	2.769158	3.286629	1.709379	-3.388121	4.023626	-0.559280	1.794591	-0.496803	4.170354	-2.699057	-0.078703
AGTATAATACTAGGCA-1_1	5.980729	0.070180	1.414143	2.410699	1.877053	-4.724711	0.340525	0.805708	-0.976407	5.465090	-1.764035	-0.241934	-2.992847	3.044376	-4.647751	0.282843	0.125222	-4.067115	2.868649	-0.096152	4.138605	1.819250	4.680145	2.590490	1.663679	-0.304277	0.642807	2.859871	2.875252	4.136836	-0.275741	-0.309927
TAACTATCGAAGGTCC-1_1	4.189536	0.043274	1.318194	4.243629	0.065966	-1.564121	0.930819	1.173026	-1.456387	2.930518	-1.773639	0.815281	-0.409312	2.429331	-5.117912	-1.992847	1.812466	-0.781249	1.654267	1.140633	4.206369	1.815369	2.939336	0.929398	-1.817614	2.520025	0.432648	2.107738	0.348779	4.133087	-1.485360	0.579260
ATGAGGAGTGTTAATC-1_1	15.933141	3.737078	0.783750	2.150054	11.179700	-16.918591	-2.107362	-2.752179	0.289149	14.372682	-3.437678	-7.696305	-13.405301	5.525078	-5.933931	10.356123	-5.891091	-16.089352	9.825193	-3.011505	6.641800	5.529140	12.400548	7.341198	14.239573	-9.669281	3.276417	6.783341	11.770279	5.582638	4.691576	-2.602180
TGTGTCGCGAGTTGCA-1_1	3.458323	2.427629	2.605085	6.566146	-2.335252	0.292281	0.859268	3.127726	-2.964569	0.792145	-1.725721	3.475145	5.501765	4.476938	-5.180106	-6.230753	1.236854	2.522248	2.055655	2.304880	3.355330	2.604170	0.598854	0.950174	-4.540135	8.449696	-2.889149	0.607432	0.090568	5.629404	-7.017626	0.880590
ATCCAACGCAGTCATA-1_1	7.557918	0.538228	2.567168	4.161731	3.889434	-6.280109	0.571083	0.645674	-0.841006	7.154695	-2.439645	-2.157356	-4.133854	4.129171	-5.749219	1.039842	0.047850	-3.550524	3.423555	-0.039184	6.848690	2.368359	6.205859	2.267795	1.594437	-0.457958	0.752381	4.043936	2.169705	5.799522	0.329833	-0.332969
AAGGCGCGTAAAGCTT-1_1	3.246364	0.896433	2.879111	6.351930	-1.881328	0.766630	1.100111	4.386837	-2.365880	2.515882	-2.051451	2.518820	6.636733	4.040837	-5.732131	-7.321260	1.754506	3.447272	3.425968	1.122757	1.729139	2.737071	-0.183295	0.925505	-4.454019	9.992238	-3.563401	2.147585	-0.584829	6.032053	-8.789812	-0.235438
AGTCGGCCCAAACGAC-1_1	1.963594	-0.520693	1.835606	3.008950	-0.913860	-0.032585	0.323802	1.755782	-1.184155	2.474945	-1.191887	1.137620	1.558613	1.903724	-3.631125	-3.165178	1.856906	0.640875	2.044719	0.635241	1.854086	1.554215	1.070189	0.843571	-2.225788	3.968709	-1.148184	2.342190	-0.106323	3.162539	-3.459013	-0.093817
AACGTCAGACTAGTGG-1_1	1.313727	3.171035	1.680594	6.126431	-4.317534	0.020534	0.883312	3.306804	-2.430123	-0.110835	1.054234	6.084498	4.645405	2.151652	-3.173176	-6.128192	0.657367	1.585395	0.768825	4.903738	2.406728	0.125441	-1.117785	1.013498	-2.319176	6.754041	-3.126794	-0.224112	1.584785	3.059026	-9.472909	1.799298
ACTACCAGCTCTCTGG-1_1	1.799955	-0.072038	1.031111	2.031605	-0.296444	0.005778	0.231687	1.145454	-0.847281	1.142719	-0.894807	1.226544	1.329647	1.280433	-2.568115	-2.069878	1.350922	0.161488	1.289337	0.644775	1.524747	1.264390	0.656058	0.330748	-1.604439	3.155540	-0.330089	1.602462	0.156162	2.192880	-2.406561	-0.034052
GCAAGTGCACAGAGAA-1_1	1.711962	2.772349	2.130258	4.819692	-2.980997	-0.089927	0.427644	2.678643	-2.549059	0.688067	0.601162	5.924801	3.165443	1.776635	-3.094117	-4.077795	0.830307	-0.253430	1.098439	3.248310	2.859426	0.110899	-0.543993	0.964768	-2.426095	5.180861	-2.219519	0.524603	1.618902	1.954854	-7.219265	0.974699
ACACCTTAAGTAGGGC-1_1	1.976521	-0.178808	2.513034	3.868222	-2.161805	0.196266	0.050031	2.158082	-2.247527	2.252499	-0.286513	2.792948	2.156253	2.216311	-4.732009	-3.972384	2.204493	0.055092	1.764960	1.629901	2.092964	1.861026	1.007381	1.671489	-3.281231	4.615592	-1.483413	2.590860	0.446124	3.472844	-5.314117	-0.078548
TTCGACGGGAAGGGCG-1_1	1.216830	0.443730	1.021476	2.072499	-0.774099	0.081279	0.493476	0.875772	-1.439259	0.629219	-0.517986	1.176255	1.095398	1.452785	-2.014683	-1.510364	0.894337	0.098592	0.491384	0.732410	1.652331	0.746484	0.604761	0.747175	-1.614328	2.225819	-0.514321	0.572893	-0.203982	1.819179	-1.782576	-0.130057
TTCGCACTCGCGTGCT-1_1	2.486799	0.222534	2.599543	3.777657	-1.431844	-0.397739	-0.256338	2.241740	-2.130250	2.532230	-0.483611	2.072092	1.433888	2.682025	-3.688389	-3.160501	1.428943	-0.069525	1.500873	1.256525	2.677370	1.366226	0.892418	1.170195	-2.542769	3.839488	-1.387632	2.532270	0.593187	3.314915	-4.439977	0.209196
TATTTGTTACCCTTTA-1_1	0.748371	0.791886	1.124455	2.638744	-1.653739	-0.016999	0.631167	1.132121	-1.500543	0.801996	-0.149721	1.897593	1.352754	1.362912	-2.264910	-1.967697	0.873205	0.403817	0.453840	1.290443	1.508445	0.492907	0.472016	1.082375	-1.770052	2.266818	-1.182012	0.488368	-0.183284	1.625836	-2.904877	0.039374
CGCTGTGACGCCGCAC-1_1	0.698990	0.372507	1.030527	2.446812	-1.330323	0.159693	0.217259	0.989253	-1.233359	0.529507	-0.638757	0.844854	1.464106	1.694410	-2.205689	-2.051024	0.955131	1.042492	0.607246	0.994673	1.184931	1.062016	0.737080	0.901381	-2.087324	2.506137	-1.257372	0.269822	-0.453081	2.114401	-2.229960	0.113842
GTTGCACGGAGTTTCG-1_1	0.413597	0.324330	0.489641	1.577973	-0.804419	0.040413	0.404478	0.666329	-0.686222	0.263213	-0.451826	0.434334	1.160900	1.127291	-1.218420	-1.385198	0.436795	1.066916	0.465186	0.648794	0.806838	0.564318	0.305641	0.522408	-1.180170	1.785524	-1.004355	0.087849	-0.522878	1.442129	-1.494252	-0.050391
GTTTCCTGGAGGGTGA-1_1	0.979990	-0.152152	1.199342	3.053860	-1.537976	-0.053565	0.988086	1.036690	-1.629129	1.377640	-0.990616	0.501624	1.076036	2.243857	-3.287755	-2.095590	1.553342	1.231481	0.526725	0.985924	2.088578	1.236357	1.592603	1.676522	-2.683650	2.368261	-1.247479	0.831892	-1.406726	3.017492	-2.069750	-0.567468
ACACCCAGCATGCAGC-1_1	1.247886	-0.312870	1.473642	3.602582	-1.738029	-0.296001	1.730290	1.162571	-1.879092	2.325682	-1.208594	0.466538	0.918027	2.258758	-4.062970	-2.207617	1.779699	1.161235	0.657041	0.655298	2.408795	1.094044	1.971087	2.052595	-2.769272	2.409174	-1.351488	1.109029	-1.834413	3.242129	-2.355991	-0.819642
TCAACCATGTTCGGGC-1_1	0.580350	-0.199922	0.761034	2.083208	-1.054713	-0.057649	0.723627	0.815550	-0.819623	1.066796	-0.767867	0.118542	0.881250	1.492204	-2.168210	-1.650450	0.971096	1.235893	0.532555	0.610381	1.035250	0.801719	1.021899	1.086957	-1.783131	1.746449	-1.037241	0.479483	-1.106346	2.007120	-1.538545	-0.350371
TTACAACTACGCATCC-1_1	1.430262	-0.465595	1.455153	2.945384	-1.069715	0.012843	0.973965	1.296039	-1.474745	2.095138	-1.194280	0.676058	1.154775	2.230824	-3.350899	-2.389733	1.725293	0.879574	1.274186	0.658582	2.238408	1.290294	1.444481	1.380965	-2.424401	2.914148	-1.066882	1.781823	-1.057692	3.091142	-2.388701	-0.707029
TCCGATGGTGCGACAT-1_1	1.632385	-0.687444	0.708332	3.409222	-0.324945	-0.395312	1.507160	0.720487	-0.588226	1.832760	-2.720179	-0.533660	0.638780	1.912522	-4.176028	-1.981777	2.260287	1.977725	1.559093	0.807316	2.438921	1.515665	2.685519	1.542862	-2.901391	2.880316	-0.487967	0.507588	-2.410890	3.632581	-0.815584	-0.663589
GGGCGTACATTTATAT-1_1	1.560083	-0.532823	1.211740	3.362681	-1.319431	-0.382513	1.014649	1.015224	-1.446808	2.003332	-1.468757	0.393090	0.525498	2.219967	-4.127059	-2.196400	2.046461	0.883375	1.002148	0.943167	2.526321	1.672778	2.349215	1.656492	-2.661972	2.318718	-0.910149	1.392565	-1.119794	3.461443	-1.819643	-0.347280
AGCGACCAACGATATT-1_1	1.862051	-0.654720	1.169590	3.460123	-1.037708	-1.123835	1.337880	0.952259	-1.508422	2.733231	-1.575397	-0.308093	-0.411479	2.126133	-3.970040	-1.287175	1.585087	0.494118	0.684077	0.374571	2.796867	1.038679	2.644364	1.871547	-2.015599	1.171040	-0.647895	1.277660	-1.365358	3.310168	-0.963488	-0.626783
ACACAAAGACGGGTGG-1_1	2.241888	-0.939478	1.295179	3.883772	-1.066290	-0.281646	1.377004	1.380835	-1.202842	2.386091	-2.176110	0.875705	1.125854	1.956494	-5.355196	-3.035892	2.796513	1.122345	2.101349	0.922015	2.613702	2.164418	2.856430	1.601744	-3.160432	3.973796	-0.574364	1.432047	-1.154738	3.954352	-2.396506	-0.417547
ATCGCACGCCGGGAGA-1_1	2.399422	-0.919560	0.648472	3.850619	0.181619	-1.089209	1.426843	0.476977	-0.328191	2.283521	-3.429753	-1.220600	0.016088	1.957707	-4.921530	-1.682490	2.696356	2.117091	1.904114	1.057117	2.895185	1.817778	3.441317	1.621966	-3.120837	3.060338	-0.061692	0.786473	-2.805560	4.194374	-0.432958	-0.557699
GCTCTAAACCCTGACG-1_1	3.835350	-0.125944	1.294994	4.091012	0.187563	-2.912274	1.364184	1.009966	-1.587760	3.715459	-1.771057	-0.822749	-1.828120	2.891310	-4.283561	-0.417066	0.689926	-0.716811	0.980568	0.824728	4.643374	0.968764	3.587659	1.927630	-0.915269	0.218158	0.172699	2.076325	-0.635156	4.240376	-0.295203	-0.529418
AATGCAACCGGGTACC-1_1	2.832758	-1.789484	1.418918	6.679020	-2.314504	-1.569613	3.578748	1.497091	-2.214094	4.935812	-4.040021	-1.112272	0.013577	4.203307	-8.280352	-3.242388	3.198744	2.777763	1.934306	0.652853	4.472132	2.262785	5.333697	3.972335	-4.578952	2.903459	-1.850696	1.320245	-3.971999	6.768518	-1.666613	-1.233615
TCAAACAACCGCGTCG-1_1	0.845741	-0.283493	0.813404	2.472883	-1.365582	0.032486	1.410017	1.048186	-1.504158	1.234072	-0.567691	0.870008	1.299110	1.656084	-2.876062	-2.003245	1.285228	0.881371	0.663396	0.749820	1.613911	0.925544	1.157719	1.490418	-1.889963	2.412271	-1.056447	0.938554	-1.166373	2.285042	-2.146564	-0.783089
TATGCTCCCTACTTAC-1_1	4.750109	0.297715	2.004418	5.052200	-0.082877	-3.379744	1.634673	1.712661	-2.465544	4.936066	-1.581609	-0.517924	-2.282132	3.563298	-4.962306	-0.422929	0.377910	-1.681474	0.875749	0.980014	5.390602	0.438847	3.912057	2.664396	-1.109095	0.001688	0.151848	2.456446	-0.504049	4.662027	-1.080807	-0.646189
AAAGGGATGTAGCAAG-1_1	1.009497	-0.139187	1.148659	3.087066	-1.516375	-0.359802	1.683803	1.173555	-1.628922	1.606556	-0.921137	0.302849	1.217914	2.114094	-3.299628	-2.039966	1.345263	1.620783	0.475524	0.736649	2.094474	1.067425	1.503563	1.798661	-2.406841	2.428108	-1.500781	0.896289	-1.835928	2.994321	-2.399762	-0.888041
ACGATCATACATAGAG-1_1	0.935497	0.193615	1.213527	3.301684	-1.916306	-0.156698	1.305076	1.186434	-1.980368	1.207817	-0.490139	1.311471	1.445224	1.983957	-3.355863	-2.303572	1.412814	1.079698	0.489788	1.286772	2.261139	1.013330	1.327123	1.809149	-2.461510	2.755294	-1.399837	0.886161	-1.225793	2.777580	-2.778323	-0.678108
TTGTTCAGTGTGCTAC-1_1	1.908463	-0.408508	1.840704	5.301996	-2.244077	-1.224007	2.559069	1.379056	-2.613547	3.491017	-1.622328	0.309729	0.358431	3.171510	-5.699352	-2.599425	1.751813	1.362651	0.718606	1.008764	3.980499	1.241474	3.210475	2.933951	-3.118977	2.006866	-1.613835	1.426962	-2.188228	4.655350	-2.393179	-0.921491
ATGCATGATCCAGGAT-1_1	1.742083	0.012154	1.904458	4.971663	-2.444856	-0.727226	2.479432	1.544793	-2.577288	3.436084	-1.135561	1.150530	0.762068	2.792742	-5.180813	-2.820202	1.738626	0.999180	0.603707	1.003902	3.395472	0.810163	2.390026	2.686463	-3.046951	2.292675	-1.708557	1.499541	-2.012537	3.946936	-3.150876	-0.797106
AGTCTTCTCCTCAAAT-1_1	1.635566	-0.217901	1.904854	4.805554	-2.617093	-0.508830	2.349081	1.679488	-2.753253	2.313426	-0.971579	1.486500	1.829933	2.859066	-5.451968	-3.327716	2.200972	1.670835	0.716746	1.506040	3.293045	1.744455	2.379724	2.900090	-3.785480	3.623569	-1.826540	1.752861	-2.070049	4.343177	-4.005434	-1.172647
GATTCCCTTGTCGCAG-1_1	2.259792	-0.841296	2.737389	5.233486	-1.884910	-0.225432	2.208916	2.462605	-2.526248	4.486021	-2.215234	0.565593	1.589188	3.423856	-6.035897	-3.951619	2.701482	1.638817	2.234804	0.304488	3.704602	1.672043	2.589744	2.600659	-3.727502	4.405252	-2.228760	2.315372	-2.141916	5.301823	-3.903451	-1.174575
CTCGCACCTATATAGT-1_1	2.014944	0.173023	2.928877	7.149183	-3.850566	-0.760868	3.318087	2.243357	-3.606981	5.050985	-1.439666	2.222628	0.910466	3.533129	-7.328609	-4.281552	2.641002	1.034707	1.044799	1.647679	4.507811	0.725713	3.261864	3.922242	-4.275741	2.748232	-2.492093	1.978038	-2.494816	5.235240	-4.666509	-0.873957
ACTCAATAAAGGCACG-1_1	3.634930	-0.611336	1.749321	6.480201	-1.036857	-2.318555	3.173989	1.517866	-2.410233	4.608294	-3.014518	-1.054748	-0.515739	4.176929	-6.884720	-2.156413	1.864575	1.733653	1.087034	0.762008	5.717237	1.541639	4.654880	3.119786	-3.393688	1.858604	-0.921713	1.582239	-2.999852	6.203445	-1.211123	-1.041820
AACCGAGCTTGGTCAT-1_1	2.803226	-0.959641	1.892478	6.613593	-2.311883	-1.337409	3.593469	1.912675	-2.668177	4.690729	-3.003820	-0.405908	0.453493	4.301459	-7.652333	-3.231652	2.414251	2.423720	1.222923	0.671657	4.652257	1.674804	4.557966	3.667312	-4.403024	2.736911	-1.692503	0.924314	-3.428408	6.215680	-2.274081	-1.160688
TAAGGCAACATAAGAT-1_1	3.597748	-0.253576	2.589972	6.253668	-1.319748	-2.528823	2.849762	1.831755	-3.324070	5.511220	-2.031273	-0.441534	-1.221141	4.464002	-6.212573	-1.819400	0.990021	0.279018	0.800151	0.604641	6.007088	0.722621	3.856038	3.149354	-2.481787	0.713608	-1.177766	2.405535	-1.960201	5.683546	-1.951267	-0.915526
CACGCACAGCGCAGCT-1_1	10.573768	-0.426517	2.466105	7.483050	2.534316	-9.234121	4.487062	1.397831	-3.063818	11.005349	-4.572004	-3.193538	-6.199175	6.851125	-9.836467	2.004776	-1.553733	-5.120475	3.323005	-0.441237	9.141949	1.504340	9.928103	6.383293	1.184009	-2.681051	1.110583	4.636803	-0.046208	8.891843	0.922384	-2.944029
GGTTTACAATCTCAAT-1_1	2.554326	-0.597093	2.423244	6.562842	-2.765942	-1.555318	3.311629	1.759014	-3.204208	5.231039	-1.899982	0.451911	-0.188102	3.807640	-7.063200	-3.072880	2.071698	1.164979	0.970074	0.954494	4.791963	0.991997	3.962957	3.709080	-3.630962	1.752259	-1.839149	2.005185	-2.662680	5.429529	-2.896904	-1.019315
TGCAGGATCGGCAAAG-1_1	5.153475	-0.155759	3.289603	6.718769	-0.979739	-2.620934	2.821258	2.499433	-3.894781	5.972420	-1.979041	0.597180	-0.747167	4.398226	-7.068816	-2.521029	1.612952	-0.808889	1.515106	0.695639	6.679329	1.091186	3.835520	3.039093	-2.703459	2.344296	-0.570111	3.272917	-1.169541	6.103962	-2.951265	-0.782821
ATAACGGAGTCCAACG-1_1	3.155102	0.991021	1.796204	4.540275	-0.241432	-2.096387	1.405798	1.684546	-2.173342	2.580718	-1.427340	-0.459974	-0.091459	3.524683	-3.507770	-1.152534	0.606293	0.691583	0.297366	1.201630	4.804565	0.781012	2.145997	1.770871	-1.917803	1.621930	-0.994253	1.212268	-1.427340	4.155787	-1.803744	-0.213243
AACGATATGTCAACTG-1_1	0.873110	3.833391	4.665106	13.768414	-10.644917	-2.397650	5.236564	7.140775	-6.536499	1.566810	2.328656	6.948320	7.961253	8.971899	-8.321188	-10.978944	2.172348	6.019906	0.217233	9.632427	7.333915	-0.962910	1.307421	6.661509	-5.030584	11.111622	-10.603069	-1.090972	-1.820232	8.310525	-17.928308	-0.125494
GACAACGACCATTGAA-1_1	2.298612	3.259056	3.697811	6.315385	-2.313237	-1.454448	1.084306	4.449901	-4.026483	0.486770	0.446377	4.975429	4.758024	3.208727	-3.519564	-4.199944	0.030800	1.259240	1.315217	2.909706	4.989161	0.343427	-0.528193	1.785593	-2.847109	7.135596	-3.399237	0.541925	0.966807	3.461089	-8.779572	-0.521906
TTGACCATGTTCTCCG-1_1	1.102450	10.485694	7.418424	16.736269	-10.262167	-5.386976	6.430558	9.591020	-6.793548	-4.263257	8.261833	13.259046	11.343518	5.485672	-4.988269	-12.937661	-0.378432	0.450699	0.570702	17.081621	12.831223	-9.530015	-4.974676	5.840887	1.462125	13.214425	-13.184604	-3.844538	1.729869	4.240796	-26.225592	1.646262
AGTACGGGCACCTGGC-1_1	3.111828	12.779014	8.334240	19.568377	-11.516401	-6.192713	8.394727	10.522449	-8.077227	-4.669506	9.669375	18.026737	13.625529	4.318874	-6.295689	-15.859848	0.188282	-1.757965	0.977295	19.883589	15.087580	-10.841013	-6.202287	6.073407	2.290103	16.955721	-13.867964	-3.420660	3.595694	4.346824	-32.345638	2.359907
CGCCATCCGATTATGA-1_1	1.176133	5.274714	5.796752	15.129323	-11.532425	-3.714481	9.661877	9.089314	-7.239862	-1.703168	8.740214	13.494255	9.569471	7.822808	-6.556349	-14.171746	0.957981	0.873012	0.281449	15.879359	9.498086	-8.497347	-3.421534	7.693924	1.441862	11.768544	-14.217594	-0.812610	-0.602793	5.542109	-24.529783	-1.376471
AAGGTATCCTAATATA-1_1	6.102599	16.290443	9.060409	22.302402	-12.805171	-6.441612	13.401928	12.052173	-10.702241	-6.937172	13.618592	26.832680	16.981503	2.504750	-5.926087	-19.985214	0.489966	-7.469414	2.160800	24.892366	20.026089	-16.071604	-9.850950	5.766912	6.421233	22.202845	-14.296839	-2.757919	5.933498	2.862436	-40.312309	2.882245
TGTTGTCAAGAAGTCT-1_1	0.992262	4.228870	4.481281	11.756550	-9.423777	-2.098778	6.632943	6.846040	-5.644954	-0.580898	5.652078	10.028024	7.052948	6.851927	-5.994894	-10.795934	1.168405	1.116991	0.482094	11.751604	7.041967	-5.786201	-1.633602	5.943958	-0.233999	8.987121	-10.795676	-1.772322	-0.267637	4.376999	-18.531151	-0.125665
CAGTGAATAAATGACT-1_1	4.333925	15.209119	9.561971	21.799944	-12.721775	-6.881086	10.379472	12.935212	-10.569677	-6.220817	12.380076	22.063568	16.420145	5.423906	-7.249449	-17.402208	-0.491741	-4.454652	1.527854	22.530449	18.976139	-13.897923	-7.982683	7.115560	3.711825	19.787819	-15.804580	-4.708552	4.843482	4.037435	-37.566284	2.279913
CACCTTGCGAAACTCG-1_1	0.885402	4.396884	3.918796	10.223604	-7.684357	-1.867248	4.753528	5.988916	-4.783112	-0.714825	4.422441	8.725543	6.314463	5.451828	-4.871617	-8.977300	0.689363	0.988284	0.549577	9.611709	6.178675	-4.445092	-1.361843	4.586384	-0.708111	7.908909	-8.768998	-1.933254	0.637802	3.491803	-15.781834	0.433359
CATTTAGCGGACCATG-1_1	1.627061	14.391988	9.960594	21.569338	-12.709704	-6.877005	7.129995	13.044834	-9.308559	-5.835761	10.270942	16.996349	15.152798	7.221504	-6.586251	-15.969191	-0.836178	0.142126	0.848913	21.390257	17.265224	-12.029611	-6.339892	7.635262	1.266108	16.847630	-16.580498	-6.117895	3.248676	5.261485	-33.672974	2.380708
CCAGTCTAGACGGCGC-1_1	1.720590	6.415838	5.152761	12.707571	-8.979081	-3.174498	7.169574	7.971904	-6.582711	-2.232838	7.446212	12.275466	8.889968	6.070065	-5.518745	-11.347214	0.146531	-0.795175	0.761355	13.115917	9.555358	-7.437500	-3.163040	5.843582	1.137803	10.419066	-11.343016	-2.232406	1.154048	3.551062	-21.313749	0.048121
TCGCTTTAAACGTTTG-1_1	2.332382	10.545976	6.948987	16.509548	-10.549268	-5.360478	5.942760	11.263556	-7.600657	-3.514200	8.619755	14.375278	13.392381	6.636287	-6.331180	-13.947378	-1.022476	1.409582	0.361004	15.826910	11.799236	-6.913608	-4.699356	5.858715	-0.015851	15.584198	-13.294179	-3.760723	3.208038	5.251943	-28.701504	1.931395
GTGAAACGGCGCCACC-1_1	5.061306	16.796896	9.902927	21.539391	-11.428416	-7.186802	10.190091	13.634860	-11.672082	-7.768229	13.208033	23.838766	17.723036	4.533865	-5.910353	-16.243034	-1.487838	-6.900321	2.293598	22.243681	21.889944	-15.442780	-9.557393	6.300210	5.200946	21.223948	-14.822279	-5.052950	6.406432	2.877300	-37.929867	2.188944
GGGCTCATCGAACCCA-1_1	3.637605	2.028118	2.636582	4.962905	-1.091830	-0.860826	1.881121	2.431693	-3.482805	1.251758	-0.646619	2.835265	3.606957	3.227093	-4.077527	-3.572911	1.227448	0.996830	1.281811	1.621375	5.004028	1.678946	0.188412	1.308951	-2.786059	6.739211	-2.387763	2.046310	-0.637662	4.760558	-5.853915	-0.580599
TTGATGTGTAGTCCCG-1_1	3.047588	4.730463	3.423750	9.858442	-6.267540	-1.815238	5.140428	7.586932	-6.275527	-0.873746	3.965649	9.928059	9.687865	5.649838	-5.451167	-9.540491	-0.131631	2.008398	1.189269	7.237084	6.878084	-1.559430	-2.093735	3.424705	-1.660888	12.880002	-7.082163	-0.432756	1.615146	5.224973	-17.344288	-0.585386
CAGTAGCCCACGCGGT-1_1	6.259112	0.098881	1.394546	4.054130	3.504232	-5.897923	1.203463	-0.246516	-0.003451	5.027187	-3.362622	-3.453337	-3.523069	3.354902	-5.173394	1.589927	0.117346	-0.773620	2.260040	0.440254	5.886413	2.386934	5.921195	1.594623	0.274670	-0.238855	0.786866	2.828448	-0.495403	5.706186	1.422297	-0.939103
AGCGCGGGTGCCAATG-1_1	5.769962	1.660732	2.388982	5.211283	1.852795	-3.620390	0.762896	1.505211	-1.444984	4.427368	-1.740611	-1.082178	-1.722690	3.479312	-4.381109	-0.323841	0.708314	-0.918732	1.449988	1.001533	6.234576	1.180227	3.352650	0.879991	-0.736760	1.585431	-0.014103	2.387426	0.173651	4.834357	-1.243477	0.604515
TAATCGATCCGTACGT-1_1	4.336542	-0.556081	1.618778	3.436206	1.642335	-2.412794	0.844137	0.797296	-0.493787	4.207277	-2.946343	-0.978304	-1.040323	2.425352	-4.996390	-1.277985	1.803294	-0.159574	2.649263	0.257201	3.967195	1.495542	3.065016	1.015118	-0.874001	2.231407	0.346636	2.131271	-0.259084	4.335133	-0.624429	0.398624
AGTGGCGGCAATTTGA-1_1	4.504039	0.144698	1.659321	4.278177	1.901329	-2.543070	1.061876	0.837880	-0.364200	4.387449	-2.973694	-1.769481	-1.466440	2.916629	-4.570916	-0.800643	1.621956	0.535923	2.246599	0.610120	4.760335	1.148395	3.299331	0.955787	-1.398936	1.939970	0.104101	2.013985	-1.301953	4.697907	-0.387854	0.143858
CCTTTCAATGAAGAAA-1_1	13.872789	2.611966	0.851930	2.633969	10.755722	-15.330189	-0.551848	-2.348964	1.623809	11.813349	-4.073429	-8.145506	-11.148590	4.598959	-6.012759	9.011619	-4.907533	-10.597668	7.498794	-2.376668	7.117472	4.834911	11.938860	5.241693	10.216363	-7.283755	2.789068	4.949427	7.050508	6.113094	5.028531	-2.520992
CTCAGTCACGACAAAT-1_1	10.315671	1.740189	1.943180	2.392422	9.592194	-12.420533	-0.339064	-1.402448	1.329542	9.793048	-3.811986	-7.105659	-8.211184	4.105828	-4.171647	6.370487	-3.419249	-5.976610	5.556273	-2.092879	7.058768	3.787792	9.087886	2.506984	7.218106	-4.480429	0.879900	4.684238	4.303934	6.238184	3.648499	-1.636008
ATAGGCTAGCTTCGCA-1_1	23.161938	5.403734	1.091633	4.073212	19.599228	-26.660753	-1.496268	-5.692091	3.251094	20.624182	-8.224352	-15.811278	-20.174694	7.731667	-8.429920	17.674566	-9.960196	-17.389978	14.189529	-5.154799	11.304799	8.663040	20.076685	9.005227	19.566582	-15.087777	4.287260	8.122378	12.195789	10.061912	9.387309	-4.978236
CGGTTCAAGTAGGTGT-1_1	5.959721	0.553709	1.505030	1.752865	5.331130	-6.786195	-0.030562	-0.409739	0.907822	5.938323	-2.970987	-3.824396	-4.011176	2.641310	-3.150160	2.601787	-1.286729	-1.643524	3.542097	-1.180510	4.465278	2.203940	4.999968	1.093768	3.130654	-1.146372	-0.001343	2.776392	1.681604	4.515828	1.479445	-0.555952
CAGTCGAGGATGCAAT-1_1	5.275498	-2.575269	0.511579	4.972203	3.214154	-2.983783	2.748493	0.196676	2.091955	4.823412	-8.356098	-3.606771	0.615541	3.450148	-8.196162	-3.482137	2.890200	6.028061	5.715877	0.909747	3.275122	2.819741	4.769321	1.228602	-3.619525	6.334291	0.276986	0.943727	-4.760350	8.043744	-0.217020	-0.204877
TATCACCCAACCGACC-1_1	33.151028	9.583755	0.878136	3.791497	25.923269	-36.732861	-5.808471	-10.878313	2.550656	30.506655	-9.766593	-20.337967	-31.783573	9.673751	-8.856370	30.017601	-17.705809	-32.205624	24.432384	-8.532937	12.105472	13.501796	27.562366	17.587496	35.266998	-28.938971	7.610423	10.823572	25.231127	9.290648	12.122470	-8.265088
AATGATGCGACTCCTG-1_1	10.199911	-0.227528	1.151690	3.866333	6.317641	-10.478868	2.149245	-0.753123	1.012126	8.398978	-5.791120	-5.496807	-5.968313	4.538635	-7.338055	3.822453	-1.525968	-2.863410	4.332266	-1.092515	6.732082	3.276038	9.479684	3.311249	2.770150	-1.915904	1.681826	2.892593	0.669035	7.693322	3.220564	-2.105698
TGGAACCACTGACACA-1_1	6.714766	-1.383576	1.274259	5.422771	1.473129	-5.414740	2.533677	0.813732	-1.093825	6.390290	-5.414762	-2.465231	-2.927352	4.156029	-8.113477	-0.502939	1.594090	-0.613634	3.451613	-0.036317	6.177813	2.713046	7.220403	3.266289	-1.058734	0.932176	0.490127	2.308101	-1.293934	7.555457	1.107431	-1.302002
GCCAATAGGGCATCTC-1_1	5.423613	-1.725940	0.808397	4.142366	2.706490	-4.431053	2.249957	-0.311903	0.171334	4.913327	-5.868646	-3.552390	-2.202775	3.069132	-6.916052	-0.340665	2.108945	1.331782	3.427917	0.107302	4.709827	2.599496	5.643296	1.958931	-1.361915	1.708777	0.762683	1.619046	-2.656128	6.611620	1.583416	-0.852394
TTCTTTGGTCGCGACG-1_1	6.523730	-0.772677	1.043527	3.712713	3.499839	-5.944375	1.600045	-0.039762	0.485343	5.886661	-4.640503	-3.603264	-3.389233	3.080845	-6.292617	1.278899	0.522166	-0.783251	3.222259	-0.381836	4.966937	2.425745	6.595226	2.215641	0.157729	0.176689	0.961735	1.952537	-0.831197	6.004299	1.887343	-1.247773
ATTAGATTCCTCAGCA-1_1	3.506828	-1.869408	1.661705	4.384501	-1.197779	-0.716563	1.451205	1.493814	-1.473422	4.285016	-3.040105	0.923050	0.387085	2.249352	-7.067446	-3.720414	3.782111	0.482834	3.396661	0.808167	3.003277	2.506331	3.626002	1.853255	-3.071771	4.634507	-0.372699	2.747156	-0.650059	5.011100	-2.643015	-0.034543
CCGTGGAACGATCCAA-1_1	4.083435	-0.571215	1.148440	2.946295	1.603829	-3.374664	0.968064	0.441100	-0.522599	4.477324	-2.940765	-1.702629	-2.114497	2.355256	-4.315227	-0.021264	0.923738	-1.015549	2.421800	-0.351988	3.640393	1.566683	4.078443	1.709849	0.007912	0.371833	0.121572	1.801023	-0.178951	4.175657	0.643488	-0.635315
GGGTCGTGGCAAGTGT-1_1	6.884693	0.327828	0.897264	2.338131	4.036119	-7.318086	0.891942	-0.237680	0.157721	6.158702	-3.050206	-3.101705	-4.602490	3.036092	-4.372682	2.732499	-1.426748	-3.704499	3.318434	-0.925439	4.492711	2.280658	6.405047	2.757618	3.127132	-2.133573	0.786517	2.453393	2.070497	4.708024	1.791564	-1.418121
TCGCTCGGCACCAGCG-1_1	3.002987	-1.091663	0.213782	2.213372	1.807497	-2.252477	1.042141	-0.236836	0.664878	2.600999	-3.526454	-2.193810	-1.124624	1.346923	-3.857376	-0.211732	1.483589	1.203496	2.145472	0.331554	2.269978	1.505933	3.122926	0.885730	-1.202054	1.533601	0.575575	0.751381	-1.957187	3.611744	1.002320	-0.502479
ACGCAATCACTACAGC-1_1	6.384703	-0.537769	1.179895	3.586374	4.125201	-6.041355	1.453008	-0.237227	0.739333	6.036728	-4.717444	-4.281461	-3.486208	3.105429	-5.748568	1.544654	0.331965	-0.274563	3.311211	-0.575913	5.058034	2.221701	6.221281	1.814122	0.530039	0.074609	0.730000	1.902831	-1.062557	5.946060	2.136181	-1.027961
CTCTAATGCATTGATC-1_1	5.502804	-0.191030	0.873494	1.914266	4.833205	-5.655591	0.435751	-0.758055	1.609703	4.738990	-3.668757	-4.072719	-3.213094	1.981914	-4.037908	2.205782	-0.105224	-0.389021	2.941198	-0.522167	3.710088	2.133209	4.904399	0.772084	1.273434	-0.044835	0.887180	1.748889	-0.227317	4.356308	1.940522	-0.632380
TTAAACCTGGTTCCTT-1_1	0.744394	-0.083223	0.637788	1.549854	-0.726615	-0.310854	0.644856	0.497865	-0.738252	1.180866	-0.299544	0.576044	0.154854	0.774583	-1.799083	-0.959238	0.592543	-0.034724	0.384605	0.446996	0.970649	0.295941	0.834697	0.916994	-0.916159	0.752072	-0.385007	0.666318	-0.300451	1.166806	-1.097157	-0.203483
GCTAAGTAAAGGCGAT-1_1	6.052769	0.664810	0.473177	1.795105	3.649297	-6.466424	0.465936	-0.589428	0.121871	5.523372	-1.867245	-2.991420	-4.728309	2.319619	-3.432694	3.302961	-1.886836	-4.454355	3.020577	-0.911745	3.475489	1.810691	5.427197	2.989089	3.752088	-2.980798	1.026119	2.327053	2.470757	3.146908	1.828985	-1.408789
GACTGCGGCACGTGTA-1_1	10.387853	1.318790	-0.102723	2.236353	6.048929	-11.210664	0.278755	-1.522189	0.163594	9.054912	-3.352882	-5.179769	-8.370258	3.552748	-5.196335	6.249905	-3.630021	-8.705366	5.634594	-2.007715	4.653047	3.295433	8.713408	5.392660	7.677818	-5.969759	1.992781	3.528114	5.260596	4.562339	3.462332	-2.316373
TGGTGATCGTATTTGT-1_1	18.027441	3.233061	-0.198193	3.475568	10.910532	-19.719152	-0.426483	-3.218683	-0.449261	16.610229	-5.523889	-9.360461	-15.523992	6.388744	-7.875959	11.893907	-7.094955	-17.178431	10.820309	-4.118023	7.362250	5.821849	14.537562	9.896236	15.643584	-12.094934	3.332749	6.783799	11.127794	7.167496	6.000660	-4.068129
TTATCGCCTGCGAAGC-1_1	7.181674	-3.096579	1.855654	7.974893	-3.289020	-4.791177	4.747176	2.173410	-3.549267	9.291852	-5.612078	0.325673	-2.261053	5.218670	-12.067527	-3.192083	3.093257	-1.658750	3.672741	-0.019151	5.847563	2.784354	9.034791	6.824077	-3.329578	1.734240	-0.883415	3.776542	-1.809298	9.466114	-1.648429	-2.781934
GGTGCTGATCACAAAG-1_1	1.838096	-0.740591	0.449140	2.035903	-0.237399	-0.886744	0.630443	0.493092	-0.552786	1.638246	-1.744755	0.146285	-0.255244	1.040082	-3.308000	-1.152551	1.556139	-0.038381	1.323139	0.397061	1.816145	1.435893	2.192778	0.902602	-1.256940	1.545222	0.006649	1.010442	-0.331462	2.531095	-0.512311	-0.192554
CATAGCCGCCCGGGAT-1_1	1.672668	-1.654208	0.212190	2.016237	0.109657	-0.326946	0.596215	0.287323	0.963788	1.670609	-3.326098	-0.562067	1.002317	1.105192	-4.233542	-2.094718	3.009134	2.288840	2.919604	0.457965	0.085726	1.852847	1.559953	0.588526	-2.859441	4.214903	-0.030002	0.728647	-2.048759	3.173181	-1.564223	-0.148826
GGTTAGTTACGGCGCC-1_1	1.535476	-0.644250	0.447830	1.782048	-0.250020	-0.528723	0.494065	0.492669	-0.533197	1.654301	-1.463416	0.130366	-0.242815	0.971692	-2.740701	-1.099076	1.385551	-0.143951	1.208747	0.272524	1.509662	1.051871	1.746534	0.764104	-1.079681	1.318173	-0.032891	0.946658	-0.294486	2.133549	-0.374056	-0.130030
ATTCCCACATAAACAA-1_1	4.720609	-1.380620	1.051085	3.364260	0.008023	-2.665314	0.755823	1.065668	-1.312493	4.280436	-3.111002	0.670114	-1.396391	2.555593	-6.607776	-1.979156	2.568874	-2.086600	3.167637	0.635502	3.791248	2.758788	4.750406	2.499228	-1.109364	2.116425	0.504878	2.475482	1.030699	5.061129	-0.802964	-0.210363
ATTCAGTAGCAGGGTC-1_1	2.383069	-2.016631	1.214140	3.191921	-0.816862	-0.273154	0.670027	1.197691	-0.707956	3.655729	-3.145210	0.354308	0.511626	1.578354	-5.623194	-3.138433	3.542281	0.788545	3.154110	0.583550	1.666964	2.183811	2.686941	1.430905	-2.859509	4.091833	-0.637978	2.341493	-0.956314	4.081421	-2.097686	-0.129141
CAGTTCCGCGGGTCGA-1_1	3.776200	-2.168075	1.937549	4.687697	-0.767096	-1.004953	1.277906	1.731049	-1.347074	5.577984	-4.094813	0.199311	-0.154326	2.518080	-7.401300	-3.840197	4.178463	0.431847	3.997795	0.345517	3.205253	2.401013	3.879099	2.077194	-2.982188	4.377003	-0.708810	2.939580	-1.042842	5.684713	-2.268049	-0.047820
AAGAGATGAATCGGTA-1_1	6.798395	-1.679380	1.197668	4.780245	-0.210274	-5.483263	2.239986	1.378379	-2.184315	7.127935	-4.546147	-0.423490	-3.149870	4.080545	-8.250982	-0.969905	1.629109	-3.265654	3.538869	-0.271227	5.246960	2.581202	7.274842	4.780124	-0.258711	0.423812	0.221242	2.884856	0.596025	7.062166	0.065819	-1.717617
CGCAATTCTACAATAA-1_1	6.011017	-2.211096	1.924207	4.973239	1.350749	-2.326869	1.361799	1.211005	-0.912730	6.503756	-5.475422	-0.724180	-1.140264	3.376536	-8.879537	-3.203905	4.343932	-0.106529	4.780666	0.639501	5.072990	2.869649	4.953132	2.005212	-2.705344	4.488469	0.623741	3.479343	-1.010663	7.143757	-0.937950	0.354625
TAACGCTTTGAGAGCG-1_1	5.283461	0.172883	0.493100	1.600836	2.413349	-5.407625	0.499136	-0.187869	-0.175258	4.800630	-2.042212	-1.736440	-3.618025	2.220700	-3.473570	1.975326	-0.994570	-3.655869	2.717848	-0.722769	2.987656	1.751814	4.722927	2.685379	2.670679	-1.806481	0.630202	2.020054	2.218019	3.250976	1.040553	-1.141257
AGGCTATGGTTAGCTT-1_1	2.838042	-2.094867	1.710115	3.614670	-0.618690	-0.158821	0.316122	1.554957	-0.783817	3.753995	-3.446935	0.744593	1.301948	1.709805	-6.229882	-3.880251	4.173330	1.165557	3.767832	0.906737	1.815024	2.716834	2.443180	1.215786	-3.494822	5.832316	-0.779643	3.259098	-0.884636	4.627670	-3.473285	-0.082781
GAGGAATGGAGAGGTT-1_1	3.973236	-0.950899	0.679870	2.904730	-0.338158	-3.214188	1.402839	0.879754	-1.391605	4.042106	-2.550589	-0.200000	-1.799247	2.520659	-4.960678	-0.462979	0.845705	-1.884720	1.790824	-0.100983	3.120529	1.549993	4.374398	2.910719	-0.384104	0.220300	0.036950	1.718591	0.253428	4.177568	-0.082002	-1.183618
TCCTCTACGAGATGGC-1_1	2.678871	-1.556618	1.397945	3.781596	-1.401947	-0.673508	1.250091	1.328619	-1.515997	3.724037	-2.565089	0.712523	-0.185216	2.022748	-6.012922	-2.953035	3.244409	-0.062240	2.522673	0.554676	2.781991	2.187532	3.470253	1.939914	-2.523596	2.893590	-0.616064	2.092056	-0.520920	4.401011	-1.757094	-0.157298
TTGATTATGCAGATGA-1_1	1.918364	-1.158341	0.086129	1.788943	0.251064	-1.121890	0.609839	0.113153	-0.005193	1.451273	-2.479116	-0.513486	-0.235149	0.815972	-3.547808	-0.881567	1.872069	0.394920	1.618706	0.433291	1.358828	1.783424	2.416089	0.884892	-1.576541	1.847809	0.295325	0.815135	-0.977904	2.690145	-0.079709	-0.397989
TCAGTACTGACCCGCG-1_1	1.906621	-1.121781	0.552348	2.072899	-0.025082	-0.545336	0.351298	0.585394	-0.281436	2.075531	-2.295936	0.133365	0.075752	0.953873	-3.718219	-1.661226	2.160777	0.273509	1.994903	0.481440	1.491903	1.627453	2.027719	0.766487	-1.697731	2.512503	-0.084388	1.414965	-0.521250	2.762655	-0.872415	-0.074124
TTATGACAAACTGGAT-1_1	1.628260	-1.292257	1.302601	4.210922	-2.949038	-0.324302	1.241742	1.234174	-1.354212	2.686675	-1.632650	1.710972	1.031096	1.228671	-6.611525	-3.756677	3.858263	0.655884	2.017692	1.505328	1.687017	2.495821	3.318877	2.628084	-3.540217	3.570026	-1.313813	1.771229	-0.672972	3.909549	-3.640797	-0.195378
GTAAGTAGGGTATACC-1_1	4.608025	0.086836	0.541963	0.849360	2.823428	-4.541706	-0.077506	-0.329773	0.586528	3.338234	-1.371364	-1.240292	-2.698432	1.695500	-3.020951	1.609780	-0.553241	-2.879183	2.143162	-0.009098	2.654880	2.026043	4.172441	1.463820	1.772348	-0.586960	0.884670	2.039865	2.137400	2.697551	0.713489	-0.652081
CGCAAACACGAGTTAC-1_1	2.396437	-1.114801	0.823565	2.803015	-1.445740	-0.535198	0.584550	0.796499	-1.082563	1.488933	-1.338103	1.772308	0.739599	1.094485	-5.404134	-2.807647	3.027983	-0.271855	1.970879	1.429031	2.029404	2.784224	2.859276	1.512712	-2.572244	3.606728	-0.086443	1.991739	0.450613	3.301463	-2.552757	0.140677
TGGCCGTATATTGACC-1_1	3.258003	-0.892602	0.624788	2.635558	0.293563	-1.950237	0.677113	0.591081	-0.553093	2.644504	-2.211910	-0.083455	-1.019353	1.620745	-4.513225	-1.040989	1.693076	-0.854408	1.914378	0.651139	2.836267	1.956251	3.542459	1.489750	-1.194031	1.518570	0.495148	1.597323	-0.017982	3.505098	-0.166664	-0.342324
ACTGTAGCACTTTGGA-1_1	4.653984	-1.511915	0.837071	3.856126	-0.489398	-2.066176	0.863514	0.846869	-1.173886	2.792827	-2.849784	1.550897	-0.569305	1.991612	-7.543162	-2.620510	3.395994	-1.545616	2.860869	1.702337	3.909230	3.727388	5.133615	2.094492	-2.497078	3.496503	1.062936	2.609057	0.797484	5.097870	-1.421701	-0.046959
GCTCTATGTTACGTGC-1_1	2.070209	0.028466	0.601466	1.239060	0.312758	-1.295194	-0.053503	0.375091	-0.454577	1.619643	-0.290890	0.318543	-0.791320	1.132001	-2.022227	-0.212606	0.387514	-1.419574	0.827756	0.456017	1.817991	0.918786	1.731641	0.792377	-0.024863	0.518144	0.181604	1.489856	1.003863	1.586491	-0.457336	-0.059144
TGCGCGATTAACGGAG-1_1	3.063903	-0.471894	0.748613	2.378138	-0.605807	-1.330163	0.532712	0.801129	-1.142159	2.117207	-1.241712	1.278654	-0.550077	1.680978	-4.216427	-1.484130	1.500827	-1.679279	1.489348	0.865211	2.579663	1.869977	2.947565	1.476981	-1.137505	1.627665	0.295994	1.923015	1.077034	3.078696	-1.172365	-0.120114
GAATCGACATGGTCAC-1_1	2.428278	-0.607433	1.403304	2.990861	-0.843924	-0.381976	0.575643	1.342270	-1.261136	2.520605	-1.254850	1.333808	0.585116	1.715064	-4.224597	-2.562286	2.098128	-0.221690	1.914573	0.706934	2.434936	1.643908	1.935085	0.982758	-1.872453	3.123664	-0.393874	2.098782	0.292476	3.100968	-2.483521	0.128804
GACTAAGTAGGCTCAC-1_1	3.965718	0.206271	0.772680	1.417113	2.330919	-4.048557	0.234261	-0.043956	0.249238	3.480996	-1.224186	-1.528148	-2.585086	1.792897	-2.778617	1.519705	-0.601362	-2.259932	1.692431	-0.164759	2.907787	1.479497	3.939079	1.494595	1.370358	-0.830617	0.476534	1.834596	1.306389	2.699112	0.755063	-0.815461
ATCTTGACCTGCAACG-1_1	1.208810	-0.495742	1.769429	3.511742	-1.997007	-0.071454	0.660430	1.457912	-1.543964	2.130987	-0.891868	1.322535	1.311175	1.565767	-4.485355	-3.046424	2.241597	0.588637	1.242089	1.137671	1.470162	1.586622	1.661264	1.857400	-2.838270	2.928726	-1.330866	1.548574	-0.485667	3.065722	-3.482313	-0.234974
ATGCACTACCGCATTG-1_1	1.208351	-0.996229	-0.170475	1.713072	0.142583	-0.957794	0.365390	-0.333690	0.708160	0.891041	-2.578834	-1.078139	0.128439	0.879634	-3.149489	-0.627527	2.520404	1.806848	1.905321	0.482385	0.582369	1.609818	1.643489	0.764682	-2.308065	2.493736	-0.031531	0.127134	-2.264009	2.554106	-0.327067	-0.404158
CAGATACTAACATAGT-1_1	1.781218	0.182772	0.849454	2.304839	0.028735	-0.892655	0.486827	0.582014	-0.900818	1.736377	-0.834383	-0.200158	-0.428413	1.700809	-2.120581	-0.682591	0.585542	-0.030394	0.561481	0.535322	2.380686	0.603738	1.441802	0.706557	-0.953984	0.775631	-0.222755	1.053505	-0.393334	2.169035	-0.527426	0.005080
GATCGACACTATCTGA-1_1	0.665389	-0.413663	0.698102	1.906934	-0.907985	0.002241	0.474749	0.728157	-0.676373	0.940969	-0.988574	0.143782	0.866152	1.221802	-2.326547	-1.650245	1.345178	1.020350	0.783271	0.589918	0.900359	1.118725	1.119546	0.933901	-1.825322	2.012607	-0.850022	0.737951	-0.881471	2.007756	-1.525751	-0.285761
ATAGAGTACTGGGACA-1_1	1.404504	0.092982	0.845691	2.725219	-0.357435	-0.222286	0.603951	0.732396	-0.746463	1.228762	-1.598041	0.056641	0.764067	1.755935	-2.751276	-1.716310	1.470573	1.048313	1.012732	0.829200	2.116151	1.200623	1.488157	0.841085	-2.037305	2.388247	-0.718691	0.829037	-1.146083	2.798508	-1.308866	-0.209859
CCTACTGCTTACACTT-1_1	0.961193	0.731022	1.056781	2.329766	-1.241860	0.205019	0.352027	1.126855	-1.442169	0.342218	-0.374366	1.530778	1.711038	1.556913	-1.894709	-2.065907	0.691350	0.672845	0.611315	1.014975	1.341573	0.766803	0.288744	0.682777	-1.749583	2.790255	-1.031422	0.248428	-0.072122	1.852583	-2.489168	0.153790
CCTGCTATTTGAGAAG-1_1	1.449712	-0.237514	0.782424	2.554456	-0.087714	-0.173759	0.648184	0.753190	-0.306622	1.339100	-2.040984	-0.059453	0.993623	1.499697	-2.889458	-1.914339	1.670104	1.478499	1.425135	0.736928	1.689427	1.168885	1.330291	0.704992	-2.111223	2.920814	-0.614839	0.812577	-1.397780	2.864771	-1.426594	-0.270793
CGCGTTCATGAAATAC-1_1	1.350981	1.526268	1.333470	4.054387	-1.684898	0.275476	0.878687	1.785445	-1.797423	-0.017172	-1.222571	1.753983	3.649664	2.706040	-2.910232	-3.821815	0.764429	2.587282	1.192839	1.570631	2.138138	1.540210	0.388456	0.856718	-2.894551	5.190152	-2.385733	-0.280735	-0.730554	3.699055	-4.026952	0.197471
CATTATGCTTGTTGTG-1_1	1.622539	-0.825920	0.348901	2.223685	0.542786	-0.472230	0.665675	0.362823	0.769237	1.152326	-2.969376	-0.790320	1.327955	1.192527	-3.159065	-1.876167	2.220092	2.477133	2.370860	0.681587	0.798048	1.361685	0.942549	0.362844	-2.312053	4.152048	-0.435707	0.617624	-2.251383	3.177481	-1.530274	-0.371345
CCAGGGACGTGGCCTC-1_1	1.361623	5.617058	3.174771	11.427188	-8.372796	-1.725537	2.796722	5.992284	-4.109232	-0.968080	2.899863	8.038280	8.793918	5.487403	-5.021785	-10.968122	0.364869	4.755860	0.295198	9.832192	4.645981	-0.785068	-1.500499	2.988703	-2.826752	11.854128	-7.770875	-2.068400	1.396885	5.701557	-17.326714	2.741328
TATGGATGTGCTACGC-1_1	1.069659	-0.620874	0.087617	2.306395	-0.794343	-0.163662	1.033122	0.313630	-0.153182	0.392917	-1.734968	0.285709	1.571253	1.054123	-3.542121	-2.243353	1.948292	2.220529	1.464642	1.015100	0.784385	1.777609	1.505049	0.901850	-2.495460	3.594919	-0.671061	0.113647	-1.603976	2.772700	-1.692649	-0.173603
GTACTAAGATTTGGAG-1_1	3.168304	0.189278	1.954378	5.924138	-1.915967	0.987926	2.337415	3.300531	-2.261326	2.087353	-2.566285	2.282614	6.158092	3.830038	-6.486288	-7.058450	2.408882	3.588211	3.081991	1.348140	1.844453	2.998378	0.659085	1.313602	-4.638613	9.548791	-2.756051	1.731281	-1.452622	6.318523	-7.345095	-0.650866
AGACCCGCCCTCCTCG-1_1	12.031187	3.054686	1.205643	2.892949	8.714028	-13.016411	-1.030152	-1.425796	-0.054195	10.964158	-2.728375	-6.790999	-10.128928	5.026869	-4.636197	8.181234	-4.724334	-10.992034	6.420161	-1.858139	6.682623	3.859602	9.992178	5.020534	9.355966	-7.158603	2.109848	5.435516	7.312868	5.170097	3.550043	-2.296848
CGCATTAGCTAATAGG-1_1	6.727026	1.264938	2.729484	5.194877	1.484862	-4.562057	0.574931	1.805470	-2.128859	5.137086	-0.786118	0.224501	-2.837928	3.516289	-5.068421	-0.156587	0.403644	-3.292185	1.474668	1.888149	6.973292	1.074747	3.926797	1.783166	-0.015069	0.882739	0.779023	4.113163	1.544748	4.865279	-1.966653	0.288748
GCTCTCGGGTACCGAA-1_1	2.840881	-0.064714	1.065707	3.607921	-0.235459	-1.322645	1.401370	0.837929	-1.354311	2.552506	-1.564272	-0.053129	-0.311060	2.251383	-3.979732	-1.274844	1.144228	0.085141	0.754432	0.597273	3.213857	1.006688	2.448589	1.311824	-1.767360	1.409809	0.042763	1.147013	-0.884219	3.311269	-0.872514	-0.114080
CACCGCCAGAAGGTTT-1_1	3.771358	-0.149833	1.612466	3.917383	-0.435371	-1.611748	1.042660	1.163471	-1.990526	2.759738	-1.042608	1.228673	-0.511746	2.350088	-4.954833	-1.783392	1.652511	-1.334063	1.227547	1.271610	3.999610	1.652296	3.029606	1.661746	-1.828758	2.032938	0.531888	2.408486	0.431970	3.669448	-1.889888	0.062540
TCCCAAAGACGAAGGA-1_1	6.865935	0.463668	1.880307	3.954299	4.340196	-6.794757	1.294913	0.102418	0.126100	6.665589	-2.716598	-3.891685	-4.594549	3.617788	-5.046848	2.612441	-0.928525	-2.455594	2.577128	-0.288234	6.264140	1.790736	6.792116	2.335503	1.540691	-1.581486	0.913613	3.031273	0.367150	5.384757	1.837830	-1.474169
ATGGATTGACCAAACG-1_1	5.464411	-0.035044	2.100516	5.647928	0.194930	-3.774827	1.893419	1.524355	-2.426082	5.312838	-2.188287	-0.694017	-2.427930	3.885637	-5.950001	-0.636603	1.041092	-1.577367	1.273833	1.071740	6.312169	1.075071	4.564703	2.664897	-1.346010	0.433360	0.382921	3.153049	-0.576347	5.527132	-0.988781	-0.621045
GTCATGGACATGACTA-1_1	5.991833	0.874677	2.101076	4.379459	2.524595	-5.738937	1.266980	0.943485	-1.473352	6.284214	-1.708678	-2.510404	-4.007079	3.713348	-4.696059	2.100588	-1.107298	-3.240637	1.723770	-0.035029	5.877087	1.021593	5.747239	2.947401	1.104465	-1.575510	0.306053	3.039227	0.648735	4.711341	0.411823	-1.339618
CTACTGCCACCTGACC-1_1	9.128412	1.297048	2.486120	4.582806	6.905909	-10.106851	1.310549	-0.366409	0.323406	9.003423	-2.965926	-5.994647	-6.885775	4.615439	-5.643145	4.780677	-2.375260	-4.256397	3.305338	-0.758595	8.358887	2.539146	8.985100	2.924247	3.665740	-3.323780	0.834249	4.606575	1.303336	6.675168	2.673669	-1.986512
TTATATTTGGCAATCC-1_1	2.776949	0.114315	1.601736	4.162881	-0.597761	-1.472178	1.348513	1.412145	-2.108137	2.655249	-1.320013	0.044813	-0.182078	2.874625	-3.969333	-1.587517	1.142533	0.270671	0.653210	1.116004	4.024497	0.910051	2.452941	1.864442	-2.049381	1.634821	-0.349303	1.389547	-1.221041	3.879955	-1.388886	-0.434140
AGCACCAGTACTCACG-1_1	4.312672	-0.204990	2.700593	7.433057	-2.240794	-3.013616	3.189093	2.367266	-3.856016	6.852964	-2.483680	-0.290171	-1.624108	4.898324	-7.548878	-2.006588	1.167596	-0.464431	0.893664	0.471803	5.992638	0.631646	4.920732	4.409801	-3.036570	0.424662	-1.733633	2.492211	-2.077275	6.484279	-2.321285	-1.227547
CATGGTCTAGATACCG-1_1	2.462936	-0.330129	2.696740	6.642994	-3.023766	-1.621957	3.397252	1.943282	-3.341461	5.006273	-1.680066	0.718245	0.239275	3.781919	-7.129912	-3.226268	2.167239	1.436367	0.774842	1.128746	4.793802	1.087585	3.712770	3.834348	-3.917307	2.141275	-2.221642	2.066769	-2.790041	5.539901	-3.819666	-1.167907
TCTACCGTCCACAAGC-1_1	2.571991	-0.480773	1.581078	4.745492	-1.028025	-1.580580	2.179359	1.163406	-1.975082	3.429293	-2.078026	-0.470223	-0.359650	3.008303	-5.144906	-1.784755	1.574939	1.082176	0.878605	0.648917	4.186801	1.198829	3.417689	2.383501	-2.608674	1.511337	-0.723664	1.351905	-2.011290	4.507569	-1.204735	-0.698899
CTAGTTGGGCCCGGTA-1_1	5.791770	-1.215342	4.160254	13.906476	-6.256540	-3.683658	7.013048	3.485441	-6.042666	11.712424	-4.971681	0.615403	-1.498107	7.753895	-15.111600	-5.782609	3.900775	1.132536	1.883995	1.403724	8.925473	1.135571	8.467992	8.184695	-6.431757	1.624559	-4.428728	3.566585	-5.052685	11.328629	-4.816067	-1.757980
TCCCGCGTACTCCTGG-1_1	6.262085	-0.170756	2.064517	6.100252	0.542155	-4.780459	2.737959	1.509706	-2.447996	6.610289	-3.083105	-1.658650	-3.165904	4.686267	-6.631122	-0.093114	0.394550	-1.499697	1.564979	0.506388	6.849545	0.963531	5.670047	3.352712	-1.026412	-0.437775	0.251161	3.016221	-1.157182	6.483882	-0.232289	-1.254103
CAGAGCATGAGCTTGC-1_1	20.492929	3.490867	1.581614	6.817268	12.909140	-21.932379	1.083940	-1.789627	-0.880866	19.023821	-6.026140	-11.680104	-16.578627	8.782139	-10.204395	12.416614	-7.617126	-16.185566	9.663774	-3.292398	12.320133	5.525626	17.331667	9.591332	13.684744	-11.663627	3.282385	8.396152	8.541408	10.401039	6.466699	-4.376201
ACACGGGAACTTAGGG-1_1	4.151980	-0.392011	1.991726	6.058417	-0.633754	-2.888113	2.333326	1.494115	-2.617847	5.212345	-2.426245	-1.087305	-1.780387	3.917965	-6.082421	-1.300246	1.422141	0.103962	1.041673	0.705832	5.955051	0.955292	4.373315	2.852410	-2.135940	0.667812	-0.430929	2.296135	-1.910012	5.687568	-0.741941	-0.704501
GGCTCTGCTCCAACGC-1_1	17.822802	2.528569	3.651619	9.578016	8.307742	-17.996202	2.771680	1.091748	-3.491476	18.149822	-5.389537	-7.657051	-13.169335	9.342086	-11.991189	7.750603	-5.063591	-12.223386	6.988691	-1.885789	13.862836	3.872293	16.004475	9.115306	7.668222	-7.636070	1.221495	8.190192	5.087622	11.988387	2.657135	-3.816071
AGAACGTGGTACATTC-1_1	4.703683	-0.608683	2.591104	8.301723	-1.224698	-2.890888	3.404657	1.853602	-3.001289	6.117409	-3.961425	-1.309767	-1.027094	5.140330	-8.799757	-2.890173	2.927222	1.889492	1.882197	1.180776	7.623271	2.173865	6.056214	3.739407	-4.238591	2.635681	-1.228999	2.445543	-3.467872	8.117979	-1.638090	-0.971165
CAATAAACCTTGGCCC-1_1	4.167322	0.321569	2.759031	6.440239	-0.804229	-2.166360	2.066029	2.180623	-3.134273	4.206206	-2.363891	-0.206199	-0.157456	4.396829	-5.998436	-2.403952	2.045702	0.745166	1.035675	1.431880	6.411685	1.447359	3.634937	2.820207	-3.283182	2.667710	-0.947816	2.321480	-2.118742	6.197299	-2.222527	-0.715224
ACTTCGCCATACGCAC-1_1	3.269983	-0.152625	3.239797	6.955264	-2.635034	-2.116563	2.107241	2.309266	-3.871113	5.273191	-2.007867	0.271109	-0.675874	4.650668	-6.995816	-2.711552	2.217149	0.449082	0.854638	1.165935	5.874665	1.402294	4.213605	3.699029	-3.730143	1.786722	-1.968286	2.282170	-1.746929	6.263711	-3.039205	-0.734198
ATCTGGTTAAGACTGT-1_1	3.261306	0.884544	2.465956	5.263974	-0.426131	-1.765477	1.593381	2.115117	-2.576179	3.212385	-1.991808	-0.302871	0.351097	4.162270	-4.140119	-1.795708	1.299447	1.215701	0.700423	1.141116	5.623780	1.020414	2.276254	2.156634	-2.699480	2.495254	-1.626275	1.927600	-1.906696	5.191246	-2.371910	-0.710441
TCGTAAGACGACATTG-1_1	2.214236	-1.187248	2.589081	5.789531	-2.735486	0.101176	2.138921	2.741292	-2.634081	4.017328	-2.207250	1.151107	2.494817	3.432921	-7.306211	-5.048695	3.581997	2.191173	2.621469	0.982772	3.123350	2.748086	3.090043	2.840672	-4.731744	5.769545	-2.437608	2.359134	-2.023806	5.819471	-5.137861	-1.050296
GTGTACCTTGGCTACG-1_1	2.838572	1.716457	3.405316	5.068519	-1.367577	-1.863090	1.007733	2.943497	-3.754019	2.042823	-0.272077	2.410791	1.490791	3.402119	-3.513202	-2.024649	0.686459	-0.248511	0.563983	1.863446	5.386244	0.474170	1.182479	2.414291	-2.680204	3.476789	-1.776362	1.546381	-0.283528	3.573702	-4.965872	-0.710930
GCCCGTAATACCTTCT-1_1	3.036206	-0.162284	4.386285	7.820539	-3.715320	-1.378498	2.372899	2.957852	-4.689703	5.751967	-1.181103	2.434384	0.977100	4.654254	-8.301533	-4.816364	2.997183	0.648413	1.796591	2.060651	6.371401	1.782371	3.619565	4.328514	-4.782880	4.162550	-2.926475	3.725651	-1.543080	6.901105	-6.061342	-1.194270
CGGTCAAGTGGGAACC-1_1	1.930900	1.273553	2.202203	4.971408	-2.620659	-0.632584	1.734501	2.013641	-3.468067	0.905500	0.104852	3.269213	3.443271	2.704249	-4.617000	-3.786788	1.569201	1.265050	0.888113	2.481470	4.090576	1.754030	0.676782	2.153368	-3.119032	5.777972	-2.553592	2.171850	-0.804859	4.355590	-6.366833	-1.101406
TTGTAAGGCCAGTTGG-1_1	4.760112	1.076507	2.075918	4.253674	1.905448	-3.880155	0.617392	1.005662	-1.259947	4.682410	-1.401124	-1.872963	-2.690430	3.066681	-3.647406	0.825662	0.025682	-1.459036	1.322842	0.540973	5.420483	0.873539	3.956295	1.475577	0.042399	-0.228549	0.145813	2.433052	0.134754	4.104755	-0.096239	-0.243073
GGAGCACCAAGAACTA-1_1	4.391057	4.875670	5.719614	8.624106	-3.153055	-2.000502	1.839021	5.445095	-6.201121	1.312710	1.088977	9.476364	5.880567	3.049835	-6.158979	-5.519409	1.330667	-1.610745	2.052676	4.264834	7.993872	0.214354	-0.642391	2.779433	-4.068894	10.045717	-3.721871	1.805708	2.184143	4.053511	-12.753633	-0.637551
TAATAGTGACGACCAG-1_1	1.983709	0.152061	0.981670	3.088896	-0.044352	-1.300411	0.891819	0.689069	-1.033333	1.976454	-1.430021	-0.734656	-0.416136	2.242092	-2.766212	-0.841689	0.937921	0.749105	0.554376	0.826536	3.181393	0.847975	1.987406	1.183738	-1.503550	1.055388	-0.568171	1.203082	-1.316140	3.104860	-0.656447	-0.328898
CTAAATCCTATTCCGG-1_1	3.315337	2.933416	3.718670	6.584455	-2.260200	-1.317481	1.813249	4.201809	-4.826287	0.843530	0.266915	5.491982	5.455215	3.680631	-4.865541	-4.665999	0.447640	0.805203	1.528705	2.632794	5.702582	1.361971	-0.228039	2.123210	-3.386317	8.486562	-3.361868	1.458770	0.673054	4.483245	-9.227633	-1.020151
CGAGTTCTGTCCCACC-1_1	2.635915	0.218046	2.050087	5.307343	-0.483283	-1.208514	1.789042	2.009934	-1.389654	3.421891	-2.901362	-0.660621	1.233324	3.881251	-4.659466	-3.048414	1.630534	2.831840	1.851463	0.933954	4.448640	1.462409	2.544097	1.939225	-3.206719	3.842352	-2.073674	1.689347	-2.714096	5.485397	-2.767619	-0.791333
AGGCAGATGCGTAAAC-1_1	1.785572	1.271722	1.217917	3.775766	-0.730142	-0.326417	0.966155	1.464989	-1.532307	0.666644	-1.473405	0.828532	2.319680	2.643390	-2.665780	-2.591969	0.828530	2.012604	1.023602	1.264786	3.033493	1.174223	0.728001	0.893465	-2.306175	4.014613	-1.866948	0.301568	-1.133406	3.665755	-2.723564	-0.102532
AAGGATGAGGGACCTC-1_1	3.837094	-0.972984	0.191047	5.505544	1.519275	-1.907408	2.989007	0.856778	1.009968	2.797409	-6.400712	-2.604198	1.800261	3.518963	-6.706301	-3.616393	2.616055	6.640508	3.484465	1.665789	3.505494	2.241056	3.538089	1.639573	-4.485348	6.225047	-1.022378	0.028078	-5.521362	7.318687	-1.107829	-0.515629
AGAGAACCGTCTAGGA-1_1	26.290804	8.838219	3.010656	4.290505	22.454775	-29.224945	-4.786139	-7.175460	1.275065	25.235474	-7.076114	-16.737991	-24.754099	8.548751	-6.729810	23.348381	-13.522415	-25.136507	18.994228	-6.399845	11.831261	10.173711	22.126923	12.700027	27.008898	-21.060448	5.159114	9.481277	19.636835	7.485478	9.403523	-5.637049
GAGGGCGCAGCTCTGC-1_1	-0.786008	3.909986	3.660868	11.995799	-9.594968	-1.607512	2.675625	7.645826	-3.991847	0.127015	2.738339	5.476980	8.125302	8.183640	-5.298950	-11.607233	0.382800	8.581307	-0.266983	9.715915	2.946755	-0.431005	-0.412327	4.661211	-4.428886	9.475782	-10.219472	-2.053968	-1.046203	7.203023	-15.932818	1.220381
AAGATTGGCGGAACGT-1_1	16.167109	4.562842	1.901987	3.378049	13.977674	-18.460327	-1.991053	-3.235930	1.470849	15.441526	-4.215683	-10.955173	-14.469872	6.003641	-5.674610	12.498662	-6.735663	-13.831520	9.820434	-3.424308	8.778872	5.815832	14.119982	6.452442	14.104184	-10.389431	2.734001	6.891914	9.875947	6.650021	6.050588	-3.274503
CCAGTAGTCTGATCCA-1_1	-2.469597	3.335317	4.281184	14.977270	-13.158517	-2.575552	4.608983	9.034403	-4.278446	-0.272698	5.193415	7.264952	7.928617	9.951518	-4.800983	-13.937543	0.441795	9.125256	-2.012027	13.807539	1.788934	-3.489788	-1.648556	7.178051	-3.386522	8.480542	-13.373812	-2.229953	-2.122421	7.890387	-18.237534	0.846963
AAGGGACAGATTCTGT-1_1	11.356415	0.997040	2.296292	6.029693	8.300847	-11.201831	2.648073	-1.219861	1.270400	8.599530	-6.387736	-8.078497	-5.878620	5.780297	-7.924896	3.780409	-1.188401	0.683646	3.851537	0.034881	9.821113	3.231810	9.102900	1.921802	1.765659	-0.649919	1.353991	3.410329	-1.790248	9.591027	3.028959	-0.646772
ATAGAGTTATCAACTT-1_1	-0.882031	1.375567	3.709259	14.390190	-12.956893	-1.925828	6.253605	7.663635	-5.049761	2.512901	3.610382	5.827962	7.329144	10.244702	-8.212571	-13.443197	2.343490	8.320384	-1.619748	11.489146	2.846298	-1.776949	0.930813	8.543162	-4.641385	7.783204	-11.858246	-0.356645	-3.818432	9.457397	-16.854136	-0.999380
AAATTACCTATCGATG-1_1	2.963073	-2.854133	1.053321	6.930101	-1.227377	0.129810	3.233371	2.557366	0.209277	4.132142	-7.031044	-1.122488	4.939372	3.708081	-10.244546	-7.587343	4.970584	8.381830	5.770953	1.200602	0.240407	3.862518	3.638038	2.518553	-7.287663	10.363212	-2.230821	0.370019	-5.613163	8.461476	-4.972332	-0.941943
TTACAGACCTAAATGA-1_1	3.651598	-3.286767	0.593976	6.703160	-0.041545	-1.642768	5.326519	0.621969	0.289823	4.205486	-8.985922	-2.134356	2.490489	4.047914	-11.016876	-5.417446	5.154384	8.590466	5.164587	0.608187	2.846345	3.751907	5.895851	3.447789	-7.176907	7.620882	-0.895887	-0.602303	-7.606105	9.329614	-1.016818	-1.705764
CTATAAGAGCCAATCG-1_1	2.479874	-2.654550	-0.013420	4.106901	0.267992	-1.145343	3.265456	0.075844	0.967294	2.339351	-6.614867	-1.491204	1.848713	2.295830	-7.680617	-3.726287	4.124641	6.384107	4.252925	0.427538	1.107085	2.920325	4.013844	2.051116	-5.106945	5.967476	-0.072470	-0.755023	-5.370637	6.256616	-0.424014	-1.060614
GTACTCCTGGGTATGC-1_1	4.645402	-2.252331	-0.472736	3.775738	2.459930	-3.424496	3.066767	-0.885503	1.443698	2.758705	-7.343328	-3.358600	-0.311982	2.402179	-7.536314	-1.531702	3.012002	4.983306	3.828181	0.824736	2.744969	2.884694	4.962367	1.718779	-3.503181	4.108444	1.173903	-0.430011	-5.074086	6.701882	1.440911	-0.707811
ATAAGTAGGATTCAGA-1_1	4.628778	-3.711153	-0.212274	6.637424	1.965769	-2.582176	4.738573	0.051632	2.514939	3.912929	-11.436779	-3.575736	2.916447	3.917841	-11.561378	-5.662456	5.604237	11.392058	7.139999	0.771170	1.955547	4.247422	5.975944	2.491943	-7.560495	9.952724	-0.105686	-1.337725	-8.964874	10.389861	-0.374445	-1.308388
AGGTCGCGGAGTTACT-1_1	4.564124	-3.026289	0.091245	6.082831	-0.433933	-3.231041	4.377386	0.139868	-0.636698	4.674926	-7.462821	-2.158612	-0.510628	3.660769	-10.314843	-2.715292	4.197299	4.164983	3.902418	0.077712	3.928312	3.567297	7.023732	3.784201	-4.888069	3.761125	0.034445	0.250792	-5.269863	8.205903	0.527202	-1.633241
CTAATTCTCAGATATT-1_1	3.024324	-3.096273	0.471831	6.694179	-2.769766	-1.552254	4.922875	0.918039	-1.173206	3.900802	-6.308269	-0.470813	1.314334	3.538484	-10.999120	-4.768214	5.154148	5.349213	3.503424	0.587769	2.816423	3.978805	6.717134	4.196280	-6.500877	5.233889	-1.200499	-0.351276	-5.239513	7.870599	-1.573990	-1.300871
GCCAACCATTTCCGGA-1_1	8.567440	-1.034461	1.358502	5.809544	2.601433	-7.225967	3.443445	0.647944	-0.949983	8.053129	-5.935028	-3.514735	-4.083104	5.129726	-8.521819	0.864760	0.168898	-1.498613	3.579185	-0.674798	6.892800	2.268717	8.390984	4.005116	-0.177604	-0.430076	0.953851	2.382741	-1.293268	8.090823	1.882048	-1.975063
TGATCCCAGCATTAGT-1_1	3.496929	-1.667923	0.794343	4.699768	-0.660678	-2.335454	3.012287	0.684427	-1.320935	3.803008	-4.049039	-0.921086	-0.689942	2.880078	-6.767406	-1.867241	2.245557	1.115379	2.120238	0.123998	3.819633	2.194127	4.998714	2.670017	-2.576855	1.826650	-0.111470	1.024176	-2.274612	5.455536	-0.170586	-1.088896
CGTTGTAAGATTGATT-1_1	13.954816	2.748381	0.745255	2.527443	11.773348	-16.321442	-0.563871	-3.090062	2.135327	12.603766	-5.088031	-9.447918	-11.906272	4.724464	-5.557849	9.896826	-5.505036	-9.961740	8.406049	-3.132400	7.160152	5.050029	12.247345	5.224268	11.218763	-8.148888	2.354291	5.067825	6.853377	6.609704	5.784261	-2.888862
GAAACCATGGTGCGCT-1_1	2.051622	-2.037330	0.811999	3.871330	-0.219313	-0.457467	1.776035	1.070502	0.435938	3.222503	-4.705319	-0.954614	1.656981	2.183790	-5.907639	-3.847558	2.853644	4.237709	3.663636	0.466749	1.050964	2.052002	2.707726	1.404173	-3.724449	5.158826	-1.054298	0.827656	-3.079611	5.049780	-1.973385	-0.396341
AATCTATGCCGGAGCC-1_1	14.711252	2.853177	0.590776	2.435161	13.044730	-17.643280	-0.914446	-3.799595	2.682842	13.000207	-5.899902	-10.762787	-12.655623	4.777150	-5.707460	11.054585	-5.731894	-9.756321	8.752419	-3.506457	7.348112	5.634841	12.698041	4.996249	11.823157	-8.560340	2.357472	5.214211	6.753211	7.040112	6.372102	-3.023611
GACTCCCAGAATAAGG-1_1	40.852505	12.503274	1.427872	4.618616	33.349319	-45.583431	-7.924144	-14.504854	3.749704	37.929085	-12.483731	-26.309250	-39.936485	11.681328	-9.633112	38.724838	-22.971825	-39.006855	31.194826	-11.213789	14.991195	17.167290	34.103245	21.344128	44.701580	-37.172985	9.333238	12.868193	31.473267	11.082759	15.356853	-10.266929
AGGGTGGATAGTGCAT-1_1	2.146596	-2.026161	-0.486736	2.868158	0.008224	-1.743144	2.243349	-0.467585	0.879068	1.558486	-4.761048	-1.369476	0.252294	1.556980	-6.132056	-1.546656	3.416997	3.865400	2.979362	0.214016	1.062137	2.589258	3.828755	1.903990	-3.786289	3.448673	0.409448	-0.808192	-4.078513	4.516762	0.259565	-0.975380
TGATAGCGGGATTCTA-1_1	16.548422	3.562906	-0.277372	2.496199	11.698757	-18.271276	-1.252224	-4.251678	1.446271	14.634890	-5.059560	-9.717756	-14.775763	5.097669	-6.391998	12.746919	-7.349884	-14.796668	10.509349	-3.718093	6.423188	5.979868	13.916111	8.439327	14.882583	-12.009415	3.725709	5.550732	10.267213	5.953348	6.133921	-4.021463
GTCAGTTTGGTAGTCG-1_1	3.783148	-1.691408	0.348976	3.725940	0.256117	-2.561831	2.313066	0.482954	-0.517552	3.535062	-4.142254	-1.112527	-1.132550	2.139689	-6.129208	-1.212638	1.934787	0.476399	2.501906	0.094742	3.282226	2.119580	4.883598	2.237622	-1.933846	1.553849	0.534221	0.828806	-1.802609	4.916042	0.559607	-1.053895
GCATTCGAAATGAACA-1_1	8.027182	0.794158	0.299688	1.273867	7.409551	-9.468157	0.074285	-2.058463	2.481964	6.252356	-3.578202	-6.075233	-6.122113	2.264259	-3.740858	5.618511	-2.668172	-3.314369	3.982701	-1.373328	4.296455	2.957233	7.158456	1.879863	4.638630	-3.236034	1.650884	2.376802	1.908515	4.371739	3.721097	-1.611390
AAAGACTGGGCGCTTT-1_1	4.094484	-2.470689	0.151899	3.811314	-0.053373	-1.664449	1.413660	0.433872	-0.190627	2.440344	-4.633045	0.401175	0.158954	1.303686	-8.078529	-2.901171	4.142891	0.800857	3.578143	1.359011	2.869629	4.001625	5.264011	1.774413	-3.557147	4.674589	1.223338	1.558890	-1.164453	5.483503	-0.699008	-0.274287
TAACAATATTTGTTGC-1_1	3.867149	-1.978123	1.397027	4.573263	-2.484524	-1.755481	1.590257	1.698801	-1.826946	4.915467	-2.884234	1.459034	-0.725261	2.503709	-7.815607	-3.288712	3.467068	-1.263371	2.900084	0.960033	3.186087	2.641540	5.335631	3.739597	-2.867033	2.611625	-0.623554	2.666521	-0.065242	5.650205	-2.095486	-0.953847
CCAGCTTCCGCCCGCA-1_1	3.248857	-2.279571	1.784556	4.352783	-3.728095	-0.064714	0.895153	1.286972	-1.403080	2.753619	-0.604649	5.986701	2.709065	1.370647	-9.404877	-6.585520	5.189396	-1.581253	4.920770	3.894321	2.405661	4.034925	4.186108	4.202543	-4.250261	7.699628	-0.616477	4.723663	2.087059	4.395664	-6.843225	-0.605727
GATATGGATTACGCGG-1_1	5.680602	-1.436732	1.403376	3.866232	-1.789857	-2.239832	1.232468	1.399053	-1.558379	3.797578	-1.553495	4.404573	-0.418393	2.890271	-8.685427	-3.724154	2.469400	-4.276235	3.901675	2.777884	3.851088	3.145647	6.011709	4.593718	-2.484966	3.762677	1.041361	3.796990	3.112923	5.123672	-3.208800	-1.048435
AGAGCAGTTATGAGAC-1_1	4.197346	-2.023233	1.514292	3.654497	-2.847194	-0.797539	0.755165	1.057870	-1.187487	2.526732	-0.427901	5.953060	1.806345	1.823566	-8.935443	-5.596196	3.936129	-2.947499	4.822240	3.874884	2.776268	3.885312	4.745127	4.331144	-3.554536	6.829262	0.331293	4.613869	3.110590	4.139871	-5.712915	-0.725294
TCACATCTTATCTGAT-1_1	2.648823	-1.127582	0.847242	2.709564	-1.470111	-0.632305	0.631630	0.866707	-0.962922	1.810191	-1.101989	2.185547	0.493064	1.321956	-5.473897	-2.833056	2.654677	-1.037997	2.204231	1.580764	2.077989	2.504699	3.168226	2.022108	-2.336802	3.291933	0.123261	2.050535	0.952676	3.161083	-2.406297	-0.071450
TATGAAGACAGGTGCG-1_1	3.573661	-2.120495	0.234307	3.034587	-0.373530	-1.071387	0.679327	0.474426	-0.334106	1.837431	-3.202868	1.319641	0.401796	1.132128	-7.028649	-2.905166	3.851063	0.001279	3.123479	1.704038	2.454472	3.711891	4.220682	1.483250	-3.129173	4.633917	1.117782	2.079334	-0.105045	4.385077	-1.412942	0.065637
TACCTGCTGCACTGTG-1_1	2.549454	-1.475019	-0.215219	1.662512	1.370863	-2.350008	0.534761	-0.562774	0.908424	1.816185	-3.321524	-1.857675	-0.960067	0.815783	-3.965490	0.109715	2.059512	0.758330	2.226378	0.298047	1.349331	2.375339	3.111331	0.818937	-1.565811	1.671599	0.594162	0.788275	-1.736667	3.230072	0.746585	-0.732456
TAGGTCCAAGTAAGGA-1_1	2.093436	-0.639138	0.219438	1.020492	0.744843	-1.379085	0.124875	-0.029670	0.120101	1.382402	-1.271716	-0.184028	-0.685939	0.792567	-2.534228	-0.324724	0.923685	-0.683154	1.304097	0.509657	1.420856	1.398962	2.036768	0.647622	-0.418117	1.047331	0.532961	1.243046	0.282936	1.891152	0.047016	-0.158523
GAAACTCGTGCGATGC-1_1	7.515790	0.394028	1.269543	1.307858	6.113780	-8.505774	-0.174059	-1.049626	1.485317	6.185965	-2.780110	-3.824300	-5.198131	2.697188	-4.139055	3.749773	-1.417120	-3.798045	3.626682	-0.598558	4.822672	3.076663	6.714077	1.821027	3.769089	-1.761661	1.094686	3.435224	2.779456	4.615882	1.952890	-1.158755
AACAATTACTCTACGC-1_1	2.919582	-1.324420	0.420911	2.407266	1.376854	-1.412323	0.715299	0.191247	0.648290	2.513189	-3.699626	-1.095954	-0.182655	1.363572	-4.413058	-1.463418	2.150443	1.525746	2.839992	0.679600	2.018918	1.880043	2.648451	0.618296	-1.889270	3.151577	0.331558	1.412437	-1.518545	3.829455	-0.375632	-0.119401
CCGCACGTGACCTCGG-1_1	3.112299	-0.670812	0.302069	1.432952	3.259166	-3.303585	0.331505	-0.855691	1.337237	2.704866	-3.097645	-3.295282	-1.889529	1.053980	-2.926679	1.190556	0.682116	0.692440	2.173369	-0.102515	2.229723	1.891716	3.338566	0.287360	0.005805	0.652818	0.491537	1.175354	-1.297406	3.162204	1.676064	-0.580114
AACTTGCCCGTATGCA-1_1	2.414335	-1.429253	0.131075	2.183372	0.214823	-1.144853	0.465518	0.245170	0.114118	1.703341	-2.939068	-0.242175	-0.120259	0.928124	-4.517910	-1.364679	2.630898	0.483393	2.184642	0.794025	1.625825	2.322338	2.822202	0.932049	-2.158496	2.846042	0.401866	1.255703	-0.984971	3.330291	-0.552553	-0.286257
GGGTATGTATGCACTT-1_1	5.955966	0.152067	0.566271	2.312945	2.746304	-6.322340	0.930829	-0.261005	-0.262353	5.661342	-2.581540	-2.616121	-4.223506	2.721830	-4.156744	2.551663	-1.277022	-3.614071	2.761796	-0.976642	3.731897	1.858094	5.571970	3.117446	2.757442	-2.239170	0.504444	2.268080	1.656133	3.964803	1.471938	-1.548087
TTCGTACTCCAGAACG-1_1	2.218549	-0.508300	0.257339	1.275054	0.844307	-1.416147	0.046731	-0.000771	0.063767	1.317271	-1.443295	-0.285414	-0.580973	0.759223	-2.687771	-0.395762	1.091692	-0.429314	1.276826	0.548625	1.594208	1.540287	1.922478	0.376007	-0.551060	1.310755	0.443684	1.221643	0.177475	2.082434	-0.107547	0.065836
GAATTTCTCGCTGCAG-1_1	1.828236	-1.167506	0.793858	2.822064	-0.444970	-0.477780	0.872550	0.902081	-0.364951	2.198764	-2.565677	0.055576	0.683093	1.454161	-4.261953	-2.401848	2.139450	1.367482	2.156498	0.501895	1.419932	1.734209	2.166282	0.971725	-2.256141	3.147549	-0.534415	1.255582	-0.984408	3.348440	-1.647714	-0.119419
AACAGGATGGGCCGCG-1_1	2.488659	-1.340127	1.064243	3.293148	-2.105876	-0.432294	0.787791	0.932790	-1.244717	1.887321	-1.267193	2.432888	0.970934	1.325632	-6.306058	-3.543261	3.371628	-0.466864	2.499834	1.774994	2.159665	2.990847	3.366698	2.219544	-3.044113	4.117649	-0.291787	2.290556	0.668777	3.656797	-3.219390	-0.001616
GACGTGTAGGGATTAT-1_1	1.393416	-0.628817	0.082045	0.995813	-0.040116	-0.659336	0.303580	0.215498	-0.135706	0.932943	-1.122027	0.225827	-0.177313	0.623217	-2.155179	-0.702242	0.963585	-0.290845	0.965955	0.391150	0.938182	1.010183	1.467829	0.622876	-0.702140	1.112497	0.274288	0.718824	0.016604	1.523484	-0.201097	-0.137042
TAGGTGAGCCCTACTC-1_1	2.364782	-1.711841	1.534745	2.989796	-1.953723	0.241698	0.385601	1.255915	-1.307167	2.662599	-1.290016	2.594857	1.349571	1.311229	-6.242839	-4.176014	3.948569	-0.289707	3.128865	1.544586	1.780771	2.842629	2.513440	1.749704	-2.950752	5.094546	-0.529036	2.944993	0.708851	3.632527	-3.927629	0.276355
CTAATTCGCACGCGCT-1_1	2.945686	-2.234994	2.055734	4.196216	-2.791364	0.441849	0.797648	1.622806	-1.889384	3.783326	-1.449545	3.485714	2.029381	1.678664	-8.112705	-5.638586	5.052422	-0.330639	4.156063	2.056409	2.260885	3.323961	3.099607	2.553809	-3.712160	6.578695	-0.688967	3.951713	0.687347	4.649874	-5.362873	0.102294
GAAGCTTGCTGACCGC-1_1	2.699857	-1.369262	-0.055219	1.908183	0.064700	-1.217138	0.111497	0.163528	0.169124	1.154386	-2.504598	0.254677	-0.002142	0.802755	-4.625343	-1.407623	2.718409	-0.034519	2.061733	1.134041	1.443535	2.701555	2.790023	0.788434	-2.146315	3.110101	0.732854	1.392470	-0.370284	3.123228	-0.853289	-0.005518
GGTTAGGCTTGGAGAA-1_1	2.910781	-2.103937	1.710164	4.726072	-3.329094	-0.445156	1.403636	1.308217	-1.638113	2.963426	-1.821200	3.296895	1.540152	1.720771	-8.901940	-5.119691	4.831361	-0.251909	3.485336	2.424891	2.608720	3.741918	4.654968	3.672833	-4.575870	5.615916	-0.750986	2.960939	0.318537	4.948706	-4.722916	-0.405933
ACAAGGACAAGAGGTT-1_1	3.844635	-0.802010	0.314645	1.956366	1.574024	-2.777536	0.392766	-0.112762	0.302228	2.397902	-2.099688	-0.683023	-1.469442	1.310813	-4.255635	-0.100587	1.141458	-1.184102	2.048655	0.793779	2.660444	2.313599	3.835630	1.148173	-0.585170	1.263367	1.089339	1.800877	0.335788	3.238576	0.409260	-0.368406
AGGCCACCCGTTATGA-1_1	2.447841	-1.655186	0.945408	2.939487	-1.493973	-0.079867	0.649755	1.156523	-0.935049	2.235058	-1.900657	1.760844	1.141514	1.256743	-5.883790	-3.442168	3.499153	0.402156	2.810216	1.174130	1.605618	2.800116	2.792799	1.345429	-2.967201	4.809767	-0.244836	2.070154	0.045871	3.524381	-3.026772	0.205406
GTGGGCTTAGACACAC-1_1	3.257881	-0.453153	0.689424	2.331115	-0.693651	-1.391341	0.359938	0.926158	-1.052151	2.052509	-1.125668	1.477386	-0.586978	1.622002	-4.325361	-1.522147	1.553482	-1.863971	1.517755	1.045809	2.485210	1.971659	3.143102	1.619520	-1.298498	1.762357	0.406257	1.935803	1.251799	3.080026	-1.289679	-0.138332
CGTGTCCCATTCGCGA-1_1	1.356581	-0.124505	0.285291	0.632452	0.458595	-0.971075	0.055122	0.079511	-0.040347	1.056529	-0.455635	-0.046359	-0.535095	0.701005	-1.312611	-0.018676	0.213191	-0.754740	0.715090	0.192192	1.019799	0.688355	1.246900	0.497417	0.052532	0.365630	0.159548	0.890332	0.505495	1.044050	-0.070405	-0.159693
TGGAGTGATGCGATGA-1_1	2.946397	-0.475097	0.800444	2.243590	-0.678504	-0.935617	0.507255	0.809122	-0.980955	1.761113	-0.773105	1.885415	-0.138369	1.413830	-4.183064	-1.796117	1.445838	-1.764854	1.620062	1.258959	2.203264	1.614208	2.747236	1.720810	-1.462020	2.089604	0.655184	1.756607	1.227329	2.536088	-1.537864	-0.110734
AACAACTGGTAGTTGC-1_1	2.543084	-0.211655	0.361642	0.897079	3.191420	-3.115420	-0.212817	-0.883883	1.333639	2.221099	-2.012136	-2.993346	-1.825149	0.761538	-1.787628	1.694855	0.199128	0.285006	1.532374	-0.056813	1.882349	1.586603	2.503441	-0.065348	0.420521	0.201919	0.213367	1.393699	-0.734317	2.189050	1.276500	-0.484122
CCTGGCTAGACCCGCC-1_1	2.728073	-0.683445	0.365769	2.250521	-0.431681	-1.302740	0.517439	0.597364	-0.729634	1.611916	-1.431855	0.828911	-0.391105	1.253479	-4.091736	-1.262033	1.583928	-1.017014	1.379026	0.885958	2.200624	1.937803	2.945788	1.338513	-1.373741	1.701229	0.516074	1.385647	0.464959	2.814327	-0.781030	-0.152621
CGCAATTAGGGTAATA-1_1	2.142486	-0.341393	0.564486	2.090142	0.165561	-1.097646	0.310443	0.514894	-0.452664	1.769629	-1.384132	-0.056489	-0.562046	1.195240	-2.814824	-0.814100	1.241624	-0.238405	1.156096	0.564337	2.158330	1.225159	2.007158	0.653155	-1.019779	1.277801	0.101064	1.316648	-0.149772	2.418371	-0.440263	-0.031237
TCGAAATTTAGGACCA-1_1	1.468673	-0.049930	0.896019	2.667945	-0.940215	-0.065190	0.819856	1.044051	-0.904322	0.979373	-1.173685	0.906524	1.596335	1.599917	-3.191776	-2.430774	1.501482	1.135086	1.094870	0.884457	1.570607	1.530973	1.210733	0.857996	-2.257041	3.239638	-0.917580	0.943312	-0.687680	2.748780	-2.521410	-0.145179
AGACTAGCCTTCCAGA-1_1	3.099953	0.133986	0.741029	2.868195	1.805467	-1.946014	0.769537	0.196085	0.322215	2.526540	-2.338288	-1.725553	-0.999869	1.947258	-3.038650	-0.338657	1.003971	1.113184	1.675286	0.724324	3.165955	1.213426	2.651627	0.430529	-1.159677	1.562620	0.132631	1.194492	-1.370982	3.378214	0.144217	-0.012962
TTGATCTAACTTTGTC-1_1	0.772891	6.856553	4.942173	12.617367	-9.028273	-3.289531	3.681997	8.103580	-5.287903	-1.678797	5.097920	9.768512	9.074594	6.059901	-4.712524	-11.045103	-0.048371	3.666172	0.168862	11.586014	7.198371	-3.652072	-2.250084	4.557676	-2.045993	11.215660	-10.221781	-2.613924	1.707760	4.994194	-20.371099	1.706756
AAGGAGCGGTTGGTGC-1_1	0.935041	1.201071	0.938144	5.401653	-2.687982	0.547631	1.901848	2.051418	-1.887810	-0.002658	-1.793996	1.448324	4.817310	3.955245	-3.783610	-5.561219	1.261790	4.938881	1.486232	2.695964	2.660250	2.011075	0.862241	1.582459	-3.710369	6.657290	-3.623017	-0.499254	-2.191247	5.693876	-4.683027	-0.401286
ACTTGGGACCCGGTGG-1_1	1.942306	7.661821	5.779596	14.940663	-10.691512	-3.870566	8.713869	9.017828	-7.218902	-3.086473	9.011340	14.926735	10.712940	6.255633	-5.271335	-14.163671	0.154359	-0.425085	0.721013	16.287516	10.896855	-8.876186	-4.662455	6.127436	1.804611	13.214686	-12.920085	-1.717273	1.414172	4.350922	-25.978085	0.576038
TGATCTCCGGCGCCAG-1_1	0.304662	8.469094	6.547738	16.194349	-11.391217	-4.157072	4.498425	9.331956	-5.577233	-2.402047	6.331021	11.829011	9.799008	6.772145	-4.713879	-13.951283	-0.088712	4.281696	0.117051	15.697677	8.106043	-5.810265	-3.236200	5.156258	-1.656975	13.103008	-13.093990	-3.719263	1.792694	5.292126	-24.972412	3.581141
CAGTTCAAATTGACAC-1_1	0.052866	6.718754	5.787787	15.596589	-11.634617	-3.902233	6.966277	9.509767	-6.180824	-2.548637	8.066989	12.472715	9.972920	7.512190	-4.709535	-14.316174	-0.192732	3.023608	-0.022600	16.054302	8.294551	-7.525749	-4.010095	6.269498	0.149932	12.044634	-13.973534	-2.180816	0.409650	5.372421	-24.351177	1.134216
GTCCGGCTGAATTGCG-1_1	1.458392	9.719703	6.432616	14.119367	-8.498718	-4.349354	5.194903	8.686779	-6.607892	-4.083119	7.211737	12.539877	10.017821	4.423590	-3.855492	-10.826738	-0.520446	-0.440549	0.811361	14.281070	11.673946	-8.189360	-4.551876	4.744448	0.953106	11.806418	-10.647069	-3.691262	2.635718	3.128726	-22.937763	1.771545
CTGGAAATGGATGCTT-1_1	0.705719	6.309406	5.468957	13.099289	-9.119748	-3.486480	6.371423	8.278518	-5.869646	-2.546713	7.110497	11.163163	8.782468	5.993945	-4.409550	-11.614157	-0.174257	0.940008	0.520609	13.536591	8.713495	-7.302914	-3.582907	5.439735	0.768231	10.476699	-11.721862	-2.239145	0.589377	3.946229	-21.120262	0.608165
TGATCGGTTTGACCCT-1_1	2.766042	9.613640	6.245681	14.773188	-9.227491	-4.342931	7.426524	9.284666	-7.197233	-3.708581	8.594916	15.122250	11.343974	4.500119	-5.556668	-12.825566	-0.157220	-2.082960	0.791169	15.429050	11.778704	-8.746530	-5.074473	5.400287	1.878826	13.162979	-11.454316	-2.840956	2.784946	3.362799	-25.790014	1.203085
TAGAGTCTAAGCGAAC-1_1	1.945248	10.911773	8.731476	19.928015	-13.040096	-5.407105	8.502025	12.720572	-9.050707	-3.969837	10.360666	17.317614	13.681795	7.999581	-7.405749	-16.856989	-0.280902	-0.058355	0.918122	19.799923	13.503047	-10.655285	-5.371852	7.899654	0.693624	15.849482	-16.693680	-4.437141	2.362329	5.204666	-32.234150	1.689814
GAGACTGATGGGTAGA-1_1	1.787040	4.472209	3.998178	12.128464	-8.617450	-2.153420	4.393950	7.991152	-5.290207	-0.197564	3.668772	8.182293	10.020243	6.842098	-5.786504	-12.213044	0.343692	5.431214	0.541703	9.806386	5.061357	-1.153129	-1.681163	4.242070	-2.757976	13.115743	-9.097301	-0.900908	0.670429	6.892760	-19.577520	0.648568
TAGCTAAGTCCGGGAG-1_1	1.504372	3.996863	3.001541	9.951926	-6.892631	-1.135065	2.827117	6.261799	-4.646756	-0.330967	2.237461	7.268322	8.149759	5.769163	-5.308989	-9.385788	0.338173	4.073948	0.739218	7.306226	4.862406	-0.146673	-0.960640	3.142160	-3.089387	10.854526	-6.973543	-1.079330	1.056525	5.909892	-14.991065	0.783131
GGGCGATATGTGTGAA-1_1	2.808624	1.323753	2.774870	4.037270	-1.842411	-0.511289	-0.106626	2.311490	-2.585648	1.305816	0.694043	4.765006	2.861243	1.673294	-4.053349	-3.818932	1.377500	-0.917710	1.556232	2.327257	2.963512	1.399976	0.027583	1.162138	-2.707342	5.746341	-1.430895	2.604254	1.558150	2.693301	-6.877397	0.148983
CTCGAGGTCGAACAGT-1_1	2.111696	1.538557	2.291076	3.886986	-1.443450	-0.818071	0.346694	1.994375	-2.536479	1.146335	0.018487	3.056011	1.796309	2.258018	-2.957728	-2.443711	0.795610	-0.283184	0.668220	2.000766	3.472889	0.760722	0.448727	1.310727	-2.221430	3.589131	-1.403427	1.502649	0.470908	2.695444	-4.684371	-0.101911
GATCCCTTTATACTGC-1_1	3.176571	-0.011970	2.666659	4.742707	-2.736773	-0.577450	0.575848	1.909661	-2.679827	2.749009	-0.093839	3.981871	1.626997	2.136428	-6.728618	-4.649739	2.631959	-0.850406	2.258787	2.365115	3.279893	2.497524	2.370600	2.331298	-3.463784	4.767704	-1.125651	2.908696	1.436444	4.303466	-5.802588	0.574599
GTCATGCACCTCCGTT-1_1	4.948111	0.029642	1.029426	4.759517	1.632120	-2.740715	1.504515	0.676851	-0.677270	2.918831	-3.290946	-1.436299	-0.696304	2.855316	-5.287069	-1.216981	1.918155	1.066360	1.785346	1.522331	4.894006	2.000376	3.541725	1.106905	-2.251651	2.915676	0.519750	1.926180	-1.864808	5.172600	-0.536400	0.111188
ACTTTCCTATAGCTTC-1_1	15.229246	4.765669	1.241668	2.367242	11.694303	-16.148373	-2.590538	-3.695272	0.313354	13.919850	-3.402632	-8.404843	-13.871653	4.923527	-4.490475	12.478713	-7.379072	-15.454690	10.338374	-2.986022	6.202053	5.412144	12.245837	7.692050	14.963516	-11.549082	3.549371	5.560854	11.530726	4.007069	4.912115	-3.097447
TCGCTCGATATATTCC-1_1	2.141551	0.057257	1.164616	3.752146	-0.673173	-0.293269	2.303228	1.520253	-1.230708	1.465338	-2.091953	0.818147	2.880692	2.163545	-4.247012	-3.464382	1.668730	2.655283	1.859758	0.736742	2.568084	1.790383	1.376540	1.275566	-2.833111	5.305431	-1.583201	1.069640	-2.028027	4.185661	-3.457227	-0.900815
ATAGGTTGGGCAGATG-1_1	27.515022	9.118116	3.202440	5.054373	23.334061	-30.993076	-4.649290	-7.773338	1.190879	26.908642	-7.324532	-18.291361	-26.619123	9.406701	-7.440283	25.113697	-14.272054	-26.560774	19.449135	-6.518588	13.047095	10.539511	23.794186	13.855110	28.168768	-22.813196	5.432693	10.645103	19.875681	8.166931	10.314428	-6.652333
CAATTAAGGGTGATGA-1_1	2.350659	-1.412579	1.986974	8.050123	-3.307380	-0.650581	4.985894	2.864820	-2.168185	4.740933	-4.535680	-0.816551	2.960501	5.143112	-9.527527	-5.983179	3.654508	6.033548	2.468588	1.119991	3.837473	2.911653	5.171324	4.499977	-6.674430	5.914617	-3.533921	0.143917	-5.687220	8.187306	-4.347670	-1.706875
ACCGACTGAGTCCCAC-1_1	8.052057	1.245763	2.628032	5.944047	3.598506	-6.766270	1.594169	1.104707	-1.501515	7.532147	-2.392369	-3.243616	-4.773328	4.741223	-6.025244	1.899361	-0.789086	-3.234626	2.283249	0.696115	7.972094	1.361934	6.892382	2.847713	0.779881	-1.341685	1.055428	3.717967	0.385643	6.376538	0.637565	-0.942429
CCTGTCACCCGGGCTC-1_1	4.264272	0.064162	1.293986	6.243600	0.240044	-2.464967	2.769496	1.382488	-1.226690	3.656744	-3.800274	-1.789084	-0.273645	4.303027	-6.130612	-2.371338	2.004837	2.886390	1.712076	1.598292	5.876269	1.774605	4.520370	2.434004	-3.389335	2.854647	-0.665400	0.959343	-3.487682	6.654591	-0.601855	-0.538917
GATCGGTGGCCATAAC-1_1	2.041322	-1.158937	2.510728	5.118632	-2.426169	-0.065272	1.874593	2.171335	-2.391486	4.428053	-1.931457	0.891443	1.522521	3.344742	-6.338448	-4.112028	2.799709	1.466001	2.267031	0.577789	2.971536	1.954820	2.620477	2.512774	-3.882293	4.225332	-2.206931	2.510576	-1.630221	5.055514	-4.266365	-0.822373
CCTATGGGTTACCGTC-1_1	2.486967	-0.311317	1.736047	4.488082	-0.973608	-0.905219	1.634339	1.525473	-2.124743	2.736696	-1.813179	0.376441	0.685132	2.951475	-4.857650	-2.362399	2.120250	1.033747	1.183399	1.011070	4.170578	1.663454	2.728583	2.082399	-2.954713	3.037174	-0.926830	1.996156	-1.712755	4.558723	-2.190179	-0.933962
TTGGGACACTGCCCGC-1_1	2.072422	-1.227688	2.422654	5.764122	-2.728830	-0.341157	2.784850	2.060593	-2.869631	4.647905	-2.154525	0.564275	1.300651	3.943190	-6.857784	-4.081221	2.905895	2.031963	1.994199	0.751822	3.967832	1.935085	3.410783	3.231833	-4.226646	4.003978	-2.317931	2.336894	-2.620135	5.723485	-3.597773	-1.302349
CGAGGCTAAATATGGC-1_1	2.662033	-0.483697	3.179690	4.514525	-1.423108	-0.130920	0.816313	2.609221	-2.631181	4.135487	-1.375074	1.683053	1.489088	3.316346	-4.812735	-3.902430	2.396937	0.266429	2.372776	0.752019	3.867879	1.603781	1.554558	1.758926	-3.022534	4.450717	-1.802268	3.784811	-0.436244	4.710224	-4.570792	-0.813417
TCAGGGTGTAACGTAA-1_1	1.686421	-0.929937	2.318516	4.882433	-2.065528	-0.036871	1.883615	2.197156	-2.176522	3.734540	-2.039022	0.368371	1.911111	3.393524	-5.548548	-4.008183	2.584397	2.199036	2.163515	0.742545	2.892455	1.903450	2.322584	2.456421	-3.814719	4.424110	-2.397171	2.259144	-2.216295	5.020017	-4.070592	-1.148878
CGAGAGATGTGAACCT-1_1	1.943150	-0.366821	0.910619	3.540204	-0.539070	-1.024786	1.040922	0.806368	-1.001910	2.110683	-2.062120	-0.348967	-0.118896	2.132056	-3.945277	-1.600137	1.846797	1.054098	1.217202	0.893635	3.078890	1.541637	2.824259	1.447336	-2.235150	1.998729	-0.593365	1.179024	-1.431054	3.633501	-0.930849	-0.383603
TCGCTGGGCGGATTGT-1_1	2.435842	-0.479904	1.017680	3.675803	0.413727	-1.386623	1.509345	0.754435	-0.643077	2.621887	-2.859766	-1.270635	-0.087620	2.495473	-3.903653	-1.500065	1.610983	1.935454	1.526552	0.872210	3.357462	1.121669	2.516876	1.435260	-2.192606	2.240360	-0.532089	1.237757	-2.402095	4.159396	-0.597255	-0.589374
AGATCTCAGGTGTGAT-1_1	6.121662	0.943579	2.984734	5.309827	2.157737	-5.170637	0.712535	1.655735	-2.141647	7.243193	-2.017204	-2.165862	-3.755365	4.364300	-5.127926	0.867420	-0.025797	-2.665679	2.289081	-0.141959	6.992950	1.192063	5.427442	2.554534	0.549932	-0.694109	-0.396651	3.762407	0.898790	5.743340	-0.281481	-0.658036
TGGCCAAACTGAAGTA-1_1	1.871517	-0.355261	0.784086	3.028029	-0.338038	-1.347287	1.064037	0.665640	-1.065717	2.194912	-1.654529	-0.628745	-0.630408	2.014716	-3.179934	-0.884904	1.129091	0.586489	0.790927	0.510465	2.933367	0.993883	2.444876	1.376121	-1.410004	0.902256	-0.466885	1.167998	-1.191249	3.126917	-0.383954	-0.461284
GCTTCCGTCCCTAGAC-1_1	4.343518	0.301971	2.100803	3.834847	0.736419	-3.573560	0.694216	1.363670	-1.884472	5.029517	-1.014453	-0.631964	-2.704470	3.189736	-4.123084	0.242821	0.120747	-2.473790	1.373737	0.456958	5.036674	0.672923	3.893028	2.352881	0.257190	-0.417798	-0.072523	2.997831	0.842561	4.063487	-0.654607	-0.684804
CAGCAGCCCGTTCCTT-1_1	4.955269	0.124548	1.772147	3.949115	1.755680	-4.912908	1.177738	0.678362	-1.214269	5.658938	-2.262963	-2.378409	-3.346669	3.636110	-4.398111	1.233304	-0.229276	-1.726393	1.608466	-0.234454	5.536935	1.288339	4.884598	2.309105	0.610285	-1.073314	-0.359226	3.148589	-0.011489	4.959514	0.443574	-1.218040
TGTATAACAGATCCTG-1_1	3.712788	-0.245965	2.654284	4.531012	-0.049078	-1.650375	0.713323	1.740713	-2.062624	4.871907	-1.840971	0.094972	-1.069065	3.269500	-4.729972	-1.995437	1.959293	-0.820675	1.954819	0.609312	5.198772	1.064702	2.722509	1.581912	-1.566817	1.798767	-0.596168	3.363931	-0.152630	4.691418	-1.757895	-0.052815
CGCGGGAATTAGGCAG-1_1	4.085693	0.711740	2.404246	3.433666	1.159860	-2.328893	-0.121336	1.352043	-1.527179	4.540571	-0.900041	-0.417041	-1.522557	2.886595	-3.342503	-0.788380	0.715078	-1.756688	1.769016	0.184688	4.615543	0.765817	2.317440	1.012567	0.035959	0.902441	-0.288921	2.878022	1.217475	3.535098	-1.139075	0.687801
TGCATGTGGTAATCTA-1_1	4.389566	0.860801	2.247371	4.304949	1.455421	-3.034076	0.675346	1.120142	-1.356674	4.267668	-1.554337	-1.402540	-1.830757	3.101821	-3.730538	-0.280446	0.843951	-0.610940	1.282933	0.581943	5.511975	0.940458	2.964196	1.044653	-0.520544	0.753882	-0.247659	2.562272	-0.180551	4.295704	-0.714538	0.234531
ACAATTTGAGCAGTGG-1_1	4.319969	0.958781	2.515402	4.427857	1.775071	-3.447737	0.427316	1.082509	-1.394086	4.848531	-1.364988	-1.875174	-2.360263	3.294379	-3.587353	0.236047	0.564405	-0.760649	1.374638	0.380424	5.934659	0.933969	3.296077	1.118785	-0.180674	0.233179	-0.520271	2.920778	-0.034706	4.341082	-0.550472	0.131834
GAGCTAAGGGCATATC-1_1	0.329666	3.615819	2.691517	9.541723	-7.780975	-0.793228	3.043031	5.909242	-3.536559	0.173042	2.713916	7.092795	6.920373	4.895163	-5.198967	-9.927374	1.252329	4.090328	0.011099	8.221334	2.492197	-0.878172	-0.838368	3.739830	-3.157605	8.015945	-7.254583	-1.109197	0.281092	4.871026	-14.228112	1.077274
CCAGATAGTTGAGTGA-1_1	3.785214	-0.226141	0.963854	6.524794	0.136625	-0.893377	3.533146	1.939161	-0.202550	2.472071	-5.562973	-0.418589	4.751034	3.951169	-7.343716	-6.011706	2.571926	7.059285	3.830198	1.815004	3.596452	2.886361	2.369220	1.562637	-5.180108	9.368529	-2.586532	0.862803	-4.858096	8.131613	-4.657366	-0.859249
CCACAATGTACGTCTT-1_1	-3.260098	7.325101	7.599701	27.456745	-24.340574	-3.827317	9.750370	15.519845	-7.963981	-1.349220	10.509639	16.932081	14.961807	16.556166	-9.763623	-26.769634	1.946275	12.636505	-3.649382	26.948580	3.093450	-7.787109	-4.025200	12.862020	-5.010609	15.198811	-24.246086	-4.126214	-2.505211	12.700775	-35.092800	2.017881
CAATGGATCTCTACCA-1_1	-2.314764	5.175609	4.972864	19.204451	-16.772861	-3.450951	5.883572	12.507160	-5.621200	-0.583808	7.095352	10.880178	12.254486	12.538273	-6.356739	-19.085537	0.055358	11.735048	-2.562316	17.519497	1.919682	-3.248266	-2.879075	8.207220	-4.500889	13.366814	-17.298084	-2.557260	-1.289788	10.260365	-25.762886	1.589207
TAAAGCGTTAGGAGAA-1_1	-2.060922	2.937943	4.211348	17.634121	-16.622984	-2.030885	7.284736	9.308992	-5.577508	1.705048	5.510130	8.806899	8.171609	12.405330	-7.806571	-16.426899	1.982090	9.741418	-2.452467	15.790968	2.561627	-4.241590	-0.360396	9.753682	-4.555984	8.206724	-14.844422	-1.868778	-3.733598	9.864974	-20.329626	0.199813
CTGGTAACGAGCTCTT-1_1	3.849561	-4.608758	2.757349	18.326117	-12.701618	-0.098320	11.809844	2.220326	-5.014286	13.413816	-6.909892	2.847164	0.418967	8.462641	-21.908646	-12.343298	9.020766	3.590436	3.075715	5.052827	3.756860	0.006382	9.915040	11.697338	-8.410654	2.656241	-7.373517	0.974345	-9.190546	12.263771	-7.634387	-1.395486
AGTGAGCCTCGCCGCC-1_1	-0.894953	0.501865	1.147399	7.561399	-7.773085	-0.787783	4.024813	4.126867	-2.218671	0.494438	3.399204	4.525940	3.982839	5.437355	-2.854390	-8.082606	0.728484	4.265087	-1.615958	7.314847	-0.311171	-2.118461	-1.024345	4.144586	-1.005454	3.981301	-6.867979	0.075182	-1.783965	4.320645	-9.465436	-0.221460
ACGAGTACGGATGCCC-1_1	1.931666	-3.121553	0.894267	10.328715	-7.500292	0.170809	7.265280	2.821688	-2.731986	6.770590	-4.936973	1.487844	2.714092	5.405976	-13.634571	-8.846796	6.631760	6.790645	2.987812	2.471924	2.441559	3.576215	7.230954	6.005824	-7.812031	6.525074	-4.232888	0.001162	-6.215749	9.348728	-5.867481	-1.022715
GGTACCATTAAGACGG-1_1	1.030273	-1.621941	1.907563	12.511887	-10.500219	0.656200	6.776422	4.452826	-4.328998	6.012955	-1.719369	3.583245	5.128943	7.636128	-12.369260	-11.354919	5.532916	6.071134	0.540060	6.356515	1.723112	1.838974	4.885894	7.494605	-6.889856	7.415762	-6.762760	0.336118	-4.964129	9.431944	-11.122639	-1.087542
TTCTGCTAGACTCCAA-1_1	4.451808	-6.589592	1.261948	14.539242	-9.473405	-2.175189	11.641146	2.860837	-3.923052	10.688139	-10.744283	1.267741	2.027245	7.824509	-23.192942	-10.913471	10.504850	9.952659	6.411072	0.522001	4.752194	7.059576	13.562232	9.948564	-12.808023	8.172257	-4.784839	0.336216	-10.281253	15.083590	-5.155455	-2.846085
TAACTATTACGCCAAA-1_1	1.732974	-2.819496	0.861950	8.955963	-6.136772	-0.133083	6.243132	2.323657	-2.453138	5.229290	-4.718150	1.043610	2.498328	4.846273	-12.500662	-7.383852	6.260543	6.834565	2.957365	2.002536	2.630379	3.861599	6.906868	5.679469	-8.112047	6.025436	-3.476769	-0.080313	-6.407451	8.551880	-4.458264	-1.476653
GCATTCAAGGCAACGC-1_1	11.774102	-0.203743	1.760326	5.542639	5.383440	-11.539754	3.377093	0.212189	-0.815228	10.770441	-5.984557	-4.616367	-6.919383	6.107038	-9.116765	3.238549	-1.807692	-5.126480	4.978132	-1.264648	8.490110	3.274839	11.056814	5.262521	3.303987	-2.846977	1.455652	4.011817	1.623288	9.198067	2.452454	-2.635919
AGTACATCATTTATCA-1_1	2.528108	-0.936706	0.733908	3.732154	-0.017390	-1.587766	2.128697	0.471314	-0.803078	2.622584	-3.127711	-0.933059	-0.295383	2.320418	-4.822075	-1.579546	1.765414	1.553006	1.691489	0.502114	3.232929	1.615633	3.497744	1.688858	-2.163493	1.913039	-0.165846	0.795099	-2.083613	4.242317	-0.200476	-0.619705
GTCGTGTCTGGTCATC-1_1	1.209276	-0.033636	0.143902	0.547654	0.674162	-1.198194	0.341057	-0.066097	0.095854	1.150915	-0.717882	-0.698537	-0.723336	0.694505	-0.892244	0.437369	-0.211228	-0.374872	0.638264	-0.206897	0.796115	0.383899	1.209829	0.562604	0.345453	-0.222539	0.076658	0.402283	0.058455	0.912845	0.390175	-0.388289
AGTCTAAAGTATACTC-1_1	3.024208	-1.696272	0.841633	4.722143	-0.757220	-1.602091	2.922385	0.814856	-1.033143	4.005911	-4.234695	-1.195552	-0.319076	2.840465	-6.625715	-2.201850	2.713674	1.895319	2.233449	0.167899	3.236573	1.822901	4.419456	2.593629	-3.150257	2.456002	-0.514874	0.822164	-3.001332	5.362668	-0.515550	-0.984062
CGGCCCAACCTGTAGT-1_1	74.649796	23.536463	2.393500	7.545526	59.605930	-82.439850	-16.119534	-27.491846	6.021574	69.011032	-21.120125	-46.386562	-73.926582	20.594946	-16.678583	72.246452	-43.516487	-74.875931	58.629757	-20.470650	25.180016	31.775414	62.134033	41.464520	84.235123	-70.794525	18.648224	22.659088	61.225632	17.853338	27.236879	-19.324482
AGGGAGACATACTTCG-1_1	12.311537	2.979472	0.736627	1.891107	10.625789	-14.502074	-1.194792	-3.300391	1.589288	11.453978	-4.342785	-8.490337	-11.157206	4.108527	-4.058878	9.829967	-5.494891	-9.881363	8.078565	-3.106128	5.855428	4.814956	10.610485	5.038256	11.366956	-8.531636	1.979487	4.651276	7.245793	5.074804	4.991275	-2.802004
ATACTTGTTCTCGAGC-1_1	1.458684	-1.844162	0.000597	2.793390	-1.007385	-1.118215	2.094998	0.094608	-0.042942	1.837995	-3.507101	-0.664075	0.306311	1.448983	-5.430222	-1.706571	2.977149	2.786934	2.211437	-0.147802	0.781229	2.085444	3.240854	2.100267	-3.352003	2.580700	-0.270167	-0.413997	-3.145339	3.691750	-0.319762	-0.938375
CACGGGATTGAGGGTT-1_1	2.936613	-3.295158	1.335311	8.999497	-5.514014	-1.180498	6.575963	1.881938	-2.918720	6.718793	-4.776960	1.252934	1.047916	3.842202	-13.094301	-5.967452	5.531154	3.440768	2.734438	0.866000	3.714997	3.291420	7.563574	5.722099	-6.643473	4.249404	-2.401174	1.530921	-4.811082	7.854057	-3.952322	-1.564717
GTTAATGTCTATCTTA-1_1	2.232154	-2.468699	0.663862	5.783381	-3.718282	0.034678	3.262342	1.428904	-1.566527	3.203899	-3.147005	1.983074	1.853563	1.769423	-9.601284	-5.010695	5.177509	2.170299	2.952766	1.396237	1.905174	3.722132	5.339131	3.195376	-5.426279	5.685802	-0.935092	1.156519	-2.161709	5.207219	-3.745261	-0.586905
GCGTTATATTTGGAAC-1_1	3.766260	-3.379712	2.012793	10.142179	-6.821104	-0.591304	5.292374	2.161314	-2.983212	6.746428	-4.053033	4.248257	2.246896	2.679584	-15.638420	-8.495559	8.056793	2.092122	4.735482	3.069279	3.856161	4.725643	8.490324	6.521265	-8.190589	7.657447	-1.917259	3.361099	-2.995242	8.290282	-7.106772	-1.136811
CGTCAAGGCTATAAAT-1_1	3.513244	-3.008135	1.289383	5.672298	-2.690801	-0.816326	2.623809	1.614325	-1.634957	4.168804	-4.449154	1.011080	0.744641	2.310596	-10.195881	-4.748887	5.535569	1.410711	3.683074	1.130577	2.995813	4.181271	6.032749	3.399736	-5.220234	5.295208	-0.583281	1.740351	-1.905568	6.673345	-2.744962	-0.529630
TTAGCTCTGTAATCCG-1_1	4.996541	-2.493324	3.433407	8.037303	-6.153543	-0.300900	3.514126	1.945388	-3.033612	5.338831	-0.650483	9.901346	3.251467	2.467890	-14.593240	-9.915796	6.605798	-2.944911	6.964493	6.025489	4.276355	4.078632	7.097619	7.940624	-6.482437	9.914677	-0.439688	6.452729	2.528574	6.417581	-9.998816	-1.553853
AATGGTCCACCGTTCA-1_1	4.925155	-2.834605	1.883312	5.160481	-3.983160	-0.884270	1.392838	1.464714	-1.588078	3.710343	-1.332868	6.610445	2.100985	2.402692	-11.630092	-6.973281	5.263649	-2.769005	5.833264	4.343637	3.302200	4.707667	6.349822	5.654816	-5.062622	8.134480	0.122525	5.108944	2.747693	5.654538	-6.751988	-1.014182
GTCATTGCATTGACCC-1_1	4.275267	-1.890162	3.490702	6.635853	-6.088965	0.914100	2.235802	1.697608	-2.996721	2.479746	2.014198	12.751361	5.678493	1.208295	-12.823832	-11.504233	7.152078	-4.054579	7.190366	8.261988	3.713191	4.467650	3.998248	6.872376	-5.319077	12.900137	-0.264846	8.103155	4.902460	4.826620	-13.430460	-0.893170
TGTCCGTGGCGCCTTT-1_1	3.848378	-1.622314	2.857614	5.076196	-4.359436	0.056183	1.721001	1.434551	-2.077789	2.832629	0.761023	9.206545	3.407441	1.360363	-10.453681	-8.074493	4.983102	-3.263490	5.867221	5.585218	3.123926	3.361735	4.265467	5.812035	-4.501207	8.910049	-0.128120	5.921607	3.549325	4.058088	-9.177173	-1.031265
TCAACTAACGTATAAC-1_1	5.012037	-2.280657	3.761074	6.687814	-6.456507	1.329036	2.306532	2.011195	-3.184881	2.325530	2.767944	15.297139	6.587025	1.531332	-14.135848	-13.133954	7.621665	-5.502423	8.632417	9.489313	4.043700	5.009315	4.311091	7.858924	-5.791039	14.883717	0.369095	9.493848	6.427190	4.876430	-15.115396	-1.029115
TCCTCTCCAGTTGTCC-1_1	4.532140	-1.823126	2.682843	4.391229	-3.857118	-0.100268	1.093699	1.335735	-1.851037	2.422930	0.890155	9.374993	3.269589	1.734621	-10.528102	-7.891866	4.696748	-4.196648	6.201272	5.761175	3.225816	3.910608	4.471550	5.714192	-4.381270	9.206221	0.423429	6.136045	4.615108	4.060655	-8.926358	-0.816445
TGTGTTCGTATCCAAG-1_1	4.316515	-1.273590	1.696865	3.542566	-1.823992	-0.863869	0.775739	1.038950	-1.590518	2.326081	-0.319861	4.920044	1.038050	1.982892	-7.653904	-4.465716	3.070829	-3.008611	3.724107	3.197741	3.368942	3.179531	4.191782	3.433517	-2.971741	5.255395	0.931678	3.937058	2.815696	3.843514	-4.422254	-0.304241
CCGCGTAGGTAAGGGC-1_1	4.915854	0.512541	0.264030	0.758094	2.478509	-4.682844	-0.048621	-0.297295	0.072066	3.790670	-0.967624	-1.044580	-3.275498	1.880426	-2.679372	2.096766	-1.323437	-4.360673	2.489732	-0.228279	2.262456	1.643615	3.963053	2.309474	2.946140	-1.795133	1.153521	2.043296	3.133862	2.091115	0.629640	-0.808260
CTGCGGGTGAAATGTT-1_1	1.627088	-0.813784	0.121158	1.556163	-0.181045	-0.455610	0.427129	0.228923	-0.110999	0.836503	-1.445036	0.369087	0.303698	0.589270	-3.059842	-1.181429	1.703676	0.184590	1.302072	0.642148	1.033756	1.530670	1.799154	0.653691	-1.607243	2.197388	0.445507	0.753784	-0.407310	1.880451	-0.714981	-0.039166
TATCTACAGAGGTAAT-1_1	2.317995	-0.798909	-0.001562	1.372183	0.849554	-1.373574	0.235325	-0.107963	0.262587	1.112940	-1.909399	-0.364067	-0.420471	0.630097	-3.054913	-0.529213	1.334776	-0.050826	1.448829	0.695610	1.403916	1.761919	2.099757	0.380770	-1.011375	1.704399	0.656154	1.055647	-0.297775	2.282967	0.004988	-0.049017
CTACTCTAGGCCCGGC-1_1	2.352785	-0.812175	-0.039378	1.557638	0.836229	-1.199196	0.216683	-0.164340	0.495759	0.927891	-2.072643	-0.561494	-0.133149	0.707192	-3.182718	-0.623840	1.755826	0.371553	1.560333	0.902387	1.236867	1.753818	1.927990	0.378589	-1.539158	2.333934	0.774444	0.893642	-0.855348	2.318805	-0.240029	0.026737
ACAAGCAGTGCCTAGC-1_1	2.763792	-1.718991	0.461866	2.610879	-1.017946	-0.455381	0.328744	0.678285	-0.498644	1.641087	-2.451551	1.387484	0.823074	1.039411	-6.125557	-2.874341	3.852600	0.169333	2.694733	1.467804	1.505569	3.303282	3.047879	1.171932	-3.106569	4.728968	0.253792	1.955527	-0.062577	3.718828	-2.419478	0.246592
TACAAGTCTCGTGCAT-1_1	4.296256	0.514582	0.900072	0.957458	2.682169	-4.098452	-0.200918	-0.039460	0.273731	3.507145	-0.733672	-0.954701	-2.596253	1.802306	-2.433179	1.445471	-0.756062	-3.112442	2.002193	-0.028641	2.846223	1.547046	3.577137	1.281089	2.067761	-0.752137	0.673502	2.202550	2.480055	2.337865	0.338232	-0.378796
TCGGAATGCGCTCTGA-1_1	1.261564	-0.720332	0.254526	1.439065	-0.269988	-0.412926	0.334572	0.359062	-0.178902	0.964267	-1.410680	0.146239	0.186267	0.584694	-2.639876	-1.109945	1.520676	0.302693	1.116451	0.462003	0.855965	1.274237	1.524352	0.642254	-1.352660	1.775538	0.006299	0.692216	-0.427173	1.818322	-0.681858	-0.068672
TCGCGTCCAGAAGGTC-1_1	0.941039	-0.627995	0.317214	0.945101	-0.321347	-0.005443	0.241592	0.385159	-0.218837	0.604209	-0.700348	0.556952	0.668453	0.426712	-1.992546	-1.232367	1.254965	0.259346	1.065336	0.440684	0.392105	1.023479	0.740947	0.378051	-1.113075	2.046641	0.021175	0.780708	-0.115815	1.208559	-1.188156	-0.001287
TATGGCCCGGCCTCGC-1_1	2.301892	-1.495651	0.965228	2.934284	-1.734108	-0.430035	0.606880	1.070107	-1.085036	2.381113	-1.832157	1.402645	0.392710	1.308021	-5.749556	-2.964689	3.407573	-0.213032	2.206575	1.098945	1.846614	2.667168	3.136177	1.817833	-2.770770	3.405883	-0.480879	1.878116	0.027707	3.643803	-2.324274	0.022752
GCTGGCATATTCACCT-1_1	1.777660	-1.133602	0.559735	2.341098	-1.063831	0.169983	0.551752	0.720091	-0.480365	0.539229	-1.424760	1.417989	2.400903	0.799161	-4.676498	-3.065507	3.095736	1.133497	2.299504	1.255183	0.433184	2.741308	1.191691	0.666439	-2.937875	5.549518	-0.306435	1.627167	-0.558637	3.010495	-3.780216	-0.022976
GTCAGAATAGTCTATG-1_1	3.193661	-1.416352	1.113769	2.953045	-0.767625	-0.363199	0.443839	0.976618	-1.119461	2.764565	-2.076169	1.719034	0.417975	1.601113	-5.895554	-3.148632	3.378665	-0.600476	2.841334	1.250918	2.501507	2.670124	2.804678	1.138955	-2.437461	4.233458	0.221540	2.716965	0.550107	3.854511	-2.378575	0.458766
GGCGTCCTATCCGCTG-1_1	2.310549	-0.014230	0.898892	2.825379	-1.323730	0.255158	0.650355	1.447699	-1.365826	0.571176	-0.332435	2.800571	3.295569	1.099678	-4.220758	-3.715807	1.693069	0.647218	1.715864	1.253149	1.053767	2.233126	0.313193	0.466337	-2.409275	5.814610	-0.692324	1.825541	0.524696	2.862418	-4.918816	0.312395
CGGAGTTTGAGAGACA-1_1	2.432031	-1.452087	1.348770	2.939729	-1.107791	0.144926	0.342901	1.481823	-0.867756	1.969691	-1.844184	1.865510	2.181817	1.194057	-5.513717	-3.923100	3.394760	1.020172	2.986430	1.262390	1.200611	2.848956	1.783062	0.890110	-3.184106	6.028142	-0.550186	2.625315	-0.016758	3.561552	-4.314652	0.173440
AGCACTTAAGGACGCC-1_1	2.676480	0.547379	0.709115	4.182321	-1.729433	0.662547	1.619773	1.534598	-1.597897	0.428713	-1.303263	3.057185	4.483382	2.276688	-5.366838	-5.131217	1.909528	1.971560	2.046896	1.588849	1.845765	2.829638	0.856869	0.648638	-3.505743	7.381240	-1.531779	1.022999	-0.352418	4.379992	-5.138012	0.356298
TCCACAATGGTTTACG-1_1	2.758208	-1.453075	1.477302	4.824653	-3.088257	0.021042	1.685291	1.442509	-1.808620	2.030212	-1.617804	3.552113	2.562605	1.444760	-8.481872	-5.211965	4.527230	0.705772	3.057368	2.169388	2.348850	3.842795	3.731533	2.496253	-4.675935	6.626245	-0.822145	2.147325	0.061728	4.528337	-5.302747	0.139959
CCAACGATGCACTGAT-1_1	2.318637	2.506333	1.132607	9.248107	-7.787319	0.046505	3.114950	4.608738	-3.023422	1.233260	2.571137	7.339075	8.189060	4.680910	-7.997405	-11.300467	1.537716	3.477853	0.339395	7.214159	0.541529	2.075793	-0.453021	2.954782	-3.650873	10.579032	-6.358175	0.439967	0.712604	5.835737	-15.046182	2.005953
ATTTACAGTTTACTGG-1_1	11.324578	2.270600	1.790899	2.851571	4.662943	-8.535287	-0.416645	0.989136	-0.605065	6.744387	-1.238895	0.639785	-4.320591	4.066492	-6.718823	1.563534	-1.527419	-8.429795	4.286739	1.106038	6.122221	3.352236	6.962430	2.824914	4.125835	0.233071	2.343766	4.213552	7.221681	5.160975	-1.669270	0.936689
CCCTGAAATGAGTTGA-1_1	3.264564	5.666787	1.500877	12.207552	-10.543170	-1.383823	5.505393	6.542149	-3.799147	0.256182	5.793768	12.302258	11.697561	5.244116	-8.851534	-15.001470	0.873316	1.888455	-0.324067	11.835367	2.660581	-0.755555	-2.590483	3.648633	-1.708395	13.960790	-9.011646	-0.717929	2.370048	5.642738	-22.787237	3.475683
CAAACGGTCGCACTTT-1_1	2.614259	-0.552060	1.913416	4.207937	-2.884449	-0.207200	0.582991	1.512771	-1.841255	1.905366	-0.404626	3.994003	2.420944	1.202940	-6.801743	-4.911730	3.504350	-0.185005	2.772299	2.354294	2.225864	3.051548	2.317034	2.010810	-3.512306	6.054739	-1.204442	2.779914	1.195327	3.700144	-5.983008	0.487079
TGATTCGTCTATCACT-1_1	2.465731	4.405085	1.435678	8.962823	-7.834622	-1.152388	5.052541	4.238903	-3.163748	-0.196850	4.805527	10.605476	7.596737	2.969472	-6.991475	-10.760703	1.649728	-0.060893	-0.268227	9.471489	3.258986	-1.473146	-1.787801	3.320332	-0.926468	9.149563	-6.917932	0.129892	1.299796	3.861350	-16.544397	1.758097
TCAGGTTCTTTGAGAA-1_1	2.606681	-0.229651	1.654428	2.634073	-1.457349	-0.345217	0.352902	1.028848	-1.495853	1.427149	0.280968	3.701232	1.196420	1.210732	-4.757920	-3.281708	1.973122	-1.783478	2.202615	2.217446	2.225640	1.803576	1.899872	2.051223	-2.070721	3.841950	0.082003	2.568908	1.900895	2.410232	-4.085221	0.095099
CACGCAGCGAGGCTTT-1_1	2.807212	0.611640	1.957453	3.239919	-1.508761	0.090960	0.239243	1.862216	-2.290311	1.107825	0.422568	3.930503	3.032958	1.846234	-3.799307	-3.752799	1.218030	-0.555702	1.614605	1.584451	2.154191	1.679320	-0.000435	0.760689	-2.404026	5.754968	-0.811736	2.557266	1.232463	2.639678	-5.606396	0.129198
TTAAGCGCCTGACCCA-1_1	2.737632	0.298018	1.700301	3.505627	-1.345112	-0.598042	0.446320	1.450458	-2.102951	1.427056	-0.384941	2.332951	1.255753	1.972166	-4.409572	-2.806678	1.733725	-0.317390	1.252750	1.548962	2.906429	2.060792	1.669965	1.093397	-2.408449	3.852383	-0.483228	2.046930	0.678782	3.261345	-3.767130	0.395976
CTTACACGGTATTCCA-1_1	1.375524	7.172586	5.547208	13.219896	-9.359466	-3.931111	5.286321	8.337586	-5.641585	-2.090543	6.937065	11.093765	9.082743	5.490898	-5.390161	-11.846352	0.170775	1.673139	0.136265	13.320627	7.958120	-5.614683	-3.030680	5.372864	-0.515305	10.947879	-11.374150	-2.380679	1.336017	4.298934	-22.244894	1.452508
AAGGCTGTGCTCATCG-1_1	0.914129	2.347609	2.876445	7.582481	-5.986113	-1.594615	3.780463	4.848723	-3.612755	0.279171	3.179045	5.807722	5.283914	4.732519	-4.857526	-7.121605	0.832339	1.640487	0.151266	6.621363	3.760658	-2.169885	-0.569633	4.116802	-1.307268	6.199519	-7.000609	-0.627155	-0.262758	3.634242	-12.102864	-0.581363
GACCAGAGCCCTGTAG-1_1	0.626408	2.818736	2.775898	10.133585	-9.217676	-2.100136	6.953157	6.319200	-4.729946	-1.043676	6.877896	9.486875	7.191834	6.567150	-4.383444	-11.217042	0.421833	1.929318	-0.734990	11.287632	4.352332	-4.947292	-2.566911	5.508907	0.655025	8.009357	-10.426013	0.008764	-0.712501	4.494832	-17.300869	-0.730000
TCCCAGGCTTAGCTAA-1_1	0.745581	4.168632	3.310275	11.336716	-9.858990	-2.355001	7.353236	6.989985	-5.260647	-1.440062	7.340764	11.183099	7.631183	6.226866	-4.212425	-11.877675	0.468167	1.536063	-0.441953	12.624781	5.840368	-6.016134	-3.216944	5.335768	0.911906	9.202382	-10.847171	-0.357973	-0.079602	4.389171	-19.406683	-0.050162
ATTGAAGATCTTAGTG-1_1	0.298145	2.019646	1.390241	6.813927	-6.689342	-0.759389	4.181323	4.110807	-2.943487	-0.336837	3.966250	6.520161	4.704358	4.585507	-2.852848	-7.696685	0.408550	1.848478	-0.541996	7.457053	2.162657	-2.822160	-1.635019	3.280917	-0.219371	5.479072	-6.458483	-0.354507	-0.141793	3.125386	-11.327717	0.329963
AGTTCCTACAGAATTA-1_1	-2.348073	3.724453	2.692757	15.575562	-16.143700	-1.438499	8.019277	8.846531	-5.434614	-2.091294	9.073900	13.000924	9.002747	10.540783	-2.707246	-17.191936	0.429684	7.276356	-2.840544	17.154999	1.722176	-6.485649	-4.271792	6.613625	-0.667820	9.793476	-15.244019	-0.655630	-1.413557	6.947567	-22.892246	1.420832
GAAATGGCGGTGTTAG-1_1	-0.226174	2.261983	1.727226	6.592379	-5.821785	-1.060044	3.177731	3.733482	-2.379030	-0.745512	3.380470	5.531310	3.997345	3.622580	-1.773644	-6.704252	0.159109	2.019155	-0.485944	7.055302	2.123066	-2.866577	-1.728479	2.678602	-0.106130	4.846119	-5.874708	-0.557522	-0.043440	2.607488	-10.137320	0.692333
TACGAACACGACTTCA-1_1	0.339000	1.326231	0.997731	4.839835	-4.473763	-0.070101	2.525908	2.345585	-1.798046	0.312937	1.744686	4.260784	2.883630	2.639672	-2.707277	-5.055952	0.896278	0.831771	-0.111610	4.726780	1.140084	-1.606655	-0.621572	2.233704	-0.625940	3.444798	-3.723749	-0.465591	-0.004915	2.015391	-7.020442	0.410960
ACCACAAGTTTCTATC-1_1	0.782499	3.045721	2.748821	8.763406	-7.764204	-1.221048	5.570735	5.413254	-4.366148	-0.791934	5.298972	8.721723	5.820518	5.508227	-3.987525	-9.141706	0.506773	0.780049	0.005883	9.326667	4.375025	-4.569589	-1.946667	4.278719	0.167961	7.024734	-8.515695	-0.993138	-0.004187	3.122173	-14.860741	0.268477
ATATTTAACCCTCAAG-1_1	-0.095923	3.496168	3.531327	13.385230	-12.609741	-1.352369	7.129400	7.788515	-5.406757	-0.811211	7.129475	11.379240	8.223815	8.903397	-5.421523	-14.166601	0.824831	3.521709	-1.070162	13.727454	3.050095	-5.469989	-2.579156	6.371033	-0.968457	9.293378	-12.771974	-1.575827	-0.649598	5.327808	-20.462429	0.935160
GATCATTCCAAACATT-1_1	1.652210	12.204982	9.639447	21.255348	-13.262614	-5.961688	7.936862	12.917110	-9.200511	-4.491591	10.033226	17.470804	14.043495	7.763086	-7.225095	-16.936974	-0.216118	0.315642	1.081630	20.730021	14.831116	-11.153869	-5.455224	7.917342	0.463615	16.465563	-16.954685	-5.053945	2.743312	5.350602	-33.236652	2.050451
TCCAGGCGAGTACGGT-1_1	-0.024831	6.812295	6.175610	14.246877	-10.159897	-3.760130	4.956461	9.211580	-5.660348	-2.162148	6.544820	10.383396	8.828284	7.036780	-5.238509	-12.295544	-0.027253	3.338358	0.074018	13.963071	7.706431	-5.945796	-2.700737	5.960129	-1.241120	10.330053	-12.979040	-3.256204	0.403755	4.888762	-21.743807	1.502241
GTTTGACCAAATCCTA-1_1	4.100079	3.985329	4.597436	6.606947	-0.994625	-3.841971	0.713906	4.475026	-5.216925	0.932998	0.936533	3.745141	2.422644	4.246759	-2.924880	-1.969539	-0.511105	-0.289832	0.433709	3.343930	8.230048	0.433256	0.250634	2.152826	-2.143682	5.624308	-3.440751	1.498875	0.922350	3.967081	-7.785422	-0.173646
CACAGCACCCACGGCA-1_1	1.525452	1.904013	1.725656	3.575816	-1.558753	-0.462100	0.841123	2.243361	-2.478718	0.096312	0.194670	3.374915	2.983583	2.096912	-2.238611	-2.844282	0.191265	0.788465	0.767860	1.952465	3.089075	0.608357	-0.345041	0.938921	-1.818180	4.497633	-1.998903	0.581650	0.421145	2.479772	-5.004162	-0.183708
TGCAAGAATGACGTAA-1_1	2.053970	1.392361	2.069268	4.043770	-1.595933	-0.704779	1.468092	2.252096	-3.042961	0.965541	-0.174005	2.569886	2.704998	3.053182	-3.225938	-2.893986	0.536848	1.141090	0.671414	1.652013	3.963747	1.143668	0.434593	1.628174	-2.486552	4.476604	-2.176192	1.346005	-0.552068	3.755923	-4.927950	-0.778066
GCGAAGCCATACCCGT-1_1	1.249756	9.835009	8.484641	20.267525	-13.983843	-5.037277	7.278493	11.490054	-8.715382	-2.380806	7.995106	15.306890	12.527162	9.504751	-7.698387	-16.552782	0.594782	3.487531	1.017593	18.525730	12.464104	-7.877485	-2.872459	7.891462	-1.794236	16.461493	-16.433239	-4.166929	2.006235	6.697105	-30.799612	1.739754
TCCTTTCTTACGCTTA-1_1	1.464922	8.941452	7.288383	16.760418	-11.402074	-5.317583	6.482327	11.194406	-8.319004	-2.852834	8.444133	13.675220	12.267981	8.414176	-6.741501	-13.784161	-0.385011	2.861681	0.632919	15.635026	12.359762	-6.688588	-3.334596	7.147518	-1.013515	14.964121	-14.714470	-2.882011	1.854377	6.329840	-27.880941	0.238761
GCTGCTCTCCGGACAC-1_1	1.330617	4.767454	6.294795	15.835194	-12.564278	-4.342123	10.254490	10.013460	-8.716290	-0.668555	9.265555	13.037932	10.525203	10.634438	-8.867342	-14.452021	0.975554	2.063376	0.619324	15.561350	11.396161	-7.691288	-1.860855	9.613666	0.019105	12.255899	-16.551729	-0.457204	-1.423900	7.040156	-26.184420	-3.089433
ACTGTCTTCTTTAGAA-1_1	1.210032	5.572384	6.843106	14.539050	-10.190801	-4.607182	7.849627	10.142980	-8.423697	-1.707088	7.847497	11.436239	10.209504	9.166880	-7.470159	-12.122418	0.491967	2.223798	0.763637	13.397954	11.404325	-6.467996	-1.858832	8.471612	-0.775277	11.835521	-14.573072	-1.335329	-0.548927	6.350249	-23.463583	-2.835860
TCAAACTTAGATTGTT-1_1	-0.474148	4.124427	8.736027	18.245571	-13.218011	-6.660602	9.513194	12.660511	-9.266612	-0.540442	9.348639	9.328964	10.810645	13.337857	-8.969865	-14.598188	0.041380	6.847224	0.124691	15.932907	12.387276	-7.392625	-0.863374	11.776209	-1.696727	12.267910	-19.658484	-0.820954	-4.105292	9.571089	-26.569271	-4.312679
CTATGTCACTAGCCCA-1_1	-0.730220	6.404712	8.915900	19.525991	-14.216243	-6.626981	7.590488	13.810198	-9.340068	-0.777471	8.695744	9.870030	12.682181	13.806598	-9.705239	-15.533184	-0.123608	8.745209	-0.037722	16.322765	12.334524	-5.833110	-0.676133	11.394660	-3.847739	13.592628	-19.880730	-2.459149	-2.804307	10.256328	-28.283821	-2.819508
TGCGCAAAGCATTTGG-1_1	-1.858187	5.103112	9.781105	22.347395	-17.029047	-7.378836	9.484211	14.598284	-9.288042	-0.729167	10.628405	10.101304	12.463291	15.822910	-10.758423	-17.831430	0.017728	9.252670	-0.937878	19.940128	11.612206	-8.403123	-1.130618	13.893706	-2.538432	12.992515	-23.414742	-2.769620	-4.848362	11.266699	-30.103100	-3.145645
TTAATGTAGACCAGGT-1_1	3.008217	-0.831612	4.848120	13.691821	-7.892532	-2.528504	7.326099	4.191298	-6.440702	9.974264	-3.476450	0.812279	1.472069	8.974271	-14.526098	-6.776312	3.728432	5.168023	1.138492	1.916508	8.168899	1.491531	7.045518	8.662871	-8.448494	3.844301	-6.867614	2.045329	-6.661546	10.858245	-8.002390	-1.945604
GGCGGTAGGATCATTG-1_1	3.008615	0.761996	7.011265	14.826897	-8.049407	-3.244842	7.045990	5.731850	-8.660996	9.313409	-2.539592	2.288875	2.775172	9.965356	-13.840245	-6.698121	3.336200	4.613573	1.277420	2.454016	11.026036	1.041656	6.387048	9.307761	-8.634115	5.352605	-8.017576	2.612882	-6.055766	11.385783	-10.415528	-3.064227
GGCAATAGTCAATGAG-1_1	11.913138	3.102214	3.772922	5.648817	6.692265	-11.409061	0.086697	0.934975	-2.398630	11.308475	-1.352944	-4.036509	-8.603220	6.271988	-6.343478	5.408190	-3.575097	-10.355885	4.770360	0.159424	9.643581	2.439575	9.794986	5.079764	5.678160	-4.409691	1.711681	6.443211	5.899565	6.423078	0.608676	-1.609392
ACACGAGACTCCTTCT-1_1	2.938798	-0.153033	2.348035	4.883966	-0.997604	-1.142204	1.578349	1.877969	-2.478441	3.767293	-1.817101	0.529434	0.062207	3.246665	-5.109231	-2.475542	1.920419	0.371759	1.388870	0.815808	4.674910	1.243084	2.811056	2.135936	-2.630640	2.528278	-0.976113	2.098025	-1.173259	4.797369	-2.216981	-0.603808
GACACAAGGGAAGAAA-1_1	6.159126	0.562719	2.556046	4.506042	2.387191	-5.324354	0.769939	1.195626	-1.422502	6.559525	-1.594578	-1.872558	-3.847641	3.842509	-5.137339	1.061184	-0.128156	-3.093392	2.134718	0.357716	6.519794	1.281319	5.569192	2.591295	0.869560	-0.756738	0.369961	3.688011	1.116246	5.198967	0.093029	-0.853573
TCAGCAAATGCATCTC-1_1	9.784990	1.670510	3.323902	5.091431	5.105833	-9.481710	-0.024012	1.494080	-1.724781	10.147903	-2.223394	-3.251842	-6.593341	5.384775	-6.174927	2.835090	-1.553206	-6.427870	4.146586	-0.447709	8.707028	2.594866	8.349516	3.632838	3.901062	-2.365721	0.128435	5.617388	4.092338	7.220373	0.350221	-1.001837
GAGATCTGTCACTCCG-1_1	10.620266	1.633799	3.319911	4.634260	7.443005	-11.381932	-0.027456	0.599897	-0.456076	11.471199	-3.160520	-5.169216	-7.764478	5.356540	-6.143038	4.166160	-2.194823	-6.180842	5.348247	-1.544102	9.108212	3.273544	9.656017	3.531574	5.454733	-3.219801	0.018547	5.748499	4.259189	7.783073	1.816423	-1.351739
ATGCCGGTCTTGCATA-1_1	2.791466	0.251771	1.887274	4.626643	-0.648813	-2.198597	1.431310	1.258750	-2.263292	3.631482	-1.473877	-0.655018	-1.112370	3.268082	-4.129647	-0.937588	0.882826	0.172019	0.425220	0.767285	4.823668	0.796859	2.792086	1.964814	-1.683555	0.583328	-1.013744	1.997996	-1.265870	4.282937	-1.382344	-0.453350
TTGGGCGGCGGTTGCC-1_1	1.710602	-0.204003	0.943963	2.890778	-0.416909	-1.150234	0.819243	0.717719	-1.132675	2.108638	-1.299406	-0.364092	-0.501188	2.009132	-2.893074	-0.925551	1.055768	0.451095	0.659062	0.612747	2.908072	0.908408	2.074920	1.256252	-1.406864	0.957384	-0.591390	1.399469	-0.969482	2.910704	-0.708487	-0.389120
TTGTTGTGTGTCAAGA-1_1	2.890546	0.020210	3.003924	5.106967	-2.748457	-0.931935	0.609785	1.816488	-2.802221	2.980626	-0.241831	3.521483	1.308071	2.205925	-6.577740	-4.356545	2.812982	-0.669309	1.988443	2.447712	3.820590	2.304546	2.473404	2.579518	-3.502647	4.363856	-1.408655	3.217995	0.873990	4.520721	-5.664329	0.146438
ACTGTACGATACACAT-1_1	2.299509	-0.308718	2.285127	5.293345	-2.332910	-1.356464	1.519855	1.608781	-2.796439	3.263643	-1.262572	0.903141	0.263776	3.353590	-5.878439	-2.847389	2.183545	0.782755	0.851516	1.595998	4.350726	1.901139	3.248984	2.836175	-3.452920	2.404891	-1.683243	2.291341	-1.240367	5.081809	-3.252545	-0.659168
TCCACTTTATCTAGGT-1_1	18.846601	6.478385	2.841857	4.591986	13.959971	-19.976156	-3.683557	-2.526421	-1.125128	18.348675	-3.145340	-10.236431	-17.015350	7.409565	-5.796238	14.652287	-8.656222	-19.763660	11.893775	-3.343565	9.747947	5.855772	15.322268	9.115337	17.187094	-12.985725	3.370850	8.047470	14.344709	5.932495	5.217631	-3.349562
GGTCTGAGAATCTGGA-1_1	21.575886	6.852561	3.199254	6.286185	15.273134	-22.478416	-2.751359	-1.788994	-1.913187	20.642952	-4.212672	-11.514497	-18.426670	9.072097	-7.618320	14.912917	-9.018741	-21.229546	12.470543	-3.626281	11.975060	6.048235	17.190962	9.751854	17.293522	-13.258391	3.632389	9.125351	14.430195	8.093349	5.647665	-3.411017
TAGAAAGGTGGCGCTA-1_1	1.525133	1.967734	2.170808	6.945041	-3.633574	0.199478	1.565952	3.607322	-2.655612	0.809605	-1.362960	2.022651	5.764488	4.430812	-5.287950	-6.720791	1.352997	4.984018	1.576335	2.709711	2.074139	2.614962	0.909839	1.854484	-4.613997	7.962406	-4.683690	-0.594367	-1.435658	5.924293	-7.624317	0.371459
TATGTCTCATTGTGCC-1_1	-1.116130	7.323367	5.303723	15.280919	-11.502437	-2.833260	2.744170	8.491308	-3.951463	-1.053492	4.048028	9.479677	8.835977	6.662019	-5.369187	-13.658626	0.804467	6.961415	-0.708114	13.811020	4.378318	-2.951683	-1.698710	5.058083	-4.150945	10.052528	-11.892601	-3.513885	0.728320	6.111042	-20.656061	3.376560
GGATTTCACTTCTATA-1_1	-1.481543	12.015290	8.796548	26.149660	-19.484106	-4.923652	6.803793	13.671484	-5.992842	-3.106804	9.153827	18.621557	14.122786	8.659276	-7.971880	-24.313950	1.622746	7.786199	-2.229923	26.150789	5.613070	-8.154112	-5.461313	8.880182	-3.690552	15.165791	-19.775980	-4.855810	1.340234	8.671673	-35.358299	5.675443
TGAGTGGTCCGTGACG-1_1	-2.164806	7.809580	6.666277	20.689793	-16.804552	-3.629672	5.595225	11.507863	-5.288433	-2.116829	7.805737	13.386655	10.922369	9.812146	-6.153539	-19.367851	0.794442	8.169648	-2.177405	20.557177	3.427812	-6.313152	-3.833387	8.048567	-3.443761	11.680497	-17.439510	-4.075571	-0.203182	7.804243	-27.387249	3.872936
CGCTTTCTTGCATTCG-1_1	-1.705117	5.659276	5.836901	19.069975	-15.795270	-3.491466	7.135951	10.582142	-5.312629	-2.169602	8.454823	12.786540	10.839333	9.569906	-5.657471	-18.836643	0.841394	6.912323	-2.464936	19.321692	2.572330	-6.573802	-4.153463	8.294540	-1.821597	11.006104	-16.747166	-2.151318	-1.104309	7.599580	-25.838831	1.670035
ACCCAACGCCCGTGGC-1_1	-1.767447	3.270339	4.106076	16.184586	-15.029189	-2.174628	7.088412	9.035125	-4.818917	-1.292514	7.753011	10.873959	9.338351	10.097690	-5.245029	-17.151825	1.029411	7.072979	-2.784912	16.603806	0.397431	-5.230568	-3.198780	7.927783	-1.876771	9.002097	-15.192348	-1.264705	-2.002965	7.341784	-21.907459	0.698375
GAACGTCTCATGGTCG-1_1	-2.492177	2.536215	4.150508	18.558708	-17.993702	-1.952411	8.573713	10.355662	-5.785167	-0.587315	8.431170	11.825484	10.321198	12.681744	-6.121301	-19.539616	1.438652	9.202845	-3.358347	18.458908	0.078634	-5.742592	-3.099280	9.649761	-2.596153	9.944263	-17.162998	-0.968917	-3.071159	9.355926	-24.044718	-0.077602
TTAAACTCGAATTCAT-1_1	4.742319	-4.599360	3.034287	18.636072	-12.381979	-0.457221	12.475273	2.326814	-5.067644	14.099338	-7.380565	2.834401	0.502048	8.325340	-23.143124	-12.284995	9.054276	3.106630	3.792915	4.814316	4.482379	0.149578	11.054813	12.137266	-8.855615	3.140945	-7.206193	1.219760	-9.653116	12.412324	-7.871640	-1.716344
TACTTTACTGAGCCGG-1_1	3.956433	-3.853466	3.246825	17.842047	-11.920324	-0.193479	11.404945	2.374798	-4.918416	12.878476	-6.566747	2.606591	0.691115	8.246177	-21.419762	-11.807865	8.622685	3.212238	2.862947	5.072147	4.531743	0.156301	9.757979	11.063811	-8.406393	3.286174	-7.403279	0.943422	-8.724357	11.913570	-8.289854	-1.168576
CCATACCTTTACTTGT-1_1	0.550561	-0.609245	0.804350	4.274345	-3.355497	0.078066	2.836119	0.754680	-1.485752	2.526181	-0.628068	0.993146	0.704434	2.449553	-4.379733	-3.166058	1.732156	1.140908	0.154593	1.963005	0.992582	-0.281494	1.812274	2.819234	-1.864323	1.042371	-2.193356	0.140002	-2.104107	2.712557	-2.715285	-0.438080
GTGAACTCCCATTCGA-1_1	-1.060854	2.025352	3.502528	13.831424	-12.731549	-2.436912	6.724897	8.089292	-4.470663	0.142184	6.592385	8.570407	7.911229	8.909831	-5.724056	-14.195286	1.066390	6.315694	-2.160413	13.483016	1.182436	-4.095245	-2.082057	7.590497	-1.627012	8.072330	-12.902783	-0.209923	-2.306395	7.219748	-18.794916	-0.750751
GTGGTTACTTCTTTCG-1_1	1.787567	-1.209197	2.787080	13.013749	-9.571558	1.170403	6.420425	6.916512	-4.866996	5.676557	-2.679164	2.430726	8.436213	10.085011	-12.369733	-13.308372	4.550359	9.269876	1.903161	5.387464	1.888074	3.601493	4.338439	6.839522	-8.450388	11.699272	-8.309871	-0.351374	-5.504800	11.635597	-13.237293	-1.333173
TCAGAACCTCCACAGG-1_1	1.159850	-0.843542	3.528014	15.073390	-12.089894	-0.025129	6.972949	5.039698	-5.041676	7.591470	-1.616819	3.772738	4.924171	8.118572	-15.021821	-12.498483	6.341303	6.445483	0.438496	7.385181	2.573666	1.810707	5.699054	8.952278	-8.592382	7.090242	-8.550697	0.678197	-5.967289	10.643807	-13.627671	-0.681603
TCCCACTCTCTTCCGG-1_1	1.637245	-1.915809	0.501771	5.327138	-2.137625	0.203406	2.806346	1.472799	-0.615309	2.037935	-4.402229	0.043497	3.212143	2.470951	-7.963889	-5.343626	4.578068	5.614465	3.407575	1.474362	0.981125	3.360197	3.719689	2.644260	-5.837357	6.938864	-1.526120	-0.268991	-4.329844	6.120658	-3.053019	-0.935490
ATCTTGACTTGTCCAA-1_1	2.832761	-2.099971	1.384079	6.776067	-3.535014	-1.280197	3.951083	1.749793	-2.254696	4.462120	-3.786951	0.303091	0.931689	3.209391	-9.664880	-4.339687	4.458065	2.801612	2.356720	0.899376	3.499321	3.329871	5.809383	3.842156	-5.344789	4.580674	-1.980453	1.227031	-3.299454	6.672516	-3.387269	-1.068352
TCGGGAACGTGCCTAG-1_1	7.748978	-1.792206	1.523487	6.140371	1.916266	-5.427337	2.857429	0.641225	-1.183691	6.364505	-6.585108	-2.423641	-2.355875	4.389176	-9.729800	-1.728139	2.957036	0.253608	4.158718	0.645623	6.943918	3.387500	7.140975	2.874733	-1.843527	2.747958	1.038869	2.690505	-1.674081	8.885072	0.574088	-0.404360
GTTAGCCGTAAATCAA-1_1	7.796415	-1.335944	1.315467	5.670455	0.703116	-5.990400	3.139638	1.173496	-1.928732	6.985738	-4.739271	-1.408254	-3.386455	4.809292	-8.812570	-0.231891	0.857335	-2.545075	2.990123	0.154753	6.419857	2.360844	8.014432	4.558963	-0.872351	0.082490	1.151078	2.671570	-0.348064	7.600573	0.808234	-1.960062
ATTTACTAAGTCCATT-1_1	4.067224	-1.945058	0.837401	4.698308	-0.077564	-1.705664	1.993321	0.817607	-0.464044	3.304265	-4.832008	-0.102909	0.554046	2.316974	-7.748401	-3.320313	3.604913	2.018493	3.477396	1.130565	3.242396	3.156408	4.474798	1.627446	-3.458493	4.982659	0.258090	1.719905	-1.731598	6.000960	-1.542879	-0.174756
GGGTGCATATGAAAGC-1_1	5.041776	-2.298514	0.771217	5.026315	1.767321	-3.168607	2.939953	0.351841	0.342558	5.057191	-6.875416	-2.915658	-0.921894	3.067322	-7.901203	-2.082002	3.057708	3.052746	4.086381	0.408800	4.143390	2.330197	5.282786	2.119632	-2.978060	3.738868	0.445215	1.131780	-3.946324	7.179389	0.541880	-0.879315
TCCGAATGGTCCTGAG-1_1	2.948756	-3.221915	0.839156	7.118423	-3.245895	-1.993517	5.229878	1.303483	-1.586331	5.784186	-6.474515	-0.938159	0.443748	4.108527	-10.968179	-4.535077	4.724964	5.030663	3.663021	-0.434531	2.840847	3.193844	6.497279	4.768537	-5.763253	3.901434	-2.282948	0.227260	-5.549832	8.048443	-1.664218	-1.522096
ATGGCAGCCGAGAAAC-1_1	2.997247	-2.008839	0.957676	7.950520	-6.295819	1.937105	4.999487	2.705791	-3.214399	3.064497	-2.036411	6.691927	5.796503	2.356582	-12.556674	-9.606048	7.446075	1.575487	3.843047	4.318400	1.828934	4.636257	4.460298	4.162139	-6.371341	10.885289	-1.883936	2.359699	-1.058502	6.494745	-9.711156	-0.611192
CCTCGGATGCTACCTG-1_1	2.776498	-2.457784	1.477309	9.365238	-6.517657	0.380402	6.955101	3.345686	-3.835764	6.146414	-3.147896	3.765916	3.475554	4.255926	-13.130783	-7.985977	6.167765	3.155681	2.699230	2.550249	3.274039	3.163938	5.877958	5.601187	-6.562134	7.136014	-3.336733	1.671827	-3.999081	7.788898	-7.710030	-1.759346
ATACGGTGAAGATGCA-1_1	2.489448	4.473109	3.089614	17.357019	-15.723898	-2.341319	12.867276	9.282948	-6.383878	-0.069488	9.949322	17.469837	12.276064	7.600574	-8.786866	-20.507605	2.908838	1.926650	-2.151221	19.160713	3.447479	-6.985198	-5.012226	8.467159	1.260759	13.895922	-13.617289	1.822286	-0.605004	8.045111	-28.382109	-1.109573
ACATCAGCTGGGACGC-1_1	2.083355	-0.374415	1.219108	11.293580	-10.847455	2.953775	7.235713	3.982297	-5.482003	2.707286	0.819077	10.926289	8.254604	4.270730	-12.649108	-13.468411	7.392160	0.938087	1.030052	8.733429	0.663168	2.192085	1.956968	6.592709	-5.838072	10.805801	-5.061378	2.258256	-0.899350	7.431568	-15.131023	-1.237778
GGTTGTGTAGCCTGGC-1_1	3.343290	3.512285	1.576269	15.224186	-14.537450	-1.007459	13.755472	7.671583	-6.080769	-0.276524	9.934807	18.390406	11.914354	6.111631	-8.441219	-20.141665	3.387765	-0.568902	-2.127523	18.088730	2.519726	-6.873412	-5.362391	7.732939	2.453405	12.937622	-11.431667	2.957946	-0.232916	7.018734	-26.477581	-1.578130
CCTGCGTTCTACGCTT-1_1	3.503533	-1.808521	1.905936	8.576694	-7.732389	2.332274	5.732978	2.154096	-3.818614	2.157507	0.830878	11.904956	7.531005	1.934612	-12.885068	-12.960444	8.366278	-1.617872	4.747266	8.670780	2.556803	3.718075	3.070790	6.133380	-5.258975	13.394978	-1.534515	5.583303	1.480607	5.468067	-14.327513	-0.943456
GAACGTTAGGAAGACG-1_1	7.073012	1.958076	0.255949	17.323601	-17.059071	2.837287	17.995434	7.083859	-9.838332	0.379732	10.798909	26.198326	17.627602	4.079854	-13.348413	-26.051437	8.241907	-5.769667	1.253630	20.218380	2.959300	-5.407626	-5.241834	9.632278	2.861148	21.821125	-8.325217	7.049997	1.981285	7.843358	-32.624832	-3.643320
CTGATAGTGTATCTCA-1_1	4.718874	-2.746772	3.181396	8.533917	-8.770929	2.733344	4.893224	2.240858	-4.168998	1.914124	3.870836	17.840086	9.090143	1.715716	-15.237737	-16.753069	9.557859	-5.385643	8.194760	12.299992	3.758014	4.677671	3.187128	8.601144	-5.285132	17.692522	-0.250105	10.007545	5.765121	5.318898	-18.926325	-0.895854
TTCTGCGAGCGCCCTT-1_1	4.125509	-1.613649	0.846857	9.117931	-9.744961	3.467627	8.020658	2.579363	-5.186582	1.573879	4.773579	17.017149	10.046477	2.230286	-10.988158	-16.338564	7.725088	-4.422116	4.302114	12.034860	1.693972	1.236914	-0.417569	7.194137	-1.447039	15.693769	-1.837937	7.735714	3.471949	4.729645	-18.454082	-1.716839
CTTTGGCGCTTTATAC-1_1	5.034061	-1.976087	4.059961	8.667072	-8.563996	2.182107	3.364611	2.632791	-4.163832	2.219123	3.994301	18.398010	8.685611	1.683239	-15.664302	-16.487318	8.930447	-5.935808	8.651091	12.301486	4.157043	5.016792	3.341247	8.733323	-6.116814	17.578033	-0.432914	10.282862	6.916543	5.612830	-19.566105	-0.526618
TCCGAACTTGGCTTAC-1_1	3.963843	-1.561795	2.719115	8.719856	-8.686998	2.897502	5.500290	2.433909	-4.633726	1.785537	4.085618	16.008047	8.918984	1.547723	-12.497998	-15.578170	8.557939	-4.621397	5.522248	11.733706	3.001729	2.726080	0.949210	7.320680	-3.641987	15.473932	-1.469659	8.262116	3.919102	4.872084	-18.410398	-0.900507
TAGATTCCTGGTTATT-1_1	3.544248	-1.893564	3.362015	7.013552	-7.096097	1.807369	2.094231	2.060749	-3.455033	1.587111	3.697024	13.912028	7.048633	0.968646	-12.232911	-13.211864	7.715333	-3.839637	6.348771	9.750216	3.498976	4.417681	2.111753	6.524663	-5.018683	14.063766	-0.577968	8.623716	5.281880	4.843733	-15.961591	-0.011806
CCGACAAAGGGAGTGC-1_1	3.500347	-1.012815	3.400958	7.193207	-6.573501	1.739235	2.842402	2.327628	-3.788990	1.754468	3.439649	13.712936	6.976207	1.171254	-11.396689	-12.664828	7.088355	-4.128721	5.437276	9.320925	3.531555	3.376044	1.472972	6.181151	-4.554883	12.982413	-0.949129	7.748985	4.356143	4.323341	-15.431954	-0.422605
CCATGGCCCTTGTACC-1_1	3.079342	-0.560511	3.040277	5.247281	-4.089409	0.457022	1.585736	1.563693	-2.784474	2.280669	1.353928	8.330190	3.769520	1.160734	-8.923390	-7.641784	4.842153	-2.617611	4.288773	5.087898	3.250751	2.912664	2.413986	4.401208	-4.159295	8.242545	-0.721692	5.486939	2.684839	3.618294	-9.457335	-0.508247
GAAATATCACCATCAG-1_1	1.336082	-0.206732	0.974112	2.259883	-1.247463	0.253118	0.959403	0.883375	-1.463340	0.838887	-0.185245	2.258524	1.759699	0.888484	-3.157910	-2.464626	1.636937	-0.057500	1.118010	1.073869	1.416919	1.308376	0.831769	1.104923	-1.994713	3.308671	-0.375449	1.643661	-0.029043	1.899199	-2.927321	-0.512595
ACGAAATGGGCGGCAC-1_1	1.489669	-0.660567	0.429133	1.800680	-0.606086	0.056807	0.930043	0.606910	-0.789382	0.797587	-0.843321	1.151331	1.133640	0.797746	-3.018750	-1.738315	1.605223	0.234043	1.226673	0.496613	1.149485	1.425840	1.415273	0.789942	-1.812061	2.869583	0.183769	0.973107	-0.356820	1.755950	-1.604861	-0.336807
GTGAGCGTGCTGCACT-1_1	0.765095	-0.917377	-0.354545	0.654570	0.413090	-0.685892	0.079819	-0.380680	1.204907	0.338689	-1.982288	-0.759575	0.488230	0.440628	-1.912283	-0.606338	1.631838	1.847631	1.832546	0.240811	-0.417025	1.074721	0.456194	0.073574	-1.432169	2.346024	0.027683	0.005494	-1.599043	1.642338	-0.511351	-0.143218
CCGCGGGTACGAAGAA-1_1	2.409187	-0.824986	0.320170	1.956874	0.538741	-0.576385	0.297326	0.180422	0.241819	1.004075	-2.299793	0.085856	0.526543	0.867258	-3.733117	-1.417091	2.565128	0.540254	1.964780	1.043833	1.374271	1.889104	1.635948	0.359599	-2.132646	3.513259	0.626397	1.207673	-0.874093	2.724824	-1.199300	0.126027
TCCCTGGCTCGCTGGA-1_1	1.341727	-1.504693	0.050817	1.415124	0.443118	-0.524894	0.004732	-0.071282	1.258816	0.804764	-2.844204	-0.498551	1.261187	0.536574	-3.334982	-1.546805	2.974867	2.058562	2.879557	0.614559	-0.169792	1.931645	0.745527	0.131395	-2.433427	4.408987	-0.016689	0.965103	-1.821273	2.664694	-1.857943	-0.238123
CAGCTTAGTAGGTAGC-1_1	3.415274	-1.049253	0.276455	2.248365	1.393365	-1.789042	0.113504	-0.025965	0.347840	1.884167	-2.925683	-0.545177	-0.551546	0.969203	-4.537292	-0.944031	2.301993	0.087605	2.312519	1.152595	2.226864	2.562049	2.881701	0.369038	-1.732796	2.949653	0.833055	1.850640	-0.561760	3.487581	-0.311582	0.060401
CACGAAAGTTAGTCCC-1_1	3.145370	-0.880679	0.870829	5.181182	-3.857177	1.503698	2.353312	2.178616	-2.832289	1.087305	-0.335463	6.120230	5.532912	1.437657	-8.436274	-7.147610	4.694206	0.427321	2.923985	3.263654	1.626306	3.893400	1.432898	1.846839	-4.382458	10.053316	-0.903533	2.932998	0.700762	4.904605	-8.767559	0.013805
ACCTAATCGACTTCCT-1_1	6.887497	0.865241	1.617288	4.788780	0.910065	-3.138268	1.404742	1.435345	-1.941567	3.389208	-1.315934	1.405083	-0.683086	2.999607	-5.744444	-1.630888	1.207947	-2.625759	1.595167	1.788642	5.502646	1.779254	3.063744	1.112498	-1.048726	3.044499	1.396914	3.126075	1.355649	4.443600	-2.424186	0.897019
AAGTAGTGACGCGAGG-1_1	2.892453	2.367399	0.531793	9.955453	-9.447878	0.866434	5.915992	4.784699	-4.028933	1.142076	3.886864	11.073200	9.633793	4.415409	-9.178606	-13.729110	2.989362	1.526006	0.282310	9.289495	1.161341	0.970413	-1.150934	3.826798	-2.737936	12.346297	-6.533312	1.484137	0.977932	6.197734	-18.024948	1.261823
TCCGATTACATTGCCG-1_1	2.695676	2.763477	1.057940	7.296569	-5.361723	0.442685	2.131787	2.922131	-2.638412	0.323172	1.620038	7.946334	6.673061	1.674311	-6.401857	-8.485294	1.625046	0.068845	0.886123	5.613096	1.111754	1.350276	-1.113120	1.573843	-2.735350	9.371707	-3.258802	0.559853	2.131692	3.599701	-12.371969	2.255827
CCTCCGACAATTCAAG-1_1	4.718942	15.010389	3.697277	20.358965	-16.920185	-3.724507	9.086137	9.060079	-4.555972	-2.953028	12.347188	23.311897	15.779840	5.251951	-10.760785	-22.269608	-0.106226	-2.750589	-1.447834	24.750519	8.344343	-9.632899	-7.926682	4.900898	2.232689	16.719879	-15.424029	-4.940889	5.050788	3.892104	-37.591515	9.488706
GTTCACAGGAGTCTAG-1_1	2.396254	10.414420	3.127875	15.574174	-13.335102	-3.523440	5.532988	7.508999	-2.909300	-1.763357	8.828916	14.652273	12.139137	5.722746	-8.662374	-16.826544	-0.307585	1.411655	-1.822196	18.408638	5.193097	-5.565951	-4.977639	4.623307	0.276503	12.318232	-13.083484	-3.976449	2.418896	4.731031	-27.905022	6.729477
CGAAGTTGCTCTGTGT-1_1	1.981207	7.880018	2.019487	13.426878	-12.980494	-1.778744	6.928581	6.280384	-3.505144	-1.652165	8.749994	14.852595	9.914939	5.934379	-6.978611	-15.907377	0.474469	0.652143	-1.712532	16.652485	3.769963	-5.796098	-4.360212	4.550271	0.578562	10.147070	-11.944042	-2.587905	1.606677	3.852372	-24.245415	5.165129
GTCGGATATCTCAGAC-1_1	2.849321	11.896393	3.537397	16.565857	-13.485674	-3.321997	6.139317	7.627564	-3.288552	-2.448636	9.220446	16.821959	12.352929	4.657746	-8.387333	-17.387712	-0.198640	-0.531924	-1.409180	19.602377	6.256096	-7.215564	-5.877344	4.158541	1.011302	12.762665	-12.805815	-4.633905	3.346530	3.641025	-29.103596	7.654891
CGCTCTCCGTAGATTA-1_1	2.088758	7.506757	1.341482	14.310852	-14.846832	-1.298802	8.549304	6.550241	-3.910800	-1.703511	10.128946	16.863695	10.610168	7.076006	-6.995361	-18.076410	0.559305	0.778396	-2.236013	18.057045	2.799356	-6.383183	-4.922869	4.830760	1.029534	10.945538	-13.220595	-1.970995	1.477353	4.168406	-26.272936	5.348590
CAAGCAACGTCGGAGT-1_1	4.119752	11.617832	2.541674	15.257252	-13.234504	-2.397877	8.219084	7.000681	-4.496914	-2.699198	10.447424	19.557093	12.397560	4.317475	-8.349094	-17.246046	0.100618	-3.450267	-0.893334	19.185501	7.527262	-8.191429	-6.284922	4.028099	2.332838	13.071781	-11.893359	-3.631306	4.099834	2.635139	-29.403753	6.749735
CCATTCCCTGCCCACA-1_1	4.986958	8.479410	1.652638	15.150047	-14.041625	-2.042288	13.724815	7.188552	-5.926831	-2.620339	12.673118	22.230820	13.099206	4.854441	-7.741977	-20.229475	1.224726	-4.233457	-1.323710	20.277975	6.948370	-9.642214	-7.159309	5.399171	4.929601	14.364438	-12.667334	0.476809	2.271333	3.783078	-30.962606	2.737500
CTTTGGCTTTAGTAAA-1_1	4.983085	8.353973	1.788000	13.332975	-11.776814	-1.427586	11.129276	5.811621	-4.817812	-1.647545	9.882066	19.710077	10.806210	3.211301	-7.801145	-17.151707	1.560878	-4.692401	-0.330447	17.224344	6.440117	-8.088894	-5.554677	4.091549	3.502963	12.517770	-10.097894	-0.455426	2.745589	2.557574	-26.764334	3.631099
GGCTATTAAGTTGTAT-1_1	6.623882	13.149810	4.092919	17.222609	-11.933414	-3.905282	12.963530	7.729696	-6.552601	-4.388781	12.266106	24.641100	14.884679	1.167389	-7.580214	-19.245478	0.694394	-7.832819	0.376960	21.700743	12.395164	-11.912150	-8.815728	3.947774	6.350498	17.815960	-11.138370	-1.287213	5.090170	2.097580	-34.600597	4.388102
CCATTAGCGATAATCC-1_1	4.100052	6.370694	1.081313	10.527925	-9.337067	-1.533157	8.192416	4.827028	-3.437582	-0.960626	7.424822	14.617738	9.828292	2.620549	-7.121210	-14.018009	1.330532	-2.319947	-0.820421	13.361832	4.217695	-4.475906	-4.312472	3.428054	1.981382	11.147146	-7.692703	0.161023	2.114492	3.417203	-21.688923	2.630255
TGTTCTTCCATTGACT-1_1	2.214690	2.768269	1.473755	7.612761	-6.070291	-0.534224	3.263204	4.267811	-3.023667	0.510657	3.013427	7.708740	6.864065	3.032507	-5.794074	-8.931855	1.019160	1.018357	0.453793	6.386564	1.812532	0.053499	-1.245028	2.435529	-1.925185	8.980910	-5.136626	0.396793	1.477466	3.768557	-13.809566	1.326459
AGATAACTTCAGGGCC-1_1	1.769087	5.739957	2.622414	10.626008	-8.761820	-2.065572	4.336291	6.438519	-4.363947	-0.940124	4.831908	9.601710	8.712999	5.452480	-5.588557	-11.204628	0.462682	3.537567	-0.255397	10.275000	5.047313	-1.627637	-1.945125	3.468530	-1.897234	11.064942	-8.638985	-1.365156	1.126165	5.296221	-18.307518	2.123718
ATAGACGAAGAGAAAG-1_1	1.459803	5.221423	3.866771	9.579862	-6.648166	-2.577316	4.665228	5.938019	-4.233378	-1.591620	5.357802	9.045385	6.861184	3.693724	-4.287834	-8.856122	0.174707	-0.208216	0.254745	9.904977	6.005502	-4.801489	-2.592713	3.945813	0.386384	7.941373	-8.104969	-1.645045	1.109720	2.666639	-16.362505	0.873875
GGCGGAGTAATATTAG-1_1	1.695241	4.925124	3.814483	11.842842	-9.753354	-2.480723	8.958077	7.568903	-6.247055	-2.045339	8.431647	13.112094	8.695334	6.286551	-4.958522	-12.764534	0.484243	-0.311071	0.008325	13.443178	7.522293	-7.292190	-3.646701	5.711663	1.854600	10.166256	-11.528831	-0.563456	0.126866	3.901716	-21.198215	-0.454783
TGACCCACGTTAGACA-1_1	0.552741	3.918674	4.103971	11.763330	-9.642008	-2.707691	6.708562	7.243551	-5.022154	-1.275740	6.845357	9.833996	7.567490	6.565524	-5.030516	-11.824728	0.583434	2.030026	-0.523028	12.479027	5.191366	-5.575743	-2.615097	5.984427	0.202565	8.595218	-11.413349	-0.994686	-0.635767	4.592551	-18.799343	-0.155988
TCACAGGTTATTGGGC-1_1	0.683555	2.175684	1.845641	7.851958	-7.439608	-0.734876	5.087372	4.333152	-3.419279	-0.145595	4.445971	7.653777	5.161376	5.012092	-4.101699	-8.671057	0.833461	0.968702	-0.375002	8.393997	2.641352	-3.545426	-1.527266	4.044137	-0.085767	5.794064	-7.394733	-0.483393	-0.224097	3.146477	-12.811720	0.131390
CGTATTAAGAGATCTA-1_1	-0.037396	1.152775	1.074301	6.004449	-5.786191	-0.225657	2.928132	2.578506	-2.037224	0.678078	1.815768	4.068709	3.131042	3.776776	-3.191044	-6.039078	1.130515	2.156094	-0.442318	5.668453	1.180461	-1.522419	-0.243773	3.033959	-1.174300	3.730165	-4.672564	-0.395700	-0.696958	3.091992	-7.806710	0.353652
ACTGTCCAGGATTATA-1_1	0.417660	3.021097	2.648348	9.126432	-7.979424	-1.302530	5.003189	5.444348	-3.791430	-0.442972	4.648038	8.130313	5.674607	5.117435	-3.938578	-9.275042	0.738484	1.729448	-0.360853	9.451785	3.366946	-3.983217	-1.975523	4.239430	-0.353399	6.793382	-8.098160	-0.859403	-0.083803	3.631687	-14.356391	0.410916
CGGGCAGCTAAACCGC-1_1	-0.256019	4.643052	5.471871	17.001352	-14.612370	-3.266997	9.114055	10.938493	-7.130424	-2.083690	9.778996	13.648600	10.895243	10.660892	-5.664364	-17.350479	0.160869	4.657438	-1.365060	17.387949	5.193991	-7.498837	-4.078998	8.081735	-0.183698	12.463821	-16.726303	-1.592958	-1.036178	6.831133	-26.345526	0.245985
TTGCTGATCATGTTCG-1_1	0.281352	5.574576	5.688013	16.860054	-13.820356	-3.696378	9.904602	10.472208	-7.328394	-2.166434	9.744529	14.407037	10.665882	9.266050	-6.111067	-16.702652	0.769769	3.228599	-0.867585	17.896212	7.637752	-8.392046	-4.176097	8.214438	0.679803	12.377299	-15.955563	-1.088463	-0.927640	6.670589	-26.437817	-0.611595
TATGGGTACGTATCGT-1_1	-0.010097	4.336487	3.988135	11.124100	-9.112569	-2.102417	3.874398	7.515434	-5.207582	-0.354017	3.886171	7.348465	7.795003	7.961920	-4.929258	-10.181416	0.384783	5.582710	0.126841	9.632153	5.715507	-2.362006	-0.750005	5.025614	-3.036245	9.740517	-10.005756	-2.046662	-0.070520	5.944029	-16.951141	0.299081
CAGCTCACTGAGACAT-1_1	1.017084	2.120373	2.388299	6.502851	-4.572599	-0.902599	2.479586	3.649080	-3.352214	1.176714	0.771196	4.113245	3.775074	3.858830	-4.591703	-5.101849	1.141055	2.352888	0.272041	3.941069	3.632926	-0.009310	0.558121	3.054224	-3.091832	4.972738	-4.416015	0.144576	-0.853502	4.032557	-8.322674	-0.207897
GGGACTGCATAGATAG-1_1	0.960080	1.787089	2.046976	7.032987	-5.210845	-0.387731	2.982940	4.386950	-3.742682	0.411981	0.963070	3.817477	5.736470	5.497208	-4.169290	-6.904283	0.693026	4.267087	0.592950	4.766634	3.325810	0.296020	0.002013	2.860198	-2.726347	7.731910	-5.383462	-0.382919	-0.861425	5.273138	-9.737885	-0.393631
ACGCATTCGTGAGTAC-1_1	-0.299097	4.257555	5.501411	14.460485	-11.217810	-4.068640	6.423160	9.855540	-6.260330	-0.939056	7.059257	9.264277	9.877232	9.818798	-6.202016	-13.125249	-0.285530	5.496581	-0.204911	13.326138	7.097918	-4.917194	-2.029794	7.338185	-1.323768	11.633545	-14.586310	-1.463440	-1.048355	7.033951	-22.211260	-1.078020
CTCTGGACGCCTGGTG-1_1	-0.354113	5.402336	6.979345	15.957419	-12.052620	-5.196371	7.405132	11.151525	-7.397185	-1.823074	8.645502	10.203857	10.393847	10.684356	-6.650193	-13.820005	-0.350358	5.407390	-0.046599	15.399311	9.714418	-6.723730	-2.412070	8.427114	-0.762125	12.489878	-16.947117	-2.124475	-1.596783	7.291807	-24.976543	-1.235481
AGGGTTTAGTTCGGGA-1_1	0.903109	2.208760	6.941343	20.621155	-17.169996	-1.910962	10.684450	8.471821	-8.655205	5.109309	3.416814	9.251180	8.135337	13.989566	-14.739689	-16.700294	4.954395	5.836857	-0.123866	15.405392	7.911232	-4.992227	3.478599	13.262907	-6.220438	9.408837	-15.519304	-1.601039	-5.785742	11.046633	-22.931381	-1.746200
GGGAGAACTCACAGTA-1_1	0.383794	3.379665	6.637154	18.548216	-15.771365	-3.194489	9.021837	9.410395	-8.129124	3.091743	5.339586	9.027246	8.682739	13.707763	-11.578524	-15.423336	2.686418	6.804743	-0.266121	15.066416	8.651687	-5.184167	1.768902	11.525949	-4.841517	10.217949	-16.222189	-1.920047	-4.158373	9.997539	-23.810017	-1.240877
ATCAATCTGGGCTGCA-1_1	1.239172	-0.428072	5.379118	16.679754	-12.730652	-0.572180	8.376365	5.098169	-6.968966	7.576425	-1.441476	3.619844	4.702381	11.213409	-15.154159	-11.821651	5.407994	5.114908	0.670584	8.203116	6.073533	-0.948241	6.101198	11.074121	-7.664420	5.907936	-10.533371	-0.488616	-6.936616	10.552347	-13.361259	-1.415120
TCTTCGATACCAATAA-1_1	0.243188	2.823617	11.842543	28.719830	-22.034941	-5.762936	12.678684	13.219651	-11.914186	7.583117	4.282767	7.122035	10.633811	21.630362	-19.631378	-20.321625	4.654984	12.029526	-0.209379	19.077284	13.548431	-6.205833	6.148463	19.533197	-10.147387	11.541446	-23.526514	-2.199008	-9.950192	16.480457	-30.449440	-3.358764
ACGTAGATTGCTGATG-1_1	4.934421	-6.089516	7.212465	37.586117	-26.892780	1.115876	21.177568	6.641834	-10.866853	24.428410	-11.045350	4.950697	4.930888	20.883099	-40.358135	-27.109980	15.671399	11.226749	3.711832	13.666623	8.494232	0.771029	17.568823	22.565506	-18.270151	9.628390	-17.607571	0.389662	-17.052937	25.974995	-20.926081	-1.162579
TCTTGATGCGTAGCGA-1_1	0.325028	1.947395	7.122372	17.285303	-13.570573	-4.063584	8.227275	9.325861	-8.399322	4.793374	2.891618	4.388033	7.127100	14.049971	-12.145679	-12.275842	2.698930	9.086846	-0.438290	10.740088	9.694923	-2.449819	4.082170	12.005714	-7.413536	8.026649	-14.703889	-0.397902	-6.820007	11.665714	-19.248169	-2.884031
GGGCTGCCTAGGGCGA-1_1	-0.351547	3.073423	7.510243	19.719858	-15.393897	-4.500250	7.710603	10.987715	-8.256523	4.131537	3.490846	5.308768	9.893914	15.005511	-12.414629	-15.398420	2.435611	11.508654	-0.497889	13.012041	9.023422	-1.950315	3.576058	11.943949	-7.727199	11.354021	-16.832312	-1.472318	-5.790008	12.810328	-23.093639	-2.087497
CTCTCACAATCGATGA-1_1	6.917446	-3.693915	6.711128	24.322975	-14.574209	-3.974399	15.032141	5.876496	-9.553661	19.235434	-7.593954	1.730014	0.514168	13.638467	-29.015829	-13.112987	8.775982	6.516029	3.200537	3.459510	11.621319	1.715965	13.961351	15.878494	-13.482754	4.616775	-11.095702	3.610622	-12.539830	18.605764	-11.791030	-3.030775
CCAAGCGTAACTCGTA-1_1	1.268515	-0.096261	2.503628	8.774177	-5.914339	-0.947090	4.036969	3.133394	-3.743484	4.373706	-1.890954	1.061554	2.364592	5.623262	-8.885671	-5.529427	3.071001	4.702088	0.447255	2.786151	3.967071	1.746992	4.313821	5.417202	-6.242282	3.898081	-4.623219	0.381667	-4.450426	6.936342	-6.061249	-0.906939
ACAACAGCATGAGCTA-1_1	11.641043	3.233064	3.054649	5.089072	8.844320	-12.603790	-0.522491	-0.111019	-0.605735	11.703976	-2.321358	-7.219748	-9.527381	5.636827	-5.379848	7.326579	-3.949227	-8.834311	5.212461	-1.372444	9.412604	3.150890	10.543047	4.172853	6.978411	-5.590163	1.233232	5.817617	5.140768	6.542826	3.065211	-1.946650
GTCCCAACGTAAAGTA-1_1	8.324591	1.470333	3.241694	8.057040	2.853497	-7.113803	2.772159	1.368806	-2.436630	8.153012	-3.039097	-3.485595	-4.526407	5.431462	-7.348280	1.208617	-0.136989	-1.595566	1.536821	0.764566	9.742622	1.704062	6.954749	2.711166	-0.468837	-0.769737	-0.076558	4.333700	-1.238690	7.893564	-0.558612	-0.849277
TCGGAGTACATGAGTA-1_1	2.738074	0.013100	2.064685	5.446982	-1.334705	-1.691535	1.674419	1.457520	-2.538217	3.548946	-1.964734	-0.196341	-0.266050	3.774325	-5.379333	-2.062233	1.871861	1.013747	0.739586	1.183303	5.221588	1.601252	3.416436	2.460406	-2.974436	1.984349	-1.431481	2.195092	-1.850849	5.360457	-2.051289	-0.730520
GGGAGTTAATGAGGCG-1_1	6.651463	1.531523	3.357457	5.823874	1.436483	-5.412343	0.808500	1.887368	-2.812953	6.526419	-0.726497	-0.559125	-3.980175	4.200931	-5.353280	0.833589	-0.264009	-4.023506	1.502728	1.492283	7.654271	1.002177	5.249300	2.848272	0.151254	-0.514035	0.181606	4.607412	1.487665	5.340686	-1.883534	-0.581999
CCGGGCGGTCTCGTCA-1_1	1.997488	0.405096	1.802499	3.422767	-1.241075	-0.853423	0.644049	1.281678	-2.158150	1.663183	-0.302789	1.430660	0.846310	2.309438	-3.497202	-2.110162	1.271268	0.105983	0.643437	1.452140	3.286746	1.420536	1.423846	1.444792	-2.148933	2.677511	-1.056444	2.174320	-0.241995	3.252198	-3.251092	-0.338376
CCGTAAGTTGGTCCCA-1_1	3.918010	0.058443	4.080572	7.092906	-2.876159	-1.734060	1.543395	2.658738	-4.230506	4.468373	-0.887603	3.195606	0.950811	4.232309	-7.952338	-4.702410	3.060674	-0.133948	1.952291	2.808663	6.708260	2.552058	3.579159	3.490464	-4.399822	4.655637	-1.859643	4.364469	-0.215824	6.765826	-6.135072	-0.644411
GGAGGGCTTGGTTGGC-1_1	4.739665	1.461311	2.303767	4.600924	0.217610	-2.790349	0.181264	1.788624	-2.437257	3.693397	-0.686849	0.773223	-1.600564	3.297022	-4.009824	-0.556354	0.323581	-2.314809	0.941544	1.602818	5.207877	0.933560	2.856609	1.323843	-0.964285	1.011928	0.138859	2.514298	1.246613	3.824906	-2.198591	0.461858
TCGGACGCCCAGCCCA-1_1	1.421510	0.407024	1.917758	4.017624	-2.192126	-0.355830	0.917463	1.736286	-2.463377	1.449381	-0.540190	1.658420	1.730587	2.718670	-3.936023	-2.795344	1.528779	1.137214	0.672931	1.663644	2.839632	1.387323	1.515022	2.050994	-3.109176	3.457745	-1.659174	1.143577	-0.877036	3.466137	-3.799564	-0.493048
TCTGTGCCATCATAGT-1_1	1.925879	1.135562	3.495692	6.078945	-3.204797	-1.017902	0.888369	3.464609	-3.600558	2.474132	-0.071879	3.194974	3.065663	3.902086	-4.887118	-4.249753	1.272712	1.683808	1.090303	2.564732	4.051179	1.294993	1.051962	2.980418	-4.112371	5.148808	-3.353621	2.159099	-0.618235	4.536635	-7.403286	-0.849863
GTACTGGAGTTAGACC-1_1	1.814539	2.473181	2.834933	6.548699	-3.778409	-0.818630	1.586185	3.300169	-3.729985	1.228381	0.011854	4.580400	3.851505	3.502174	-4.987018	-4.793760	1.345161	1.780591	0.729905	3.523040	4.392016	1.135528	0.627702	2.648576	-3.895452	5.727521	-3.666501	0.999221	-0.462313	4.465668	-7.911049	-0.183153
GGAATGCGCTAGCGTG-1_1	-0.506168	6.615331	5.030850	17.953531	-14.037957	-2.824129	3.925205	9.624774	-3.964547	-0.261862	4.660424	11.074354	10.892232	8.116433	-6.399064	-17.107347	0.617143	7.843091	-1.369548	15.782965	1.737389	-2.742984	-2.706525	5.518985	-4.083758	13.325793	-13.200386	-3.283408	1.115997	7.483052	-24.421902	4.388537
GTGTGAATAACTTAGG-1_1	0.242322	4.481872	2.742895	13.947441	-11.772122	-0.871096	4.497355	7.618184	-4.261592	0.236050	3.739990	9.879818	10.020805	7.204689	-6.247878	-15.018413	1.359807	6.570817	-0.626436	12.326177	1.985397	-1.052901	-1.792809	4.677077	-3.681861	12.149595	-9.817142	-1.150941	0.683865	7.461414	-20.059265	2.144248
GGTCGGCCAGGAGCTT-1_1	-1.659627	12.286076	9.189010	25.825136	-18.788521	-5.195752	6.018444	13.263628	-5.544257	-3.394537	8.759864	17.392490	13.447476	8.426572	-7.516903	-23.104124	1.226994	7.470834	-2.001238	25.798294	6.089077	-8.626355	-5.500534	8.298215	-3.357039	14.861564	-19.606249	-5.678990	1.193634	8.046669	-34.444386	6.412166
TAGCCGGCGGTCAGCG-1_1	-1.665114	8.430844	7.421560	23.500525	-18.470736	-3.759782	6.487952	12.174643	-5.464596	-1.412807	7.667749	15.031257	12.336370	10.491656	-8.618251	-21.836868	1.505903	8.003732	-2.189613	22.575178	3.331787	-6.586360	-3.675354	9.161125	-3.949052	13.090077	-18.778952	-4.528891	-0.081321	8.781471	-30.166943	4.119489
CGGGTGTACCCATTTA-1_1	-1.411334	7.929242	6.203064	20.006714	-15.422813	-3.557482	6.425167	10.716312	-5.002846	-2.456137	7.732327	14.489258	11.042877	7.855162	-5.447425	-18.990944	0.790256	6.027510	-1.902552	20.162611	4.066337	-6.996137	-4.686951	7.116019	-1.817199	11.951847	-15.802280	-3.020751	0.503634	7.007773	-27.048244	3.359800
AGTGATTCAAGCAGGA-1_1	-3.597878	6.182361	6.095330	22.967758	-20.080368	-3.306790	7.832885	12.340020	-5.594059	-2.517454	9.285501	14.425912	12.171159	12.348891	-5.364197	-22.842955	1.053158	10.871987	-3.839837	23.281349	1.043412	-7.203205	-4.876392	9.479219	-2.921961	12.208123	-19.954218	-2.673187	-1.956083	9.869530	-29.168879	2.606671
TAACCTACCGTCCGAG-1_1	3.982825	-4.191722	2.609700	16.182171	-10.994465	-0.615406	11.194466	1.926957	-4.639242	12.277209	-6.127306	2.320188	0.261627	7.688761	-19.948694	-10.528258	7.612628	3.062313	3.030012	3.978843	3.940440	-0.128486	9.439794	10.705010	-7.561800	2.215195	-6.528425	1.047959	-8.766654	10.822455	-6.579255	-1.595190
CTTAGTAGGCCTACAG-1_1	3.440790	-3.472328	2.303078	13.535305	-9.134743	-0.804574	9.280522	1.800011	-3.944994	10.378125	-5.283281	1.711532	0.118696	6.540369	-16.901457	-8.596338	6.464127	2.760263	2.450717	3.060467	3.479954	0.164637	8.025029	9.018069	-6.552199	1.867452	-5.625790	0.924435	-7.429763	9.284426	-5.601357	-1.354776
CTAGATGTGAGTGTAA-1_1	-0.670140	3.437812	5.618475	16.637283	-13.899160	-2.832803	7.469911	8.542159	-5.735327	1.043419	5.659260	9.127073	7.737923	10.056437	-8.434815	-14.563675	2.161869	5.712732	-1.167624	15.019288	4.883723	-5.558739	-0.540028	9.363912	-2.776268	8.327257	-14.225148	-1.859085	-2.995836	7.841333	-20.582655	-0.471729
ACTCCCGAATTCGTTT-1_1	-1.402084	2.836852	5.779381	17.293970	-14.417830	-3.358988	6.969050	9.789934	-5.781569	1.195158	5.924808	8.288492	8.588530	10.971707	-8.347890	-15.289061	1.642033	7.903567	-1.617286	14.942705	3.918856	-4.635126	-0.549899	10.005385	-3.655880	8.668082	-15.078115	-1.417509	-3.406325	9.076261	-21.034966	-1.146723
GTTCATCGTTTGGCTG-1_1	-0.068051	1.346850	2.992762	9.198606	-7.243269	-1.461113	3.125492	4.755286	-3.281829	2.216814	0.973493	2.620200	4.742875	6.029007	-6.090944	-7.832676	1.711363	5.432482	-0.305174	5.986722	2.894567	0.044849	1.592918	4.963502	-3.988335	5.703012	-7.039670	-0.404161	-2.318960	6.115446	-10.725445	-0.216663
ACTTTACCCTCATGAA-1_1	3.061103	-3.006135	2.587174	10.541918	-4.472881	-0.155975	6.565675	3.512405	-2.666852	7.599077	-6.536593	-0.502875	3.200272	5.769592	-13.679933	-8.335119	5.866102	6.773045	4.845370	0.937066	4.385321	3.916455	7.395492	5.657026	-8.505289	7.943205	-3.893163	0.757998	-6.658457	10.431212	-5.288400	-1.992017
GCGAGAGTTGCGTCCA-1_1	3.448674	-0.441442	0.863541	4.437591	0.615369	-2.110287	2.397465	0.649143	-0.611853	3.060695	-3.457489	-1.565440	-0.473595	2.819221	-5.108952	-1.582949	1.633052	1.984200	1.764838	0.774347	4.060202	1.436802	3.719520	1.717145	-2.261186	2.135412	-0.088773	0.530207	-2.622103	4.863317	-0.038006	-0.360726
GTTCGGGCGTACCATT-1_1	3.151422	-2.634619	2.268087	7.830045	-3.208512	-0.868151	3.868196	2.535330	-2.266435	6.404686	-4.972578	-0.214624	1.024417	3.857577	-10.586168	-5.546324	5.020529	3.144131	3.948064	0.420297	3.940133	3.255229	6.205947	4.069426	-5.778699	5.612220	-2.395839	1.622585	-3.715472	7.856668	-3.397655	-1.215851
CGACTTTGTATAGCCT-1_1	3.467304	-1.217237	1.433760	4.063655	1.339702	-1.648953	1.204521	1.221054	0.362447	4.111423	-4.493718	-1.498110	0.584400	2.903377	-5.116946	-3.068145	1.826599	2.982718	3.720116	0.443854	2.967151	1.500417	2.662831	0.947633	-2.162546	4.193468	-0.536016	1.737684	-1.988359	5.335609	-1.400150	0.095922
GCCATCGATGCTGCAT-1_1	2.804162	-1.642729	0.687809	4.557122	-0.855513	-1.677519	2.198088	0.638044	-0.983040	2.943293	-4.147379	-0.899669	-0.038870	2.558670	-6.648452	-2.496911	3.117517	2.050718	2.357408	0.886164	3.244943	2.735143	4.601050	2.347695	-3.270087	3.105559	-0.574133	1.107684	-2.525660	5.589791	-0.755950	-0.742124
GCATTTCCAAGGCTCC-1_1	2.265454	-0.707306	0.273462	1.920276	1.434356	-1.654417	0.939083	-0.215884	0.386451	1.936413	-2.821214	-1.824537	-0.748058	1.278981	-2.910764	-0.209628	1.158664	1.225846	1.598260	0.348213	1.926834	1.140513	2.305565	0.653481	-1.079188	1.336142	0.271790	0.688349	-1.767660	2.917826	0.628575	-0.424515
ATGTAAGGCTGCTCTT-1_1	2.901805	-2.104198	0.316737	4.159541	-0.039438	-1.713370	2.485751	0.227814	-0.156786	3.024364	-5.353347	-1.463322	0.215409	2.306643	-6.966516	-2.424805	3.333274	3.362112	3.091922	0.408363	2.319675	2.605464	4.361780	2.117918	-3.675663	3.703490	-0.100911	0.460595	-3.570964	5.684731	-0.198510	-0.894898
ACGTTCGCAATCAATT-1_1	10.456098	1.043785	0.980927	2.867979	6.619379	-11.749425	0.545668	-0.952482	0.093088	9.848791	-4.099751	-5.176008	-8.020656	4.070267	-5.612444	5.257148	-2.980201	-7.210393	5.696504	-2.148779	6.082669	3.513317	9.214376	4.619388	6.920374	-4.744230	0.977069	4.002922	4.566070	6.136725	3.092242	-2.041233
GTGACGAGGGTGACCC-1_1	2.016538	-2.228595	0.833532	5.945192	-3.623344	-1.306503	4.202246	1.292294	-1.996736	4.865794	-3.707159	0.088337	0.129476	3.004967	-8.620402	-3.467150	3.609003	2.566232	1.670022	-0.006044	2.407856	2.069646	4.881937	4.073485	-4.243644	2.081410	-2.082230	0.860478	-3.624122	5.640940	-2.055523	-1.075829
AGTGGTTGCGTATAGG-1_1	1.940865	-4.538102	-1.901800	1.215984	0.671111	-3.350892	1.050977	-2.590510	5.369789	0.944671	-8.276432	-3.072116	0.661190	0.960225	-8.410253	-1.302476	7.450208	8.126385	7.316316	-0.572174	-3.067183	4.411615	3.060626	1.435368	-6.267406	7.293692	1.167739	-2.146032	-7.930742	6.119086	0.434415	-1.611246
ATCGGTTACCTAGTAA-1_1	1.609818	-1.454808	0.910089	4.771616	-2.871276	0.294823	2.948895	1.501950	-1.696079	2.955073	-2.045910	1.785755	1.902184	1.775548	-7.185010	-4.068949	3.787973	1.629631	2.060742	1.107978	1.814727	2.366650	3.383435	2.587333	-4.040165	4.496883	-1.230566	1.300827	-1.978132	4.072867	-3.700912	-0.895208
CCTGCCCGTTGTCTAG-1_1	1.008600	-0.709456	-0.099755	1.559759	-0.735421	0.127243	1.115611	0.312414	-0.060401	0.319659	-1.304982	0.622360	1.557146	0.801637	-3.030998	-1.806690	1.858433	1.277098	1.398759	0.564968	0.058120	1.440618	0.901783	0.605675	-1.974486	3.271258	-0.256385	0.106336	-1.117248	1.950650	-1.767774	-0.326392
GCACACGCCCATGGTC-1_1	1.699485	2.779090	2.893450	13.751406	-11.349672	-0.765326	6.375847	7.436099	-4.919043	1.407252	4.332374	10.898122	10.604042	6.012573	-9.150116	-15.587202	3.034461	3.747491	-0.271574	11.731488	1.903497	-0.806487	-1.440493	5.991097	-3.139404	12.834083	-9.279088	1.119868	0.429201	7.828224	-21.357607	-0.206665
AGTACGGCCCGTATCG-1_1	1.961895	0.196448	2.368285	7.446906	-5.566659	0.998634	3.267230	2.874304	-3.612505	2.924124	-0.472606	5.880591	4.235332	2.325021	-9.235414	-7.504164	5.014499	0.531070	1.570009	4.165841	2.328171	2.413078	2.427825	4.036639	-5.259066	6.916813	-2.705759	2.171216	-0.806567	5.259745	-9.080172	-0.573156
TATCTAGCCTAAAGGA-1_1	2.608185	4.583671	3.421275	16.656193	-15.236589	-2.136476	12.932756	9.065179	-6.580436	-0.703710	10.584678	18.000154	11.670356	7.503062	-8.438866	-19.965101	2.690269	0.446823	-2.013311	19.010323	3.914307	-7.963352	-5.149354	8.370848	1.771694	12.639623	-14.038756	1.385443	-0.534815	6.869822	-28.195675	-0.859322
CACTCGGTTAGGAGGA-1_1	2.519315	4.733790	3.040771	16.406528	-14.840290	-1.768078	11.745539	8.668921	-5.942166	-0.128718	9.016422	16.933201	11.342486	6.906300	-8.322819	-19.319118	2.852301	1.331682	-1.851775	18.149845	3.122146	-6.710133	-4.776326	7.584698	0.904006	13.064341	-12.468974	0.985524	-0.123362	7.099417	-26.785421	-0.039228
ATGTTCGTCGACCCAC-1_1	3.764447	3.823532	1.586043	18.456278	-18.834314	-0.732991	18.374922	9.152195	-7.988480	-1.116606	13.237500	23.230379	14.282167	8.616499	-8.512966	-25.057594	4.013991	-0.530928	-3.040348	22.881939	2.939847	-10.293360	-7.330704	9.508383	4.205224	15.389582	-14.598718	3.786749	-1.157743	8.144162	-32.504154	-2.276297
TTCCTCTGCCCGAATA-1_1	3.482210	2.447206	1.135154	19.629467	-21.274017	0.409961	19.026606	9.647797	-8.431878	-0.062718	13.326843	23.631582	14.707316	11.012897	-10.692816	-27.090034	4.920307	0.554024	-3.620726	23.603878	0.855017	-9.344828	-6.476973	10.805751	2.785564	15.580972	-16.259159	3.553337	-1.967184	9.522393	-33.302349	-2.150647
TTACTATCGGCTTCTC-1_1	3.572764	1.313350	-0.430514	17.855103	-19.384123	1.300040	18.774275	7.866897	-7.927540	0.025374	11.945052	23.113266	14.446839	8.604395	-8.922085	-25.363403	5.011608	-0.541497	-2.835049	21.293467	0.224949	-8.543845	-6.647352	9.365684	3.923762	15.728593	-12.809863	5.327297	-1.095138	8.589587	-30.306772	-3.221428
GCCGCATTAGTCCGGC-1_1	4.095585	1.244081	-0.578181	19.386393	-21.707747	1.370121	21.490610	9.039461	-9.000075	-0.393896	14.352274	26.066639	16.172314	10.008438	-9.182628	-28.480835	5.154000	-0.711655	-3.420043	23.758451	-0.085174	-10.155943	-7.839009	10.422827	5.012774	17.110548	-14.922863	6.130655	-1.505028	9.105108	-34.268673	-3.732613
TAAGGGCTGGGAGAGG-1_1	5.090816	2.522662	0.606578	15.528547	-15.087773	1.333095	14.502853	6.271105	-7.254877	0.870578	8.801133	20.788704	13.516233	4.174330	-11.594488	-21.537498	6.158754	-3.256761	-0.589477	17.510878	1.712535	-4.659313	-4.443936	8.003385	1.412448	16.170559	-8.535603	4.559698	1.407393	7.199943	-27.956907	-1.827442
TAAGCAGGCGACACGC-1_1	4.263067	5.261022	2.100588	20.557159	-19.899025	-1.520802	18.421619	9.803957	-7.854220	-0.531293	13.560655	25.027714	15.179389	7.439559	-10.472770	-26.735260	4.737252	-0.689762	-3.112665	24.929159	3.550879	-9.872927	-7.672286	9.886634	3.664601	17.145346	-15.026073	4.168859	-0.219849	9.148931	-35.853786	-1.477080
AGCACTACCGGCCTGT-1_1	4.526227	-0.614425	2.265780	8.705863	-8.633331	2.563900	6.215936	2.842971	-5.237715	1.751048	4.472823	15.621878	9.435990	1.374136	-11.504354	-14.794748	7.631832	-4.513297	4.491022	10.954078	3.079082	1.831175	-0.135876	6.409128	-2.576072	15.751012	-2.338359	7.275836	3.228603	4.767318	-19.189734	-0.881810
GAAAGCCCTTTGGACC-1_1	4.160188	-0.271020	2.186631	7.770560	-7.495393	2.345728	4.730555	3.359608	-5.212201	1.901985	3.642005	13.344320	8.846395	1.378585	-10.474689	-12.847749	6.821015	-3.256282	3.851650	8.568448	2.975629	2.709561	-0.060841	5.174691	-3.375758	14.626675	-2.237738	6.522394	2.937557	5.042379	-17.197248	-0.737154
GACCGACTGAAGCGTC-1_1	1.722839	0.148452	1.117706	4.774315	-4.453921	1.381820	2.655372	1.888735	-2.737551	1.021667	1.386185	6.945893	4.739135	0.985415	-5.962759	-7.063776	3.656898	-1.063781	1.555836	4.736930	1.245149	1.489948	0.154209	2.801164	-2.387886	7.104834	-1.744133	2.732686	1.089238	3.072693	-8.935662	-0.288914
CGGTGAAGACTAAAGT-1_1	3.264235	-0.559055	0.269473	2.426685	1.075125	-0.939875	1.002604	0.263248	0.110369	1.109852	-2.631317	-0.161164	0.804455	1.163484	-3.829847	-1.353422	2.307499	0.809434	1.799366	0.995054	1.828300	1.580865	1.394676	0.356194	-2.117361	3.834412	0.813918	1.127466	-1.416710	3.150530	-1.119487	-0.029493
CCCTGCGCTACGCATA-1_1	1.427879	-0.730858	0.255682	1.822458	-0.496878	0.173636	0.989378	0.189474	-0.356836	0.446613	-1.446987	0.912971	1.659771	0.964833	-3.245092	-1.811100	2.320991	0.778224	1.726365	0.717552	0.888446	1.634858	0.862395	0.611699	-2.223698	4.023639	-0.067551	0.913233	-1.156623	2.384851	-2.046649	-0.626734
TACTGGACAGCTCGGC-1_1	1.237026	-0.603099	-0.008727	1.208161	-0.215549	0.090128	0.726368	-0.005968	0.068540	0.188526	-1.193459	0.627703	1.304795	0.687244	-2.430508	-1.333675	1.832149	0.586138	1.482916	0.560941	0.417137	1.273123	0.511503	0.282789	-1.633634	3.266438	0.115170	0.545680	-0.893675	1.767893	-1.491373	-0.349457
TTAGTAGGGCGGCGGG-1_1	1.196496	-0.687742	0.749712	1.791675	-0.760524	0.362727	0.550374	0.973494	-0.754990	0.950832	-0.896130	0.922873	1.883479	1.101870	-2.890217	-2.258194	1.870395	0.713934	1.583193	0.617845	0.428528	1.464689	0.418334	0.590601	-1.967616	3.797075	-0.557498	1.396827	-0.516182	2.169378	-2.880933	-0.491785
GAGGCTATCAAAGTCG-1_1	2.598394	-0.730047	0.650053	2.872269	-0.922215	0.375624	1.372863	0.810205	-1.288833	0.803781	-1.510428	2.459376	2.645018	1.264371	-5.056013	-3.198692	2.939662	0.482339	2.202960	1.122240	1.798013	2.556579	1.439024	0.775765	-3.059088	5.928847	0.071949	1.832605	-0.407043	3.299129	-3.488316	-0.425197
TTACCATTGATTACCC-1_1	2.009021	-0.664010	1.164493	4.755558	-3.321643	1.193760	1.959496	1.945802	-2.453838	1.080068	-0.652003	4.479918	4.315841	1.301807	-7.056627	-5.836231	4.162370	0.592474	2.321539	2.685218	1.610198	3.250097	1.663937	2.017078	-3.997372	7.590915	-1.220928	2.293879	0.078798	4.276877	-6.946903	-0.466617
ATACCACGGGCAACTT-1_1	3.602706	0.243665	1.433946	8.160883	-6.638201	2.208193	3.637519	3.347105	-3.799801	2.364064	0.218991	9.173470	7.438766	2.431600	-10.844777	-10.591276	5.619598	-0.057030	3.148326	5.299831	1.610249	3.723313	1.385906	2.978736	-5.044271	12.463119	-2.475356	3.053800	1.381738	5.670529	-13.254333	0.808990
TGTCCTAAGTCACCGC-1_1	4.238007	0.593749	0.718511	12.677120	-11.394004	3.926643	7.123565	5.748429	-6.050954	2.684017	1.617652	13.776887	13.441067	4.796616	-14.416534	-17.586523	6.681072	1.406007	2.959052	9.305675	0.384360	4.270337	-0.079508	4.679278	-5.694430	18.960680	-5.639141	3.125947	1.282339	9.040790	-22.138954	0.749133
AGGTAGGTACAAAGCT-1_1	8.396678	17.694851	1.661327	22.569260	-19.862274	-3.463471	15.485447	9.248004	-6.092824	-2.994193	16.333828	33.035313	19.703960	5.238586	-13.508655	-27.565792	0.188034	-7.224491	-1.449587	29.686876	11.362064	-12.439227	-11.060539	5.008256	5.711544	21.946474	-17.025009	-2.636422	6.701921	3.795427	-46.379875	10.120028
GGCATACAGGTAGCGG-1_1	5.941403	12.759984	0.797836	18.753046	-18.916592	-1.905910	13.424136	8.004002	-5.288054	-2.090124	14.590556	26.583027	16.136742	6.851196	-11.598135	-24.880314	0.906477	-3.524939	-2.261356	25.261675	6.549293	-9.473447	-8.087541	5.532650	3.466809	16.983923	-15.808338	-2.131870	4.048309	4.446466	-38.441448	8.013678
TGTAGTGATCTATAAT-1_1	2.257638	5.225406	0.146958	13.133554	-15.268129	-0.065025	9.610148	5.893068	-4.161860	-0.538223	9.626979	16.411388	9.975448	8.345720	-7.524943	-18.239513	1.339458	1.242301	-2.417314	16.669210	1.164910	-5.289357	-3.896906	5.367753	0.494945	10.261840	-12.742712	-0.842634	0.638192	4.859702	-24.340675	3.986877
TCCCGGGTGTGCTGCT-1_1	0.766738	6.988005	1.028488	16.803295	-18.248016	-0.981201	9.250673	7.672155	-4.274511	-1.746205	10.907734	17.820009	11.768213	9.768745	-6.645869	-21.217545	0.614318	3.989560	-3.342828	20.439066	0.830921	-6.300016	-5.238339	5.905110	0.013696	11.991978	-15.612086	-1.898595	0.844946	5.987740	-28.389193	5.644660
TACGATGTTGATCATC-1_1	0.622574	0.722692	0.240443	2.608562	-2.627621	-0.015226	1.739858	1.322457	-1.029898	0.238087	1.427013	2.953449	2.159791	1.447137	-2.105196	-3.421064	0.517452	0.186570	-0.053552	2.795704	0.441514	-0.550894	-0.455416	1.305502	-0.334926	2.445583	-2.193025	0.144083	0.104878	1.237827	-4.666794	0.252260
CCTCTCTCCCATCTAG-1_1	0.700847	1.773487	0.026301	6.103223	-7.013796	0.222487	4.171511	2.645910	-1.977238	0.191840	3.693554	6.973197	4.263001	3.873593	-3.418131	-8.109278	0.934214	1.115352	-0.911021	7.146301	0.274977	-2.017363	-1.400369	2.619359	-0.266107	4.638928	-5.457426	-0.040014	0.127406	2.608759	-10.351824	1.318341
GCAGGACTATAGAATA-1_1	0.691013	0.811409	0.705996	3.951950	-3.734480	0.239538	2.110062	1.816146	-1.629831	0.793211	1.080115	3.542323	2.706808	2.333188	-3.714434	-4.453048	1.211442	0.589197	0.108468	3.393620	0.748361	-0.229937	0.146816	2.083570	-1.439704	3.207623	-3.024648	-0.076418	-0.294427	2.116986	-5.851988	0.281429
CTAGTGAAGGACAGGA-1_1	0.892161	4.583190	1.601843	13.303756	-14.123301	-0.784990	8.708538	6.806345	-4.854857	-1.347852	9.101537	14.850782	9.063357	8.276814	-5.179301	-16.573215	0.748635	2.184176	-1.885986	15.743744	2.239949	-6.003767	-3.924419	5.390890	0.451261	9.976785	-12.954529	-0.827121	0.363294	4.681663	-23.016447	2.788970
TACGAGAACTTCACGT-1_1	2.099554	3.319670	1.626266	11.678489	-12.466378	-0.380868	9.792158	6.449877	-5.461535	-0.537044	8.591619	14.322049	8.705387	7.682655	-6.503573	-15.175131	1.522802	0.104287	-1.251005	13.732349	2.878406	-5.899339	-3.279599	5.863225	0.912588	9.464722	-11.531691	-0.036047	-0.153831	4.405046	-21.370071	0.742116
CGTTGTTTCAATTCCC-1_1	2.589428	7.272180	3.306487	11.438199	-8.763594	-2.506174	6.707204	6.227494	-4.606716	-2.054864	7.414106	13.058667	8.814004	3.875937	-5.682771	-11.698703	0.186646	-2.099691	-0.007769	13.216828	7.256207	-6.631720	-4.025975	4.096920	1.831395	9.800919	-9.391002	-2.096401	2.022080	2.555105	-20.867697	2.335775
GCAAATATTACGCTTT-1_1	4.151056	11.106757	5.351784	15.758828	-10.869898	-3.657213	8.934489	8.501127	-6.784710	-3.723482	9.799853	18.852966	12.122269	3.647476	-6.899317	-15.280510	0.369539	-4.397493	0.475319	17.963505	11.185957	-9.701903	-6.102135	4.938388	2.844597	14.178814	-11.477873	-3.169887	3.870378	2.616282	-28.803247	3.434234
CCAATAGTGCCGTCGA-1_1	5.485481	15.076077	5.790294	21.875538	-14.487256	-5.322785	8.022660	10.147326	-5.578328	-3.183349	10.124990	23.252466	16.796143	3.462956	-8.667028	-21.236324	-0.868947	-2.337290	-0.068685	22.216728	9.837774	-8.234510	-7.719104	3.272008	1.961121	21.558741	-13.905408	-4.405652	7.431029	3.921377	-38.930004	9.095159
ATTGCTGCTCCTCCAT-1_1	3.778102	5.305315	2.876016	13.062849	-9.247494	-0.434687	4.515782	6.450090	-4.812755	0.552738	3.172438	13.013551	11.186772	3.945504	-8.521609	-13.975590	1.599573	0.529318	1.259207	10.006306	3.203073	-0.344456	-2.174964	2.881774	-3.058650	15.525576	-6.738606	-0.749883	3.842399	5.207451	-21.924059	3.381543
GAGATCTGCTTGGCAT-1_1	1.517445	1.879785	1.030316	4.298508	-3.173092	-0.038640	1.594591	2.449597	-1.986905	0.245501	1.690151	5.552474	3.923436	1.082964	-3.567322	-4.991523	0.881504	-0.253651	0.599995	3.573534	1.577031	0.118442	-0.907242	1.261955	-1.334796	5.341017	-2.371073	0.736005	1.298813	2.048975	-7.920349	0.606640
GCCGAAATTCCTACGT-1_1	1.807067	1.057388	1.037737	3.611259	-1.673925	0.547390	1.104129	1.754719	-2.082589	0.086981	-0.539926	2.518448	3.763741	1.701300	-3.663503	-3.782363	1.226768	1.100908	1.247742	1.256599	1.629905	1.787050	0.126151	0.707930	-2.492004	5.719258	-1.541948	0.366221	-0.063307	3.216348	-4.720561	0.179811
GGCACTCCACTGGGCA-1_1	0.650896	6.587917	6.087594	14.130829	-9.652021	-4.124546	5.932831	9.290733	-5.847100	-2.113955	7.225183	11.051853	9.765867	6.464173	-5.889139	-12.483078	-0.085746	2.063098	0.217333	13.818735	8.257640	-6.276460	-3.211915	6.146136	-0.322400	10.976222	-12.843489	-2.220704	0.460879	4.882801	-22.655436	0.396178
GGGTCACCGTGACGGT-1_1	0.337813	2.605396	2.726483	7.808291	-6.168913	-1.452498	2.851639	4.305513	-3.088599	0.445052	2.203342	4.763842	4.704530	4.717910	-4.476633	-6.862487	0.911068	2.837753	-0.020964	6.463950	3.434502	-1.482619	-0.025353	3.736878	-2.113478	5.731248	-6.589791	-1.039975	-0.463473	3.902760	-11.004983	0.302263
TCCCAGCTTTAGTCTG-1_1	1.689393	2.089869	2.093729	10.828663	-10.382819	-1.494341	10.082387	6.400552	-5.502742	-0.693088	7.867365	12.063767	8.155156	6.476750	-4.999695	-13.149192	1.435804	0.463571	-1.020415	12.602257	4.123497	-6.315085	-3.611794	6.162560	2.202972	9.246960	-10.176508	1.632781	-1.105362	5.000243	-19.140528	-2.138776
CTACGCACGGAGTACC-1_1	1.111176	2.656344	3.948410	12.585361	-10.832833	-1.901686	7.669038	6.739696	-5.279144	0.980880	5.358641	9.485891	7.463452	7.279699	-8.020930	-12.509411	2.500453	2.388880	-0.618948	12.050310	4.358742	-4.443516	-1.004342	7.556811	-1.385260	8.107858	-10.780827	-0.098668	-1.752315	6.194723	-18.384680	-1.576816
AAATTAACGGGTAGCT-1_1	0.910151	5.008587	4.624789	14.558323	-12.084615	-2.490153	6.352093	8.931298	-5.764564	0.034892	5.881925	11.115227	9.931818	8.633021	-7.322362	-14.482726	1.056855	4.582622	-0.211826	13.549109	5.385383	-3.946159	-1.859250	6.432161	-2.369840	12.243535	-12.594082	-1.822059	0.148763	6.781343	-22.960663	0.889122
ACGCGGGCCAAGGACA-1_1	0.113206	2.707600	4.942316	14.488221	-12.245892	-3.579288	8.145419	9.153483	-6.159866	0.322243	7.456706	9.252413	8.712729	10.045015	-7.847268	-13.749155	0.933190	4.692068	-0.874995	13.670975	5.702095	-5.349866	-1.340066	8.810430	-1.006453	9.683331	-14.644383	-0.745613	-2.490625	7.377571	-21.117476	-1.924220
GCGAGTTCTGCAAAGA-1_1	0.435625	0.727958	3.988364	12.181582	-9.987164	-0.735995	5.827812	4.466698	-4.895592	3.914264	0.673736	4.100029	4.111757	8.201356	-9.706241	-9.334861	3.491256	3.760170	0.074123	7.930465	4.290910	-1.814036	3.331875	7.961192	-4.832531	4.802269	-8.611533	-1.103690	-4.220073	6.833987	-11.732193	-0.661228
TATTCGTGCCAGAATA-1_1	3.882144	-3.340868	7.868563	29.788996	-20.693012	0.172027	16.872313	4.606043	-9.893480	18.420715	-6.803317	4.478439	3.277885	17.391237	-30.966822	-19.459927	10.688728	6.489822	2.341586	11.304308	8.812187	-2.285534	13.027311	19.065296	-13.494382	5.185138	-15.029044	-0.235609	-13.716997	18.358526	-16.538231	-1.562843
AGGGCTGCAGTTACAG-1_1	6.488472	-5.992317	8.380751	37.093010	-24.793716	0.423085	22.360493	5.174176	-11.516124	25.220335	-11.611045	4.776367	2.173058	20.329372	-40.885235	-24.003929	14.759995	6.947926	4.066041	11.838843	10.474196	-2.047706	17.825216	23.383236	-16.782915	5.145972	-16.886572	0.528005	-17.686787	24.066961	-17.250898	-2.093292
CTAGCATAGTATAATG-1_1	3.469698	-2.618666	6.702968	26.570999	-18.401461	0.000521	14.290145	4.705005	-8.659871	16.676807	-6.385226	4.245030	3.496698	14.468942	-27.879387	-17.736877	9.881707	6.344534	2.490063	9.492015	7.638459	-0.511495	11.678258	15.870717	-12.541600	6.325944	-13.196588	0.260042	-11.393188	17.018747	-15.922065	-1.008974
TAGGTTCGAGTTCGTC-1_1	6.633050	-5.969136	6.879685	32.700684	-21.744112	-0.471623	20.545063	4.558928	-9.967669	23.411180	-10.681792	3.709626	1.258067	17.203615	-37.492050	-21.019823	13.671160	6.198658	4.040029	9.486249	9.699655	-1.113852	16.672098	20.699314	-14.924308	4.661004	-14.734965	1.497646	-16.366913	21.958105	-15.030242	-2.067755
GAATTATAGTGAAAGG-1_1	3.304243	-4.120492	4.513270	22.577871	-15.240719	0.016199	12.449642	8.800355	-6.929239	14.575573	-7.609385	0.994427	8.051153	15.398500	-24.292263	-18.993847	8.481950	14.626846	4.044208	6.009447	5.427119	5.662304	11.441317	12.325304	-14.732718	13.746249	-12.244289	0.424833	-11.239828	19.996576	-16.722424	-2.196404
CTATCGGGTCTCAACA-1_1	1.274038	-0.437481	5.950772	19.982910	-15.610035	-0.827321	9.608459	5.404812	-7.651469	9.447943	-2.050306	3.664586	4.739979	13.383788	-18.043781	-13.995584	6.512020	6.971103	0.382493	9.945313	7.190617	-0.850388	7.490665	13.021537	-9.566591	6.147153	-12.597932	-0.344292	-8.593699	13.011940	-15.398745	-0.687416
GCGCTAATTGAATAGA-1_1	-0.692924	2.742171	6.843102	18.023903	-14.750661	-4.679368	8.317768	9.978424	-7.749607	3.170198	5.285698	6.047062	8.303943	14.143402	-10.616248	-14.006411	1.713276	9.342420	-0.852812	13.503229	8.797607	-4.141650	2.316207	11.839117	-5.434523	8.722794	-16.779922	-0.907662	-5.666800	10.859451	-21.685829	-2.672256
ATGCGACAGTCCCATT-1_1	-1.212946	4.497914	8.524022	20.557169	-16.037127	-6.618693	9.359452	13.525743	-8.678773	-0.169953	9.968812	10.011448	11.836764	14.613605	-10.406809	-17.149233	0.276113	8.549669	-0.967445	18.220316	10.257957	-7.171174	-0.946584	12.735414	-2.471476	12.571698	-21.550287	-1.943310	-4.311563	10.685332	-28.433437	-2.992311
GGTAGTGCTCGCACCA-1_1	2.466762	-1.039480	3.704942	11.921690	-7.036680	-1.402054	6.138320	4.653034	-4.971989	7.738448	-3.626469	0.235028	3.043294	8.418714	-12.663873	-7.679083	3.564889	7.189734	1.731962	2.124893	5.707783	2.867069	6.207687	7.049683	-8.556530	5.724940	-6.373148	1.160085	-6.296250	10.607094	-8.051659	-1.637320
AAGCTCGTGCCAAGTC-1_1	1.312510	0.964031	4.730444	14.035352	-9.736225	-2.113038	5.717957	6.441422	-6.396988	5.611412	-1.420379	1.635037	5.741844	10.678997	-11.422510	-9.486599	2.875086	9.423632	0.162882	5.392311	6.587356	2.299798	5.042459	8.294686	-9.044470	7.586927	-9.326719	0.741775	-6.527255	11.414618	-12.529893	-1.910001
TATTCAATTCTAATCC-1_1	7.525959	1.805094	2.948334	7.515046	3.252133	-7.324564	2.522919	0.809109	-1.718081	7.004476	-3.014364	-4.256263	-4.320269	5.331995	-6.277038	1.516339	-0.306120	-0.138175	1.300092	0.994985	9.806390	1.988300	6.624973	2.094221	-0.105495	-0.835173	-0.578972	3.867161	-1.651117	7.766549	-0.204035	-0.590581
TTCAAAGTCTCTAGCC-1_1	6.401258	0.502375	2.260739	7.638038	0.644300	-3.949715	2.818623	1.852900	-2.148637	4.782914	-3.719219	-1.461501	-0.998127	4.584588	-7.598878	-2.162104	2.390733	1.375566	1.653024	1.846382	7.962368	2.248732	5.206895	2.572850	-3.223339	3.123300	-0.317910	2.426233	-2.686030	7.693232	-1.547998	-0.221222
TTGAATATGGACTTTC-1_1	10.663517	2.798414	5.033928	8.777905	2.753649	-7.576086	0.478872	3.282415	-4.212648	10.002833	-1.251802	-0.889451	-5.359725	6.431874	-7.914752	0.607212	-0.380656	-6.222663	2.796375	1.957631	11.282728	1.310802	7.041189	3.556267	0.488657	0.128557	0.309958	6.359931	2.864410	7.907575	-2.652889	0.316199
AAGAGCTCTTTATCGG-1_1	25.365290	8.121766	2.847625	5.048914	20.086147	-28.037947	-4.367774	-5.364404	0.199164	24.080587	-5.948946	-15.240178	-23.420658	9.031924	-7.687755	21.022184	-12.008154	-24.934505	16.712202	-5.273051	12.262541	9.139330	21.338385	12.090672	24.268547	-18.842054	4.888648	9.921395	18.514677	8.165592	8.401525	-5.226779
TTACTCCGGCCGGGAA-1_1	5.016074	0.726382	2.884427	6.276101	0.270164	-2.243624	1.173441	2.407521	-2.173241	4.625493	-2.746802	-0.231571	-0.117554	4.215276	-5.603773	-2.675506	2.072091	0.465524	1.980357	1.290228	6.339932	1.547069	3.080289	1.652737	-2.638203	3.491811	-0.985961	2.867608	-1.114748	6.251325	-2.599511	-0.028060
AAACGAGACGGTTGAT-1_1	4.167208	1.718344	1.980842	4.625500	1.940553	-3.838150	0.354287	0.721997	-1.152418	3.724801	-1.073394	-2.349681	-2.531799	3.156508	-2.766072	1.077961	0.000323	-0.288626	0.578122	1.122678	5.938675	1.020567	3.322120	0.683556	-0.289451	-0.158008	-0.439146	2.366567	-0.541981	3.996475	-0.325199	0.137092
GCTAAGTAGTTTCTCT-1_1	5.057687	2.104368	2.405231	4.593188	2.289200	-3.963842	-0.106536	1.200490	-1.603909	4.246895	-0.730358	-1.600080	-2.605711	3.216674	-2.891277	1.087318	-0.300457	-1.938769	0.996488	1.054893	6.008524	0.972951	3.207513	0.703826	0.154539	0.088847	-0.117274	2.923275	0.756260	3.820258	-0.857289	0.367172
ATAACGCCGGAGGGTC-1_1	2.391716	-0.448316	0.682068	3.382710	0.588685	-0.602738	0.671256	1.061294	0.349178	1.580629	-3.306606	-0.324870	1.708209	1.690477	-4.099305	-2.917251	2.075221	2.905651	2.519615	1.204610	1.928846	1.824381	1.645011	0.449474	-2.758101	4.895741	-0.750287	1.006564	-1.871394	4.153821	-2.168287	0.031093
GGATCCGGAATATACT-1_1	13.109752	5.410440	5.395219	7.328496	11.071923	-13.853651	-0.834389	0.583508	-0.724096	12.458302	-1.477810	-8.256840	-9.373297	6.911858	-5.569705	7.892582	-4.250455	-8.116949	4.615867	-0.415903	13.125730	3.196016	11.372580	2.555836	6.234892	-3.792563	0.716406	7.025330	4.966118	7.720917	1.890007	-0.710497
TGAAAGGACCTGACTC-1_1	5.526916	1.708840	2.781172	5.138467	0.976877	-4.034552	0.275610	1.783076	-2.672105	4.759130	-0.359878	0.155696	-2.685140	3.675050	-4.050965	0.302605	-0.279660	-3.191063	0.893390	1.728709	6.444998	0.807017	3.378406	1.667417	-0.279515	0.233323	-0.054855	3.733392	1.323619	4.252944	-2.162113	0.018981
TCCGCGGCAGCATCTG-1_1	1.298295	2.776682	2.254893	7.636803	-5.296064	-0.550297	3.197410	4.300248	-4.118580	0.043502	0.881789	5.107232	5.969014	4.661734	-4.866181	-7.317895	1.317937	4.095248	0.438459	5.555457	4.339907	0.771563	-0.246155	2.886559	-3.353133	7.866924	-5.382865	0.542185	-1.108802	5.944535	-10.594485	-0.477292
TGCATATGTCTGTCAC-1_1	5.632856	2.384737	2.396106	3.421652	3.418542	-5.019431	-0.507313	0.883241	-1.077936	4.746882	-0.185228	-1.662464	-3.407003	2.955081	-2.647421	2.402212	-1.471026	-4.121281	1.787560	0.650196	5.273787	0.951755	4.237942	1.329898	1.893180	-0.746411	0.583625	2.909832	2.656045	2.977512	-0.370428	-0.032754
TGTAGGAGAAATTTCC-1_1	-1.490110	7.822650	7.201213	20.718042	-16.064535	-3.583169	5.898998	11.415721	-5.877530	-1.168132	6.606420	13.085131	11.345392	9.780847	-8.209967	-18.774864	1.733779	7.733709	-1.378389	19.381804	5.093959	-5.594550	-2.519991	8.701791	-4.273489	11.955846	-16.909264	-3.789670	-0.469434	8.393046	-27.068233	2.256337
AGTGAGACTTCCAGTA-1_1	0.771882	2.232636	1.705894	7.669896	-6.106056	-0.025328	3.089923	3.357655	-3.767684	0.993436	0.163238	4.169110	4.659407	5.176826	-5.515545	-6.935114	1.779217	4.528561	0.186919	5.132936	3.743673	1.175723	1.092111	3.307452	-4.243846	6.234118	-5.125700	0.029158	-2.007993	6.011208	-8.652987	0.235847
CCCAAACATGCTGCTC-1_1	-1.147474	5.337471	6.054731	21.318562	-17.820543	-3.733629	9.148924	12.061621	-6.358767	-1.274707	9.468370	14.779677	12.519649	11.534600	-7.521507	-21.329060	0.933095	7.263402	-2.464150	21.052549	3.126481	-7.126721	-4.349497	9.572918	-1.585239	13.477530	-18.782972	-1.657960	-1.248100	9.161595	-29.627026	0.905129
GCTTATGAAGCAGGAA-1_1	-0.463837	7.717501	7.440930	20.577000	-15.692090	-4.041871	8.000044	11.982807	-6.618770	-2.082229	8.565105	14.858320	11.757951	9.374320	-7.744615	-19.276890	1.312012	5.263775	-1.342936	20.441111	5.920833	-7.656517	-4.009998	8.852161	-1.967106	12.879653	-17.315868	-3.361462	-0.385834	7.576863	-28.671038	1.802369
TTCTAACCGAAGCTTA-1_1	0.385982	7.904234	7.366910	22.189445	-16.957928	-4.722771	11.631551	12.278575	-7.654007	-2.740584	11.066255	18.257351	13.307005	9.287233	-8.012364	-21.669077	1.588027	3.465423	-1.562766	23.208504	7.733339	-10.143587	-5.546471	9.748550	0.698013	14.768723	-18.766884	-1.567234	-0.633885	7.940640	-32.530182	0.296788
GGATGTCCTTACCGCA-1_1	-0.448048	6.067299	6.476406	21.379850	-17.726534	-4.206295	10.394037	12.148724	-7.035306	-1.866841	10.783743	16.370016	13.011965	10.628471	-8.285764	-21.777788	1.544589	5.541158	-2.366144	22.089880	4.752347	-8.176023	-4.752340	10.339738	-0.871029	13.270402	-19.149036	-1.010988	-1.276612	8.857111	-31.099953	-0.037665
AGGGTGCTCTCGAGGG-1_1	-0.547755	3.915799	4.508762	18.923445	-16.637463	-2.411595	10.062530	10.188987	-6.128747	-1.272816	9.125973	14.782310	11.724528	10.658209	-6.540993	-20.133205	1.238200	5.359647	-2.478881	19.250286	2.009664	-7.191607	-4.517696	8.784261	-0.387887	12.262387	-16.449986	-0.561994	-1.294800	8.008301	-26.715437	0.028042
AACTCTCAATAGAGCG-1_1	0.538348	2.560262	3.396201	17.029341	-16.640087	-1.212426	11.727758	8.998121	-6.591141	0.060310	8.876738	14.845895	10.738339	10.352251	-8.148862	-19.439762	3.079413	4.082110	-2.483194	18.193462	1.965026	-6.868508	-3.660540	9.538695	-0.304555	11.143050	-14.721601	0.721990	-2.274401	8.399046	-25.133707	-1.713924
TCTGAATTCCGTACAA-1_1	0.191714	2.963875	3.704406	20.836304	-20.877087	-1.311463	15.206604	11.164436	-8.120914	-1.343732	12.323108	19.307178	13.687531	13.038106	-8.032709	-24.942190	3.051701	5.028818	-3.744549	23.182697	1.456406	-9.367548	-5.747982	11.221192	0.793239	13.686012	-18.839273	1.256522	-2.869765	9.774211	-31.434500	-1.818350
GCGTGGTACTGGGTTA-1_1	-1.461248	3.983076	5.436518	17.793484	-15.150094	-2.892527	7.452662	10.308633	-5.747672	-0.681169	7.297902	11.170428	10.172429	10.638343	-7.173608	-17.334343	1.417871	7.031281	-2.019735	17.163277	2.802153	-5.550542	-2.621599	9.127852	-2.513902	10.192225	-15.952485	-1.729323	-2.039171	8.337662	-23.369135	-0.316256
CGTCGGATAGTGTTGA-1_1	-1.062560	1.750414	3.325213	14.912365	-13.948244	-0.797036	6.842064	6.771212	-4.444315	1.662447	4.291105	8.284468	6.812389	9.334241	-7.629420	-14.446690	2.747466	6.063451	-1.932248	13.443517	0.876484	-3.848136	-0.312854	8.362596	-3.245699	6.654286	-11.624444	-1.290153	-2.997609	7.654830	-16.758698	0.077820
ATATGTCTCCCTAGCC-1_1	-0.504331	2.355551	4.422485	19.620829	-17.344711	-0.996966	8.220496	8.736887	-6.608518	3.204065	3.287956	9.075083	10.328494	12.073340	-11.846319	-18.809233	4.644261	9.407706	-1.433704	15.636014	3.150269	-1.686080	1.556919	10.470007	-6.355125	12.038257	-13.842095	-1.086240	-3.874909	12.079583	-22.289394	-0.252674
TGACATCGAGCGGACC-1_1	1.951258	-2.422127	2.355988	13.574821	-10.068214	0.514526	8.141770	1.750999	-3.862103	8.712497	-3.838103	2.417721	0.990051	6.900955	-14.919947	-9.666796	6.329121	3.064958	1.165244	5.283787	2.458455	-0.445473	6.337499	8.685409	-6.272479	2.194734	-6.039730	0.100362	-6.431105	8.801668	-6.677042	-0.569580
GCGTAAATGGCCATAA-1_1	2.807515	-3.023448	2.700805	14.396030	-10.000853	0.515722	9.646930	1.873235	-4.272293	9.943866	-4.220695	2.615907	1.121146	6.958581	-16.765862	-10.018494	6.658350	2.381470	2.071690	4.810363	3.229749	-0.554433	7.477379	9.068171	-6.564456	2.802448	-6.009211	0.439357	-7.090099	8.897523	-7.188952	-1.080563
ATTGTACAACTCGGCT-1_1	6.269881	-7.513736	5.780636	33.769447	-23.670498	0.519361	21.816881	4.131605	-9.885126	23.877689	-11.219903	4.997940	0.902205	17.267355	-38.808472	-22.658552	15.320380	6.826865	4.342708	10.018348	7.039405	-1.636898	17.052336	21.967035	-15.432442	3.476646	-14.155369	0.925852	-17.282366	22.107347	-13.713860	-2.485854
TACGCTATAGAAACCT-1_1	-1.817910	1.365313	5.826448	22.061472	-19.543463	-2.431854	9.954220	9.911591	-7.075117	3.960507	5.063528	8.671584	9.085107	14.752304	-12.047308	-19.288757	3.917244	10.325738	-2.526594	17.877975	3.283272	-4.867403	1.510642	13.799334	-5.864225	8.558040	-17.048475	-1.063471	-6.223026	12.615801	-22.684198	-1.886311
AGATGATGGAGTCTGG-1_1	-0.974133	4.138935	5.573132	18.683155	-15.879889	-2.881201	7.140029	10.282307	-5.810909	0.987940	6.284644	10.839705	10.070881	11.275417	-9.104639	-17.416229	1.822631	7.573418	-1.500436	16.713486	3.694514	-4.765526	-1.235055	9.449754	-3.664922	10.928059	-15.996792	-2.204083	-1.970350	9.119228	-24.197912	0.306357
CCACGGTGCCCGGTAG-1_1	-3.026222	4.728700	5.929007	22.890213	-21.238459	-3.080133	9.731400	12.886510	-6.854516	-1.781441	10.509113	14.864244	12.414611	14.243250	-6.597238	-23.373766	1.442410	10.610361	-3.854308	23.202362	1.108873	-7.660603	-4.517218	10.734097	-2.647761	12.805535	-21.205992	-2.031070	-2.962745	10.456895	-30.303843	1.186854
TCAAGAAATACTAGCT-1_1	1.630987	-0.954560	1.299597	7.214009	-4.485853	-0.598904	4.318814	2.304756	-2.213869	3.547986	-2.872958	0.186199	2.372789	4.656978	-8.663414	-5.368560	3.652786	5.338395	1.012084	2.019655	3.053786	2.782928	4.809820	4.355791	-6.196921	4.565300	-3.449714	0.033449	-4.887547	6.845584	-4.252768	-1.023617
AGGTATAATTGATAGT-1_1	6.879818	-1.189812	1.329058	6.494355	3.165174	-5.274252	3.765526	-0.079037	-0.217842	5.743152	-6.240154	-4.266600	-2.673412	4.050910	-8.084960	-0.419613	1.904214	2.189672	3.212702	0.778215	6.926915	2.462501	6.927505	2.414018	-2.389557	1.678989	1.194104	1.539181	-4.203745	7.785292	1.755794	-1.046513
CAAGGTCCTATAGGCT-1_1	3.863803	-1.065448	0.172053	3.383805	2.269508	-2.941262	1.836173	-0.503837	0.743510	2.610428	-4.544091	-3.079379	-1.106212	2.132631	-4.853120	-0.289516	1.737426	2.556571	2.231032	1.023455	3.308495	1.878870	3.996491	1.236307	-2.105790	2.177509	0.808275	0.694670	-3.381008	4.807680	1.186447	-0.660331
CCGGCACGACCGTTTC-1_1	1.672710	-0.846630	0.485156	2.336251	-0.302476	-0.001337	1.204792	0.710297	-0.435557	1.176673	-1.997302	0.517433	1.368800	1.035232	-3.760336	-2.229077	2.046671	1.342679	1.685849	0.634738	1.173741	1.583505	1.647682	0.855506	-2.351800	3.563015	-0.074362	0.740048	-1.181196	2.679805	-1.586345	-0.321522
ACCTCCGTTATTCACC-1_1	7.042297	0.747016	1.235539	1.580545	6.873671	-8.612755	0.036339	-1.300809	1.650216	6.065521	-3.023612	-5.219699	-5.370710	2.497506	-3.362329	4.443241	-1.973509	-2.820213	3.389012	-1.110300	4.867017	2.745220	6.515281	1.369441	4.003181	-2.440404	0.921659	2.796261	1.810452	4.475655	2.837282	-1.245941
GCAGCCTATATCACAT-1_1	2.768191	-2.660282	-1.731833	2.108486	1.855669	-2.404551	1.277291	-1.834967	4.202513	0.265975	-6.982595	-2.690918	1.528253	1.207974	-6.366901	-1.977230	5.153391	7.270845	5.785007	0.796912	-1.358169	3.226550	1.862359	0.162061	-4.518033	7.714420	0.735838	-1.602884	-6.126742	5.712602	-0.104699	-0.407363
GGTATAGTGACACATA-1_1	19.850739	4.106630	0.573447	2.728400	14.107534	-21.739651	-1.860067	-3.431985	1.146923	17.088320	-5.225630	-10.123927	-16.356775	6.772043	-7.962665	13.006532	-7.296772	-18.279593	11.714902	-3.607002	8.642910	7.229818	16.303091	8.718398	16.795065	-11.589570	4.098285	7.663159	13.279501	7.775278	6.313818	-3.614094
ATCCAATGGTACCGAA-1_1	1.686739	-2.780919	-0.112292	3.377772	-0.493495	-0.742283	1.309331	0.376551	1.986164	2.442228	-5.743549	-1.639705	1.760777	1.777913	-7.114162	-3.295156	5.150595	5.725326	4.900252	0.027536	-1.394775	2.867932	2.401317	1.399006	-5.286536	6.425660	-0.496668	-0.567807	-4.868636	5.231918	-2.132406	-0.598446
GTGCTGCAGATAAGGA-1_1	3.442083	-6.436935	-2.301167	1.978135	-0.201160	-5.389426	2.243311	-3.291618	5.904139	2.195605	-11.138167	-3.948908	-0.006698	1.718744	-12.674104	-0.602504	10.626277	8.969813	8.572658	-1.560856	-3.029836	6.327802	5.570117	3.757801	-9.083640	7.684291	2.042117	-2.135862	-10.923817	8.334921	1.066275	-3.094995
GGCCTTTGCAACTGGC-1_1	1.653552	-2.165494	0.233397	2.917955	-0.643376	-0.295488	0.932289	0.786983	1.110175	2.263195	-4.098594	-0.786411	1.923261	1.504149	-5.772940	-3.153563	3.854492	3.798108	3.786713	0.261285	-1.120237	2.347618	1.657114	1.022813	-4.006299	5.563150	-0.591099	0.309307	-3.028849	4.092269	-2.862128	-0.365831
GTCGTACCTACGATTG-1_1	1.974567	-3.609365	-0.679301	2.638988	-0.247427	-1.662588	1.371911	-0.583479	3.335342	2.033902	-6.855716	-2.082406	1.568860	1.716660	-7.961999	-2.831471	6.160306	6.779211	5.800341	-0.251191	-2.225929	3.538636	2.801972	1.586741	-5.983321	7.023689	0.274360	-1.073203	-6.116758	5.659586	-1.377875	-0.997705
TAGAAATTCACGTATA-1_1	1.781816	-1.960437	0.363532	3.108717	-1.545240	0.011812	1.590411	0.625467	-0.060424	1.371341	-2.922469	0.597912	1.925894	1.260743	-6.503061	-3.048553	4.312582	2.219144	2.821563	0.800729	0.109640	2.994218	2.660100	1.598785	-4.334271	5.454689	-0.143964	0.379068	-2.191351	3.744319	-3.042951	-0.479231
AGAATAAATCTTCAGG-1_1	2.384717	-2.881968	0.827995	4.150737	-1.417418	0.143723	1.214676	1.587439	0.433486	3.316661	-4.615317	-0.147573	2.931721	1.918676	-7.904394	-4.696148	5.145629	3.638037	4.709350	0.589810	-1.153976	3.258017	2.223780	1.525543	-5.133181	7.599935	-0.827174	1.377483	-2.925836	5.261662	-4.797987	-0.578530
CATTGCGAAATGGGCG-1_1	3.113291	-2.546552	0.512598	4.870910	-2.926554	0.149894	2.567516	1.244302	-0.957212	1.541913	-3.188115	2.567557	3.295113	1.543122	-9.992276	-5.197195	5.824455	2.224783	3.602784	1.856572	1.132876	4.929356	4.484833	2.305612	-6.061027	8.496800	-0.246803	1.180400	-1.538737	5.187483	-5.333989	-0.190348
GTCTACTCAATTACAA-1_1	1.695363	-1.842543	0.623063	4.229981	-2.811066	0.356094	1.760711	1.207231	-0.998587	1.453320	-2.472908	1.514511	2.415160	1.454866	-7.699880	-4.267833	4.531919	1.983985	2.341808	1.595507	0.583665	3.673307	3.569909	2.283335	-4.908791	5.584874	-0.790903	0.745241	-1.463474	4.246840	-4.022203	-0.188663
TGTAATGACCACAATA-1_1	4.152623	1.859059	1.506173	11.430987	-10.497033	2.380132	7.353582	5.432154	-6.065241	2.145171	4.079625	15.477031	11.318403	3.101035	-12.587884	-15.560059	5.847077	-1.619067	1.759964	9.942255	2.048713	1.366503	-1.018505	5.172560	-3.706647	15.544981	-5.688404	3.492687	1.971768	6.633671	-21.463728	-0.158636
AAAGTCGACCCTCAGT-1_1	1.741155	-0.697363	0.817357	5.289401	-4.315134	1.109223	2.573408	1.622303	-2.024622	1.160136	-0.458297	5.377357	4.305423	0.866445	-7.790112	-6.593360	4.786836	0.534364	2.234150	3.883759	1.201067	2.950607	2.048213	2.717244	-4.021890	7.485533	-1.509763	2.107772	0.084066	3.898278	-7.674898	-0.249480
TACTCGGCACGCCGGG-1_1	4.325441	3.922189	1.130584	17.748915	-18.349455	0.271631	17.798697	8.602595	-7.633109	-1.052248	12.664516	23.743429	14.236942	7.702871	-8.981441	-25.164412	4.355235	-1.773406	-2.808823	22.181396	1.751235	-9.587440	-7.216467	8.804736	3.705869	15.018183	-13.382288	3.434756	-0.425059	7.346709	-31.814129	-1.276700
AGGTGTATCGCCATGA-1_1	3.009683	1.653578	1.488803	13.828119	-13.341389	2.464923	9.432819	4.545785	-6.015810	1.865169	4.546742	16.120260	10.188125	3.535764	-12.400518	-17.283623	7.255836	-1.515953	0.297423	13.716739	0.573857	-1.347145	-1.212849	7.501988	-2.723253	12.524092	-6.940465	3.003455	0.471706	6.826650	-21.289591	-0.956176
TGTGCTTTACGTAAGA-1_1	3.621858	4.838019	2.121089	16.122822	-14.678662	-1.833008	14.142908	8.105896	-5.979605	-0.730766	10.641599	19.639303	12.283980	5.472296	-7.891609	-20.671103	2.955557	-0.991852	-2.237260	19.326591	3.531386	-8.039909	-6.310183	7.379770	3.288628	13.596621	-11.957365	2.821902	0.302249	6.670011	-28.464729	-0.907420
AAACCTCATGAAGTTG-1_1	4.908762	1.779860	2.862898	8.485927	-6.087315	0.958036	4.082068	4.589428	-5.172139	2.826503	1.773933	10.874856	7.857722	3.090385	-10.218317	-10.386529	4.023684	-1.073448	2.458584	5.411334	3.070243	2.650415	0.115385	3.385877	-4.632173	12.365628	-3.283518	3.979721	1.749435	5.446242	-15.251413	-0.143343
TATAGGGTACTCATGA-1_1	3.732124	2.555965	1.753205	9.886779	-8.799439	0.628527	6.846525	5.011667	-4.985723	0.952112	5.189965	14.266510	9.677002	1.642511	-9.660977	-13.638736	4.482183	-2.072095	1.031593	10.069632	3.216000	-0.423460	-2.204622	4.258919	-1.717937	13.154310	-5.557039	3.811073	2.015649	5.523015	-20.588280	-0.288584
CCAGCTGATGGTACTT-1_1	3.921289	-1.894957	3.109593	4.722145	-1.401271	0.617038	0.837200	2.776896	-1.923089	4.999355	-2.840407	2.094886	3.126409	2.668447	-7.703794	-6.239860	4.477683	1.048563	4.731269	1.009456	1.918349	2.899469	1.619233	1.411444	-4.054775	8.323267	-1.278111	4.289140	-0.188997	5.618473	-6.434524	0.184026
AATATTGGAGTATTGA-1_1	2.570945	-1.108733	0.974109	3.058645	-1.874709	0.850804	1.316312	1.496909	-1.954257	1.184720	-0.566061	3.605889	3.505275	1.133227	-5.847023	-4.456615	3.514158	0.214471	2.529539	1.741744	1.480760	2.903025	1.206835	1.251868	-3.164855	7.092506	-0.143046	2.798273	0.338909	3.401910	-5.380409	-0.364746
GGCCCTCACCCACTTA-1_1	3.052540	-2.996866	-2.914002	-0.930505	4.014334	-5.486732	-0.054856	-4.662844	6.593652	0.088936	-6.647122	-5.407375	-2.054043	-0.024368	-5.172958	3.333684	4.839986	5.572997	5.841031	-0.064172	-2.360253	4.033691	2.332980	-0.626615	-3.119302	3.835367	1.973229	-1.522954	-6.339182	4.669423	2.025892	-1.305237
AACCAAGACTTCTCTG-1_1	3.561311	-3.985327	-3.725373	-0.928683	4.361721	-6.313022	-0.277123	-5.815633	8.473297	-0.335036	-8.668876	-6.272479	-1.870174	-0.084078	-6.830046	3.262650	7.047132	7.725985	7.892232	0.196989	-3.616133	5.027595	2.395916	-0.795710	-4.539514	6.317751	2.396413	-2.210622	-8.369950	5.991879	2.034470	-1.393694
TCGTATTACCCATTGC-1_1	1.984430	-0.721658	-0.051094	1.511297	0.772444	-1.360725	0.600295	-0.135432	0.403499	1.220751	-2.094386	-1.020233	-0.501246	0.774576	-2.749820	-0.247241	1.211337	0.478457	1.309204	0.387310	1.255123	1.306275	2.075140	0.578205	-1.081160	1.313808	0.477841	0.388451	-1.106097	2.245657	0.314238	-0.312233
ATTCGACGCCGGGCCT-1_1	4.326991	-0.570446	0.338237	2.861855	1.613454	-2.294506	0.784689	0.012867	0.139358	2.192981	-2.725457	-0.761951	-0.806492	1.448933	-4.662181	-0.701179	1.614014	0.021569	1.866693	1.137320	2.959866	2.046638	3.094627	0.527497	-1.547267	2.257836	1.355280	1.476439	-0.639249	3.663029	-0.048611	0.278616
GGCGCAGGACATCTTC-1_1	5.320586	-0.982884	1.762092	6.105764	-3.400087	-0.752751	1.733328	1.825936	-2.532833	2.376812	-1.394013	5.862956	3.218884	2.273348	-10.770256	-6.483862	4.564661	-0.742029	4.333552	3.355265	3.692670	4.856185	4.644136	2.829661	-5.082718	9.201546	-0.256693	3.292757	2.016889	5.508406	-7.321204	0.754364
GTACTCCCTTATCGCT-1_1	4.569657	-0.168474	1.084674	6.226675	-3.379017	0.660266	2.176361	2.405399	-2.562618	0.730353	-1.031877	5.834061	7.092765	1.916844	-9.790505	-7.935320	3.949032	1.672757	3.256245	2.911857	1.563090	4.968958	1.357456	1.211427	-5.235805	12.333084	-1.182414	2.539316	0.850724	5.958040	-10.161366	0.931945
TGGTCTGTTGGGCGTA-1_1	4.624898	4.297364	2.203578	14.404708	-10.398668	0.662662	4.646077	5.798019	-4.946195	1.201019	1.998542	12.551719	12.922253	4.579156	-12.176459	-16.392656	3.298906	2.468043	1.400555	10.035452	1.808908	3.132829	-0.844453	3.313561	-5.127961	18.192078	-6.694845	0.343367	2.609854	8.112455	-22.197250	3.411345
AATAACAACGCTCGGC-1_1	4.172822	17.018286	4.561216	24.491512	-20.132027	-6.194015	6.993568	11.495451	-3.735034	-2.675449	12.586348	22.378603	20.185253	8.021747	-12.608437	-26.172523	-1.323449	3.775004	-2.987122	27.676287	7.530178	-6.450642	-7.943794	5.448581	-0.049555	22.088085	-19.046221	-6.026291	5.422130	7.953788	-44.678654	11.889134
CATACCCGTACCCAGT-1_1	5.080421	15.430022	3.549434	21.520271	-18.143684	-4.073047	9.999662	9.655772	-4.866343	-2.787119	13.296450	24.771826	17.181160	6.027398	-11.823647	-23.907413	-0.212322	-2.428513	-1.654653	25.894566	8.717947	-9.516640	-8.066298	5.265843	2.413121	18.411036	-16.686951	-4.751130	5.295932	4.664004	-40.282806	9.653614
ACAATCCATTTAAACC-1_1	3.739646	12.767180	2.130685	21.046589	-20.684793	-2.208150	11.675364	9.371440	-5.236609	-2.611536	14.365609	25.284061	15.878815	8.843266	-10.575382	-25.697985	0.300953	-0.498886	-2.653833	26.286257	5.500922	-9.633533	-7.625016	5.890890	2.003848	16.761528	-18.375803	-3.862381	3.536622	5.107444	-39.042919	9.275082
GTTACAATTGGTGACG-1_1	0.755376	1.462003	-0.151942	5.328722	-5.895596	0.646913	3.509562	2.073570	-1.793744	0.376309	2.582364	6.124450	3.864383	2.980662	-3.402487	-7.011507	1.176639	0.572606	-0.462969	5.850085	0.198607	-1.362338	-0.997169	2.188124	-0.517517	4.329274	-4.001371	-0.045989	0.368974	2.278441	-8.480395	1.122888
TTGCCCTGATCACGGG-1_1	0.500517	0.896960	0.276835	2.512434	-2.373742	0.043099	1.307315	1.230857	-0.921041	0.153684	0.995284	2.650489	2.037146	1.368768	-1.933071	-3.044938	0.444036	0.334076	0.030020	2.433302	0.550773	-0.325501	-0.296877	1.006827	-0.547469	2.413277	-1.986690	-0.193585	0.215463	1.130515	-4.122349	0.546677
CTAACCGCGCGCCCGT-1_1	0.640895	1.032488	0.323229	2.859651	-2.645380	0.144099	1.377932	1.492318	-1.182263	0.383831	0.936585	3.184398	2.304830	1.499046	-2.419570	-3.324872	0.591174	0.386764	0.105303	2.445577	0.715359	-0.080662	-0.271852	1.089371	-0.974272	2.845143	-2.088973	0.016333	0.312011	1.440194	-4.735672	0.517896
CTAAAGAATGCCTACT-1_1	0.522638	0.854130	0.406602	2.679858	-2.325462	-0.045233	1.280481	1.122093	-0.982236	0.246434	0.895396	2.745286	2.068204	1.030748	-2.322091	-3.024571	0.723424	0.214121	0.114796	2.401420	0.707448	-0.072578	-0.169085	1.126054	-0.754112	2.550077	-1.926160	0.205133	0.143733	1.312362	-4.292808	0.279020
GATCTTTGCAGGGTAT-1_1	0.855775	0.782543	0.470875	5.268977	-5.166158	0.908902	2.947199	1.989561	-1.880137	0.990754	1.237043	5.058226	3.627356	2.339819	-4.736736	-6.434489	2.205168	0.438404	0.052906	4.822944	0.199349	-0.316921	-0.065693	2.528258	-1.522848	4.424007	-3.259747	0.200727	-0.095111	2.803778	-7.563546	0.435037
GCCGCTTGTGAGAAAC-1_1	0.853622	1.868941	0.885210	12.306264	-12.723549	1.680261	7.227436	4.163211	-4.153776	1.902358	3.414899	10.754944	6.952064	6.454749	-8.809784	-14.254202	4.468843	1.898307	-0.832299	12.194674	0.658663	-2.512048	-0.353465	6.245112	-2.399307	7.936683	-8.206933	-0.278784	-0.774728	6.212436	-16.068489	0.845940
CCTGTAAGACATGATA-1_1	1.215723	1.424986	1.593663	9.293750	-8.811031	0.707253	5.426890	3.004260	-3.335196	2.250538	1.976492	7.336531	4.553142	4.393055	-7.971775	-9.685324	3.739731	0.850390	-0.101207	8.128751	1.443209	-1.517758	0.770036	4.989029	-2.465055	5.736275	-6.078517	-0.060397	-1.335853	4.530993	-11.927848	0.441898
CGACAGTTCGCGTTAT-1_1	4.534620	10.225068	4.356412	16.582714	-12.759915	-3.643591	11.780716	8.153724	-6.160063	-2.851605	11.236913	20.388815	13.123638	4.391308	-8.953424	-18.409754	1.237712	-4.129193	-0.406386	20.415010	10.189725	-9.976990	-6.347449	6.069539	3.950758	14.635219	-13.220589	-1.459026	2.379274	4.021206	-31.257477	2.622545
ACGATGCATATGTTAT-1_1	4.033805	8.231194	4.796166	16.076641	-12.419767	-2.714853	9.914577	7.788457	-6.220663	-1.346697	8.556998	17.591803	11.303654	5.750623	-8.884768	-16.996861	1.655464	-2.169451	0.272341	17.568123	8.176970	-7.759363	-4.046001	5.976869	1.321275	14.187470	-12.383777	-2.167000	2.208509	4.290566	-28.125002	2.744500
TGTTCCGCTTCCATGA-1_1	3.538064	1.835697	0.975335	9.429950	-7.519242	1.628960	4.317804	3.892790	-4.068711	1.167131	1.322718	9.694939	9.192713	3.369889	-9.175395	-11.986886	3.199098	0.924185	1.201559	7.031484	1.214669	2.217551	-0.725451	2.771134	-3.597971	13.088067	-3.972534	1.236590	1.454294	6.284690	-15.533997	1.405745
GGATGACGCGAGTTTA-1_1	2.333667	1.608440	0.964170	5.171191	-3.897503	0.591920	2.616320	2.205148	-2.788139	0.719871	1.136066	6.625726	4.768729	1.333528	-5.289919	-6.190508	2.108371	-0.522960	0.823955	3.983972	2.010283	1.007114	-0.530565	1.649839	-2.025828	7.105416	-2.183341	1.588568	0.905885	3.303086	-8.929055	0.278805
GAAGTTTCCACTCAAT-1_1	5.020543	1.173621	1.933382	3.878875	1.771150	-3.018831	0.625518	1.168038	-1.186092	3.789987	-1.262505	-0.684022	-1.346449	2.575609	-3.745392	-0.448656	0.566877	-1.382674	1.293682	0.557499	4.925445	0.947871	2.378941	0.668620	-0.047529	1.333811	0.143730	2.328115	0.614929	3.764375	-1.086739	0.780366
GCGAGGCCCGAGCAGA-1_1	3.132503	2.095646	3.173412	4.760662	-1.261348	-0.902401	1.049651	3.495064	-3.565603	1.329605	0.088490	4.238119	3.855066	2.689762	-3.553452	-3.315275	0.217704	-0.167900	1.442675	1.365135	3.853911	0.736189	-0.381248	1.320915	-2.471164	6.475731	-1.980974	1.186642	1.056904	2.797514	-6.944527	-0.478949
CATACTATGTAATTGT-1_1	3.178539	0.449809	1.542303	4.119771	-0.422885	-0.540368	1.814582	1.941316	-1.844139	2.587332	-1.661312	1.017242	1.618782	3.025035	-4.221471	-2.895889	0.927891	0.692454	1.413360	0.502574	3.057162	1.122863	1.473525	1.199479	-2.265877	3.573321	-0.775324	1.161631	-0.701666	3.932856	-2.724456	-0.272950
CCAATGTCACAGCAAG-1_1	0.988336	7.202386	6.395747	13.621799	-8.711913	-4.217439	5.152175	9.021385	-6.545418	-2.536428	6.759095	10.390208	9.481815	6.304779	-5.442496	-10.758924	-0.251147	1.157743	0.622558	12.851199	9.909389	-6.587325	-2.917748	6.146496	-0.235009	10.622234	-11.863368	-3.014691	1.188004	4.309844	-21.568235	0.127705
GGGAGGATGCCCGAAA-1_1	-0.788041	3.767601	4.776354	13.517363	-11.088885	-3.067708	5.716845	8.459712	-5.181842	-1.023335	6.641339	9.060104	8.050534	8.469115	-5.270686	-12.595086	0.168723	4.644353	-0.748680	13.131323	4.635808	-5.012894	-2.153587	6.804249	-1.273730	8.956079	-13.287163	-1.592620	-0.979749	5.815255	-19.636137	-0.082968
GTTCGCCATAAGTGCC-1_1	1.067238	0.071792	3.507291	11.297770	-8.480865	0.069060	5.832047	2.457569	-4.079780	5.137667	-1.172423	3.451128	2.536472	5.918454	-10.605189	-8.144652	4.363945	1.859895	0.586039	6.040985	3.363471	-1.181552	3.914558	6.959966	-4.566595	3.382350	-6.297411	-0.476798	-4.190719	6.213414	-8.755514	-0.405771
TCGAGACCAACACCGT-1_1	1.080887	0.904513	2.141220	8.556499	-7.234817	0.463603	4.229122	2.617825	-3.296493	2.905468	0.013012	4.582587	3.443496	4.544429	-7.972935	-7.432088	3.490326	1.463029	0.242562	5.640277	2.199308	-0.330223	2.160281	4.817851	-3.749760	4.619291	-5.129845	-0.418303	-2.217008	4.692476	-8.958399	0.371775
TATGGGACCGAGCAGG-1_1	0.619759	1.352903	3.661563	14.466999	-12.583929	0.440433	6.825583	4.900200	-5.386104	4.092208	0.722045	6.936904	5.669635	8.610192	-11.493706	-12.650122	5.013340	3.844095	-0.106914	10.472443	3.738512	-1.650969	3.029957	8.442067	-5.670401	6.794837	-9.374798	-1.128657	-3.782579	8.126814	-14.803806	0.241147
GATGCGTCCTGCATTC-1_1	0.545895	1.208208	2.442324	9.864571	-8.493855	-0.074285	4.564088	3.745301	-3.510520	2.311870	0.998146	4.948418	4.734476	5.893442	-7.358886	-9.192248	2.980280	3.121532	-0.192169	7.558562	2.414425	-1.032652	1.391574	5.400045	-3.360282	5.792455	-6.784854	-0.668396	-2.073436	5.683397	-11.260797	0.243719
GCATAGAGCACTCAGG-1_1	0.453679	0.960317	2.545427	9.386831	-7.678941	-0.443504	3.609401	5.145123	-4.162906	2.072746	0.773702	3.718074	5.995924	6.833910	-7.302131	-8.835629	2.139197	5.244531	0.069951	5.881271	2.859772	0.960517	1.716370	5.158588	-4.642237	7.217955	-7.024641	-0.362555	-2.232036	6.953138	-11.071837	-0.520851
GCAGATTAGGGATATC-1_1	-0.046740	1.787243	2.454976	8.584988	-7.363144	-0.681527	3.371499	4.030451	-3.299634	1.682831	1.459639	4.467535	4.121512	5.572963	-5.671690	-7.371554	1.666491	3.475114	-0.057629	6.389678	2.883297	-1.131596	1.110129	4.631184	-3.290218	4.730742	-6.582490	-0.883330	-1.576115	4.646171	-10.157088	0.197132
CCTGTCGCCCGTAAAT-1_1	1.338275	-0.220136	5.626379	17.771309	-13.822839	-0.471070	9.052490	4.649879	-6.876812	7.879948	-1.421639	4.392398	4.515380	11.210563	-16.214321	-12.906503	6.335518	4.740119	0.463649	9.753512	6.401383	-1.515934	6.213838	11.731831	-7.696755	5.675571	-11.141039	-0.276645	-7.380918	11.058989	-14.506000	-1.066782
CAATTTCGTATAAGGG-1_1	0.562758	-1.481146	3.430471	15.905853	-13.416874	-0.325969	8.189926	5.326107	-6.161866	7.031573	-1.428299	2.675726	5.408319	12.242836	-13.829469	-12.495193	5.033799	8.324228	-0.234123	8.202806	4.374273	0.451773	6.267921	10.652013	-8.248938	6.877169	-10.174904	-0.508422	-7.416368	11.555588	-12.510216	-1.537158
GTACACTTACCTGAAG-1_1	1.096299	-0.168906	6.374238	20.383083	-16.430565	-0.888327	10.641361	5.916408	-7.948041	8.165719	-0.366395	5.305075	5.597822	13.653172	-17.319862	-15.114320	6.686865	6.132660	0.004455	12.249005	7.026373	-2.660576	6.474163	13.964453	-8.266465	6.415720	-13.375060	-0.487919	-8.500139	12.330792	-17.320400	-1.688954
ACTCTTGTATAGTAAC-1_1	1.936673	-2.338364	3.549764	16.631008	-12.232225	-0.101567	9.966389	3.121685	-5.432036	10.439182	-3.705303	2.207532	2.613244	10.380579	-17.627926	-11.734877	6.417850	5.752191	1.013020	6.534935	5.231472	0.074613	7.755757	10.565640	-8.305531	4.485075	-8.942439	0.603103	-8.500278	11.751844	-10.345971	-1.193454
ATTAGGCGATGCTTTC-1_1	3.717010	-4.245009	4.189818	21.878002	-15.848436	0.216417	14.840952	3.268759	-6.898705	14.617383	-5.266171	4.077122	2.358381	11.272916	-25.096905	-15.384084	9.893971	5.350148	2.386445	7.868035	5.542046	-0.347955	11.260225	14.259322	-10.543258	4.824843	-9.954018	1.006043	-11.318056	14.072591	-12.068470	-1.927391
TTCGGGACTAATCGCG-1_1	0.156111	1.310124	5.511873	15.736944	-12.958696	-2.978179	7.531546	7.514404	-6.843435	4.944424	2.098886	3.979849	6.357314	12.088194	-11.945936	-12.049539	3.409607	8.361446	-0.629284	9.984261	7.457856	-1.202642	4.170087	10.666660	-7.095462	7.130021	-12.947007	0.210834	-6.514397	10.993215	-17.021437	-2.122731
TGGACTGTTCGCTCAA-1_1	-0.359538	0.730423	3.816757	16.010523	-13.274327	-0.761116	6.706128	9.039720	-6.624411	3.770056	0.845986	2.882704	10.339877	15.141829	-9.381227	-15.545975	1.508666	13.974048	0.006045	9.624695	4.658175	1.302282	2.709651	8.430344	-7.624404	12.426269	-13.117286	-0.844050	-5.676749	13.838293	-17.148481	-1.597863
AACGTGCGAAAGTCTC-1_1	-0.243651	2.731121	4.696805	18.413361	-15.432633	-0.955659	5.840837	8.074426	-6.856897	3.821092	0.400940	5.427756	9.729965	13.408235	-11.920854	-16.304626	3.746356	11.959193	-0.238544	12.405703	5.676876	1.345416	3.675962	8.937205	-8.833825	13.012737	-13.127523	-1.911049	-4.543498	13.145208	-20.047245	1.109765
CCACCCAAGGAAAGTG-1_1	1.874243	-1.144645	3.098109	12.638338	-8.334853	-1.182467	6.940172	4.387503	-5.109674	7.636169	-3.077056	1.256072	3.372822	8.366982	-13.222660	-8.325206	4.192372	6.454902	1.094782	3.291406	5.430004	2.138622	6.270607	7.606160	-7.957347	5.796346	-6.885659	0.954389	-6.421018	10.263317	-8.848796	-1.895009
CCGCACAAAGACCAAC-1_1	2.991357	-2.934514	1.784187	12.764086	-7.285434	-1.553071	7.080575	3.264396	-2.917867	8.159566	-7.276227	-0.946056	2.367215	7.549474	-16.028383	-8.717660	6.833724	9.407755	3.652776	1.665471	4.496360	4.426421	8.933454	7.595827	-10.456558	6.853937	-5.620838	-0.131264	-8.977784	12.268744	-5.149959	-1.408334
GCGATTGTTAACGTTA-1_1	3.218684	-3.532332	1.860528	14.152859	-9.814425	-1.750126	9.100097	2.799831	-4.253447	11.082562	-6.401119	0.614937	0.446118	7.822091	-17.636250	-8.906492	6.798553	5.843966	2.317084	2.222821	4.432946	2.341203	8.848669	9.059298	-8.019841	3.274421	-6.461812	1.193206	-7.908522	11.782271	-6.001234	-1.175252
ACTCGTCAGTAATCCC-1_1	14.657295	2.406664	3.945529	7.163871	8.790715	-15.550247	0.685782	0.772472	-1.861920	15.283325	-3.769492	-7.315894	-11.300704	7.753493	-8.862312	6.768492	-3.627210	-10.213439	5.971569	-1.343010	12.505482	3.921364	13.538491	6.179053	7.126540	-6.045054	0.933700	7.926216	5.230903	10.235074	2.705662	-2.715117
GGTGATAAGGAGCAGT-1_1	33.209496	9.974811	2.897156	5.042744	26.515400	-36.845104	-5.530831	-8.493940	1.356927	31.617819	-8.839776	-19.889311	-30.932760	10.714581	-9.524607	27.861420	-16.236868	-32.369156	23.275934	-7.624241	14.320826	12.549713	27.832064	16.506470	33.534119	-25.843618	6.589149	12.399879	24.634680	10.163167	11.764821	-7.336770
AAGAGGCATGGATCGC-1_1	21.624901	5.775826	2.308280	4.408782	15.168500	-23.107040	-2.838998	-2.289392	-1.093966	20.019396	-4.317341	-10.629069	-18.065325	8.845710	-7.768228	13.987938	-8.459737	-21.742443	12.518391	-3.600444	11.044104	6.971281	16.889908	9.357180	18.400457	-12.831712	3.660464	9.900554	15.639312	8.501303	5.426491	-3.309466
CACGTTCGTGCTCTAG-1_1	24.826750	6.249239	2.487662	4.701698	16.717276	-25.072163	-3.000824	-2.646065	-1.371368	22.733137	-4.465701	-10.750598	-20.085165	9.398777	-9.175237	14.620667	-9.111952	-25.454742	14.733479	-3.942757	11.567148	7.349403	18.386406	11.221799	20.853338	-14.022614	5.046214	10.845428	18.134375	8.772050	6.052018	-3.072396
CTATTTGGTTACGGAT-1_1	5.273847	0.651466	2.040698	5.076388	0.211084	-3.207689	0.940548	1.622275	-2.169629	4.353889	-1.551472	0.370083	-1.804143	3.541628	-5.203192	-1.083362	0.912864	-1.621594	1.337044	1.478441	5.896935	1.399436	3.636999	1.590056	-1.140965	1.198090	0.112848	3.186892	0.614625	5.031982	-1.804180	0.192330
GTACAGAGGCAAGGGT-1_1	6.655910	1.019919	1.756763	3.099907	3.718031	-6.108396	0.420734	0.317667	-0.352423	5.627968	-1.877699	-2.184114	-3.819364	3.372164	-4.269896	1.867501	-0.824319	-3.447841	2.524105	0.036364	5.563915	2.103271	5.367008	1.727697	2.071564	-1.048993	0.675829	3.393746	2.224987	4.689761	0.303293	-0.505075
GGGCCGGCCGAAGTAC-1_1	1.679534	0.347302	1.749589	3.100813	-1.063645	-0.510898	0.588059	1.316121	-2.087638	1.734181	-0.586407	0.889876	0.659270	2.524935	-2.801416	-1.713987	1.108632	0.198102	0.466520	1.034611	2.960728	0.966142	1.253132	1.397705	-2.068647	2.095442	-0.947413	1.693264	-0.554848	2.909888	-2.389576	-0.447975
CCTGAACGATATATTC-1_1	1.571499	0.011852	2.044055	3.360987	-1.332217	0.315117	0.219390	2.173617	-1.543259	1.830760	-0.995485	1.301696	2.575786	2.337700	-3.232151	-3.698562	1.807892	1.350822	1.869650	1.045701	1.827733	1.631313	0.514685	0.964521	-2.659654	4.777579	-1.875854	2.180601	-0.457249	3.510595	-4.413045	-0.398620
CCGGGCTGCTCCATAC-1_1	1.565927	-0.055593	1.848721	3.742423	-1.787504	-0.497920	1.438723	1.441587	-2.405384	1.594861	-0.670631	1.315138	1.650842	2.458664	-4.224706	-2.661692	1.847459	1.090364	0.698928	1.412308	3.051562	1.728445	1.677167	2.175925	-2.995014	3.380584	-1.501263	1.989343	-1.258764	3.704649	-3.635207	-0.999171
TACTTGTTAGTAGTCC-1_1	1.302705	-0.231243	1.573247	3.060402	-1.543508	-0.096079	0.861520	1.447466	-1.711076	1.841380	-0.599051	1.247699	1.496224	2.007058	-3.454097	-2.640016	1.459888	0.793611	1.089820	0.918852	1.969357	1.257038	1.125777	1.488414	-2.339707	3.102032	-1.305910	1.678552	-0.643672	2.887994	-3.223368	-0.528581
CCTAGGCGTAGCGATC-1_1	1.857743	0.741921	1.706157	5.733213	-3.073818	0.299593	2.834876	2.623344	-3.202727	1.316999	-1.342261	2.413053	4.151846	3.428092	-5.945452	-5.132561	2.489831	2.908246	1.178964	2.160145	3.133167	2.289688	1.505774	2.508952	-4.265512	6.369836	-3.042780	0.905120	-2.209818	5.597167	-6.019044	-1.129585
CTGGCGCACAGGTCTG-1_1	2.782379	-0.543338	2.427281	4.572402	-1.666389	0.151320	2.007945	2.300025	-2.530650	3.599760	-1.585639	1.901349	2.595906	3.242273	-5.571766	-4.232834	2.399557	0.962621	2.407071	0.473024	3.247916	1.990529	1.659019	1.838231	-3.490716	5.603796	-1.772524	3.032870	-1.043170	4.643352	-4.920917	-0.999384
ACTTATACTTACCCGG-1_1	2.397900	0.427385	2.322168	11.004145	-8.570642	2.181926	4.862490	4.624247	-4.910550	4.446536	-1.066200	7.276402	7.015499	5.044515	-12.280150	-11.325434	6.048216	2.220973	1.853043	5.756609	2.075825	3.084065	2.559071	5.020749	-6.906470	10.738175	-4.889419	1.937564	-1.583177	7.850226	-13.701185	-0.139837
GAAGTCTCCCTAGCGA-1_1	6.041839	0.407489	3.041965	7.292994	-1.228184	-3.356985	2.529590	2.350279	-3.711612	5.293437	-1.996721	1.771500	-0.766919	4.085785	-8.166293	-2.862376	1.750868	-1.496929	1.749655	1.850260	7.002087	1.942235	4.838653	2.984668	-2.876582	2.916714	-0.141672	3.273829	0.057385	6.551766	-3.698334	-0.308784
ACCGATGGTAGCATCG-1_1	3.381753	-2.050926	1.383779	12.586823	-9.169299	0.932500	8.664807	4.484713	-4.614830	4.912151	-4.384511	4.191722	6.559058	7.022719	-16.160042	-11.991894	8.279520	7.967827	2.750086	5.186627	4.245574	5.642793	7.723550	6.992725	-10.454591	11.989645	-5.160647	0.474516	-6.821709	11.848977	-10.444652	-1.643204
CGAGTTTATCGGACTG-1_1	4.280253	0.520138	1.349461	4.391433	0.332017	-2.358562	1.462179	1.164270	-1.610192	2.908822	-1.712053	-0.268695	-0.749399	2.775000	-4.373311	-1.215352	0.977051	-0.361999	0.831601	1.188676	4.493087	1.086765	2.775676	1.309407	-1.496603	1.527364	0.360753	1.532329	-0.672926	4.107474	-1.060794	0.268820
CATAACGGACAGTCGT-1_1	2.827848	-1.383296	1.087399	6.307107	-2.172043	1.237357	3.224192	2.998208	-1.468275	2.162151	-4.145093	1.045630	6.555196	3.887436	-7.943031	-8.013111	3.770894	5.645865	3.772219	2.190420	0.603813	3.541711	1.685486	1.950972	-5.491729	10.852765	-2.727480	0.689727	-3.134038	7.437716	-7.111753	-0.921159
TGACGATGCACTAGAA-1_1	4.915687	-3.588254	3.568782	13.458945	-4.167518	1.688579	6.485820	6.452867	-2.185402	9.676607	-9.815293	-1.180765	9.071478	8.652054	-16.729973	-14.121153	6.036933	10.884079	7.951369	0.839598	0.728303	5.007465	5.053707	4.747281	-11.081734	15.487319	-5.624917	0.901575	-7.109343	14.280762	-11.042842	-1.472026
TAGGGAGCTTGGGATG-1_1	4.735960	-4.016333	3.670540	15.105669	-6.675761	2.253007	8.180864	7.378027	-3.413969	10.331619	-9.443295	-0.015944	9.862588	9.507613	-18.459103	-16.162312	7.594087	10.920486	7.508814	2.009525	0.745111	5.577602	6.091980	6.015353	-11.537234	16.657875	-6.926701	0.728489	-7.408782	15.301968	-13.274868	-1.700844
CATCTTACACCACCTC-1_1	-0.371607	3.317865	2.898811	9.783933	-7.649245	-1.606415	3.557979	5.163173	-2.680762	-0.624582	3.495554	6.820699	5.576235	4.447642	-3.326959	-9.233721	0.515487	2.938607	-0.710299	9.431399	2.032639	-3.221746	-1.904418	3.785798	-0.930075	6.327203	-7.718413	-1.350981	0.008516	3.712058	-13.131007	1.153499
GCGAGCGCATGCTCCC-1_1	2.047789	-0.796844	0.754450	6.341576	-3.835381	1.699718	3.903368	3.164626	-2.208552	1.784724	-2.607477	2.292523	6.376279	4.152842	-6.830893	-8.328141	3.496501	4.691401	2.353796	2.870307	0.703126	2.847746	1.439611	2.238977	-4.330149	9.580194	-3.368168	0.214667	-2.478013	6.794137	-7.371622	-0.780283
AGGGACCGGCTGCGTT-1_1	2.488876	-0.615235	-0.262784	2.617810	0.902413	-0.781259	1.396073	0.151962	0.738280	0.800853	-3.337903	-0.851340	1.266072	1.324003	-3.912619	-2.009959	1.969051	2.789922	2.034867	1.137816	1.352451	1.619458	1.758013	0.462168	-2.424402	4.083604	0.159333	-0.078130	-2.346808	3.621274	-0.672743	0.080588
CCTATGAAGTGGTGCC-1_1	0.120227	6.943355	4.625154	16.926504	-12.623877	-2.781865	4.625639	9.669326	-4.234224	-1.074501	4.780397	11.374949	11.584840	6.934328	-4.928766	-16.780853	0.280796	7.650218	-1.063089	15.040436	2.614882	-2.696555	-3.685584	4.272231	-3.040332	14.790737	-11.659741	-2.318827	1.316580	7.368595	-24.218227	3.953022
GCTTACGTAGTTAGTA-1_1	1.663198	1.414059	0.586798	8.343568	-6.945248	1.268955	4.576942	3.836790	-3.221399	0.461856	0.793734	5.774431	7.960496	4.635924	-5.494250	-11.274230	2.387550	4.625038	0.471849	7.015540	1.170159	1.382814	-0.573001	2.540196	-2.460629	10.805510	-4.656695	0.385209	-0.744808	6.925116	-11.928633	0.537899
CATACTTAGGCAATAC-1_1	0.233501	13.020250	6.015631	27.518728	-21.342161	-5.047770	10.818844	13.263404	-5.218173	-4.711350	12.348346	23.948490	17.083540	6.827782	-5.032742	-28.547823	0.303979	5.470098	-3.811958	30.004765	3.648277	-10.818892	-10.291208	6.561796	1.433277	19.806990	-18.871157	-3.031682	3.014904	8.048392	-40.245468	7.783376
CCTGTCCCTCACGTTA-1_1	1.311942	2.784827	2.299953	12.049848	-8.929976	0.989270	2.814666	5.203969	-3.588622	1.334636	-0.513749	5.836770	9.160296	6.116241	-8.395193	-12.723243	2.878097	6.209331	1.032772	7.726898	1.153267	2.543387	0.870213	3.294127	-5.386145	12.634387	-6.817895	-1.848462	-0.237405	7.831964	-14.343905	2.432988
CAATGTGCCAACCCTT-1_1	-0.794705	9.853101	5.711930	22.325035	-16.961411	-4.903167	5.217038	12.635926	-4.250906	-2.329588	7.613249	14.541691	15.310383	8.705586	-5.081871	-21.995897	-0.909346	10.418121	-2.722288	21.370632	2.714492	-4.431126	-6.210201	5.528091	-2.655137	18.326992	-16.143826	-3.379725	1.962560	9.397516	-32.466610	6.102728
GACCGTTACATGCGAC-1_1	2.918232	-3.680248	-1.495632	2.595655	-0.012649	-3.383656	2.492445	-1.480344	2.612129	2.022718	-7.076520	-2.567726	-0.466664	1.993315	-8.460983	-0.902444	5.497829	5.606279	5.018198	-0.659949	-0.217660	3.769758	4.916471	2.767324	-5.445165	4.261386	1.195007	-1.603555	-6.642384	6.106270	1.194588	-1.889641
GGTTCGGATTATACTA-1_1	3.871474	-5.659678	-0.119698	7.631957	-3.730226	-4.154008	5.744908	0.115480	-1.147518	7.009623	-9.253603	-2.265284	-0.614674	4.197578	-14.442864	-3.930858	7.250828	7.581089	5.316189	-1.748610	1.885591	5.023664	8.532119	7.299996	-8.000085	3.988828	-1.980487	-0.787636	-9.106407	9.792201	0.231573	-3.038908
CCTCCTGAGCCCACAT-1_1	4.322307	-8.990490	-2.157238	3.894984	-1.469724	-6.317787	3.330580	-3.044109	7.585322	4.070072	-15.132031	-4.710628	1.354653	2.954237	-18.021908	-3.318747	14.376968	13.656756	11.851306	-2.049770	-4.915076	8.458868	7.567739	5.561386	-13.173502	11.740047	1.624020	-2.675062	-14.933499	11.913338	-0.179952	-3.953155
CCGCGATTTGGTAGGT-1_1	4.321789	-7.079130	-1.266714	5.763603	-1.685829	-4.762753	4.412618	-1.251091	2.948798	5.812760	-12.483733	-3.425617	0.048400	3.309139	-15.776113	-3.430531	10.404917	9.649995	8.993890	-1.464658	-0.722541	6.381266	8.080487	5.472582	-9.840881	8.138393	-0.071449	-1.121432	-10.982363	11.049603	-0.212556	-3.146487
AATCTCTACTGTGGTT-1_1	2.807880	-7.510319	-1.639844	3.391738	-2.770238	-4.980100	2.696877	-2.523508	5.069260	3.023715	-10.944513	-3.395440	0.928819	2.202839	-15.112604	-2.338027	12.721296	10.088772	8.467272	-1.802676	-4.041278	7.689544	6.460270	5.951237	-11.308259	8.256014	0.804552	-2.487788	-12.061650	8.747757	-0.118184	-3.503630
ACTTTGACTGCATCCT-1_1	2.893995	-6.767088	-1.173089	3.403881	-2.253925	-4.356383	1.948480	-1.733221	4.409757	3.377110	-10.079798	-2.939167	1.116977	1.477823	-13.585294	-2.498868	11.311577	8.341618	7.741719	-1.396375	-3.662592	6.891954	5.570290	4.923006	-9.616772	7.851492	0.428083	-1.293285	-9.907784	7.863648	-1.107760	-2.869132
CCCTGACTAACAAATT-1_1	3.881859	-4.068155	2.478253	8.165850	-3.119962	1.100011	2.649504	3.538546	-1.324047	7.553775	-6.865784	0.101096	4.222497	3.688301	-12.998967	-8.732017	7.410614	4.543071	6.782287	0.927838	-0.037112	4.386046	4.469650	3.307452	-7.727167	10.635669	-2.377976	2.764998	-3.954458	8.820139	-7.348913	-0.563565
ACGCTGTGAGGCGTAG-1_1	2.422130	-3.593185	0.031604	3.569227	-2.186697	-1.232148	1.779267	0.129218	1.506135	2.069297	-5.521902	-0.283245	1.592319	1.351864	-9.730576	-3.222780	7.296238	3.850627	4.543842	0.311946	-0.970016	4.491117	4.097045	2.666701	-6.607798	6.746975	0.275259	0.070015	-4.533910	5.559098	-2.867567	-1.057610
GCATACGAGGTCTTTA-1_1	2.393336	-3.407087	-0.636421	2.872040	-1.904785	-1.138577	1.526437	-0.755971	2.329584	0.526854	-5.203550	0.251534	2.140189	0.755561	-9.545874	-3.070670	7.441835	3.804269	4.772636	0.784834	-1.478257	4.930296	3.687707	1.992340	-6.506618	7.716134	0.936875	-0.508025	-4.225354	5.033542	-2.854084	-0.684413
TCGGGATTCAAACATA-1_1	2.536823	-3.644537	-1.810831	1.094424	0.628080	-3.457727	0.996510	-2.404291	3.958217	0.670009	-6.702250	-2.860636	-0.273428	0.722807	-7.449451	0.017772	6.337860	5.031312	5.270329	-0.156049	-1.679422	4.067378	3.394647	1.642510	-5.062620	4.955455	1.679042	-1.444434	-6.197870	5.109686	0.779050	-1.441708
GGGCCCTACGAAAGGG-1_1	2.735788	-2.110250	0.104550	2.874122	-1.679375	-0.400043	1.303455	0.523319	-0.007894	0.984417	-2.648962	1.561020	2.027498	0.999824	-7.077094	-3.238293	4.317771	1.251324	2.839310	1.393565	0.581702	3.643559	3.113224	1.461869	-4.092850	6.187505	0.341096	1.117865	-0.951992	3.649018	-3.391260	-0.049308
CGCCAAGAAGCCGAGT-1_1	1.946369	-2.146379	0.698075	3.227545	-1.554725	-0.190020	1.207650	0.964133	-0.314374	2.499741	-3.087642	0.327181	1.068382	1.329974	-6.300812	-3.119556	4.016636	1.683756	2.852084	0.677595	0.608627	2.626584	2.941769	1.755055	-3.748585	4.512463	-0.507702	1.069645	-1.726308	3.987294	-2.527125	-0.288524
GGTACATCTGGGACGA-1_1	4.594285	-0.659115	0.466870	2.722870	1.681095	-3.240376	0.997194	0.180174	0.152047	3.134382	-2.901324	-1.078105	-1.527647	1.812809	-5.009906	-0.164612	1.068909	-0.758203	2.268489	0.480244	3.201458	2.077157	4.295055	1.406362	-0.686416	1.273940	1.145197	1.249989	-0.102184	4.022860	0.497456	-0.360834
GGATGCTGGCGTTCCT-1_1	1.615896	-3.206585	-1.641606	-0.133678	0.416392	-3.368007	0.186047	-2.406805	3.780577	0.335463	-5.257864	-2.447031	-0.233216	0.205242	-5.449661	0.799783	5.307657	3.903335	4.211698	-0.687822	-2.310774	3.368376	1.912714	1.349794	-3.994414	3.307960	1.174277	-1.089402	-5.176992	3.520406	0.792721	-1.384826
CCGATTCGAGGGACCC-1_1	2.631488	-2.020310	-0.130078	2.532114	-0.014917	-1.296384	1.087482	0.040780	0.546846	1.693419	-3.569328	-0.390877	0.093142	0.921888	-5.662549	-1.571930	3.331599	1.116446	2.760052	0.688322	1.341445	2.716858	3.548036	1.372784	-2.990759	3.544157	0.843929	0.658477	-1.879359	3.715681	-0.492645	-0.569950
CCACTGGTGGCTGGTT-1_1	1.045523	-2.267924	-1.247514	-0.147180	0.244699	-2.507532	-0.056367	-1.945076	3.041013	-0.007674	-3.744836	-1.832589	-0.048470	0.046066	-3.888777	0.631445	4.060625	3.071398	3.141830	-0.436543	-2.014727	2.443963	1.109356	0.857985	-2.973526	2.695207	0.828416	-0.981559	-3.943858	2.468980	0.532320	-0.969971
GACAGGCACACACTAT-1_1	1.626477	-1.872948	-1.609295	-0.319496	1.938218	-2.978596	0.022403	-2.507994	3.663584	0.038493	-4.035433	-2.936299	-0.850771	0.115901	-3.218532	1.486782	3.086864	3.534659	3.529018	-0.055638	-1.473540	2.303240	1.260236	-0.171609	-2.078974	2.655405	0.995050	-0.990749	-3.871288	2.826702	0.979222	-0.776150
TCAACGCGACCGGCAG-1_1	2.561378	-2.881560	-2.569452	-1.120078	3.124483	-5.030583	-0.124180	-4.117702	5.985999	-0.069486	-5.744018	-4.688771	-1.725180	-0.043770	-4.618811	2.986177	4.252636	4.880839	5.010462	-0.495219	-2.471284	3.578097	2.053095	-0.218980	-2.782381	2.940318	2.009806	-1.542490	-5.646941	4.016328	2.011425	-1.416695
CTACGACTAGCTATAA-1_1	2.073629	-2.626982	-1.949320	-0.257825	1.647522	-3.744266	0.156640	-2.869925	4.075765	0.056948	-5.095722	-3.202846	-0.927997	0.232249	-4.631875	1.569791	4.269937	3.961533	4.085672	-0.218595	-1.810533	3.101420	1.902941	0.467833	-3.028741	3.057604	1.368475	-1.197154	-4.858282	3.601051	1.277135	-1.138323
CGGTTGACCTGGCATA-1_1	2.272603	-2.675181	-1.877908	0.461977	1.893028	-3.926584	0.366426	-2.633968	3.467086	0.642462	-5.579050	-3.562066	-1.099881	0.560670	-5.055117	1.575073	4.215790	3.915151	4.126102	-0.113015	-0.958033	3.507755	2.671129	0.747832	-3.173929	2.976708	0.899834	-0.758428	-4.916811	4.133171	1.306823	-1.298051
ATCCTGAATCGCTGCG-1_1	3.279631	-2.380352	-0.471471	2.977020	0.238776	-1.582731	1.012921	-0.475270	1.346473	1.179371	-4.916584	-0.769727	0.566101	1.016281	-7.263697	-1.971878	4.986547	2.393227	3.778857	1.365858	1.108849	3.845193	4.083618	1.343331	-4.352804	5.636706	1.227164	0.453868	-2.964122	4.895755	-0.941456	-0.429120
GTTTCATATCGTCGCT-1_1	1.727097	-1.400322	0.731352	5.450605	-3.764554	0.818419	2.370270	1.687908	-1.722995	1.483015	-2.379159	2.231094	3.365571	2.350974	-8.508471	-5.654271	4.713437	3.061772	2.301664	2.292238	1.356929	4.086746	3.875492	2.641846	-5.816346	6.635096	-1.583613	0.800696	-1.969269	5.354930	-4.971831	-0.136381
ATAAATATTAGCAGCT-1_1	5.088528	1.938870	3.579717	13.216695	-9.805917	1.604450	3.365383	4.644683	-5.113375	2.963871	0.380021	13.179011	10.098715	3.009885	-15.961737	-15.053703	7.064925	0.385445	3.930971	8.463836	2.803430	5.492725	2.005039	4.274576	-8.439875	17.040920	-4.104279	4.072927	2.865308	8.410494	-20.323202	2.404370
AAGAGGATGTACGCGA-1_1	4.206077	11.340631	3.408560	21.231319	-18.165836	-2.986128	9.410089	8.725911	-4.671813	-0.853993	10.160096	21.971880	15.036222	6.205543	-11.420773	-24.005943	1.829578	0.957602	-1.605125	23.113844	4.464024	-5.767846	-5.454533	5.572003	-0.570993	18.391901	-15.122913	-2.581365	4.097459	6.441117	-36.285095	7.959548
TCCTGCGTTGATACTC-1_1	6.275111	15.704287	3.895402	21.942739	-17.273527	-4.455828	10.556924	8.892554	-4.721904	-2.111190	12.455463	26.014809	16.682808	4.063676	-12.010988	-23.958389	0.473967	-3.570843	-1.150314	25.646589	9.007159	-9.308463	-8.164693	4.691716	2.629121	19.404091	-15.528431	-3.264362	6.001062	4.224135	-41.074818	9.495831
CGTGCATTGTCGACGC-1_1	4.697993	11.915707	3.328816	16.667210	-13.356736	-3.173972	8.359616	7.508630	-4.642781	-2.402030	10.106476	20.063467	12.943293	4.119152	-8.463527	-18.097578	-0.020971	-3.144326	-0.621440	19.669674	7.722555	-7.972557	-6.280580	3.819103	2.375697	15.307878	-12.184398	-3.638080	4.776644	2.990496	-31.460670	7.233057
CCGGGTTCGAGGTTAC-1_1	1.854171	7.394902	0.473414	16.808544	-19.006618	0.783960	11.092010	6.883744	-5.301533	-1.798167	11.482388	21.958178	11.316736	9.128390	-6.534288	-22.231344	1.480293	0.808055	-2.459752	20.798332	1.580223	-7.820964	-5.504367	5.060812	0.666816	12.527441	-14.954090	-1.662629	2.158990	4.323762	-29.828835	6.550553
CCCAATTTCACAACTT-1_1	0.458776	3.434128	0.762708	13.374283	-15.127991	-0.506120	8.660239	6.964859	-4.433962	-0.345593	8.718738	13.748904	9.209291	9.440704	-5.816556	-17.195440	0.980106	4.168224	-2.593491	15.349323	0.222709	-4.612857	-3.384194	5.867451	-0.464830	9.808733	-13.192700	-0.342208	-0.422505	5.969218	-22.215420	2.341731
TGATTTATTAGCTGTG-1_1	0.233581	0.546825	0.284180	1.839029	-1.564045	-0.092637	0.487730	0.810975	-0.619769	0.140505	0.436744	1.304079	1.386301	0.978684	-1.421119	-1.943486	0.300208	0.705700	0.067202	1.470382	0.319449	0.247108	-0.002250	0.710127	-0.765053	1.748842	-1.421967	-0.033655	0.015410	1.022297	-2.639426	0.375584
GCAGCACACAGCCCAG-1_1	3.187877	6.143176	3.442633	16.260448	-15.313423	-1.461476	12.000609	8.323943	-6.731240	-0.829584	10.203636	18.653923	11.033393	7.998691	-8.919695	-19.169144	2.369190	-0.722817	-1.103511	18.785711	5.248357	-8.149822	-4.364710	7.378200	1.218440	12.909442	-14.053942	-0.986933	0.516344	5.366480	-28.311996	1.786049
CAGGCCGTTTGGGTGT-1_1	4.121047	7.992292	3.137578	14.470418	-11.669848	-3.141119	11.370186	7.461754	-5.525954	-2.238032	10.523252	18.293766	11.765541	4.156276	-7.491152	-17.002996	1.004328	-3.175797	-0.811080	17.962221	7.693241	-8.558184	-5.999110	5.503123	3.912921	13.301296	-11.715991	-0.224397	1.807942	3.983518	-27.667112	1.702199
AACTCAAGTTAATTGC-1_1	6.321898	7.094704	2.302677	17.805653	-14.825927	-0.125263	12.841274	8.414558	-7.566362	0.281666	8.667190	23.027058	15.743995	5.319888	-12.104587	-22.184486	3.454148	-3.335075	0.813593	17.826378	5.516736	-5.127644	-4.827537	5.684282	0.427710	20.385853	-10.545012	0.839440	4.052308	6.172985	-32.799847	2.479023
CTTCGTAGATAGGTGA-1_1	2.574723	0.362657	0.609830	5.084964	-3.700832	1.304760	3.421321	2.062731	-3.217403	0.624791	-0.234532	5.774406	5.110600	1.907836	-6.374404	-6.234380	3.312296	0.386082	1.507438	3.172789	2.252985	2.238839	0.753368	1.864173	-2.981310	8.218982	-1.517263	1.555139	-0.096852	4.312111	-7.480340	-0.502357
TGCAGAGTACCGAGCA-1_1	1.928711	2.266439	1.537638	4.772463	-2.847834	-0.507017	2.127720	2.984048	-3.035964	-0.425575	1.296349	5.010298	4.632713	1.989450	-3.073798	-4.615276	0.559106	0.556651	0.759975	3.383142	3.389431	0.016980	-0.904105	1.316828	-1.140522	6.853306	-2.544991	0.238363	0.930077	2.873318	-8.036659	0.038024
GAAGTGATTTATCGTG-1_1	2.198106	10.811230	7.432490	16.497040	-9.920770	-5.095912	5.832317	10.196347	-7.101552	-3.875544	8.174951	14.450690	11.991059	4.827158	-5.831015	-13.317392	-0.306939	-0.445990	0.657604	16.244326	11.855617	-8.286484	-4.936897	5.640973	0.522103	13.838010	-12.360817	-3.908200	3.174539	3.960094	-27.301783	2.224393
CGCTACGGGACATTTA-1_1	0.932658	7.140557	5.371622	12.370936	-7.938481	-3.464933	4.439845	7.695474	-5.210596	-2.455986	5.927059	10.023829	8.357718	4.891516	-4.489442	-9.969970	-0.344366	0.521505	0.437200	11.990826	8.260988	-6.188147	-3.145351	4.619233	0.124629	9.549134	-10.183124	-3.164459	1.563858	3.225602	-19.389671	1.509254
CCACACTGAGATATTA-1_1	0.842313	5.336266	3.836156	11.935697	-9.746952	-1.908531	5.127084	7.079799	-4.725712	-0.932475	5.734400	10.869102	7.704499	6.106704	-5.080994	-11.734213	0.310744	1.789695	0.124208	12.042287	5.181410	-4.762514	-2.448433	4.604263	-0.981035	9.529196	-10.299955	-2.242956	1.220784	3.926304	-19.431517	2.153309
CGATCCGACCCAGTGC-1_1	-0.577278	4.166059	4.071915	12.739190	-11.006841	-2.232319	5.716981	7.868254	-4.940610	-1.499488	6.677578	9.859879	7.644966	7.972401	-4.086822	-12.555549	-0.012928	4.028615	-0.817390	12.913088	3.997647	-5.253134	-2.633101	5.535807	-0.831949	8.992800	-12.362528	-2.041057	-0.430088	4.834575	-19.213146	1.329430
CGCTATTCTTAGGCTC-1_1	-0.656765	2.135078	3.123633	12.358038	-11.269265	-1.766998	5.143686	5.868180	-3.847122	2.010389	3.633228	5.988268	5.627137	8.342131	-7.130251	-11.233226	1.767448	5.812932	-1.242342	10.530749	2.820876	-2.451020	0.674186	6.981071	-3.377673	5.837033	-10.616224	-0.918073	-2.583721	6.839333	-14.906748	0.150735
TGGCAGCAGTAATAGT-1_1	0.941778	0.073937	1.770641	6.006576	-3.894526	-0.603566	2.867460	2.609655	-2.511017	2.892804	-1.391276	0.215420	2.196930	4.487154	-5.559721	-4.186927	1.741577	4.177793	0.278861	1.823463	2.561917	1.377714	2.655841	3.501919	-4.342309	3.305058	-3.702235	0.105128	-3.391100	5.218687	-4.606431	-0.702435
TCACGTGCCCGATTCA-1_1	0.169783	2.213364	5.091743	15.493793	-12.122249	-2.048047	5.581998	7.353502	-6.098236	3.627799	1.078103	4.832047	7.689001	10.726194	-10.736919	-12.404123	3.003344	7.778296	-0.144750	9.706968	5.779869	-0.291140	3.278724	8.607108	-6.741915	9.408822	-11.598297	-1.479330	-3.844603	9.858150	-16.958149	-0.419195
CATACGGCGTCTGGGC-1_1	-0.211320	1.867125	4.092337	15.339426	-12.911222	-1.121993	5.492035	7.787869	-6.001462	3.300967	1.149268	5.043673	8.693078	11.836117	-9.727042	-13.806381	2.601073	9.434538	-0.313679	10.261775	4.607241	0.174061	2.656870	8.026184	-6.673538	10.806821	-11.520396	-1.678613	-3.362424	10.624393	-17.467249	-0.019130
TCTTCGAATAGACGTT-1_1	-2.984563	1.740054	4.106087	23.583073	-22.139606	-0.458561	8.619280	10.515484	-7.401827	4.273005	2.825081	8.650062	10.928810	17.805117	-11.177500	-21.735279	3.667068	15.234217	-2.490905	18.209280	2.815074	-1.988367	2.128006	12.097666	-8.404127	12.925904	-17.076677	-2.324986	-5.391978	15.464008	-23.742872	0.860344
GATCGTGACTGATATC-1_1	-2.786997	-0.163233	4.511636	24.345360	-23.878466	-2.184608	11.429064	11.212058	-7.837840	5.986351	5.400968	7.693544	9.648757	19.370224	-13.457570	-22.320456	4.212647	15.644063	-4.003496	19.245268	2.632344	-3.190392	2.799845	15.537945	-8.151692	9.570230	-19.698318	-0.025316	-8.793950	16.942863	-24.372868	-1.663737
GATCCGGGAATTAACA-1_1	-5.891616	3.765265	6.174926	28.353617	-27.362331	-4.755399	10.212790	15.723828	-8.038679	2.172762	9.498740	10.790813	12.651088	21.964050	-9.569122	-25.787041	1.136420	20.885424	-5.151219	25.251104	3.555960	-5.820552	-0.711237	15.367371	-7.446161	13.016224	-25.742638	-2.496607	-7.342935	17.616476	-31.364113	0.405081
TTATATACGCTGTCAC-1_1	1.917336	-2.065753	0.973655	9.126016	-3.422505	-1.688151	4.402151	2.640115	-0.085282	3.726510	-6.827690	-2.271386	5.162558	7.362655	-10.113828	-8.960989	3.589755	13.648381	4.278234	3.023156	2.354816	3.910044	4.942741	4.636135	-8.639853	9.406545	-5.123823	-1.371816	-8.725732	11.433894	-4.163051	-1.467295
GTCGCGTAACCCGTTG-1_1	-2.154701	2.250806	2.306409	10.344282	-9.522444	-1.360850	2.892242	5.156806	-2.593471	0.423315	2.531150	4.252720	4.621470	7.049958	-2.801230	-9.135786	0.530121	7.282230	-1.473524	9.234510	1.555821	-2.126604	-0.500377	4.675371	-2.795452	5.198958	-8.383483	-1.386094	-1.785985	5.833968	-11.310373	1.024528
AGCTCTAGACGTTCCA-1_1	4.344799	-5.499526	3.152199	24.718025	-17.184305	-0.972624	14.372164	6.369465	-6.468636	17.547688	-10.617474	1.123333	4.215522	14.370569	-28.713577	-18.437874	11.309029	13.292006	4.258962	5.502450	6.359691	5.378068	14.625928	14.030107	-15.499236	10.462600	-11.157689	0.567297	-12.675416	21.015764	-13.021721	-0.956196
GTCAAGCGGACTCGGG-1_1	1.042355	-0.226321	1.234565	7.756867	-4.712296	0.095173	3.535651	3.021261	-1.905552	2.293458	-2.784362	0.191782	5.139320	5.978278	-6.729058	-7.804480	2.388989	7.626554	1.588141	3.318741	2.266448	2.804514	2.892142	3.436155	-5.537312	7.466556	-5.087858	-0.587850	-4.310635	8.022428	-6.113127	-0.692136
CGAGGGACTGCGGTCG-1_1	4.166439	-1.238201	0.509361	4.937666	1.299548	-2.343538	3.401486	0.289238	0.091756	2.998126	-5.738242	-2.291680	0.644912	3.221002	-6.876389	-2.522437	2.480574	4.256712	2.789730	1.065242	3.750958	2.294732	4.236077	1.813640	-3.550306	4.321226	0.062369	0.285609	-4.258924	6.489982	-0.348818	-0.579321
AATCGCCTCAGCGCCA-1_1	2.276929	-1.174602	0.921994	4.724225	-1.072358	-0.150326	2.708598	1.254658	-0.987507	2.073522	-3.612038	0.146450	2.270089	2.614378	-6.325719	-3.949664	3.302641	3.535393	2.477474	1.301144	2.849349	2.507242	3.421668	2.241734	-4.460155	5.506802	-0.864364	0.630861	-3.317487	5.376825	-2.196677	-1.017632
CTTGTTGCTGAGTCAA-1_1	8.712380	0.555704	2.746711	4.759548	4.182846	-7.788103	0.936365	1.018124	-1.078934	8.411244	-3.303065	-2.687116	-4.790700	4.731952	-6.626342	1.316904	-0.189654	-3.820986	3.950540	-0.481482	7.637107	2.541794	7.280731	3.017354	2.247097	-0.710891	0.474375	4.064152	2.356005	6.847537	0.505712	-0.583060
GATATGAGACACTAAC-1_1	8.145616	-0.131823	2.416837	8.176412	-0.886543	-3.370700	2.644595	2.604817	-3.435362	5.314140	-2.992475	2.715334	-0.458322	4.352143	-10.461797	-3.897004	2.912378	-1.899928	2.986254	2.504147	7.481225	3.243586	6.416058	2.969074	-3.649432	4.831119	1.407893	3.355405	0.866580	7.671810	-3.318671	0.329212
TTATGATCTTAACGAA-1_1	8.655715	-0.425049	1.844720	6.909572	-0.285101	-5.341518	2.330379	1.971439	-2.848060	6.412031	-3.502806	0.777370	-2.820942	4.809022	-9.639583	-1.464711	1.758957	-3.561686	2.706357	1.813598	7.525079	2.882352	7.547298	3.958945	-1.855071	1.762775	1.350645	3.921789	1.064393	7.866360	-1.478700	-0.822973
CGCCGCCCATGCCTGT-1_1	3.878637	-0.136776	1.043818	3.944607	0.320627	-1.457533	1.246901	1.005002	-1.173957	2.333795	-2.148585	0.328917	0.054497	2.147143	-4.818302	-1.771232	1.940385	-0.042064	1.426871	1.081322	3.672339	1.752718	2.705942	1.007860	-2.097648	2.781467	0.531947	1.695653	-0.545008	3.944260	-1.241532	0.142137
CTGGGATAAATAATGG-1_1	2.117510	-0.479574	1.962569	3.931786	-1.712075	-0.599307	0.611030	1.907695	-1.836188	2.524580	-1.011752	1.335019	1.375217	2.410058	-4.586974	-3.261223	1.988029	0.873524	1.713645	1.114317	2.655101	2.004775	1.889038	1.546448	-2.711291	3.854002	-1.487515	2.499702	-0.243131	3.927670	-3.980518	-0.261118
GTGCCCGTTCGGATTC-1_1	3.151278	-0.376973	2.180964	3.524648	-0.168769	-0.586531	0.486566	1.827714	-1.390450	3.005727	-1.718806	1.262163	1.537871	2.292118	-4.142178	-3.272139	2.059043	0.512754	2.518033	0.873504	3.093488	1.706645	1.162593	0.665891	-2.165613	4.832344	-0.769627	3.397195	-0.079660	4.011340	-3.764522	-0.168245
TTCAATACTCTGAATC-1_1	1.993685	-0.430857	1.123462	2.972094	-0.455100	-0.259910	0.878068	1.196593	-0.804193	1.902690	-1.765031	0.573715	1.298160	1.705072	-3.704280	-2.550713	1.754742	1.085739	1.754095	0.652495	1.915268	1.496205	1.531515	0.850339	-2.215329	3.558981	-0.648189	1.393121	-0.801300	3.136607	-2.279278	-0.176896
CGCACATGTCCACTAC-1_1	7.767514	1.598029	2.852084	5.176362	3.372878	-7.016112	0.390219	1.304811	-1.299058	7.361526	-1.838664	-2.542626	-4.559347	4.340578	-5.623815	1.862150	-0.621813	-3.745411	2.456039	0.365702	7.784066	1.971063	6.579668	2.425457	1.541713	-0.809940	0.108877	4.379658	1.959505	6.207705	-0.213203	-0.572408
AGAAGAGCGCCGTTCC-1_1	0.339214	0.012096	0.067184	0.276758	0.083990	-0.249024	0.164370	0.068342	-0.053001	0.343030	-0.181111	-0.123633	-0.049627	0.377747	-0.244037	-0.020432	-0.109169	-0.029015	0.239254	-0.032622	0.239233	0.066463	0.289569	0.211889	0.038385	0.127412	-0.098184	0.147911	-0.007580	0.266789	0.007010	-0.147669
GATAACTCGCACTGTG-1_1	27.028778	8.153167	2.756953	5.389112	22.319876	-30.459177	-3.469840	-6.260898	0.888942	25.732498	-8.420429	-17.747787	-24.495743	9.465108	-8.047888	22.456894	-13.101577	-23.740292	18.055014	-6.782447	13.381545	10.324138	22.801491	12.171687	25.860945	-20.376720	4.366462	9.711589	17.872751	9.845420	9.647124	-5.540662
AGTCGACGGTCTCAAG-1_1	9.755543	1.811819	2.926812	5.237229	4.731545	-9.672227	0.207495	1.298632	-2.408971	10.398144	-2.116454	-3.634611	-7.404195	5.246104	-6.058454	3.852482	-2.308239	-7.764495	4.265908	-0.683520	8.058847	2.081681	8.568887	4.870152	4.550997	-3.816159	0.603922	4.988319	4.193549	6.389804	0.976610	-1.564518
GTGACCGCACACTACG-1_1	2.692036	-1.138304	2.636298	7.170296	-3.654662	-1.449965	3.542497	2.326259	-3.216415	6.224117	-2.567142	0.351369	-0.011172	4.187312	-8.567286	-3.763539	2.942927	1.574570	1.264885	0.616761	4.262043	1.454073	4.413630	4.217894	-4.350533	2.237808	-2.622909	1.910652	-2.815276	6.313716	-3.761256	-0.927214
GTATGTGGGTCTAGTT-1_1	1.863487	-0.091979	1.345606	3.610312	-1.676823	-0.176312	1.392831	1.528059	-1.845508	1.426052	-1.047755	1.401895	1.724072	2.314556	-4.163660	-3.060500	1.790954	1.221880	1.048015	1.302383	2.363510	1.628314	1.819596	1.664313	-2.925281	3.649506	-0.965625	1.039239	-1.007368	3.497724	-2.955602	-0.403921
CTTGAGTTAGGGTAAT-1_1	5.224824	2.091662	2.458266	4.149931	2.630283	-4.563934	-0.040759	1.208424	-1.501822	4.921080	-0.570837	-1.751470	-3.226851	3.139568	-3.004790	1.777960	-1.014034	-2.972653	1.537177	0.638478	5.613887	0.763346	4.226890	1.584665	0.959373	-0.660224	0.142321	2.665927	1.504078	3.513270	-0.392950	-0.088030
TTAGCTGATTTGCCGT-1_1	3.240361	0.594162	0.603667	3.843918	0.450931	-1.604681	1.636252	0.826831	-0.715192	1.704152	-2.172051	-0.966026	0.223285	2.978603	-3.444678	-1.467158	0.943942	1.675785	0.715119	1.298986	3.720008	1.150717	2.395527	1.229038	-2.121429	2.080736	-0.214822	0.519401	-2.042393	4.106924	-0.508952	-0.067451
GCTGTTGCTACCGAAC-1_1	1.704826	-0.237277	0.062017	3.611781	0.013911	-0.602617	1.913505	0.622941	0.313137	0.753578	-3.496720	-0.578173	2.489881	2.220877	-3.903929	-3.456848	1.606532	5.035798	2.118793	1.516557	1.958589	1.608421	1.612595	0.981225	-3.063123	4.975202	-1.366630	-0.273493	-3.395520	4.907475	-1.369460	-0.457027
CCATCTCACCAGTGAA-1_1	-0.022208	3.150250	2.713785	10.150270	-8.566888	-1.618874	5.051144	5.750453	-3.257142	-0.701014	4.810362	8.184516	6.280933	5.055984	-3.910242	-10.586491	0.757552	2.726480	-1.063228	10.499291	2.128548	-3.766262	-2.351055	4.506180	-0.462675	6.739530	-8.676036	-0.663193	-0.389409	4.220602	-14.795354	0.482553
CGCACGTGCGCTATCA-1_1	-1.862935	5.643647	4.513070	19.943794	-17.265137	-3.753018	9.682661	10.447060	-5.305163	-3.083126	10.297906	14.804001	11.737640	9.335655	-3.279623	-20.838167	0.448734	7.265035	-3.304109	21.437698	2.529473	-8.380648	-6.253270	7.489842	0.767083	12.941401	-17.106611	-0.408135	-1.397090	7.997869	-27.883461	1.536368
ACCCGGATGACGCATC-1_1	-0.065713	6.427476	4.954293	17.923679	-14.699878	-3.246466	10.408057	10.109876	-6.375625	-3.394857	10.257679	16.238075	11.505783	7.801074	-4.278074	-18.956469	0.764547	3.202103	-1.890362	19.690104	5.395152	-9.096600	-5.935247	7.097131	1.553613	12.583227	-15.409294	-0.756941	-0.442466	6.182092	-27.174932	0.795142
CGCTAGAGACCGCTGC-1_1	-3.493260	6.054940	4.359651	23.162556	-21.401241	-3.275288	12.046678	11.918968	-6.541258	-4.319911	12.422749	18.162144	13.188205	11.466524	-1.645507	-24.744701	0.793208	9.578613	-4.471333	25.674456	2.504492	-10.690102	-7.964671	8.537348	1.304228	14.293199	-19.869019	0.248663	-2.143999	9.597925	-31.804211	1.355050
ATAGTTCCACCCACTC-1_1	-1.656648	4.922763	4.449019	19.306784	-17.378319	-2.984719	9.615806	10.215664	-5.414157	-2.295854	9.905277	14.686376	10.927775	9.876525	-4.675321	-20.440035	1.112918	6.885844	-3.402816	20.635614	1.581264	-7.693878	-5.275123	8.070297	-0.061151	11.583620	-17.089693	-0.677006	-1.723555	7.923481	-26.887430	1.325589
GCAGACCCAGCACGTA-1_1	0.503761	4.727051	2.771144	18.925856	-18.206436	-1.160984	13.227396	8.723398	-6.146354	-1.649115	10.582560	19.191290	11.699883	8.718065	-6.075521	-22.210011	2.797135	2.907082	-3.164159	21.689322	2.123505	-9.140265	-6.135841	8.100381	1.834665	12.542948	-15.128736	1.098311	-0.943528	7.500586	-28.625795	0.423237
GGTTCTACTCGTCTGA-1_1	-1.318060	6.069609	4.651566	20.181824	-17.799517	-3.134398	10.801911	10.689180	-5.899308	-3.166838	10.810173	16.608528	12.005686	9.641899	-4.543482	-21.805412	1.162818	6.184472	-3.385247	22.288885	2.785531	-8.839679	-6.136807	8.174567	0.700853	12.537431	-17.524132	-0.705402	-1.448734	7.891292	-28.720480	1.365043
AAGGATCGATCGCTTG-1_1	-1.455211	8.835422	4.068142	24.748255	-21.373695	-3.476147	7.446188	11.817822	-4.171515	-1.147771	8.177798	17.423790	14.504694	10.108630	-5.362102	-25.447830	0.613482	11.364342	-3.859665	24.502563	0.042588	-5.251230	-6.253243	6.455646	-2.729280	18.181526	-17.275013	-2.498902	1.638158	10.492866	-33.790817	6.788850
ATATCGGTAGGGAGAT-1_1	0.628066	6.215566	4.038036	14.078819	-10.487000	-2.370658	3.728873	7.723292	-3.866464	-0.658476	3.912557	9.560493	9.894554	5.792381	-5.328990	-14.105522	0.697467	6.189076	-0.373419	12.634813	3.571278	-1.769009	-2.329770	3.875155	-3.075926	12.563922	-9.890437	-1.779237	1.138966	6.520815	-21.069588	3.065618
TTCCAGACGAGATTTA-1_1	0.462375	13.857103	7.780145	24.594891	-16.423128	-5.704706	6.854515	12.050249	-4.368159	-4.296310	9.166108	19.044315	14.786588	4.913805	-5.963686	-22.368093	-0.179222	3.632435	-1.839705	25.187004	6.901527	-9.744319	-8.051874	5.162356	0.453001	17.439531	-16.731274	-5.314579	3.230348	5.996635	-35.331497	8.164453
GACCGACGTGAAAGCA-1_1	-1.713039	12.978677	7.264018	26.213686	-20.146669	-4.897598	8.678334	12.972338	-5.213448	-5.517030	11.273326	20.171146	15.173142	7.634590	-4.287316	-25.503843	0.382768	6.670504	-3.420717	28.525478	5.091678	-11.252735	-8.968228	6.955040	0.156945	16.274391	-19.301348	-4.662065	1.231735	7.515334	-36.191536	7.152607
CCTGGAAACGTTCTGC-1_1	-1.103548	13.072650	7.703687	26.113794	-19.283630	-4.987533	8.451096	12.916869	-5.229886	-5.069549	10.693931	20.308519	14.869632	6.706082	-4.883165	-24.988583	0.609105	5.545225	-2.855154	27.834141	5.531884	-11.103622	-8.671227	6.772229	0.042020	16.390839	-18.667599	-4.649401	1.767416	7.077619	-36.139168	7.169912
CCGGTAATGGCTAGTC-1_1	-2.050560	14.076397	8.770798	29.514626	-21.560356	-6.315981	7.934895	14.846274	-5.101447	-5.184567	11.077912	20.155142	16.740185	8.518493	-5.503833	-27.422403	-0.016407	8.754775	-3.699431	30.654751	5.016131	-10.919496	-9.231444	7.808247	-0.807929	18.613317	-21.283169	-5.675131	1.545618	9.088740	-39.536800	8.174370
CACCACGCCACACAGA-1_1	4.135467	-8.446625	-1.541216	5.852812	-2.334140	-5.396050	4.629975	-1.753420	4.406432	6.245948	-13.973660	-3.905147	0.540416	3.598367	-17.653690	-4.072703	12.363886	12.274849	10.536330	-2.176747	-2.279679	7.329703	8.390208	6.526447	-11.781442	9.441453	-0.161638	-2.047094	-13.578536	11.944885	-0.065411	-3.824473
GAACCTCGACCTACAC-1_1	7.509505	-10.610493	0.685931	18.023672	-12.513416	-6.953086	12.718365	2.149697	-5.519192	16.366491	-14.190355	-1.438293	-1.640383	8.542846	-29.334763	-10.166034	13.711729	12.153741	6.812437	-2.397633	4.370109	8.806694	16.490091	15.920060	-13.974613	5.496397	-6.329566	0.740746	-15.296103	18.229713	-3.292945	-4.757505
CAATACGCTCTGAGGC-1_1	5.092483	-8.034812	-0.012841	10.581942	-5.864991	-4.582775	7.161821	0.759062	-1.298395	9.193996	-12.232866	-1.981978	-0.137380	4.773547	-20.401804	-6.325571	11.222045	9.525285	7.721177	-1.685569	1.999632	7.484550	11.861490	9.698889	-11.675825	7.019329	-2.439157	-0.706370	-11.526516	13.092241	-1.269187	-3.884207
TGGTAAGCAGGATTGA-1_1	5.322515	-6.654891	-0.916226	8.335948	-2.913985	-5.867383	6.605939	-0.653065	-0.331190	7.770914	-11.872309	-3.234656	-1.359243	4.430175	-16.876101	-3.340287	8.285001	8.228904	7.036080	-2.263117	2.702046	6.100151	10.551908	7.792403	-8.964141	4.530889	-1.013391	-0.905034	-10.732718	11.793271	1.347314	-3.771980
AGTGGCTCCGTCGGCC-1_1	2.592447	-4.346918	-1.246179	3.173873	-1.030666	-3.494489	2.773975	-1.375810	2.311278	2.557183	-7.720305	-2.491534	-0.189177	2.325469	-9.893610	-1.558388	6.793489	6.708628	5.500872	-0.868457	-0.631805	4.429951	5.405216	3.719786	-6.686886	4.924846	0.391388	-1.624222	-7.705778	6.882033	0.755943	-2.202935
GATCGGATAGAACCAT-1_1	4.481856	-7.600613	-3.981595	-0.042145	1.239660	-8.228522	1.301941	-5.520498	8.482856	1.298375	-12.578562	-6.172297	-1.346471	1.413896	-12.717006	1.917014	11.047454	9.880154	9.637130	-2.163741	-4.654712	7.144990	5.235114	3.642823	-8.989161	6.533579	3.497092	-2.951224	-12.605863	8.927052	3.098897	-3.517702
GCTACAGTACGGACCG-1_1	2.394927	-4.703700	-1.939442	1.071178	-0.058422	-4.247421	1.321524	-2.692738	4.572743	1.307369	-8.065643	-3.068159	-0.099446	1.183507	-8.913575	-0.088637	7.676555	6.631797	6.243008	-1.173407	-2.535982	4.678730	3.793264	2.643922	-6.465810	5.344889	1.440741	-1.716035	-8.026656	5.954081	1.055858	-2.256484
TCTATTACTAGAGGAT-1_1	2.437534	-2.911070	0.509863	4.397375	-0.561650	-0.085746	1.705456	1.297456	1.477804	3.542060	-6.113636	-1.203607	3.014313	2.306332	-8.262115	-4.773764	5.277888	5.596503	5.540673	0.162154	-1.311147	3.076632	2.246040	1.395326	-5.735388	8.158097	-0.859242	0.255614	-4.529033	6.038450	-3.934045	-0.594872
TTCAGGCGTCAAAGCC-1_1	1.826706	-2.612834	0.477233	3.693615	-1.168694	-0.227689	1.200573	1.076706	0.676113	3.137203	-4.556238	-0.679034	1.968108	1.710934	-6.943100	-3.746774	4.570935	3.827145	4.242427	0.232706	-0.908988	2.723367	2.327108	1.540077	-4.610803	5.957060	-0.863879	0.647932	-3.283011	4.764420	-3.208172	-0.534425
AGACCGGGAAACCCTG-1_1	0.906555	-2.308630	-0.327722	2.061948	-0.627492	-1.113123	0.541891	-0.241168	1.565517	1.371880	-4.247271	-1.456168	0.991042	1.068469	-5.185858	-1.646353	4.424680	4.080356	3.484012	-0.023690	-1.332093	2.633689	1.893828	1.305120	-4.140970	4.259944	-0.424250	-0.403906	-3.848596	3.676388	-1.244122	-0.712808
AGAGATCTCTAAAGCG-1_1	1.384301	-3.021324	-0.941482	1.139120	-0.054281	-2.272665	0.849264	-1.259148	2.927763	1.195332	-5.329526	-1.993197	0.424895	0.888520	-5.827865	-0.826532	4.954233	4.796929	4.333057	-0.634033	-1.752831	2.962018	2.312137	1.543352	-4.380983	4.214194	0.497879	-1.005952	-5.146183	4.029664	0.035397	-1.259717
CCCTGCCCAATCCGCT-1_1	4.155319	-4.377972	-3.992787	-2.184982	5.157333	-8.347672	-0.544973	-6.567177	9.709042	-0.173632	-8.516106	-7.714599	-2.946299	-0.159181	-6.880087	5.254583	6.046938	7.268997	7.468425	-1.213580	-4.064699	5.548383	3.189914	-0.315434	-3.779206	3.814651	3.495218	-2.510477	-8.430365	6.025883	3.367131	-2.266536
GTGGCGGTCCCAGCGT-1_1	0.648391	-1.447282	-0.778222	0.174590	0.217110	-1.443278	-0.000608	-1.122306	1.959152	0.159647	-2.561762	-1.254779	0.143889	0.152503	-2.558062	0.144774	2.643555	2.239203	2.255541	-0.229442	-1.275726	1.566679	0.695093	0.471564	-2.021808	2.128002	0.334882	-0.653415	-2.621299	1.723948	0.152190	-0.545407
GCATTGTAATTCATAT-1_1	0.916159	-1.521071	-1.122218	-0.297854	0.888560	-2.030162	-0.053282	-1.725854	2.601543	-0.022615	-2.810912	-1.813350	-0.324419	0.033876	-2.484152	0.867884	2.563760	2.457594	2.524043	-0.205773	-1.359748	1.763952	0.794409	0.161872	-1.785318	1.922859	0.643595	-0.742437	-2.855915	1.882195	0.607489	-0.636094
CCGTTCCGAATCTCGG-1_1	0.934095	-2.180102	-1.310821	-0.370878	0.358824	-2.371777	-0.195926	-2.099609	3.167602	-0.244928	-3.513944	-1.791585	-0.017540	-0.132015	-3.576994	0.719116	3.993824	2.923443	3.122692	-0.336815	-2.162558	2.354213	0.809178	0.621129	-2.794738	2.704988	0.909995	-1.024657	-3.776608	2.221497	0.558470	-0.832722
AGCTTGATCTTAACTT-1_1	1.221236	-1.067848	-0.699277	0.486430	0.850804	-1.728261	0.501375	-0.988057	1.434821	0.452121	-2.478328	-1.616945	-0.538540	0.519947	-2.351059	0.476485	1.620232	1.918331	1.775245	-0.044579	-0.082901	1.406330	1.497375	0.468751	-1.403433	1.287098	0.453555	-0.440263	-2.287374	2.011913	0.695409	-0.598951
CCTGTACTCACGCCCA-1_1	1.665220	-2.329720	-1.157421	0.806105	0.368635	-2.537566	0.743326	-1.333117	2.011847	0.799742	-4.269597	-1.970744	-0.415595	0.700763	-4.578641	0.303386	3.550297	2.934851	3.029964	-0.410585	-0.665695	2.584120	2.424376	1.391177	-3.055728	2.334803	0.715805	-0.722812	-3.877219	3.257415	0.754282	-1.132399
AAGTGACGACCGAATT-1_1	1.894254	-2.559013	-1.382326	0.622254	1.183105	-2.877816	0.299566	-1.832111	2.893472	0.870122	-4.930982	-2.685191	-0.609365	0.521963	-4.766833	0.756032	4.269509	3.272388	3.841627	-0.126803	-1.031333	2.951248	2.207528	0.823385	-3.209920	3.175732	0.808720	-0.655849	-4.259194	3.603789	0.609509	-1.070285
CTCACTTGGCTGGTAA-1_1	7.522265	0.084678	0.819952	2.551109	4.262675	-7.549298	1.105800	-0.411469	0.787493	6.237136	-3.354664	-3.200439	-4.632738	2.974454	-5.403037	2.801355	-1.120827	-3.491203	3.525221	-0.690566	4.651416	2.513776	7.276407	3.017271	2.545901	-1.632819	1.385632	2.103495	1.700526	4.955063	2.088755	-1.576039
CGCCTGGCCTACGTAA-1_1	3.634739	-1.703354	-0.165144	2.641405	0.584528	-1.533436	1.044663	0.050877	0.599896	1.653849	-3.757215	-0.162425	0.203135	0.955505	-5.953197	-1.737491	3.127634	0.839259	2.773611	1.081342	1.738099	2.820948	3.447542	0.906751	-2.711937	4.001185	1.268379	0.890058	-1.226328	4.004524	-0.687660	-0.007236
CCCGTAAGTCTAGGCC-1_1	3.014674	-1.599971	1.389865	8.682900	-6.197361	0.906681	4.241979	2.528429	-3.072460	3.104657	-2.527490	5.329977	4.800150	2.704472	-13.058095	-8.639971	6.773850	2.764430	3.329048	3.745185	2.559907	5.137380	5.379674	4.130455	-7.663976	9.801501	-2.066506	1.756943	-1.722610	7.225119	-8.787104	-0.138830
TTGGACATGTGGCTTA-1_1	4.807831	-1.798440	2.362353	10.760741	-7.014516	-0.020849	5.667583	2.795190	-4.127931	5.597922	-3.184686	6.256805	4.447021	3.767763	-16.564037	-9.572721	7.079270	2.457231	4.348939	3.174814	4.295649	5.722257	7.014701	5.042037	-8.868189	10.637189	-2.456309	2.514923	-1.757702	8.830037	-9.886908	0.174775
ATTACGCGCTGGCAGG-1_1	6.154627	14.524312	5.466366	21.743200	-15.224818	-4.910912	8.730018	9.766031	-6.002372	-2.472050	10.204539	23.436825	17.393448	4.343459	-10.722539	-21.662909	0.036782	-2.620612	-0.153763	22.137451	9.726740	-7.607135	-6.974052	4.387592	1.312765	21.596888	-13.935897	-4.031001	6.933885	4.690377	-39.202904	8.091564
ACGCGCTACACAGGGT-1_1	5.139774	8.617445	3.456890	19.409571	-16.036688	-2.097925	9.833091	10.305735	-7.263047	-0.168465	8.536323	20.190714	17.293861	7.612538	-12.229112	-23.178236	2.277138	2.433718	0.266452	18.558199	5.917605	-2.297865	-3.833291	5.648676	-2.452969	22.803864	-13.414217	-0.738146	3.761618	8.584964	-35.426537	4.434505
TACGTTTACCGGCAAT-1_1	3.718059	8.575029	2.650415	16.035717	-15.160278	-2.557715	10.761701	8.853537	-5.892251	-1.426620	11.543066	18.987886	13.387348	8.131415	-10.061708	-19.414398	0.604898	-0.789046	-1.404647	19.498207	6.604158	-7.461910	-5.190621	6.664807	1.665049	14.060189	-14.921606	-2.085480	1.722134	5.382540	-30.746893	3.543472
CGAAACGCAATTCATG-1_1	1.728469	6.816242	1.390380	14.091387	-14.587082	-1.098094	7.761988	6.743524	-3.880962	-1.180331	9.174289	15.727680	10.365173	7.594532	-7.027853	-17.503803	0.516721	1.691099	-2.062452	16.991312	2.244522	-5.454888	-4.292966	4.912979	0.085253	10.794779	-12.904711	-2.077568	1.431726	4.577860	-25.076300	5.014655
TAGTCTAACAACGAGA-1_1	0.843855	2.957653	0.275222	8.744608	-9.294676	0.424035	4.639445	3.889118	-2.839158	0.584576	4.004399	9.274495	6.092215	5.015575	-5.162786	-10.749686	1.363356	1.752389	-0.656941	9.334459	1.095042	-1.991476	-1.410287	3.440875	-1.340905	6.926021	-6.843402	-0.609758	0.943596	3.853264	-13.998394	2.095107
TCCTAGCAAAGAAGCT-1_1	1.562395	2.384517	0.702692	10.578167	-11.890886	-0.047926	8.756107	5.769221	-4.476282	0.026538	7.546806	12.515615	8.008932	7.553858	-5.982831	-14.267387	1.337006	1.212109	-1.611989	12.266417	1.158374	-4.516851	-2.802235	5.337471	0.425940	8.365097	-10.502056	0.288081	-0.395147	4.595087	-18.799547	0.658292
GTCTATCTGAGTTTCT-1_1	2.190109	3.298210	1.802276	9.691197	-9.348969	-0.846152	8.643089	5.501224	-4.698688	-1.325381	7.549648	12.556104	7.661978	5.267983	-4.547249	-12.557163	0.924438	-1.074491	-0.808026	11.793214	3.388283	-5.832925	-3.621703	4.518418	1.961708	8.521241	-9.176333	0.201712	0.248164	3.085562	-18.356741	0.408641
GATGTTCAATCCACGA-1_1	7.649546	8.849718	2.706295	15.290309	-11.471508	-2.545465	14.747994	6.913824	-6.549915	-2.177702	11.107863	23.167973	14.067998	2.686093	-8.461173	-19.583199	1.402752	-7.475974	0.641087	19.114170	9.160704	-10.141903	-7.230421	4.625468	6.344182	17.830887	-10.162741	0.619455	3.713527	2.858295	-32.007919	2.205887
AGTTAAACACTTGCGA-1_1	6.248268	5.914702	2.030175	12.621539	-9.748098	-1.160493	10.664765	5.599784	-5.519306	-0.405090	7.058372	17.725912	12.014025	2.340785	-9.556914	-16.271400	2.804251	-4.302281	0.621885	13.576469	5.648828	-4.142222	-4.060770	3.872777	1.832211	16.332924	-7.485564	1.150290	2.867642	4.265160	-25.377422	1.808107
AGCTCTTTACTCAGTT-1_1	2.106336	3.017714	1.751228	6.288865	-3.894829	-0.798014	2.505866	3.592653	-3.032811	-0.318227	1.641761	6.161248	5.722708	2.212997	-3.836661	-6.159300	0.503317	0.823667	0.676718	4.576627	3.247788	-0.156874	-1.135205	1.487413	-1.263346	8.113399	-3.470245	-0.167721	1.416705	3.134916	-10.453078	0.745920
ATCCAGGATTCGTGAA-1_1	3.553672	8.325757	5.671212	15.460962	-10.178441	-4.252235	6.116871	9.745909	-6.403291	-1.433207	7.469887	14.196830	12.917710	5.933757	-8.048076	-14.335170	-0.420802	0.123955	0.510074	13.882500	8.272229	-5.018628	-3.906574	5.356177	-0.444522	15.421650	-11.785474	-2.442181	3.507217	4.923979	-27.511723	2.111209
AGTCAACACCACCATC-1_1	2.164669	8.300090	5.580587	13.040344	-8.013936	-3.818406	6.674061	8.275011	-6.859497	-3.506901	7.643858	13.342706	10.122833	4.581085	-4.591424	-10.772056	-0.460605	-1.979219	1.034283	13.364177	11.497260	-8.197430	-4.482838	4.970754	1.893860	11.748487	-10.330153	-2.462670	2.444166	2.996362	-22.463097	0.398769
CGATACCTCGCGGACA-1_1	-1.316835	4.078577	3.262002	14.904151	-14.436395	-1.996670	7.436053	8.580957	-5.322721	-1.947323	8.486956	12.060329	9.071435	10.036250	-3.544914	-15.969651	-0.042576	5.988112	-2.053610	15.982062	2.728096	-6.041014	-3.752259	6.241400	-0.507780	10.475292	-14.593974	-1.466551	-0.877237	6.253418	-22.399052	1.756268
ATAGTGAAGCGTTCTC-1_1	-1.626373	3.901689	4.447718	14.554902	-12.857244	-2.363779	5.030015	8.257689	-4.942276	0.274532	5.263980	8.013580	7.221760	10.119518	-6.240151	-12.896859	0.692324	7.068125	-1.027607	13.238899	4.297632	-4.130535	-0.537889	7.365491	-3.318383	8.014694	-13.393259	-2.771895	-1.812579	7.001646	-18.421556	0.994220
TACGCCATATTCTAAT-1_1	-1.377452	3.717049	3.577701	13.058923	-11.678694	-2.188820	4.915554	7.420494	-3.917617	-0.916044	5.875241	8.479421	7.455371	8.425398	-4.752951	-12.894631	0.332836	5.752310	-1.576414	13.117430	2.403135	-4.068774	-2.050025	6.026920	-1.816871	7.762289	-12.586780	-1.949444	-1.119227	5.850553	-17.844353	1.267699
GCCGGGTTAGGGTCGC-1_1	-1.605649	5.438469	5.873953	16.957319	-14.352069	-4.034336	5.476796	10.214075	-6.304111	0.256691	6.028920	8.260714	9.413892	12.341021	-7.835714	-14.699214	0.545401	9.738929	-1.007786	14.846624	7.236942	-3.622278	0.174763	8.890566	-4.939902	10.170885	-16.354244	-2.883373	-2.503716	9.172088	-22.508205	0.450947
TACATAGGCATACACC-1_1	2.678738	2.179304	4.014909	9.097125	-2.345449	-2.202012	3.009390	4.575657	-3.388233	3.404704	-3.126731	-0.431738	4.401321	6.987320	-5.598385	-5.404198	0.471609	7.012659	1.792069	1.924495	6.399339	1.745956	2.562818	3.523735	-5.326766	6.978031	-5.517326	0.488502	-4.099233	8.193913	-6.941203	-1.349654
GCCGATTGGCCAAGCT-1_1	3.503485	1.573792	2.017375	6.877827	-0.785735	-2.141203	2.565056	2.350968	-2.107656	2.551592	-3.165285	-0.882825	1.705739	5.712398	-4.942633	-3.277760	1.040925	4.445445	1.014031	2.164666	6.456007	1.651144	3.218857	2.644630	-4.011584	3.994694	-2.609469	0.520507	-3.552690	7.177626	-2.717678	-0.599396
CTGCCATGCATCACAT-1_1	1.015111	1.440665	3.954076	11.204395	-7.922820	-1.555553	4.388385	5.610922	-5.546096	3.763430	-0.558229	2.391934	5.092326	8.475184	-8.829784	-7.701222	2.204603	6.556488	0.134189	4.727995	5.544735	1.357693	3.507894	6.496005	-6.713944	6.548249	-7.601421	-0.080227	-4.220845	8.487270	-10.642254	-1.146972
TTATGAATGAAAGGGA-1_1	-0.092717	4.420157	6.227587	15.505878	-12.116892	-3.966968	6.377138	9.243940	-6.975148	1.117517	4.921261	7.520936	8.588329	11.171224	-8.290885	-12.544308	1.094561	7.144624	-0.142268	12.459579	8.709616	-3.767585	0.679812	8.774026	-4.262629	9.977571	-14.265634	-1.643404	-2.701586	8.557966	-21.051603	-1.197556
GCTGAGGCGTGAGTAT-1_1	-0.430688	3.586985	6.901142	21.218332	-17.712059	-2.694351	8.159897	11.497684	-8.393063	3.390775	4.276563	9.079348	11.064195	15.846484	-12.436501	-18.197733	2.548435	10.169655	-0.360558	15.850819	7.201530	-3.459828	2.044260	11.608496	-6.912425	13.317831	-17.641209	-3.200707	-3.841738	12.088495	-25.767895	-0.178746
GCGCCGTTCCACGATA-1_1	-1.422648	3.276920	7.451021	21.271744	-17.754290	-4.340922	9.062201	11.330804	-8.461135	3.364598	5.447617	7.644079	9.373236	16.407402	-11.073039	-16.748741	1.874843	11.214042	-1.102660	16.299662	8.826798	-5.130010	1.994454	12.784322	-6.117849	10.625944	-18.772638	-1.947264	-5.800013	12.321289	-24.751085	-1.661401
CGCATGGTGCGATGCT-1_1	1.633841	0.927121	3.899331	13.778489	-7.791502	1.594768	4.994962	8.422354	-4.423627	4.368307	-3.722446	1.378376	11.518199	11.566693	-9.591703	-15.060623	2.340250	11.940129	3.483158	5.186723	2.349759	3.664504	2.068044	4.733965	-8.202133	15.294698	-9.762334	-1.451639	-4.228990	12.674414	-14.818067	-0.712038
AGGTTTCACACACCTT-1_1	-1.608374	5.361571	7.554384	21.722744	-18.002844	-4.870093	7.325247	14.225275	-8.085775	0.230757	7.822581	10.580076	13.390649	16.163319	-9.453931	-19.504122	0.056437	12.216892	-1.074920	18.370775	6.988119	-4.512047	-1.052602	10.610663	-5.079597	16.287149	-20.843697	-3.763260	-2.466690	11.763171	-29.825468	0.410407
CAAGGATCGCATGTTC-1_1	7.216022	-6.306964	4.233115	19.349113	-3.270777	2.494731	7.053875	10.015511	1.273940	13.463783	-18.959648	-3.945512	15.612674	12.239887	-25.121595	-23.373028	10.410006	23.262388	15.925607	1.857317	-2.610690	8.389446	6.267662	5.191469	-18.447571	27.586931	-8.179640	0.228884	-13.260669	23.089109	-15.672273	-1.269649
ACGTTAATGTCGAAGA-1_1	3.162214	-1.705193	3.477288	12.183033	-3.851281	1.248019	4.171623	7.215817	-1.706913	6.327683	-7.512581	-1.396715	10.397577	9.177559	-11.849678	-13.491609	3.720354	12.657417	6.495129	2.318833	0.517804	4.607977	2.917923	3.866890	-9.749596	15.663629	-6.933434	0.343945	-6.234305	12.830831	-11.876189	-1.416409
TCCAGAGCACCGGTTC-1_1	4.520286	-2.475309	6.445762	21.238712	-8.524158	0.798864	8.946313	10.518600	-5.035098	12.493202	-11.631907	-2.174846	12.210226	15.036860	-21.143845	-18.683395	6.437659	16.956789	8.345663	2.022450	4.667870	6.814655	8.826811	8.841761	-15.971055	18.871822	-11.388624	-0.866310	-10.549207	20.159275	-15.539267	-2.704403
GATTCGACGGTTCACG-1_1	6.583847	-4.806219	6.757999	24.316856	-10.479392	3.094671	10.642773	12.070288	-5.523491	16.215506	-14.357609	-1.096671	15.426814	16.466747	-27.054974	-24.434008	9.284596	17.973881	11.209506	2.311956	1.668736	8.165438	8.758698	9.051476	-18.406298	24.451063	-11.789174	0.417028	-10.544667	23.756470	-20.426744	-1.768764
GTTTCTGCAGTCTCCC-1_1	-2.993136	4.462080	6.226049	20.887278	-17.786766	-3.669637	5.946191	11.676325	-6.363975	1.841642	4.521039	7.348175	10.185034	14.791005	-8.118285	-17.726379	1.203989	14.390080	-2.030076	16.604784	4.949917	-3.019372	0.496046	10.074103	-6.875229	11.827201	-17.372606	-2.912921	-4.078145	12.369367	-23.818195	0.881720
GCTGCACGGTTTCTTA-1_1	-1.746923	6.810583	8.356445	23.790358	-18.410679	-4.027426	5.538566	12.370329	-7.272528	1.529794	4.107897	9.854974	12.396309	14.302207	-10.763166	-19.538244	2.047531	12.418303	-0.555403	18.504906	7.252627	-3.500797	0.751420	10.325833	-7.503300	15.376708	-18.680204	-4.771232	-2.082021	11.971911	-28.804184	2.273812
CGTGCAGACTGGGACA-1_1	-1.525385	3.496597	3.594838	10.350322	-8.250636	-2.253547	2.631197	5.688333	-3.029529	-0.357319	3.146870	4.973937	5.046113	6.051847	-3.390097	-8.575965	0.318826	5.592573	-0.668608	9.298968	3.486569	-2.746029	-0.646013	4.583254	-2.397224	5.691902	-9.004632	-1.845821	-1.094223	4.810560	-12.728599	0.897149
GTGTTACTATGCGTCC-1_1	0.743840	2.306027	6.109125	17.549635	-12.773654	-1.917436	6.378147	8.403315	-7.542160	5.203299	-0.289481	5.236465	8.348299	11.268729	-13.115308	-13.106528	4.158200	8.546280	0.345612	9.016702	7.016899	0.848006	4.490139	9.633707	-9.095000	10.723047	-11.343843	-0.566302	-4.807550	11.635942	-18.110802	-1.239736
TCCTCGGGCTGGGCTT-1_1	0.588609	1.972613	3.083819	9.763597	-7.627776	-0.995901	3.927719	4.563763	-4.638625	2.435360	0.273442	4.056497	4.636624	6.669216	-7.103737	-7.432731	2.195901	4.792399	0.070143	5.717376	4.757065	0.267003	2.214725	5.292534	-5.120826	6.119683	-6.641628	-0.311851	-2.726686	6.621376	-10.577597	-0.310095
GTGAGGACACTTAAGG-1_1	3.834064	-1.812121	0.389369	5.586625	0.510579	-1.731526	4.558074	0.547505	-0.225759	2.628016	-6.434091	-1.470814	2.066295	3.514850	-8.274727	-3.721086	3.610337	5.914109	3.227939	1.371519	3.924938	3.049207	4.656032	2.646382	-5.323955	6.240659	-0.427512	0.349602	-5.721855	7.532848	-1.308730	-1.531279
ATACGCCGGCGAAACC-1_1	4.336583	-1.841911	1.681825	6.943734	-0.354215	-0.632181	4.535814	2.158569	-1.287895	4.509418	-6.059494	-0.101349	3.189489	3.705735	-9.489499	-5.607733	4.261600	4.819277	4.384939	0.819504	4.183977	3.054275	4.409885	2.750126	-5.769019	8.250069	-1.089149	1.549383	-4.647089	7.997173	-3.565602	-1.617287
TCTGCCAGAAACTGCA-1_1	3.550980	-0.861821	0.246115	14.504712	-15.089630	3.755488	13.844807	6.464169	-9.416243	2.389938	4.186169	16.681498	13.636732	8.533370	-13.322193	-19.065483	7.577520	0.281552	0.993699	12.652322	2.736730	-0.923643	-0.318220	8.999802	-2.584428	16.565390	-8.776615	3.993157	-1.593817	9.771983	-22.251554	-4.490400
TTCTGCGGGTTAGCGG-1_1	3.821877	0.434293	0.990633	7.398643	-6.427855	2.334090	6.055882	3.704472	-5.206323	1.434196	1.147241	10.786195	8.341841	3.038702	-8.987637	-10.513359	4.582824	-1.002950	1.978505	5.766946	2.568789	1.967645	0.002797	3.419170	-3.170703	12.135647	-2.654960	2.898751	0.894857	5.495204	-13.275255	-1.061412
CTCGGTACCACTGCTC-1_1	4.430141	2.860836	3.293294	21.776285	-20.850193	-2.259080	21.021772	11.508927	-10.742692	1.173471	13.425558	23.123693	16.334320	12.310149	-13.293308	-26.350052	5.086655	0.998119	-1.617314	24.013130	7.674173	-10.640826	-5.405481	13.211262	3.344653	18.853966	-18.139906	4.883862	-3.064997	11.814862	-36.682285	-6.310840
GTAAGTAACAGTCTGG-1_1	2.725504	-0.469047	1.487727	10.877650	-9.591960	2.334751	8.362411	4.207349	-6.035196	3.218209	0.108931	9.083937	8.099071	5.901837	-11.929934	-12.113115	6.204728	1.076528	1.182561	7.304242	2.811226	1.042313	2.223589	6.364402	-4.664377	11.139591	-5.654304	1.390911	-2.473777	7.599377	-13.996653	-1.964821
GTGCGTGTATATGAGC-1_1	2.668839	0.274488	2.775941	6.896391	-3.814042	-1.026263	4.280331	3.048023	-4.316909	3.534055	-0.656590	3.333478	3.033362	4.186958	-7.326746	-4.873608	2.554116	1.683830	0.953194	2.186646	5.186462	1.294361	2.580792	4.151865	-4.364470	5.152429	-3.090636	2.738511	-2.875165	5.749016	-6.684428	-2.121228
ATTTGTCTTGGGAGCT-1_1	3.235101	0.546265	2.469517	4.160786	-0.802041	-1.412133	1.754741	1.990958	-3.088933	2.392151	-0.641545	1.321407	1.176813	2.953099	-3.955385	-2.197498	1.265894	-0.007032	0.662555	1.181080	4.558908	1.233367	1.391050	1.898319	-2.255150	3.374153	-0.953786	2.815371	-0.937611	4.087122	-3.787658	-1.026515
CCTCGGACCGGGATAG-1_1	4.877726	-0.275255	1.813844	5.981881	-1.615598	-2.725389	2.143709	1.877720	-2.857042	4.234482	-2.403437	1.086198	-0.744297	3.831685	-7.304240	-2.354998	1.949466	-0.687316	1.413487	1.232996	5.342060	2.316799	4.749605	2.657214	-2.818227	2.280029	-0.425833	2.639717	-0.105016	5.992699	-2.629689	-0.364822
TAGGTGCTCGCCTAGC-1_1	3.359039	-0.309745	1.920568	5.155114	-0.865582	-1.284546	1.369409	1.527556	-1.867477	3.152628	-2.356696	0.764409	0.485618	3.066785	-5.967120	-2.980130	2.722383	0.830578	1.976280	1.466432	4.806535	2.407304	3.483551	1.786489	-3.173649	3.795318	-0.741604	2.576025	-1.044668	5.276302	-2.690697	-0.293703
CTTTAGGAACACTGTT-1_1	1.242240	0.915962	2.011470	4.594187	-2.460357	-1.185721	1.146646	1.746647	-2.429560	1.449320	-0.334109	1.162900	2.051943	3.268967	-3.665339	-2.780768	0.716909	2.252550	0.331604	1.978845	3.209733	1.355523	1.280207	2.185635	-2.957441	3.461556	-2.716541	1.314788	-1.352314	3.846092	-4.744291	-0.505710
TCGGGCCGTCGTGGTA-1_1	-0.135622	1.606118	1.851261	4.895727	-3.713488	-1.378505	1.581951	3.002484	-2.036000	0.209851	1.321918	1.894779	2.995128	3.639296	-2.178154	-3.994240	0.019254	3.280970	-0.070419	3.772380	2.556713	-0.679825	0.113769	2.418310	-1.607702	3.554437	-4.438302	-0.487128	-0.890372	2.968149	-6.527483	-0.169840
AGTGCTTGCACGAATA-1_1	-1.441106	8.054828	8.558758	19.012083	-13.757966	-5.032428	4.397818	11.270806	-6.966065	-1.708189	6.501903	10.113995	10.164724	10.663867	-7.492502	-14.831570	0.527136	7.592519	-0.021493	17.072104	9.640127	-5.846202	-1.079305	8.770056	-4.164380	11.834009	-17.202362	-4.784825	-0.592181	7.723206	-25.769768	1.521757
TGCAGTTTCCTCCCAT-1_1	0.089063	2.038199	2.723875	8.708044	-6.793944	-1.478575	2.854455	4.638673	-3.674625	1.482188	0.776106	1.871781	4.704917	7.197199	-5.416337	-7.148417	0.846206	6.917531	-0.228243	5.393057	3.847347	0.773943	1.755799	4.452019	-4.559306	5.751956	-7.306863	-0.872651	-2.972962	6.687902	-9.304790	0.057536
TGAGAGATTTACCACG-1_1	5.215027	-2.148807	2.969054	12.892373	-6.343275	-3.738127	7.833296	3.459697	-5.250299	10.059475	-5.642406	-1.705942	-0.129719	9.292675	-15.027059	-6.078068	3.958708	5.412338	1.346725	1.061881	8.146645	2.973372	8.830537	8.159033	-7.781851	3.049924	-5.293211	2.037472	-7.066201	12.571784	-4.773053	-1.611547
GAAACAGATGACCACC-1_1	3.719113	-1.863452	2.204219	9.453752	-2.702313	-1.821370	4.699740	2.929954	-1.380310	6.859973	-6.273612	-2.253243	1.633554	6.158404	-10.800525	-6.261183	3.652757	6.565468	3.691408	0.999266	4.809176	2.907171	6.491500	4.640844	-6.741773	5.693705	-3.570591	0.504302	-6.001750	9.763041	-3.561984	-0.946928
AGCAACATATCTTATT-1_1	5.508410	-0.384057	1.749568	6.875223	-0.409865	-3.990213	3.399539	1.632172	-2.564302	6.096623	-3.689278	-1.444106	-2.010460	4.649637	-7.495039	-1.340088	1.191191	0.266819	1.596209	0.290475	6.659148	1.405321	5.707667	3.346644	-2.042083	0.894096	-0.611320	2.078784	-2.089462	7.095251	-0.494847	-1.035596
CAAGTGTGGTTGCAAA-1_1	8.220136	1.571339	2.179406	4.028755	6.563154	-9.412143	0.957032	-0.514367	0.601123	7.586537	-2.793623	-5.774860	-6.093415	4.093393	-4.723550	4.504475	-2.219839	-3.216383	2.889296	-0.589315	7.664267	2.587476	7.976196	2.126546	3.428594	-2.842761	0.481096	3.953862	1.131267	6.092868	2.330597	-1.515537
GCCTCATCTGGAAATA-1_1	3.756213	-0.791054	2.241841	6.416854	-1.450354	-1.568362	2.322703	1.851916	-2.194167	4.871848	-3.305800	0.214813	-0.020577	3.630126	-7.621776	-3.493750	3.129789	1.123613	2.389430	0.933508	5.270019	2.288705	4.575867	2.549369	-3.579163	3.530721	-1.091813	2.216417	-1.697011	6.422399	-2.369431	-0.347242
AACCCTACTGTCAATA-1_1	1.753069	0.412869	1.685822	5.859807	-3.060318	0.300991	2.645189	2.785821	-2.470177	2.021897	-1.760905	1.497041	3.953329	3.656667	-5.973511	-5.352579	2.190687	3.606841	1.373570	1.655872	2.075693	2.216699	1.843800	2.443204	-4.495378	5.930190	-3.043650	0.446943	-2.423502	5.397147	-5.655783	-0.702638
ACGTATTACTCCGATC-1_1	1.501509	-1.930011	-0.558583	3.435464	-0.552924	-0.678498	1.532843	0.089175	1.729125	0.654352	-4.942329	-0.838832	2.807294	1.767791	-6.068900	-4.025003	4.157870	6.614166	4.107972	1.166259	-0.657115	2.841026	2.094918	1.148966	-4.798572	6.987492	-0.720653	-1.250364	-4.639883	5.407298	-1.428213	-0.544119
GCGCAAGAGCGCGCTG-1_1	-0.852742	7.967505	5.904605	16.020916	-10.929513	-3.894240	4.497286	8.334506	-3.580497	-2.864428	5.988594	10.675072	9.032136	4.800727	-3.995580	-13.904055	0.238967	3.773971	-1.084247	16.361031	5.380786	-6.707512	-4.404307	4.940211	-0.435162	10.004442	-12.138507	-3.321338	0.480639	4.785241	-21.779022	3.366795
TTGACGCTCCATGAGC-1_1	-0.543555	7.934139	5.655992	16.187338	-11.694180	-3.827647	4.548327	8.522521	-3.930826	-2.356356	6.184956	11.506525	9.357897	5.327312	-4.490403	-14.770271	0.468669	4.707755	-1.091661	16.437155	5.111565	-5.575694	-3.874838	5.125437	-1.374122	10.911015	-12.443362	-2.782748	0.925888	5.419269	-23.194902	3.453934
TATAGATGGTCGCAGT-1_1	0.061721	11.357081	7.363600	22.625031	-15.922940	-5.009945	9.757969	11.756246	-6.264371	-4.843724	10.550940	19.310165	13.469764	5.481715	-4.321331	-21.365503	0.700541	2.655853	-1.410688	24.285234	8.488236	-11.495884	-7.975053	6.403904	1.743794	15.798066	-16.473028	-2.777524	1.450327	5.972893	-32.989544	4.011180
TTACATGCCACAACTA-1_1	0.783350	7.360800	4.833360	17.490435	-13.667950	-3.841770	8.553605	8.920474	-4.887877	-1.983024	8.523098	15.295041	10.962018	5.557325	-5.939334	-18.109869	1.467842	3.270969	-1.701169	19.069328	5.384434	-6.947101	-5.031371	6.516566	0.442468	12.563047	-13.540902	-0.387906	0.583028	6.590781	-27.097944	1.723568
ACATGGCGCCAAAGTA-1_1	1.290978	9.699848	4.898861	23.093781	-19.269569	-3.619636	15.257613	11.075686	-7.202467	-4.491307	13.479283	24.297974	14.592936	6.701460	-5.260356	-25.648170	2.254119	1.489458	-3.030834	27.320065	6.577879	-12.723344	-9.123837	7.899231	4.065400	16.605745	-17.411217	0.168116	0.534185	7.098119	-35.972977	2.256062
TATGGTTAGTGGGAGA-1_1	1.945598	0.404974	0.604117	6.234959	-5.633850	1.991973	4.264353	2.565597	-3.738044	1.094371	0.572444	7.524813	5.875138	2.197235	-7.175633	-8.083738	4.132475	0.061991	1.157432	4.849708	1.717517	1.673808	0.486719	2.882359	-3.051513	8.478017	-2.600488	1.761750	0.010741	4.597028	-9.706567	-0.611924
CATGACTTCGCTGAAT-1_1	0.790549	2.682349	1.456246	10.972143	-10.331658	0.457324	5.658023	5.392311	-4.210678	0.695278	3.188876	9.824836	8.068763	5.167567	-6.803268	-12.927124	3.247363	3.376056	-0.495357	10.468468	2.068395	-1.147995	-1.077198	4.801018	-2.635326	9.756569	-7.197051	0.338465	0.034984	6.535991	-16.340694	0.322863
ACCACCAATGTAACAA-1_1	3.602738	2.246699	1.659126	9.855322	-8.453539	1.888701	6.079193	3.863861	-4.764529	2.201533	2.280225	12.896579	8.414459	2.229358	-10.419131	-12.396516	5.200582	-1.641531	1.398397	8.275605	2.334337	0.815125	-0.558622	3.871596	-3.299174	12.142155	-4.334333	2.777332	1.302043	5.356647	-16.984560	0.302927
TCTTAGAGCTCCAATT-1_1	1.361130	5.793996	2.984332	15.584221	-12.904148	-2.012421	5.710175	7.220365	-3.433468	0.047703	5.238548	12.465228	10.363985	5.188254	-6.759321	-16.902632	1.799200	4.606255	-1.444706	15.054327	1.062954	-2.423393	-3.200129	4.540548	-2.108333	13.286119	-10.249926	-0.871143	1.520506	6.611298	-23.596399	3.839016
ACACCTTACTACTTGC-1_1	-0.013364	13.185382	1.322023	31.411068	-31.095148	-1.402474	23.082426	11.955469	-7.952051	-7.562710	20.208206	38.332001	19.146307	7.655049	-1.318821	-39.026360	3.784175	3.714374	-7.322988	40.452145	2.418845	-18.354231	-15.779406	7.545967	7.690585	21.781687	-21.424498	2.698713	1.388615	8.922102	-48.802879	6.422159
AGTCGGTTGCGTGAGA-1_1	1.793775	12.677065	5.255563	24.899532	-19.254166	-3.933698	13.931533	11.202038	-6.122671	-5.397660	13.289206	26.257006	15.740746	4.289792	-4.500875	-27.033806	1.495686	0.221202	-2.820910	28.754923	6.121270	-13.271579	-10.640644	5.850015	4.225237	18.185928	-16.709267	-1.373879	2.790814	5.551805	-38.286701	5.859751
ACCTACAGTATGTGGT-1_1	-0.344539	14.202671	1.858057	35.076061	-34.024391	-2.006903	25.459045	13.879417	-8.984694	-8.393284	22.294678	41.824722	21.495625	8.641960	-1.299410	-42.902248	3.818000	4.265117	-7.974021	44.244781	2.741586	-20.409035	-17.470310	8.596806	8.549599	24.096460	-24.168482	3.098699	1.331209	9.912721	-53.679443	6.282883
GAGGATAAACAGTGCT-1_1	-0.047960	15.611898	6.308749	34.462833	-28.089918	-4.940457	17.107231	15.328537	-7.215022	-7.022111	17.089342	33.175217	20.712046	7.751149	-4.409491	-37.390625	1.798387	5.285952	-5.480435	39.060459	4.088464	-15.931427	-13.953825	8.203140	3.781027	23.526550	-23.407185	-1.813278	2.851041	9.256295	-49.827015	8.416888
TTCCGGTATCTGTGTC-1_1	-1.261543	14.336875	5.024189	29.218836	-24.628553	-3.282387	13.396358	12.345393	-5.826965	-6.699903	14.234172	28.546013	16.456671	6.276957	-2.235425	-31.255650	1.679024	5.064559	-4.763801	33.398552	3.221028	-13.983024	-11.884963	5.994338	2.447070	18.438696	-19.638618	-2.495167	2.652848	6.877504	-41.077358	8.773183
CCAGTCAAATCTCTTA-1_1	3.185253	-4.520192	-2.597523	0.296044	1.133997	-5.328220	1.016385	-3.401749	5.100875	0.939119	-8.126801	-4.158841	-1.092605	1.196160	-7.992183	1.283417	6.656425	6.311556	5.997550	-1.049650	-2.369747	4.391222	3.520277	2.169192	-5.465855	4.163482	2.076963	-1.895778	-7.956027	5.940786	2.055980	-2.080599
AAACAGCTTTCAGAAG-1_1	1.567255	-2.785093	-0.534443	2.559621	-1.085402	-2.048409	1.959588	-0.466062	0.800357	2.367706	-4.723904	-1.396437	-0.133344	1.516083	-6.424627	-1.178159	4.182901	3.701438	3.284675	-0.751657	-0.009902	2.669452	3.593048	2.720106	-4.165291	2.679454	-0.264084	-0.664048	-4.623181	4.331969	0.221061	-1.466140
TAGCTGATGTGAAGCG-1_1	3.538061	-3.969796	-0.882395	4.835588	-1.190860	-3.903481	3.929601	-0.672500	0.300546	4.709730	-7.612023	-2.355423	-1.076907	2.654195	-10.045390	-1.520014	4.920600	4.868863	4.577066	-1.415175	1.752865	3.555742	6.383234	4.358261	-5.266856	2.697901	-0.186627	-0.547850	-6.684587	7.312708	1.205730	-2.300998
CTTATGCGCTCAGGGC-1_1	1.804841	-3.196652	-1.950285	-0.593039	0.835173	-3.902334	0.029029	-2.982219	4.462674	-0.027455	-5.295802	-2.899130	-0.553185	0.142953	-5.173992	1.402716	5.126328	4.196689	4.318856	-0.747107	-2.683249	3.324492	1.693895	1.060487	-3.730489	3.117987	1.554860	-1.373886	-5.440724	3.512164	1.256232	-1.436836
TGGCTCTTGTCGCGTA-1_1	1.191826	-2.526532	-1.081576	0.612260	-0.243024	-2.479558	0.646681	-1.506832	2.361252	0.668570	-4.225318	-1.679278	-0.049263	0.695207	-4.819955	0.137980	4.205193	3.401500	3.182416	-0.708013	-1.408673	2.686649	2.102133	1.629555	-3.578209	2.601002	0.601227	-0.934922	-4.369361	3.130477	0.602964	-1.338537
TTGTGAGGCATGACGC-1_1	3.915299	-3.550831	-3.033089	-1.035674	4.356555	-6.814953	0.270380	-4.810329	7.255065	0.591389	-7.333564	-6.410428	-2.694715	0.556192	-5.999206	3.864716	4.420119	6.082746	6.091389	-1.065130	-2.320690	4.402538	3.582904	0.176745	-3.080038	2.916460	2.767759	-1.948965	-6.869392	5.489820	2.894230	-1.895017
CATAAGCTCTCCGTCT-1_1	4.353182	-5.846489	-4.560604	-2.629223	4.468059	-9.125095	-0.554728	-7.456758	11.326165	-0.440616	-10.260264	-7.836624	-2.614799	-0.338712	-8.799365	5.095104	8.388507	8.758935	8.919926	-1.580245	-5.716337	6.488719	3.158147	0.279996	-5.624120	5.130134	4.248102	-2.961529	-10.530880	6.936032	3.533729	-2.874042
TGCAGCTACGTACTTC-1_1	2.058042	-3.460789	-2.028368	-0.641260	0.822046	-3.937462	0.040133	-3.176665	5.108704	-0.228637	-5.837888	-2.895854	-0.300661	-0.029926	-5.884480	1.075232	5.965629	4.669331	4.888722	-0.583188	-3.138634	3.515379	1.619870	0.999506	-4.241386	4.112398	1.961533	-1.637856	-5.968383	3.814617	1.082294	-1.325235
CTCTACACTGGCGATT-1_1	2.509979	-2.458018	-0.093814	3.783728	-0.860346	-2.064875	2.823193	0.133323	-0.248587	3.370313	-4.840698	-1.184842	-0.542490	1.889075	-6.976255	-1.665822	3.221388	2.712867	2.981905	-0.678227	1.800866	2.337094	4.697328	2.910333	-3.542132	2.197962	-0.120783	-0.102694	-3.899542	4.955302	0.503722	-1.434063
TGCAGATCGTCCTAGG-1_1	2.029886	-3.432458	-1.556536	1.532234	0.005370	-3.500945	1.443598	-1.787668	2.394798	1.624229	-6.212444	-2.636546	-0.619136	1.535026	-6.759940	0.181484	5.079308	4.803391	4.356290	-0.949659	-0.770111	3.487972	3.638300	2.483164	-4.656114	3.043118	0.596872	-1.165993	-6.032002	4.954082	1.269836	-1.881127
TGCCAAAGTCAGACTT-1_1	1.372469	-2.838566	-1.531362	0.293797	0.258938	-2.998686	0.336009	-2.090430	2.989112	0.550818	-4.805020	-2.354035	-0.364281	0.491277	-4.905350	0.743265	4.700075	3.721528	3.780339	-0.665123	-1.715173	2.953942	1.982949	1.454769	-3.714430	2.755903	0.811087	-1.094241	-4.909354	3.375850	0.958060	-1.335566
ACAATAGTCGTACGTT-1_1	1.789678	-2.473454	-1.779626	-0.503089	1.363824	-3.600150	0.052737	-2.746079	4.076972	0.080222	-4.561393	-2.980544	-0.872079	0.149177	-4.130134	1.633473	3.955585	3.743797	3.745687	-0.523984	-2.027337	2.761588	1.577261	0.540767	-2.842990	2.502803	1.346221	-1.191909	-4.661836	3.129647	1.295810	-1.186582
CATGCCAACTCGCAAA-1_1	0.924875	-1.683647	-0.631906	0.846847	-0.213316	-1.697886	0.449247	-0.798797	1.236063	0.751872	-3.019027	-1.290586	-0.063128	0.563068	-3.479591	0.098164	2.998405	2.094256	2.107328	-0.387936	-0.615285	1.988387	1.722992	1.269264	-2.560526	1.831442	0.115281	-0.409178	-2.904417	2.301625	0.163139	-0.941904
TGCAGAACTATATCGT-1_1	2.262331	-2.293457	-1.897264	-0.326981	2.145612	-3.976459	0.193516	-2.804790	4.001249	0.299560	-4.696828	-3.503735	-1.355985	0.261877	-4.053492	2.099268	3.304205	3.493560	3.665098	-0.375647	-1.434700	2.933008	2.109968	0.238889	-2.401148	2.167803	1.384474	-0.972381	-4.354095	3.384515	1.483445	-1.210072
TCGTGTCACGCTGACA-1_1	0.313986	-0.392286	-0.237868	0.127113	0.160743	-0.550764	0.089682	-0.302275	0.536437	0.162172	-0.795475	-0.508167	0.017873	0.251328	-0.716229	0.101993	0.567845	0.663851	0.635594	-0.090971	-0.233063	0.489570	0.306865	0.136931	-0.490451	0.559358	0.012413	-0.094914	-0.734829	0.591402	0.097321	-0.212649
TGATCAGGGAACTGCT-1_1	1.154000	-1.903944	-1.131052	-0.099178	0.581565	-2.301895	0.039425	-1.679550	2.604701	0.028725	-3.389773	-1.800663	-0.205935	0.132689	-3.253934	0.636616	3.169427	2.675398	2.742492	-0.276609	-1.478735	2.091314	1.102020	0.558747	-2.297782	2.314991	0.758379	-0.763293	-3.269898	2.289061	0.546808	-0.797772
CTTGCAACCGCCTCCT-1_1	1.417993	-1.743037	-1.320558	-0.011145	1.226482	-2.392583	0.025552	-2.034412	3.106961	0.069429	-3.595112	-2.312980	-0.454671	0.128091	-3.225517	0.984231	3.252383	2.916411	3.131658	-0.037618	-1.459801	2.103692	1.075040	0.101742	-2.259801	2.709694	0.881169	-0.896613	-3.504848	2.468456	0.530796	-0.662205
AGCCCATACATGTAAG-1_1	1.062182	-2.021536	-0.620855	0.929937	-0.006457	-1.164615	0.253972	-0.919958	2.214324	0.645554	-3.573911	-1.027814	0.709110	0.274528	-4.249625	-0.670827	4.015399	2.703834	3.296981	-0.136292	-1.389210	2.279593	1.224934	0.636721	-3.214669	3.925443	0.403697	-0.366896	-3.111898	2.548563	-0.903809	-0.603801
ATCCAATGGAGGGTCC-1_1	2.697887	-1.058663	-0.029015	1.631906	0.773595	-1.434246	0.451506	-0.065514	0.193219	1.184599	-2.158386	-0.105548	-0.315189	0.710250	-3.787534	-0.899741	1.613431	-0.092825	1.684131	0.876985	1.636602	2.010109	2.500648	0.653214	-1.304779	2.042941	0.959689	1.041344	-0.312296	2.604297	-0.040687	0.017156
AAACCGGGTAGGTACC-1_1	5.543209	-0.503090	1.221122	3.705349	1.346403	-2.756280	0.891248	0.803503	-0.696004	4.206499	-2.516958	-0.110417	-1.449135	2.633573	-5.871763	-1.205566	1.673452	-1.532749	2.510483	0.990829	4.378821	1.782709	3.876219	1.493138	-1.085042	2.024156	1.302740	2.366349	0.491051	4.556682	-0.525316	0.396926
GCAACCACGGCCGCGT-1_1	4.801211	-0.452998	0.475852	3.259883	0.757275	-1.764142	0.421691	0.462440	-0.430417	1.711529	-2.257685	1.052107	0.138621	1.299351	-5.708891	-2.060110	2.451269	-0.583031	2.189943	1.764685	3.199686	2.769959	2.851622	0.328179	-1.950508	4.051434	1.365449	2.062357	0.645336	3.907083	-1.532827	1.131573
CGCTTATTCCCGGTCG-1_1	4.106590	5.257998	2.476881	12.863453	-8.852207	-0.803444	4.046482	6.006495	-4.370115	0.587137	3.062739	11.852804	11.331856	4.079317	-8.964611	-13.853428	1.235763	1.552660	1.081210	9.413532	2.790329	1.042500	-1.741845	2.529021	-3.246203	15.811890	-6.840858	-0.489044	3.469970	5.769239	-21.216745	3.594602
TTACTCTGGTACGTAC-1_1	7.169981	18.840794	6.014297	25.781473	-17.554277	-5.659877	10.091810	10.821687	-6.579086	-3.751346	11.887059	28.770756	20.258005	3.844769	-10.996879	-25.106756	-0.632533	-4.151515	-0.007372	26.814299	12.184780	-10.271048	-9.407090	3.743320	2.659290	25.389021	-15.592936	-5.472815	9.201664	3.989463	-45.952057	11.165687
GTGGTTTCCGCCTTTC-1_1	4.445109	12.473607	3.154182	17.115675	-14.140413	-2.998929	9.193882	7.546519	-4.536731	-2.885297	10.995128	21.263529	13.379528	3.801469	-8.342258	-19.321882	0.256505	-3.346452	-0.812879	21.312881	7.942790	-8.990287	-7.140320	3.982126	2.807774	15.135411	-12.608287	-3.254617	4.443585	3.035399	-32.562607	7.351579
ATAGGCGGCTATAGAA-1_1	4.234346	10.900843	1.093967	18.162449	-18.070803	-1.099093	12.725146	7.574435	-5.307052	-2.818272	13.363285	25.345039	14.292607	6.353490	-8.229044	-23.797398	1.005993	-2.579103	-2.158534	23.687851	5.045450	-9.542803	-7.781846	4.787962	3.240657	15.552537	-14.716748	-1.537536	3.761177	3.929986	-35.019669	7.124334
GTGCCATCACACGGTG-1_1	1.661767	3.367404	0.200437	8.122098	-8.480119	-0.086962	5.096086	3.590186	-2.569221	0.149497	4.644796	9.705770	6.216886	4.100254	-4.727226	-10.580691	0.943658	0.663083	-0.691352	9.404741	1.308794	-2.395712	-2.094044	2.861639	-0.238155	7.380727	-6.416934	-0.376130	1.263218	3.145241	-14.494853	2.441220
GTTGAACCGGTTCCAT-1_1	0.958306	2.245692	0.144678	7.038811	-7.450878	0.451585	4.100626	3.127585	-2.379441	0.452864	3.322090	7.800344	5.176122	3.969316	-4.282904	-8.956357	1.161494	1.035510	-0.516520	7.642434	0.760667	-1.715205	-1.346720	2.853036	-0.867351	5.816597	-5.342324	-0.295577	0.806467	3.119188	-11.494659	1.519706
TTGACTACCATATGGT-1_1	2.664129	6.912177	0.813211	12.615976	-12.884686	-0.767226	8.887243	5.489299	-3.884239	-1.824966	9.260209	16.769108	9.937551	5.518578	-5.829844	-16.555767	0.644814	-0.956693	-1.657833	16.410767	3.313852	-6.502944	-5.129020	3.906017	2.009398	10.674763	-10.841794	-1.165982	1.988369	3.270382	-24.010326	4.514863
ACCATCGTATATGGTA-1_1	3.774312	4.969165	1.032309	12.128840	-12.314702	-0.431599	10.924738	5.573345	-4.793263	-0.627235	8.883544	16.867216	9.489068	5.500648	-7.147296	-16.511282	1.897800	-2.120313	-1.182817	15.196458	3.145258	-6.423289	-4.303351	4.888663	2.259472	10.950724	-10.168079	0.225841	1.094706	3.697612	-23.260130	2.109073
TGCGTAAGAACCTGAT-1_1	7.128916	12.790921	3.355666	18.755014	-14.455837	-3.705854	12.763225	8.553127	-6.413254	-2.665091	12.095769	25.191484	16.928001	3.957936	-10.422819	-21.722269	0.580630	-5.564957	-0.233753	22.144825	10.357260	-9.401997	-7.872077	4.627411	4.450416	20.338591	-12.914551	-1.761173	5.488560	4.037605	-37.652393	5.568544
AGAAGGTTGCCGAATT-1_1	3.521815	4.723895	1.879224	12.662830	-10.092456	-0.296100	5.688353	5.863901	-4.592610	0.451655	3.833955	12.851028	11.216500	4.613574	-8.806914	-14.799117	2.038542	1.048743	0.681039	10.833546	2.971918	-0.271107	-1.827941	3.337775	-2.428493	15.243994	-7.483423	-0.495911	2.799925	5.752524	-21.486773	3.103056
AGGACGACCCATTAGA-1_1	3.780977	9.462233	5.950417	16.892622	-11.753591	-3.841014	7.816871	10.697547	-8.181366	-1.884674	7.775030	17.330849	13.363346	6.796581	-7.441847	-15.791729	0.317137	0.845235	1.009267	15.194316	10.523758	-5.713377	-3.975679	5.252469	-0.976513	18.026638	-12.317679	-2.335024	3.865054	5.658958	-29.798046	2.164453
GGTGCTGGTACACATT-1_1	3.215639	6.632156	5.164836	13.987488	-10.476198	-3.990084	8.846835	9.118093	-6.942776	-1.647596	9.165170	13.997911	10.966651	6.913680	-7.646343	-13.967890	0.138625	-0.712294	0.279218	14.668889	8.945260	-7.037557	-3.701227	6.501272	1.439675	13.309953	-12.958290	-1.703544	1.159941	4.603527	-25.792170	0.391466
GCGCTATGCCGAGGCA-1_1	1.819780	3.113229	2.502753	13.725940	-13.884366	-0.962302	11.500107	8.057849	-6.765110	-0.777292	9.456893	15.364486	9.945027	9.219794	-6.549337	-16.681358	1.566896	0.959381	-1.318084	15.549477	4.084026	-7.274415	-3.967677	7.141608	1.426988	11.406351	-13.215878	0.285966	-0.791754	5.745586	-23.875063	-0.588968
TTGCACAATTCAGAAA-1_1	-0.065517	8.306783	7.803562	17.666594	-12.799655	-5.323857	7.283831	11.521947	-7.857321	-3.021845	9.307502	12.218141	11.408112	10.021542	-7.267919	-14.543373	-0.215498	3.654326	0.075643	17.697073	11.773074	-8.669141	-3.302537	8.607438	-0.436782	12.555810	-17.279451	-4.024194	-0.599910	6.478596	-27.029577	0.163184
CATCGGACGGGTTAAT-1_1	-1.484818	6.334045	6.678613	18.333931	-14.874153	-4.427611	6.710890	11.075913	-6.271858	-1.832642	8.538788	11.324687	10.461411	11.111600	-7.100075	-16.453949	0.191958	6.775819	-1.248517	18.248716	6.718174	-6.805417	-2.775498	8.774680	-1.941631	11.411007	-17.985054	-3.432591	-1.518374	7.666090	-25.789522	1.137365
ATTAAACATGCGGACC-1_1	0.979899	9.072969	5.827627	18.538757	-14.862034	-3.547566	5.536010	10.409704	-7.405996	-0.786290	6.151876	14.853766	12.185963	9.879494	-9.147404	-16.609793	1.428017	6.432366	-0.089032	16.435890	9.739795	-3.112558	-1.455848	6.800117	-4.909519	15.993485	-15.077027	-2.858217	1.664965	8.945161	-28.659800	2.646817
TATCTACCACAGCGGG-1_1	6.118884	2.471868	2.098387	6.760931	2.975813	-5.782138	1.944504	0.664800	-0.727570	4.925353	-2.741713	-4.032734	-2.903880	4.997200	-4.494595	1.046610	-0.360836	1.774406	1.087009	1.403438	8.420285	1.709663	5.229006	1.140156	-0.868587	0.404712	-1.065283	2.016075	-2.179164	6.497742	-0.104783	0.207099
CGAGACCCTAGAGTGT-1_1	5.880341	1.292636	4.242806	8.152948	-0.657515	-3.511533	2.232982	3.140419	-4.656277	5.690843	-2.288714	0.064169	-0.701716	5.590304	-6.969210	-2.165735	1.796062	-0.475265	0.804784	1.644352	8.671739	1.368237	3.816634	3.263810	-3.372335	2.676239	-1.353099	3.478367	-1.674456	7.274566	-3.847319	-0.519642
ACATCGATCGTTTACC-1_1	2.633105	0.338675	0.816069	5.320889	-0.522639	-1.173644	2.953010	1.273800	-1.008049	1.560722	-3.395966	-0.389085	2.610814	3.507025	-5.219014	-3.669394	1.788090	4.709360	1.755605	1.813124	4.236887	2.029005	2.452405	1.913528	-3.749870	5.397662	-2.163612	0.563757	-3.855983	6.289553	-2.743347	-1.016072
ATCGACCCAATACAGA-1_1	3.799963	1.858585	3.934307	6.765809	-1.736122	-1.506230	2.684541	4.033151	-4.775845	2.845779	-1.112454	2.392585	3.299135	5.488303	-5.104095	-4.240640	0.922467	2.098593	1.043349	1.916241	6.534904	1.491150	1.486994	3.059725	-4.079745	5.898636	-3.019672	2.268735	-1.821110	6.447491	-6.611087	-1.581214
GAATCTGAACATTCTC-1_1	-1.157123	7.034958	8.802446	19.481100	-14.825845	-6.851610	7.151555	14.185708	-8.944840	-1.911185	9.939553	10.339705	12.947497	14.077793	-8.894469	-15.968843	-0.753427	8.853461	-0.428834	17.905558	12.127441	-6.681560	-1.797989	10.981533	-2.782779	14.266523	-20.985415	-3.470028	-2.362544	9.931477	-29.622198	-1.574288
AGTTCCTATTTATGTT-1_1	-0.075516	3.325525	4.354805	11.189338	-8.908568	-3.091634	4.497562	7.426192	-5.329560	0.782665	3.749938	5.483367	6.923935	8.502975	-5.819008	-9.373961	0.525327	6.407417	-0.247074	8.741115	6.441018	-1.953499	0.360443	6.209733	-3.551773	8.165463	-10.560488	-0.779822	-1.918691	6.949171	-15.979654	-1.070032
CAGTCTGTATACTGGG-1_1	-1.006138	3.756056	6.789862	15.536114	-12.141498	-5.086437	6.881230	10.581013	-6.823106	-0.482307	7.701728	7.611519	8.733986	11.257978	-7.393261	-12.891642	0.028299	6.744584	-0.613744	14.035583	8.172272	-5.697676	-0.807954	9.559466	-2.034508	9.594545	-16.550032	-1.911602	-3.262623	7.942693	-21.768272	-1.830740
GGAGACGACACCTTTG-1_1	1.398085	2.898728	4.871761	13.850567	-10.360389	-2.349237	6.297557	9.218387	-7.406141	1.905324	2.818438	6.247729	9.847385	10.934107	-8.904044	-12.292306	1.370998	8.208411	0.404822	8.934056	7.012238	-0.223362	1.011777	7.237618	-5.371644	12.474399	-11.376038	-0.296879	-2.890140	10.001751	-18.781599	-1.964224
CCTAAATTAACGGTTC-1_1	-1.301873	4.494148	8.465779	20.169407	-15.698197	-6.024141	8.130514	13.285652	-8.112113	-0.024084	8.854309	9.558666	11.221930	14.108004	-9.784286	-16.939611	0.331166	9.015752	-0.837163	17.533772	8.800352	-6.305321	-0.759678	11.815458	-3.330858	12.520079	-20.575027	-2.537273	-3.734403	10.286157	-27.490955	-1.789654
GCTACGACTTATTGGG-1_1	0.466976	3.262393	6.270271	22.524073	-18.890974	-1.875887	10.412110	9.195893	-8.468368	4.545692	3.286036	10.557837	10.649418	14.371531	-14.724726	-19.623196	5.176724	8.351095	-0.673455	17.241646	7.572273	-3.479657	2.811499	12.612895	-7.015916	12.579523	-16.300817	-1.198249	-4.911101	13.098698	-25.815506	-0.942788
CTGTGCAGGGTAGGTC-1_1	0.243402	5.563605	9.774134	25.542889	-19.842176	-4.646785	9.725782	14.293885	-10.131612	3.224819	5.790403	11.217058	13.788476	17.576399	-14.933732	-21.130121	2.815629	10.775894	0.074279	19.160713	10.029449	-5.053017	1.779837	13.588455	-7.303347	16.960100	-21.585855	-4.101245	-4.022133	13.371396	-32.524544	-0.459936
ACGCCGCTAGACGACC-1_1	-0.849738	2.823548	6.422523	20.259548	-17.515011	-3.262702	8.832341	10.546807	-7.761109	3.685296	4.985533	8.087921	9.131320	15.219636	-11.466149	-16.946510	2.514514	9.964321	-1.200759	15.709327	6.794009	-4.374985	1.929861	12.000319	-5.918652	10.450722	-17.388474	-2.028560	-5.096980	11.671550	-23.829491	-0.939736
ACTTGACTCCCTCTTT-1_1	3.557935	-2.286387	5.477212	19.341259	-10.701152	0.398343	8.995677	8.574342	-6.758175	12.251462	-7.650167	0.172358	8.023888	12.519295	-20.368185	-15.245277	6.922731	11.513182	5.108068	2.712423	5.332056	5.491748	8.840213	9.292763	-13.281765	13.607971	-10.134002	0.356846	-8.569166	16.946365	-14.683722	-2.005844
CGCCTCCCTCCTCTAT-1_1	-0.587011	4.496219	5.969082	15.969842	-12.298271	-3.452171	4.618811	9.439215	-5.495413	0.963539	4.079826	7.307206	9.283672	10.308835	-7.652081	-13.522655	0.809396	8.164484	-0.198607	12.573334	5.665425	-2.764905	-0.007979	7.262921	-4.369483	11.650998	-13.791532	-2.687303	-1.417633	8.237311	-21.424234	0.682650
CTAGATTTACGACGGC-1_1	3.329276	-1.595634	4.137380	15.770386	-9.063517	-1.558779	9.273333	5.982189	-5.845000	9.751026	-5.725680	-0.168731	4.974885	11.490625	-16.653210	-10.800117	4.953719	10.396679	2.403258	2.814895	6.899426	3.755230	8.504454	9.114286	-11.170235	8.719166	-8.585778	0.365776	-9.258001	14.075330	-9.982387	-2.518544
GATGCTGTATTTCATC-1_1	-0.189341	2.784272	4.644433	12.877692	-10.360641	-3.004527	4.490417	8.022999	-5.303993	1.790303	3.234441	4.424078	7.591994	9.720645	-7.627394	-10.979789	1.082212	8.135679	-0.388639	9.136706	5.139330	-0.858817	1.418996	7.023529	-4.839130	9.166505	-11.585472	-1.454552	-2.764042	8.202324	-16.682405	-0.450731
TGCGTTTGTTGACACT-1_1	0.189443	3.765998	7.300538	20.067184	-16.351261	-4.267113	9.518889	10.352834	-8.497055	3.672226	4.703275	7.757949	9.504955	14.322191	-12.384401	-16.319221	3.228665	9.643774	-0.816683	15.228219	9.567369	-3.921451	2.530279	12.230863	-6.356351	10.985621	-16.933210	-0.982135	-5.777671	12.234980	-24.566368	-2.044392
CGTGCCCTCCCGAAGA-1_1	-0.937073	5.533016	7.241386	15.114464	-10.628700	-4.391830	4.599027	10.015925	-6.259360	-1.394018	6.193193	8.321748	8.805590	9.123051	-6.634697	-11.909541	0.085004	5.235896	0.167296	13.432045	8.211938	-5.353404	-1.228585	7.878229	-2.582115	9.625225	-14.746153	-3.178116	-1.041813	6.320208	-21.233086	-0.355027
ACTCTCTGACTTAGGT-1_1	-0.728961	5.165820	5.741662	17.113623	-14.319522	-4.375993	8.243022	10.309652	-6.512917	-0.709814	7.763753	10.500278	10.118760	10.913143	-7.170596	-15.913491	1.122973	7.711375	-1.257841	16.688780	7.721971	-5.751595	-1.885301	8.620611	-1.629177	12.279661	-16.486973	-1.467579	-2.527051	8.983182	-24.715466	-0.623038
CTGGGTAGGCAGTTAA-1_1	2.069294	-0.616401	2.090030	7.131878	-3.466165	-0.129826	3.645650	3.444580	-2.430246	3.353726	-2.944010	0.218007	4.191950	4.770023	-8.110491	-6.265448	3.150023	5.292594	2.026933	1.515753	2.665673	3.122135	3.362933	3.627188	-6.032225	6.689878	-3.832074	0.733965	-4.038782	7.249726	-6.239003	-1.364351
GTTTGGCCCAAGTTAT-1_1	1.999362	6.250971	7.780931	20.094484	-15.269651	-5.630925	13.948045	12.473737	-10.417580	-1.393374	11.624040	17.241325	13.978595	11.475311	-10.825823	-18.986971	1.957891	2.157939	0.356231	20.180866	13.601202	-9.911274	-3.330185	11.709120	1.083113	16.072868	-19.638060	0.469134	-1.975501	8.989595	-32.883080	-4.799426
GAATGTGGTCCGGATT-1_1	2.628711	-1.348373	1.686900	5.903447	-1.968599	-0.651258	3.084869	1.718331	-2.407612	3.222699	-2.964763	0.571215	1.574500	3.369184	-7.407421	-3.978505	3.464878	2.539907	2.153846	1.317130	4.396601	2.710180	4.415581	3.174162	-4.671360	4.724285	-1.069906	1.637911	-3.007971	6.117677	-2.576780	-1.490441
CCCAGTTAAGGCGCCG-1_1	3.490334	0.234176	2.835985	7.634073	-4.513402	-0.113034	4.629065	3.169775	-4.618826	3.048203	-0.746636	5.982705	4.811928	3.226250	-8.910879	-6.982138	4.138213	0.832730	1.772315	3.490726	4.731411	2.453058	2.384078	4.005551	-4.993067	8.278097	-2.385598	3.570917	-1.508063	6.143141	-9.403769	-1.863381
CGGTACTAGAATCAAA-1_1	6.008919	-0.378732	1.158184	4.151783	3.066663	-5.844010	1.824131	-0.189007	-0.240473	5.411254	-4.099153	-3.871113	-3.430103	3.699339	-5.452863	1.394089	0.053523	-0.273481	2.363802	-0.084189	5.695830	2.081183	5.994920	2.133603	0.235141	-0.503704	0.477665	2.275479	-1.310033	5.995895	1.882624	-1.156133
GCTTAATGTAACTAAC-1_1	5.530035	-1.094691	1.338844	6.194330	0.323743	-4.153740	2.487632	0.892188	-1.760008	4.882883	-4.412633	-1.804381	-2.200777	3.834536	-7.507445	-1.316431	2.317782	0.344987	2.319511	0.989985	6.514565	2.569942	6.181301	2.787041	-2.228024	1.441060	0.304545	2.287315	-2.064943	7.111526	0.397841	-0.864294
AGGACAGTCGAATCCC-1_1	12.536064	-0.797481	1.220343	6.922743	3.995733	-12.257750	4.490763	0.298950	-1.835574	12.184221	-7.241376	-5.146398	-7.405206	7.075726	-10.606365	3.393539	-1.979527	-5.146153	4.873172	-1.976973	8.874746	3.083101	11.731291	6.760592	3.048508	-3.448614	0.878281	4.205931	0.360600	10.340130	2.775957	-3.365728
GACAGCCAGACCTGAC-1_1	7.118460	-1.482285	1.601136	7.638402	-0.385071	-5.548704	3.966709	1.418332	-3.019897	7.673308	-5.474801	-2.202512	-3.238612	5.873950	-9.400023	-0.937742	1.453901	-0.524095	2.483743	0.042147	7.851874	2.233048	7.731393	4.562839	-2.087220	0.254119	-0.327430	3.204920	-2.422645	8.994363	0.395314	-1.957871
GGCGAAATCTAACTTG-1_1	14.991445	-2.888624	1.558791	11.291333	-0.327429	-12.522601	8.434695	2.130580	-5.094684	15.526226	-10.037733	-3.157096	-6.947890	10.177822	-16.667753	0.460692	-0.382645	-5.029787	4.887516	-1.818747	11.410537	2.944950	14.656555	10.322619	-0.465399	-2.113570	0.631233	5.118991	-2.068702	14.862401	1.227963	-4.830939
CTGGTAACACATAGAA-1_1	2.832944	-0.985936	2.054399	10.814889	-4.810382	-2.140116	5.652905	2.852103	-1.368698	5.540675	-6.110740	-2.128428	3.270334	7.818328	-11.782634	-7.809310	3.928114	10.590630	2.696672	2.267186	4.549545	3.835634	7.156382	5.913949	-9.213847	6.817009	-5.427278	-1.374268	-8.416651	10.903439	-4.665764	-0.783253
TAGCCATTTCAAAGTC-1_1	4.753504	-4.092849	0.868149	8.544865	-1.013963	-3.151297	5.643210	1.352440	-0.188890	7.546401	-10.167912	-3.140944	0.663084	5.414954	-12.922533	-5.527023	5.049559	7.972590	6.306162	-0.542809	3.823702	3.708734	7.693515	4.640166	-6.679482	6.299344	-1.945608	0.230204	-7.592073	11.073237	-0.953135	-1.760682
GGGATTTACCGCACCT-1_1	4.613390	-3.608821	2.418097	14.737887	-9.610574	-3.740413	9.695749	3.476833	-5.332410	12.231983	-6.734212	-0.576730	-0.400791	9.405244	-18.560598	-7.876910	5.831340	6.440226	1.771451	1.196420	6.593720	2.983513	10.028113	10.223565	-8.828868	2.316835	-6.868107	2.252695	-8.615962	13.591172	-5.854947	-1.729988
ATGCCATTTGCGACCA-1_1	6.199026	-3.271273	1.847952	9.249722	-2.353723	-4.210624	6.757393	1.820921	-3.248221	9.255367	-7.485045	-2.074808	-1.557139	6.819195	-12.694616	-3.678681	3.205207	2.369137	3.716517	-0.784951	6.975954	2.808719	8.805295	6.083248	-4.526867	2.245173	-1.846867	2.209267	-4.945145	10.717546	-0.850420	-2.432902
GAATAGACGCGACCCA-1_1	4.224965	-3.670100	1.762486	11.208206	-6.318938	-3.074764	7.811509	2.566417	-4.128368	9.845305	-7.006038	-1.168760	-0.482600	7.270012	-15.109924	-5.908207	5.423313	5.267241	2.915544	-0.335352	5.661070	3.265785	8.750993	7.655648	-7.255167	3.037064	-4.682342	1.757086	-7.184174	11.522481	-3.316460	-1.963342
TGTATGGCGCAGACAG-1_1	5.644892	-4.060402	0.984883	10.587246	-5.644762	-4.696259	7.965758	1.822385	-4.061570	9.881431	-7.506603	-1.472957	-1.622489	6.888391	-15.141047	-4.377810	4.643326	3.719925	2.852033	-0.890449	5.479010	3.322994	9.655764	7.937418	-5.993191	1.610858	-3.314648	1.988630	-6.707431	11.321877	-1.826265	-2.479832
GGATGAAGATCGCTGA-1_1	3.745642	-2.281967	3.072312	9.844322	-6.331806	-1.931445	3.804250	3.064983	-3.962379	7.066181	-3.702030	2.764266	0.522711	4.165193	-13.537985	-6.840156	6.108189	1.562625	3.298074	2.451723	5.335882	4.109625	7.551983	6.115485	-6.868927	4.997042	-3.358019	3.459418	-1.962363	9.509432	-6.267984	-1.035344
CGACAATTTGATCTAA-1_1	13.184113	-3.369031	1.958841	12.652905	-2.445063	-10.085198	9.611717	2.341254	-5.873388	14.946872	-9.737694	-2.233095	-5.291949	10.255684	-17.597048	-1.189305	0.310345	-3.016493	4.211668	-1.570775	10.587449	2.500190	14.059249	10.330804	-2.705361	-0.990291	-0.426920	4.513106	-3.924410	14.613804	0.059462	-5.017414
AAAGTTGACTCCCGTA-1_1	4.155187	-1.559370	2.039070	8.411258	-4.156680	-2.883694	4.643265	2.123462	-3.643006	7.217984	-3.722638	0.142123	-1.055799	4.923672	-10.309079	-3.630699	2.798744	0.862782	1.414195	0.686240	5.033438	1.697845	6.332220	5.675258	-4.235424	1.168662	-2.617169	2.348482	-3.099832	7.779669	-2.793093	-1.409096
CGCGGCTCAACTTGAA-1_1	3.802395	-3.780927	1.801145	10.418010	-6.265801	-2.449262	6.997742	2.526227	-3.562449	9.935087	-6.278841	-0.148519	-0.469390	5.503846	-14.354314	-5.804987	5.679098	3.650632	3.008999	-0.281167	4.445412	2.604719	7.803401	7.008912	-6.273229	2.828712	-4.223969	2.296413	-6.070195	9.864769	-3.753852	-1.770100
CACGCGGAACTGTTGC-1_1	2.896806	-1.262254	0.998170	5.741879	-1.975365	-1.641554	3.587179	1.251958	-1.855177	4.391432	-3.293704	-0.878814	-0.227388	3.667799	-7.121195	-2.719243	2.289546	2.221809	1.317053	0.401479	3.808479	1.636692	4.691739	3.319660	-3.519213	1.798753	-1.207176	0.644450	-3.218764	5.764333	-1.090375	-0.774726
TCTTAGAGTGAACTCT-1_1	5.859065	-2.431252	1.754314	11.096896	-5.650685	-3.575504	7.155313	2.631176	-4.517596	8.964466	-5.612005	0.149644	-0.937308	6.680267	-14.385615	-5.127718	4.062901	2.114178	1.962489	0.920097	6.057297	2.833663	9.288101	7.342986	-6.233232	2.185228	-2.454336	1.883313	-4.679039	10.471503	-3.081647	-1.672996
AGTCCATTGGCTGATG-1_1	2.916350	-1.907560	0.898152	6.458917	-1.017019	-0.151103	3.067061	2.292178	0.272197	3.003377	-6.143358	-0.911278	4.658625	3.470805	-8.851180	-6.817495	4.121733	7.632038	4.555070	1.488515	0.984938	3.497582	3.508169	2.247499	-6.493245	9.410699	-2.074467	-0.236388	-5.114285	7.701066	-4.213306	-0.691279
TTAAGATAGGATTGAC-1_1	11.134906	0.309789	2.610395	7.478134	1.199047	-8.970732	3.338121	2.472339	-3.623446	10.198856	-3.992913	-0.899590	-5.777503	6.280842	-10.300019	0.941050	-0.881996	-6.458627	3.352405	0.620525	8.646822	1.720941	9.991317	6.464654	0.739125	-1.433478	1.306570	4.050785	1.764926	8.972482	-0.589908	-2.263133
ACATCCTGGTAACTGT-1_1	2.438702	0.282292	0.921918	6.256659	-3.954734	0.817869	3.933032	2.363164	-2.998421	1.367146	-1.544794	3.797857	4.971351	3.268650	-7.217386	-6.542562	3.241460	2.711529	1.489723	2.810578	2.462794	2.681359	1.949348	2.443965	-4.340003	7.953693	-2.575902	0.702254	-1.844099	5.695027	-6.952395	-0.633219
CACCTTGGCGCCTTTG-1_1	4.605769	0.314035	2.076385	5.638793	-1.780663	-2.031794	2.043798	1.697989	-2.489033	3.561754	-1.380027	3.047674	0.405039	2.306556	-7.299138	-3.346397	2.101315	-1.317842	2.058484	2.074728	4.423578	1.932862	4.022243	2.630677	-2.815568	3.702215	0.003677	2.329819	0.660791	4.704884	-4.002010	-0.143929
GCTAGACCGTCTACTG-1_1	2.589993	0.040675	1.188783	4.452072	-3.155426	0.878557	2.525437	1.725651	-2.689716	0.914402	-0.071308	5.548847	4.308372	1.480314	-6.139734	-5.636340	3.166335	-0.150387	1.787891	2.903181	2.000220	2.352914	0.916519	1.804258	-3.185405	7.258461	-0.974165	2.336980	0.549647	3.604412	-7.019302	-0.386355
CGGCCCAGGTATATCC-1_1	3.373343	2.715716	2.300760	6.514963	-4.110724	0.566200	2.539295	2.440520	-3.761134	1.397796	0.524021	8.212267	4.830307	1.788430	-6.260021	-6.695401	2.755112	-1.061411	1.331655	4.435115	3.611047	1.120454	-0.376811	1.647475	-3.277494	8.376579	-1.995818	2.267058	1.090185	3.917305	-10.051004	0.540270
GTCCATTACTGCTACG-1_1	4.155920	2.820856	2.298143	6.819734	-3.995070	0.635975	3.563550	2.745122	-4.398806	1.391449	0.520470	9.177406	5.730673	2.042388	-6.691431	-7.454413	2.931993	-1.416110	1.521559	4.607577	4.431779	1.224784	-0.578725	1.699877	-3.090621	9.586005	-1.941121	2.981604	0.908071	4.510590	-10.771028	-0.043122
GGGTTTAGGATAGGAT-1_1	0.319199	14.754632	4.736254	30.575659	-24.927671	-4.663817	14.281682	13.041613	-5.305189	-4.778450	13.954090	29.460121	17.605480	5.610507	-4.426664	-32.716976	1.772346	5.735775	-4.912202	34.661701	3.748950	-12.669045	-12.056251	6.293301	3.022802	21.826988	-19.251213	-1.280213	3.516878	9.016440	-44.495403	8.738715
TAATTAGGACATCCGT-1_1	3.036792	16.010340	5.350067	29.746042	-22.833651	-5.352555	15.225537	12.664325	-5.907614	-5.184488	14.578721	31.168201	18.679855	3.874259	-5.447531	-32.196426	1.399256	1.791173	-3.582497	34.139263	6.288808	-13.373440	-12.575677	5.439716	4.587410	24.246737	-18.131403	-1.431216	5.035827	7.398317	-46.727440	9.215030
GCTCCCAGTCGGTCCA-1_1	0.644331	13.511084	2.872738	30.646536	-27.906898	-2.793688	20.364408	12.582747	-7.231194	-6.801858	18.342529	35.115196	19.086292	6.441951	-2.706462	-36.725067	2.957867	3.212330	-6.162628	37.961205	3.324340	-16.674995	-14.722807	7.288428	6.473928	21.674410	-20.542395	1.684187	2.039812	8.610207	-47.339878	6.393312
ATTCGTGCTATCTCTT-1_1	0.029797	11.930126	2.698370	27.795063	-25.792044	-2.359371	18.665945	11.326341	-6.975811	-6.463488	16.841190	31.634975	16.931887	6.491229	-1.919222	-33.012608	2.835232	3.335786	-5.602347	34.538311	3.302354	-15.639159	-13.190998	6.937004	5.860976	19.226151	-19.049994	1.477211	1.328083	7.807813	-42.517628	5.370771
GTTAACTATGTTGTCA-1_1	-1.105491	9.974154	2.432743	27.201511	-26.646950	-1.511157	18.412865	11.917198	-7.739638	-6.522228	17.305578	30.436905	16.953594	9.564543	-1.418430	-33.025818	2.171088	4.764156	-5.717705	33.443920	2.352071	-15.407544	-12.512985	7.697460	4.999480	18.176954	-20.862587	1.321407	0.361130	8.197062	-41.613018	4.492477
GCTCCGCTCGCTTCAG-1_1	-2.014846	11.541291	1.930097	28.709538	-28.724569	-0.779188	19.066124	11.753128	-7.966290	-7.551592	17.944042	33.316910	16.937849	8.968715	0.314130	-34.310638	2.678823	5.106216	-6.251253	35.641392	2.425944	-16.860970	-13.721330	7.013037	5.347889	18.471306	-20.883751	1.185570	0.992759	7.820695	-42.917774	5.873909
GCAACGGCTAGTTATG-1_1	-2.073673	4.366103	0.628346	16.334667	-17.553734	-0.434762	10.289054	7.237223	-4.213007	-3.385023	10.241604	16.551502	9.789330	8.205682	-0.422537	-20.284866	0.910537	5.944196	-4.363022	19.794945	-1.106860	-7.975441	-6.831627	5.119484	1.831786	10.023182	-13.844439	0.810013	-0.827447	6.088130	-23.813057	2.749836
AATCGCGCAGAGGACT-1_1	-1.999033	5.613488	0.680721	16.982851	-17.684868	-0.570130	10.673907	7.019719	-3.971807	-3.914558	10.258959	17.816494	9.752860	6.538489	0.295229	-20.669987	1.399193	5.487993	-4.546833	20.982447	-0.731162	-8.737356	-7.691442	4.580391	2.450288	10.384897	-12.980344	0.944170	-0.403520	5.781492	-24.382034	3.347661
GGGCCTAAATGGGCTA-1_1	1.546305	-1.397891	-0.968870	0.568020	1.006857	-2.173902	0.635107	-1.222431	1.930302	0.612753	-3.325034	-2.083678	-0.633796	0.736992	-2.962181	0.540021	2.081344	2.727104	2.346683	-0.147921	-0.286688	1.601661	1.687076	0.580566	-1.824705	1.755986	0.570163	-0.683682	-3.091090	2.640185	0.848265	-0.729236
ACTTGTAGTCCCTTCA-1_1	1.829064	-2.864336	-1.930374	-0.665688	1.565298	-3.831090	0.058795	-2.981556	4.544343	0.187170	-5.120037	-3.259976	-0.897495	0.147137	-4.464609	1.675907	4.319572	4.284260	4.312164	-0.677858	-2.299126	3.030760	1.677987	0.541858	-3.104369	2.814193	1.414871	-1.242102	-5.103645	3.458703	1.386313	-1.329864
CCCGAAGTTTCGCGAA-1_1	2.164128	-1.972215	0.167621	3.659179	0.889627	-0.558098	0.967581	1.076035	2.433193	2.566703	-6.137229	-1.977476	2.956764	2.183755	-5.691840	-4.411412	3.254129	6.985814	5.014183	0.542470	-0.797930	2.163521	1.318335	0.429334	-4.470071	7.447255	-1.088810	0.019799	-4.468213	5.642701	-2.645493	-0.060870
ACCATCCGCCAACTAG-1_1	2.710074	-4.513361	-3.066949	-1.366774	2.324788	-5.987768	-0.197446	-4.828882	7.296872	0.064997	-7.691949	-4.986148	-1.383515	-0.054580	-6.869661	2.808330	6.887072	6.379498	6.591875	-1.117001	-3.973192	4.792895	2.377021	0.839821	-4.871230	4.147539	2.429860	-1.945700	-7.863476	5.094777	2.192081	-2.051429
TGCGAATATGGGATTT-1_1	0.702521	-1.528847	-0.793731	0.178926	0.291708	-1.455402	0.076683	-1.082178	1.930532	0.196666	-2.711035	-1.259353	0.151728	0.248265	-2.623101	0.036951	2.558600	2.374856	2.340180	-0.206275	-1.200301	1.611182	0.793508	0.457044	-1.992013	2.196954	0.339151	-0.596572	-2.597292	1.865152	0.162931	-0.552556
TACATCCCTATCCCTG-1_1	1.801927	-2.955062	-2.239722	-1.220948	1.793376	-4.220406	-0.374003	-3.654893	5.537777	-0.343303	-5.229172	-3.603401	-0.832176	-0.242570	-4.555910	2.137588	4.845903	4.637802	4.671171	-0.586302	-3.038081	3.241872	1.218823	0.220326	-3.208006	3.205268	1.781617	-1.528211	-5.533822	3.416996	1.471229	-1.308531
GTGGGAAGACTGAATC-1_1	1.301785	-2.158805	-0.878881	1.236024	-0.201344	-2.157701	0.972440	-0.972427	1.416261	1.109758	-3.923396	-1.607898	-0.265623	0.997775	-4.544622	-0.053133	3.433050	2.959645	2.728946	-0.546132	-0.442833	2.362072	2.489402	1.710759	-3.166608	2.125056	0.239353	-0.715370	-3.825081	3.193651	0.559964	-1.215632
AAACTTGCAAACGTAT-1_1	1.338087	-2.483065	-1.464546	0.237282	0.423227	-2.836551	0.151201	-1.977698	2.872526	0.418065	-4.327016	-2.284821	-0.400295	0.334187	-4.372811	0.875069	4.283468	3.210388	3.414228	-0.462593	-1.582858	2.730369	1.709858	1.140977	-3.266011	2.585256	0.725976	-0.984057	-4.367429	3.012867	0.780309	-1.141580
AGGGCGAGCAGCTGAT-1_1	0.514169	-1.412955	-0.580519	0.646908	-0.148669	-1.211352	0.242800	-0.815590	1.450034	0.377121	-2.489556	-1.016621	0.228072	0.349104	-2.852008	-0.186561	2.715247	2.264719	2.124282	-0.213021	-0.923171	1.640707	1.076563	0.766323	-2.269797	2.149738	0.057590	-0.616352	-2.607800	1.891234	-0.024406	-0.642423
AACACGAGACGCGGCC-1_1	1.416520	-1.611222	-1.163222	0.098061	1.021013	-2.171991	0.143769	-1.680887	2.553935	0.154400	-3.223513	-1.965825	-0.465243	0.175134	-3.098171	0.813822	2.877335	2.335088	2.688492	-0.011737	-1.052772	2.012275	1.277880	0.254793	-2.034515	2.291790	0.841013	-0.708015	-2.983368	2.300645	0.544164	-0.634681
TGACGAATATTTCCCT-1_1	0.943384	-1.761823	-0.667542	0.629981	0.109684	-1.659225	0.159785	-0.872210	1.412743	0.666855	-3.006722	-1.303651	-0.050522	0.308579	-3.341608	0.164366	3.059469	1.779427	2.268693	-0.204632	-0.673372	2.135757	1.569201	0.950321	-2.387413	2.033451	0.226105	-0.192279	-2.572351	2.196265	0.097647	-0.824256
TCGGAGAGTATCGGGA-1_1	0.885881	-1.004392	0.227900	1.292987	-0.127177	-0.210974	0.261921	0.412567	0.452424	1.049736	-1.846252	-0.391846	0.942949	0.735352	-2.453031	-1.430178	1.756569	1.547531	1.765609	0.211541	-0.288112	1.146565	0.659553	0.390239	-1.739499	2.757711	-0.339779	0.534073	-1.213305	1.881507	-1.412369	-0.177941
CAAATCTCTCACAAGG-1_1	0.989402	-2.177051	-1.433532	-0.507655	0.936407	-2.731460	-0.357293	-2.322619	3.475078	-0.086389	-3.738353	-2.331497	-0.314832	-0.172338	-3.289206	1.215484	3.780629	3.145124	3.342466	-0.376465	-2.155851	2.446567	0.822752	0.295183	-2.555964	2.588711	0.761214	-0.859421	-3.834368	2.327027	0.653185	-0.921398
AGGCCCTAGAACGCCA-1_1	1.012973	-1.724068	-1.198357	0.125470	1.088782	-2.302272	-0.184970	-1.831294	2.588704	0.330753	-3.400629	-2.330159	-0.459978	0.131772	-2.903285	1.077608	3.102310	2.738980	2.863427	-0.060566	-1.221724	2.124927	1.039419	0.237673	-2.190298	2.304816	0.342276	-0.504560	-3.298386	2.339184	0.456153	-0.756013
TAGAGATCATGCAACT-1_1	0.867998	-1.645565	-0.852192	0.612524	0.507597	-1.518975	-0.039506	-1.184588	1.998444	0.419761	-3.192401	-1.641529	0.064306	0.304739	-3.044702	0.117585	3.179392	2.547951	2.806592	0.058086	-0.932587	1.900261	0.997259	0.445337	-2.403409	2.757153	0.193065	-0.452231	-2.964088	2.302459	-0.054806	-0.541041
TTGTTTCCATACAACT-1_1	0.867737	-1.212226	-0.633867	0.464015	0.162186	-1.176711	0.036150	-0.854250	1.560042	0.196461	-2.301644	-0.996912	0.198399	0.179069	-2.552842	-0.005855	2.461557	1.668341	1.965473	0.027914	-0.859596	1.517456	0.803832	0.385367	-1.878577	2.236042	0.330923	-0.345872	-2.079269	1.666598	-0.233041	-0.385653
GAGAGGTGCATTCTGG-1_1	13.672584	2.427963	-0.141182	1.819590	8.290462	-14.306224	-0.959937	-2.155135	0.412180	11.325544	-3.204877	-5.912675	-10.985449	4.475629	-5.988119	8.511105	-4.896850	-13.279709	7.743183	-2.142765	5.297490	4.674631	10.998469	6.790632	11.055891	-7.897697	3.220520	5.042622	9.181660	4.861025	3.987262	-2.649688
GTGGACCAACCCGATT-1_1	2.095926	-1.057056	0.033174	1.951227	-0.226870	-0.539272	0.552542	0.313141	0.051060	0.958794	-2.025416	0.517848	0.513493	0.641123	-4.028960	-1.651867	2.309642	0.481380	1.761777	0.882646	1.137258	2.011240	2.245179	0.710041	-2.104778	3.066010	0.550141	0.781516	-0.521402	2.516899	-1.001737	0.079314
CTGGGCCTGCTATATC-1_1	3.803283	-1.361687	0.889684	7.169139	-4.714612	1.457349	2.602376	2.680838	-2.306413	1.721029	-2.069846	5.539933	6.970980	2.159389	-11.409130	-9.002654	5.725041	2.375273	3.776031	3.508660	0.697796	5.348027	2.557769	2.033612	-6.200094	12.645776	-1.393873	2.265954	0.234203	6.563038	-10.538548	0.842634
CATAGTCCACAAGAAC-1_1	3.991993	-1.189690	0.937078	7.086134	-4.414115	0.698261	3.474481	2.047617	-2.439114	1.507177	-2.619822	5.379002	5.636148	2.145166	-11.900786	-7.625509	5.995183	2.360674	3.524446	3.013407	2.113484	5.546486	4.198635	2.511346	-6.972704	11.200626	-1.123091	1.782190	-0.801745	6.313593	-8.408459	0.134446
TTGACATGAACGTGGA-1_1	3.125949	12.956854	4.733893	18.358383	-13.720327	-3.920981	5.782790	8.687930	-3.716242	-2.707372	9.015465	18.049938	13.468947	4.231187	-8.685369	-18.365040	-0.212875	-0.615307	-1.121317	20.384436	6.845248	-7.283516	-6.213872	4.192213	0.484920	14.450813	-13.273068	-5.020376	4.378573	3.816507	-31.502508	8.160243
GGTTACCACCCTCGGG-1_1	6.966496	12.021811	2.430972	19.477921	-15.351472	-3.024047	12.026700	7.580491	-5.071014	-1.185797	10.757267	24.707546	16.610224	3.652029	-11.668038	-23.154589	1.325623	-4.055612	-0.504629	22.173101	7.261080	-7.258191	-7.265567	4.307447	2.888869	20.388050	-12.691218	-0.784743	5.319315	4.691247	-37.256371	6.702175
TACCGGTCGTTTCCAT-1_1	0.464994	1.222925	0.202320	2.769618	-2.687062	-0.267495	2.016806	1.240091	-0.784882	-0.339338	1.851915	3.278837	2.122235	1.215601	-1.084943	-3.534801	0.129007	0.125023	-0.374165	3.432914	0.532488	-1.397272	-1.130019	0.912309	0.513178	2.329301	-2.348511	-0.026221	0.129347	0.837238	-4.885494	0.666696
CGAGTACTAAAGAGGA-1_1	7.289004	14.282120	2.847774	17.402430	-12.295237	-4.125148	11.382753	7.311631	-5.142955	-3.444246	11.727155	24.543283	15.751997	1.656212	-8.822669	-19.262159	-0.547153	-7.378002	-0.322393	21.549742	11.069772	-10.331584	-9.232463	2.996444	6.039799	18.596897	-11.229968	-2.073821	6.285125	2.132452	-35.545395	6.825601
GCAAGAATTCCTTGGC-1_1	2.376692	5.752987	0.067629	12.028504	-13.470304	0.465894	8.276356	4.990221	-3.906503	-0.636418	8.250741	16.574919	8.859932	6.318532	-5.934471	-16.294767	1.093227	-0.184184	-1.315083	14.895539	1.943813	-5.195090	-3.899617	3.599526	0.475017	10.171239	-10.322863	-0.912651	2.254809	3.319609	-22.683571	4.780331
TCGCCGAAGTTGCGTC-1_1	3.042518	8.297254	2.445168	11.554225	-9.125961	-1.995675	6.234230	5.317646	-3.359097	-1.716458	7.096371	14.258216	8.756583	2.428146	-6.129704	-12.551896	0.474367	-2.680650	-0.379104	13.730338	5.745597	-6.020053	-4.351333	3.002377	1.687657	9.604276	-8.474260	-2.193979	2.914329	1.977654	-21.304674	4.279485
TTGAGAGTACTGCTAA-1_1	2.325885	4.917337	0.499228	8.565577	-8.728314	-0.076493	5.720821	3.678037	-3.023383	-0.313117	5.299145	11.875634	6.485923	3.987945	-4.800961	-10.863564	0.691365	-0.829594	-0.160916	10.397308	3.314424	-3.732617	-2.607897	2.335518	0.433692	8.366340	-6.796296	-1.148179	2.121217	2.330062	-16.471073	3.576407
GCCACAATTTAAGGAC-1_1	4.113641	15.864091	5.017395	19.993620	-15.176744	-2.994815	8.819104	9.058189	-6.432309	-4.754540	11.441732	24.307486	14.247626	3.847332	-7.755892	-19.643564	0.104239	-5.032586	0.027260	23.406624	11.527950	-11.781734	-7.942638	4.115189	2.575916	15.926557	-13.611122	-6.070039	6.231046	1.818325	-34.912247	8.833994
ATATTCAGTTAAACCT-1_1	3.029301	6.718169	0.687356	12.062652	-12.326560	-0.556100	9.567470	5.328272	-4.293035	-1.930920	9.654669	17.696232	9.715753	4.908413	-5.487854	-16.215872	0.666595	-2.261064	-1.232571	15.779922	3.886131	-6.977515	-5.219265	3.548793	2.651324	10.688182	-10.474871	-0.576316	2.289323	2.531621	-24.018038	4.030391
TGAGTGCCTCTTAAAT-1_1	7.072843	18.897755	4.853033	20.532639	-12.973498	-4.647877	11.070284	9.057580	-6.789729	-5.864906	12.594196	28.744431	16.685143	0.002138	-7.577137	-19.531157	-0.675631	-9.763822	0.597809	24.319614	15.596488	-13.934274	-11.249854	2.402585	6.273128	19.702042	-11.757910	-4.109041	8.369983	0.575076	-38.738461	8.513071
ATCAGACGGCACGCCG-1_1	8.102798	11.709228	2.720092	16.889149	-12.726052	-2.769983	14.359710	7.073233	-5.965292	-2.448446	11.913923	25.963991	14.885167	1.821471	-9.775368	-20.962633	1.393738	-8.349671	0.324727	21.418892	10.020238	-10.724057	-8.349276	4.014685	6.118172	18.403980	-10.952818	0.020469	4.853086	2.585944	-35.246639	4.602810
GTGCGAAATCGAACAC-1_1	8.354209	9.269904	2.366421	17.472469	-12.754936	-1.459471	13.950576	6.526933	-6.696786	-0.982035	8.882186	25.283129	16.234537	1.739288	-12.246673	-21.938927	3.451167	-6.540966	1.091112	18.974274	7.876888	-5.872784	-6.282247	4.177016	2.775434	22.139559	-9.305901	1.709636	4.750620	4.850631	-34.123859	3.505055
GTGCCGCTTCAAAGGT-1_1	3.808062	3.599687	1.862360	6.629959	-4.087753	-0.025333	3.426368	3.407241	-3.916584	0.476950	1.856302	9.909455	6.197732	1.466082	-5.763904	-7.289787	1.746872	-1.698653	1.181384	5.032141	4.246820	0.276887	-1.392675	1.400549	-1.721874	9.669818	-2.541852	1.555019	2.186569	3.378504	-11.953300	0.675913
GATACGATGGGAGTCA-1_1	1.783818	5.833201	3.935727	11.816668	-8.352270	-2.897317	3.386720	6.892710	-4.492314	-0.810769	4.020258	8.402049	9.277047	5.599359	-5.339191	-10.930708	0.004288	4.009554	0.215513	10.133265	5.463183	-1.717448	-1.850783	3.634438	-2.094707	12.368979	-8.699070	-1.901225	1.642529	5.442376	-19.335009	2.099777
GACACTGAGTTCAGTG-1_1	2.759638	6.097043	4.492136	11.286288	-7.863415	-3.070736	7.361337	6.935272	-6.083141	-1.993217	7.140730	12.484442	8.202633	4.335283	-5.074565	-10.700282	0.505852	-1.714192	0.750609	11.952189	8.754457	-6.605786	-3.247617	4.772318	1.593556	10.705886	-9.497629	-1.150758	1.577662	2.991142	-20.535000	0.233178
ATCCTGCGTGGAATGG-1_1	1.886136	6.443092	5.474360	12.585813	-8.637603	-3.559313	6.823776	7.790491	-6.603674	-2.204245	7.207826	11.865139	8.597114	5.615150	-5.560142	-10.820900	0.399473	-0.601395	0.789490	12.736858	9.762362	-7.003077	-2.924078	5.847183	0.810523	10.558333	-11.027012	-1.901484	1.098631	3.693081	-21.167341	-0.180787
CTTGCCCAGGCTCTAC-1_1	2.879203	5.348635	4.993229	15.001720	-12.876946	-2.868444	11.565412	9.855172	-8.461329	-1.818154	10.686206	16.390478	11.564418	9.517813	-8.000430	-16.668749	0.787897	-0.506422	0.158356	16.735674	9.007607	-8.522533	-3.841331	8.216806	1.615066	13.520996	-15.222407	-1.117338	0.064234	5.467762	-27.659849	-0.800483
AAATCGTGTACCACAA-1_1	0.430937	6.782316	6.061764	19.543772	-17.210791	-3.789152	10.241284	11.742852	-8.197330	-1.618681	11.038421	16.486235	12.159644	12.334685	-8.469949	-19.635641	0.645921	4.536791	-0.864291	20.679869	8.408473	-8.456051	-3.639244	9.446345	-0.696015	14.459889	-19.321037	-2.584402	-0.490782	7.885957	-31.286137	1.199169
GTGATCATAGATCTGC-1_1	2.440752	8.406008	6.148106	18.578934	-15.252231	-2.913675	8.571247	11.595958	-8.847469	-0.888086	8.295361	17.451660	13.339915	10.743170	-10.174883	-18.119951	1.419375	3.094742	0.441232	17.529493	9.955316	-5.834073	-2.552901	8.102545	-2.979378	16.560555	-15.781912	-3.186994	1.811950	7.786958	-30.806202	1.563141
TGGCAGATTACGATCA-1_1	0.416353	9.152820	7.674475	20.652756	-16.477747	-4.540659	7.178532	11.916655	-8.210314	-1.191695	8.656065	15.444711	12.397985	11.420886	-10.048458	-18.362606	1.315778	5.707294	0.008477	19.612484	10.462748	-6.417036	-1.803607	9.281097	-3.742260	14.862381	-18.663404	-3.969968	0.671135	8.328086	-31.480055	1.890782
TCACCCTCTTAAGATT-1_1	2.683081	4.015251	4.120632	8.769336	-5.458507	-1.757513	2.968388	5.613571	-5.317502	1.682070	2.555423	8.895750	5.692441	4.536580	-6.438781	-6.893032	1.138666	0.555350	1.114343	5.539532	6.701351	-0.392814	-0.396812	3.591693	-3.742965	8.294061	-6.011246	1.825718	0.909854	4.705359	-13.749043	-0.645888
CAGGATATATCGTTGT-1_1	1.873916	2.750966	2.736734	7.929536	-5.762363	-1.073695	3.356336	4.427517	-4.810176	1.122226	1.747735	6.361953	5.448906	5.004528	-6.308756	-6.643661	1.414717	2.359821	0.624745	5.106735	5.269586	0.526112	0.365250	3.714919	-3.849647	7.512623	-5.744182	1.134562	-0.697281	5.424558	-11.445571	-0.733639
CCTGACCACCGATGGT-1_1	3.678479	2.921711	5.412398	9.666668	-5.361775	-1.528836	3.247049	5.348178	-6.583970	2.723255	1.839967	9.228887	5.925089	3.841394	-8.354362	-7.516351	3.289290	-0.608437	2.099650	5.477307	8.057584	0.593437	0.498304	4.667080	-4.896424	10.046688	-4.954760	4.298218	0.212038	6.160031	-14.328641	-2.155977
CTAAAGGGAAATAGGA-1_1	2.988512	0.689830	4.812382	7.632430	-3.887985	-1.394042	2.354543	3.672099	-5.199848	4.725902	0.548839	4.705547	2.668208	3.963536	-7.331548	-5.140261	2.740506	-0.095758	2.014468	2.773855	6.548303	0.904076	1.991146	4.440237	-4.621667	6.110530	-3.445168	4.593591	-1.219527	5.598218	-8.794657	-2.120434
CCGCTATCAGCACCAG-1_1	3.135358	3.325315	3.517287	9.223757	-6.644630	-1.270477	5.502947	5.911941	-6.453029	0.679293	3.501503	10.629059	7.863630	5.085202	-7.231948	-9.073253	2.185369	0.126728	1.179148	7.261302	7.430102	-0.964512	-1.052111	4.438337	-2.715255	10.986965	-6.723048	2.513447	0.390908	5.913083	-16.194010	-2.031550
CTTTAGTGCTATTATT-1_1	1.425034	1.281057	1.308213	4.152760	-2.216603	-0.283342	2.232525	2.071780	-3.082002	0.351951	-0.218786	2.191178	3.665414	3.996612	-3.139368	-3.486108	0.265619	2.631874	0.886242	1.813068	3.922929	1.187720	0.370195	1.829176	-2.661386	5.069608	-3.204729	0.861761	-1.443027	4.340873	-4.809114	-1.131363
CGGGAATTTATGTAAA-1_1	1.437619	4.345535	4.796069	12.798244	-9.955798	-3.547888	7.780166	8.839767	-6.656250	-0.767684	7.335721	10.878392	9.804294	8.124513	-6.723713	-12.526133	0.362863	2.552726	0.380817	12.291157	8.106436	-5.149166	-2.134991	6.745302	-0.243967	11.840863	-12.738989	-0.484891	-0.350367	5.942621	-22.124575	-1.660131
TACGACTGCCTCTTAG-1_1	2.763537	1.399940	2.693905	5.506689	-1.910566	-0.236099	3.067971	3.053282	-4.113424	1.369610	-1.073217	2.897304	4.451326	4.251320	-4.476225	-4.742159	1.283032	2.688721	1.443785	1.867351	5.295628	1.599328	0.528341	2.431430	-3.748523	6.883472	-2.988000	1.844742	-2.049266	5.985064	-5.972454	-1.827288
AAACTGCTGGCTCCAA-1_1	2.978007	4.968835	4.937214	15.830979	-12.850242	-4.023515	13.853569	10.142899	-8.698853	-1.778900	11.135820	16.655399	12.455355	8.790492	-7.948867	-17.320847	1.419900	0.016252	-0.154102	17.786844	10.389154	-9.333587	-4.571450	9.026629	3.208399	14.667797	-15.187992	1.180570	-1.149397	6.962483	-28.341400	-3.611999
GTACGTTTGCCCGTCA-1_1	2.134759	1.355728	4.137492	13.961090	-11.407472	-1.515709	8.349015	9.551311	-7.756504	2.655534	3.842295	7.522792	11.296932	11.007463	-10.717321	-14.771837	2.644592	7.694520	0.432250	9.795436	5.863672	0.137709	0.638792	7.907272	-4.810573	14.415740	-11.687096	1.486839	-3.291463	11.104972	-21.213091	-3.061495
GGCAAGGCGAAATAGC-1_1	2.050913	2.892794	3.742669	17.435112	-16.960632	-2.569936	15.393247	10.543202	-9.204039	-0.484722	11.918695	17.312469	12.709649	12.831992	-9.148581	-20.136362	2.002665	2.341990	-1.280720	19.418682	7.652046	-9.326646	-4.051110	10.730207	2.339236	14.597623	-17.762432	1.267270	-2.562813	8.801838	-29.543470	-3.690936
GATCTTGGAGGGCATA-1_1	0.500989	2.579687	2.894145	10.354707	-9.292085	-1.361170	5.761901	5.754508	-4.735823	1.008363	3.922587	7.399834	6.210589	7.491391	-6.157464	-9.890858	1.373090	3.238638	-0.188428	9.319648	4.772409	-3.152242	-0.194777	5.773159	-1.929073	7.216647	-9.327568	-0.768907	-1.261254	5.443439	-15.001113	-0.619590
AGCGTGGTATTCTACT-1_1	1.580738	1.399879	0.435644	12.326542	-14.317942	0.037265	12.475754	6.810183	-6.141015	-0.445916	9.561420	15.231358	9.480537	8.944989	-5.156210	-17.034727	1.942561	1.604762	-2.133363	15.088255	1.990704	-6.935906	-4.414285	6.755949	2.344883	10.496481	-11.847988	2.301266	-1.455166	6.189920	-22.228941	-1.576144
CTAAGGGAATGATTGG-1_1	-0.908014	2.853961	4.004910	16.161921	-15.578835	-2.916844	9.502946	10.592647	-7.240513	-0.295735	9.287690	11.976777	10.283840	12.730455	-6.571355	-16.680437	0.401364	7.006218	-1.566780	16.287561	5.357255	-6.146213	-2.649143	9.081161	-1.005718	11.816564	-16.814953	-0.396674	-2.324218	8.789395	-24.624908	-1.551269
CATGGTAAGTAGCGTT-1_1	1.624194	4.498938	4.039096	12.882344	-10.947551	-2.415689	9.765134	7.899000	-6.775410	-1.560244	8.600899	13.629939	9.080083	7.422342	-5.882617	-13.722567	0.966461	0.177092	0.044348	14.499264	7.969000	-7.706267	-3.441806	6.813492	1.696996	10.664233	-12.458566	-0.215206	-0.334518	4.880409	-22.514353	-1.237215
CGTTGAGCGACCGTCG-1_1	-0.416493	2.701599	3.307785	7.852811	-6.041213	-2.037402	2.978481	5.264776	-3.344647	-0.556874	3.501178	4.828851	4.629571	5.220082	-3.386655	-6.700908	0.003225	2.976937	0.029624	7.200939	4.118598	-2.849788	-0.723043	3.999539	-1.192247	5.385867	-7.939723	-1.481543	-0.680475	3.435536	-11.362188	0.000364
TGCCCGTACCGTTAAA-1_1	-0.326255	6.687322	7.458499	15.926623	-11.056758	-5.428670	6.079131	11.085531	-7.356218	-2.361899	7.939431	9.812169	10.643790	9.485053	-6.427041	-12.779323	-0.377172	4.777274	0.157679	14.928439	10.783319	-6.722745	-2.502527	8.123210	-1.068213	11.928234	-15.900782	-2.788834	-0.770603	6.811377	-24.414721	-1.069541
ACAAGGGCAGGCTCTG-1_1	0.822567	1.738080	2.961524	10.574753	-7.756028	-0.257229	3.479517	6.045235	-4.137521	1.534032	0.363654	2.873412	8.091247	7.756135	-7.293461	-11.202765	1.922904	8.530678	0.850349	6.581063	2.543896	2.398376	1.187557	4.418120	-5.512358	10.543925	-8.261211	-0.497200	-2.801977	9.063022	-12.979774	-0.114626
GAGATCTTCCATGACA-1_1	2.741602	-0.098229	2.314840	6.140888	-1.774677	-1.980280	2.966385	2.032822	-2.631438	4.219599	-2.335279	-0.661743	0.323335	4.545909	-6.096531	-2.764880	1.409198	2.560430	0.744780	0.916791	5.181756	1.447218	3.605926	3.226409	-3.514553	2.089975	-2.344494	1.543204	-2.885226	6.123385	-2.778939	-0.959516
AATGACGTAGGATGTC-1_1	2.175868	1.691026	3.468931	8.875391	-4.707502	-0.884003	2.373461	4.106140	-4.222382	2.905621	-1.374642	3.053243	4.970961	4.883183	-7.347796	-5.979495	1.736251	3.118095	1.031013	2.776746	3.857254	1.980846	1.879119	3.634589	-5.246091	7.339960	-4.415738	0.468697	-1.272739	5.971860	-9.258070	-0.319354
GTGGTGGCCAAGTGAA-1_1	4.256185	-0.418288	2.351506	4.425696	1.148973	-2.430812	1.050090	1.494480	-1.192024	5.614593	-3.060467	-1.521285	-1.246611	3.301400	-4.877091	-1.707287	1.619408	-0.054239	2.720704	-0.285568	4.673001	0.785508	3.009993	1.536057	-0.843009	1.777638	-0.425298	2.474120	-0.666572	4.949458	-0.779636	0.238280
TCCCGTGTGCAATTTG-1_1	5.518939	0.104174	2.380618	3.892527	2.828411	-4.095592	0.942608	0.949767	-0.707361	6.120290	-2.887875	-2.197811	-2.404038	3.268509	-4.893721	-0.234667	0.849881	-0.989317	2.953603	-0.464367	5.424591	1.189577	3.928884	1.480769	0.518170	0.879581	0.036675	2.616650	0.216227	4.967694	0.045321	0.298734
ACATCGTATGCAATGG-1_1	22.749830	5.180702	0.588606	3.951858	18.258154	-26.265167	-1.686753	-6.250938	2.531530	20.957788	-8.035243	-15.361143	-20.672716	7.605700	-8.105122	18.257719	-10.331819	-18.452963	14.467348	-5.514482	10.569054	8.487099	19.486923	10.102041	20.506945	-16.401419	4.058540	8.377007	12.714178	9.314980	9.265390	-5.427299
GCGAAACTTAACTGGA-1_1	11.574613	1.436187	1.377781	3.521380	8.999463	-13.686571	0.894574	-1.489905	0.933524	10.860767	-4.775723	-7.660266	-9.177794	4.998369	-5.700529	6.962750	-4.016405	-6.629122	5.703665	-2.296717	7.899005	3.907501	10.626977	4.010033	7.335233	-5.558733	1.009165	4.838234	3.622435	7.252533	4.276778	-2.513345
AATTGAACGCTCTGGT-1_1	18.873165	-0.601743	0.167568	9.153761	6.004415	-18.928396	6.230729	-0.601945	-2.934824	17.939329	-10.462981	-8.194775	-12.246914	9.792678	-14.437747	6.780311	-4.595946	-9.908777	7.919142	-3.825684	11.425471	4.585390	16.447716	10.886135	7.340576	-7.738052	1.584643	6.072939	2.197892	13.744745	4.710155	-5.036016
ACAAATGGTAGTGTTT-1_1	9.574738	-2.401191	0.934225	8.445164	-0.380108	-7.776412	6.174719	1.153401	-3.232235	9.923999	-7.771153	-2.876594	-4.085073	6.895052	-11.963803	-0.193123	0.533112	-1.384851	3.291238	-1.186505	7.947285	2.467390	10.209889	6.551569	-1.820590	-0.489342	0.142196	2.962264	-3.186118	10.660344	1.334088	-3.359456
ATGGTCGCGTGGTTTC-1_1	19.166365	-0.264740	0.117387	9.042762	6.060700	-19.190941	5.788304	-0.629218	-3.235638	18.393402	-9.896558	-8.151578	-12.891679	9.668428	-14.269603	7.225214	-4.937459	-11.243212	8.232242	-3.912996	11.288516	4.565716	16.416634	11.427137	8.330704	-8.497163	1.704162	6.416012	3.188667	13.277258	4.723467	-5.014697
TGTTATTGTATGTGGC-1_1	6.656532	-2.234491	0.933498	7.449962	-1.671743	-5.321021	5.499198	1.173704	-3.115747	7.976568	-5.878224	-2.239849	-2.540746	6.025223	-10.156106	-1.064861	1.000075	0.037418	2.135177	-0.876171	6.087757	1.942968	8.063801	5.806933	-2.516915	0.059350	-0.822450	2.222845	-3.475236	8.786729	0.370360	-2.681015
TTCCGGTTACCCACTT-1_1	18.157024	-2.286016	0.864091	11.209738	3.931508	-16.963127	8.752681	0.469675	-3.324785	17.566765	-12.457441	-7.431186	-9.623288	11.028971	-16.738426	3.636605	-2.513433	-5.374123	6.677620	-3.157665	12.677157	3.808605	16.805584	10.432314	2.561927	-4.382703	1.196047	4.951161	-2.188939	16.142319	4.269326	-5.131332
GAGTGTGCGGTACCCA-1_1	12.955172	-2.911860	0.997911	10.743373	-0.847815	-11.090745	8.295332	1.760075	-4.775025	14.178693	-9.984396	-3.298800	-5.833879	9.382122	-14.824656	0.265996	-0.541849	-2.930531	4.250660	-2.240729	10.061411	2.377064	12.651340	9.017672	-0.755949	-1.885364	-0.301156	4.409305	-3.251058	13.712996	1.130877	-4.564740
CAAGATATTATAACGT-1_1	8.484714	-5.192859	1.648507	15.101314	-7.971751	-6.315536	11.236159	2.322520	-5.448640	14.903621	-9.726578	-1.334278	-2.635476	9.278929	-20.559809	-5.904838	5.167078	2.917926	3.814256	-0.707546	7.188210	2.691709	12.791797	11.291666	-6.704813	0.949217	-4.625989	3.474878	-8.675539	14.572909	-2.604638	-3.640829
ACACACCAGGACCAGT-1_1	6.566603	-4.450746	0.907853	10.946445	-5.456404	-5.076601	8.903513	1.681316	-3.987189	10.438908	-8.252235	-1.315954	-1.590501	7.117439	-16.160358	-4.457335	4.365730	3.390893	3.334614	-1.020336	5.552999	3.386357	10.628503	8.427112	-6.073668	1.704709	-2.678280	1.942294	-6.883050	11.655849	-1.552098	-2.943696
ATGGGCCTCGGCCTCT-1_1	7.506706	-4.598565	1.711874	14.096952	-7.552965	-5.487638	10.713312	1.842046	-4.804620	13.675488	-8.753752	-0.789169	-2.346656	8.273895	-18.958822	-5.652839	4.647202	2.554508	3.462885	-0.459613	6.191681	1.824112	11.394771	10.565651	-5.990772	0.436238	-4.599491	3.091224	-8.204960	12.864614	-2.710032	-3.351295
AAGGTGATAAACCAGC-1_1	8.706192	-4.801250	1.935148	14.743791	-7.367786	-5.934958	11.368970	2.148450	-5.115275	14.502863	-9.474363	-0.876851	-2.408581	8.848928	-20.066319	-5.761471	4.593801	2.037311	3.736030	-0.475817	6.930956	2.212160	12.513539	10.963349	-6.281472	0.882258	-4.163924	3.432289	-8.066870	13.710320	-2.890364	-3.659606
TCTTACTTATGCCTCT-1_1	6.281763	-3.580876	1.133366	9.954829	-5.056011	-5.139172	7.474124	1.485657	-3.852285	9.938934	-6.867830	-1.381254	-2.093996	6.566318	-14.013323	-3.349601	3.272751	1.750060	2.492065	-0.709530	5.215579	2.326888	9.121706	7.909195	-4.484013	0.494475	-3.011976	2.528088	-5.754426	10.293828	-1.588368	-2.805200
AAAGTGTGATTTATCT-1_1	5.321865	-2.640468	1.033528	8.199879	-3.584776	-4.074101	6.422970	1.435401	-3.337551	8.017847	-5.584898	-1.489213	-1.640793	6.024731	-11.173166	-2.655501	2.285433	1.660438	1.793460	-0.601443	5.009875	1.960410	7.599347	6.157539	-3.785512	0.541459	-2.146270	1.859642	-4.580388	8.653984	-1.144504	-2.169391
TGCTCCACAGTTCTTA-1_1	9.641523	-4.094977	1.298959	11.457952	-3.170315	-7.547528	9.605784	1.582165	-4.346188	12.327072	-9.620107	-2.764081	-3.001813	8.846132	-16.280664	-2.584555	1.990784	1.102823	3.727050	-1.563740	8.316968	2.950621	12.194380	8.893900	-4.288424	0.733226	-1.567706	3.046278	-6.043876	13.185702	-0.201538	-4.124230
CTGGCTGATTCATCCT-1_1	7.432731	-2.938646	1.346429	10.144539	-3.582025	-5.440164	7.528042	1.832416	-4.137504	10.414648	-6.869226	-1.728240	-2.592096	7.336977	-13.439315	-2.650728	2.118430	0.699300	2.488007	-0.787163	6.925516	1.994863	9.583714	7.336670	-3.753326	0.381739	-1.909220	2.736328	-4.776531	10.628188	-0.807273	-2.860628
TAAGGCTGAATCCCTC-1_1	5.931915	-3.783281	1.200847	10.063443	-5.012005	-4.488769	8.134445	1.585948	-3.848115	9.821998	-7.040956	-1.187159	-1.619612	6.639977	-14.263816	-3.896696	3.591901	2.607198	2.661949	-0.858625	5.188641	2.445807	9.145419	7.622803	-5.014356	1.103721	-2.819100	2.120385	-6.135180	10.203421	-1.710320	-2.613647
TCTAGTGATATCGTGG-1_1	7.506199	-3.868033	1.084504	10.623629	-3.719670	-6.264422	8.495382	1.462451	-4.079873	10.488597	-8.402649	-2.885436	-2.457869	8.066859	-14.975272	-3.020481	2.966092	2.807693	3.056482	-1.241627	7.208288	3.150978	10.750800	8.246687	-5.112682	0.891829	-2.153260	2.137794	-6.624293	12.187729	-0.251678	-3.235628
TCGAAGAACCGAGCAC-1_1	6.232368	-2.918085	0.543641	7.510390	-0.639009	-4.807475	6.481253	0.473941	-2.007270	7.126875	-7.670553	-2.936464	-1.748199	5.931484	-10.886435	-2.011896	2.047465	2.513799	3.333811	-0.912118	6.117140	2.695854	8.503373	5.224759	-3.589994	1.292174	-0.251082	0.925826	-5.175088	9.285929	1.194780	-2.492438
GACAAACATATGCAGG-1_1	3.466041	-2.349348	1.029968	7.344341	-3.709914	-2.758425	5.140114	1.349075	-2.967792	6.068222	-4.459930	-1.072257	-0.777008	4.741953	-9.852511	-3.104589	3.280317	2.714087	1.364608	-0.130572	4.140294	2.310869	6.225321	5.096362	-4.350981	1.402116	-2.279216	1.347915	-4.462962	7.443339	-1.598540	-1.383185
AAGTCAATTGTCGTCA-1_1	5.287298	-0.783865	0.969313	5.312305	-0.265048	-4.061412	3.401274	1.088394	-2.107049	5.637130	-3.742802	-1.474321	-2.145349	4.400853	-6.596408	-0.430633	0.255616	-0.510913	1.468052	-0.232882	5.174398	1.123238	5.453247	3.420788	-1.228314	-0.194267	-0.110970	1.730252	-1.684460	6.128695	0.233176	-1.549472
AGTGAACAAACTTCTC-1_1	5.267165	-0.147548	1.955037	5.728485	-0.842181	-3.473636	2.622809	1.975703	-2.827187	5.537579	-2.497550	0.140248	-1.903409	3.832824	-6.696787	-1.158619	0.752208	-1.595973	1.421639	0.498082	5.308493	1.031785	5.139736	3.340371	-1.715140	0.681773	0.007303	2.152915	-0.468496	5.639206	-1.366259	-1.106832
CATGATGGAAGTTAGC-1_1	2.386914	-0.794250	0.239585	4.910655	-0.933129	-1.639699	2.682022	0.439706	-0.289177	1.594788	-4.004389	-1.294637	1.271431	3.026574	-6.277144	-3.048594	2.397092	4.556952	1.731422	1.605662	2.830754	2.678712	4.217223	2.195143	-4.087891	3.939879	-0.975435	-0.433125	-3.722311	5.675468	-1.212289	-0.347505
AAGTGCCTTGACTGTA-1_1	1.507518	2.160467	0.971959	6.695489	-5.178504	1.118224	2.322661	2.464305	-2.977380	-0.186181	-0.110592	5.182330	5.665321	3.218241	-4.824931	-7.622418	1.997100	2.992554	0.740729	5.067528	2.107630	1.526801	-0.182116	1.636955	-3.344619	8.123153	-3.189302	-0.106859	-0.279339	5.226430	-8.677338	1.238505
ATCGCCAGTCAACATT-1_1	-0.348626	9.114424	5.357110	19.891533	-15.053463	-4.410064	4.324419	10.611755	-3.471396	-1.792366	6.625348	13.469670	12.741104	6.624046	-5.034346	-19.568913	-0.143468	8.448786	-2.275409	19.174240	2.145475	-3.793043	-5.098647	4.833665	-2.798609	15.614885	-14.111212	-2.904114	2.117465	7.742588	-29.089520	6.045915
ACCGCGGTGGAAGTCG-1_1	0.404836	13.239236	5.375229	26.003038	-20.039667	-4.652545	10.787902	11.507578	-4.582992	-4.355529	11.304255	23.816866	15.195335	4.537616	-4.455579	-27.006866	1.339553	4.670431	-3.504595	28.954086	4.338025	-10.455830	-9.692972	5.611553	1.621297	18.371622	-16.617182	-2.012015	3.120782	7.390006	-37.783691	7.493079
TCTTCTATAACCCGCC-1_1	-1.211776	19.841476	10.703190	34.691917	-24.117256	-7.329246	8.065765	15.638016	-5.148282	-6.440772	11.627898	25.592855	18.337507	6.418569	-5.953615	-31.024012	0.556903	7.845973	-3.242738	36.034252	8.020640	-13.148542	-10.794841	6.404996	-0.803357	22.814718	-22.649176	-7.997865	4.184614	8.384084	-47.067581	13.187108
CACATTTCTTGTCAGA-1_1	-2.229774	12.358948	4.039258	28.804008	-26.097013	-2.816112	14.584629	12.348451	-6.134887	-6.482114	14.937433	28.006977	16.187580	7.762252	-1.308429	-32.022629	2.175639	7.281281	-5.792804	33.892529	1.871031	-13.848619	-11.966958	7.029840	2.642362	17.865770	-20.130898	-0.813319	1.105586	8.480120	-40.649990	6.973448
TAGCGTCCCTCGATTG-1_1	-0.619758	9.476662	4.805365	20.213667	-16.505383	-2.659830	8.616019	9.993851	-5.195509	-4.180309	9.743546	18.719032	11.800384	6.385744	-2.949953	-20.898592	0.516578	3.671994	-2.255390	22.056765	3.858221	-9.358393	-7.119373	5.136539	0.650481	13.443647	-15.087405	-2.764743	1.745299	5.091259	-29.275507	5.414718
GTTCGGATCGGGAACA-1_1	-1.824784	13.450379	3.373871	30.180532	-28.310280	-1.970981	17.531475	12.954480	-7.709496	-7.963865	17.543093	32.857677	18.016195	8.715669	-0.397887	-34.869743	2.002790	5.655420	-5.847933	36.501461	3.330737	-16.464367	-13.722145	6.912283	4.356746	19.735779	-21.666847	-0.547573	1.791632	7.926221	-44.552528	7.406808
CAAACTCGCGACGCCG-1_1	-3.239960	8.531113	5.399894	26.046625	-23.043083	-3.487273	10.035872	12.814481	-5.402169	-4.241736	11.891563	19.256321	14.197237	11.313561	-3.228635	-27.385334	0.623087	10.348180	-4.916251	27.858061	0.004711	-9.750854	-8.033466	8.133568	-0.726442	15.259014	-21.124557	-2.556355	-0.700716	9.224754	-34.677567	5.627817
GTCTTGTAGCTATTCA-1_1	-2.201373	3.462121	1.313453	12.647511	-12.886699	-0.692573	6.118858	5.996076	-2.977780	-2.389364	6.761166	10.859313	7.102616	6.664111	-0.441150	-14.531434	0.355149	5.739576	-3.046268	14.376261	-0.845760	-5.289433	-4.502495	3.989228	0.151885	7.288574	-10.805217	-0.383951	-0.653661	4.824663	-17.256090	2.494842
TTGCCAAGCAGAACCC-1_1	-0.848274	2.221768	1.032627	7.814904	-7.633194	-0.686110	3.874451	3.787131	-1.714716	-1.072672	4.044109	6.647201	4.377959	3.749236	-1.100596	-8.972263	0.418756	3.156485	-1.771030	8.838840	-0.414335	-3.079507	-2.626832	2.623757	0.100468	4.634119	-6.581985	-0.164532	-0.431513	3.049460	-10.974711	1.481252
AGTGGTGTTACCCGTG-1_1	0.808225	-0.633577	-0.432774	0.384778	0.593548	-1.131183	0.182337	-0.677184	1.017642	0.331877	-1.563261	-1.114221	-0.296087	0.375386	-1.462622	0.327921	1.142100	1.216532	1.197370	0.098153	-0.043913	0.970189	0.883982	0.219181	-0.915584	1.035768	0.167950	-0.124801	-1.454156	1.299734	0.334901	-0.343838
GCCAAGAATACTTCTG-1_1	0.890640	-1.226404	-0.936165	0.038679	0.747528	-1.659685	0.085766	-1.351455	2.010855	0.075376	-2.456486	-1.565462	-0.304226	0.183105	-2.211832	0.596205	2.134514	2.130267	2.123847	-0.064379	-0.911355	1.480955	0.860895	0.191348	-1.564246	1.734662	0.489325	-0.646983	-2.442529	1.757698	0.509334	-0.499460
CCGGCGTGAGACTCTG-1_1	1.061306	-0.400234	-0.240364	0.526519	0.783835	-1.068078	0.363570	-0.463208	0.786629	0.490332	-1.342303	-1.062225	-0.367932	0.493240	-1.296571	0.270156	0.644547	0.897084	0.904063	0.130490	0.351041	0.757390	1.020298	0.174260	-0.622437	0.773202	0.275235	-0.009277	-1.131718	1.215724	0.391098	-0.275642
TTCCCGGCGCCAATAG-1_1	1.540723	-0.570148	0.155087	0.980116	1.068344	-1.324890	0.400787	-0.171284	0.452989	1.433658	-1.802702	-1.190649	-0.604006	0.656629	-1.999451	0.023490	0.762545	0.419189	1.258323	-0.040300	1.070910	0.969140	1.686176	0.403730	-0.390434	0.830272	0.140432	0.478373	-0.750166	1.808820	0.467488	-0.284957
AAACAGGGTCTATATT-1_1	3.254578	0.187169	0.379970	0.515094	2.517609	-3.482970	-0.028379	-0.482193	0.682758	2.557140	-1.104105	-1.550124	-2.163671	1.161428	-1.753225	1.634401	-0.739326	-1.759654	1.602958	-0.279496	1.842995	1.258120	2.823305	0.908507	1.640495	-0.786366	0.582531	1.348036	1.267710	1.756131	0.889001	-0.547825
ACAGTAATACAACTTG-1_1	1.527944	-1.663483	0.146559	2.120016	0.383172	-0.716378	0.717582	0.276676	1.234758	1.780601	-3.812040	-1.040004	0.970614	1.193617	-4.106362	-2.137817	2.585387	3.340709	3.147058	0.233823	0.084002	1.744590	1.705100	0.627843	-2.787836	4.109821	-0.308855	0.379919	-2.583736	3.413674	-1.174317	-0.258308
CGAACGGCCGGACAAC-1_1	2.221563	-0.233846	0.261888	0.945002	1.056561	-1.857653	0.343842	-0.016618	0.206611	1.687708	-1.145582	-0.611811	-0.983233	0.958412	-2.095192	0.308380	0.145808	-0.816343	1.152096	0.053980	1.449098	1.018824	2.190921	0.793596	0.161552	0.274380	0.393503	0.833028	0.363486	1.714034	0.320030	-0.383228
GCAACACACTAGAACT-1_1	1.569274	-1.813067	-1.521452	-0.233226	1.645621	-2.968768	0.045201	-2.281464	3.226851	0.162329	-3.693534	-2.740105	-0.945012	0.080456	-3.177775	1.599574	2.921107	2.842276	3.078355	-0.184869	-1.254205	2.386918	1.524657	0.095164	-2.040119	2.004612	0.941931	-0.819890	-3.514988	2.614910	1.051655	-0.890149
ACTCCCATTCCTAAAG-1_1	1.671943	-1.179159	-0.423650	0.967530	0.867379	-1.788488	0.574284	-0.662503	1.058227	0.965060	-2.660764	-1.506343	-0.623013	0.624558	-2.891282	0.230319	1.729878	1.277062	1.799168	0.029445	0.426301	1.586524	1.988934	0.637130	-1.395263	1.400986	0.532701	-0.048989	-1.944710	2.311085	0.630805	-0.642464
ACCTGCGTGTCATGTT-1_1	1.088556	-1.125427	-0.244228	1.318339	-0.088370	-1.169670	0.782315	-0.197804	0.309843	1.177085	-2.333923	-0.879673	-0.279596	0.757442	-2.863747	-0.312702	1.775452	1.270095	1.492760	-0.192348	0.518712	1.286735	1.866015	1.102168	-1.645844	1.181850	-0.017928	-0.063484	-1.875684	2.140640	0.295966	-0.665417
TACTTTCCGCACGCCA-1_1	1.831750	-2.590715	-2.076177	-0.480919	1.900684	-3.825505	-0.155094	-3.191300	4.457121	-0.014510	-4.953333	-3.474706	-1.035923	-0.039778	-4.337668	2.005403	4.421528	3.949191	4.256811	-0.220422	-2.104756	3.233163	1.688313	0.191015	-3.003694	2.993298	1.268367	-1.196158	-4.904475	3.393439	1.289911	-1.149269
AGTCGGCTCAACTTTA-1_1	0.562849	-0.853802	-0.517775	0.448961	0.236906	-1.005834	0.062464	-0.712970	0.986226	0.241873	-1.751683	-0.999227	-0.016992	0.300693	-1.774820	0.195528	1.713392	1.341626	1.394210	0.039581	-0.401383	1.155344	0.689407	0.356049	-1.352191	1.378124	0.039145	-0.237899	-1.690318	1.345554	0.047059	-0.357381
CGATCTGTTGGAGGAC-1_1	1.669513	-1.249913	0.818503	2.188490	0.003650	0.120745	0.590755	0.874745	0.206076	2.026175	-2.531154	0.100121	1.351709	1.143485	-3.725504	-2.568925	2.303511	1.607819	2.562611	0.425243	0.570922	1.446215	1.143478	0.512738	-2.378852	4.099969	-0.355213	1.280235	-1.214187	2.861321	-2.138843	-0.091336
ACGGGAGTGTCGGCCC-1_1	1.154759	-0.995183	0.681400	1.604046	-0.199217	-0.095036	0.304578	0.696303	-0.163477	1.713680	-1.701362	-0.038126	0.719032	0.801418	-2.601026	-1.664872	1.687384	0.853666	1.675059	0.235699	0.498094	1.037352	0.918965	0.550232	-1.569798	2.564753	-0.460092	1.215971	-0.732998	2.009653	-1.460194	-0.155923
TTAACTTCAGGTAGGA-1_1	0.643358	-1.439684	-0.288319	1.152084	-0.237629	-0.846012	0.002747	-0.363649	1.030755	0.737790	-2.610457	-0.900595	0.585269	0.475688	-3.081311	-0.693606	2.906944	2.036443	2.199219	0.134999	-0.659305	1.854577	1.072775	0.663307	-2.486286	2.780268	-0.319395	0.110282	-2.150000	2.169524	-0.913768	-0.428933
CCACGGAGCCATAAGA-1_1	1.410861	-2.319777	-0.727703	1.051662	0.343807	-1.748934	-0.084813	-0.969607	1.852051	1.121909	-3.974220	-1.550242	0.091886	0.458279	-4.451642	-0.115553	4.270693	2.153469	3.275190	0.120634	-0.746615	2.785155	1.819523	0.866252	-3.239611	3.466855	0.275669	0.232417	-3.051705	3.026476	-0.474973	-0.821647
CTTCTATGTTGAAGTA-1_1	1.838974	-1.831710	-1.278144	-0.013129	1.816070	-2.752182	-0.024612	-1.971642	3.044848	0.533392	-3.690438	-2.615076	-0.885100	0.210008	-3.306485	1.328735	2.961949	2.391959	3.157596	0.003929	-0.945217	2.428907	1.657504	0.036154	-1.971135	2.359247	0.945918	-0.398934	-3.112667	2.658832	0.773848	-0.773073
CACCGTTGCGCGATAT-1_1	0.830567	-0.621137	-0.247174	0.656017	0.136635	-0.474881	0.138004	-0.284572	0.644402	0.236437	-1.284828	-0.336664	0.246967	0.362035	-1.733221	-0.407898	1.391135	0.736416	1.191926	0.330461	0.028059	0.979708	0.676886	0.210718	-1.153624	1.692005	0.191632	0.065143	-0.949179	1.228052	-0.356818	-0.077201
TCTAGCAATCTCCGCC-1_1	8.499846	1.321014	0.544037	0.922371	8.632323	-10.253616	-0.661971	-2.595761	2.876434	6.703524	-3.361793	-6.748820	-6.911747	2.338288	-3.411787	6.632251	-2.986842	-4.090138	4.391812	-1.371858	4.387578	3.400830	7.499353	1.802315	5.601977	-3.786322	1.800857	3.086967	2.789324	4.208870	3.920974	-1.705188
AGTTTGGCCAGACCTA-1_1	5.466270	-0.017730	0.629267	1.303610	5.118023	-6.187620	0.371550	-1.166418	1.941688	4.345801	-2.935629	-4.126301	-3.670854	1.691756	-3.495491	3.069764	-0.880693	-1.347110	2.679561	-0.515030	3.439063	2.258276	5.463224	1.052701	1.910771	-0.907343	1.182748	1.776429	0.355210	3.743337	2.461779	-1.142784
TTGTAAGGACCTAAGT-1_1	3.260299	-1.089415	0.378141	3.185478	-0.325801	-0.294041	1.246687	0.509791	-0.534896	0.809201	-2.582689	1.765174	2.040404	0.852098	-6.110171	-3.035161	3.643633	0.952149	2.579100	1.486502	1.888052	3.102237	2.523945	0.684100	-3.392619	6.173445	0.789292	1.521460	-0.665971	3.744076	-2.843513	0.088731
AAATTTGCGGGTGTGG-1_1	4.208766	-1.473887	0.095926	2.810142	1.340989	-2.907487	0.921926	-0.034868	0.210792	2.547737	-3.494225	-1.019473	-1.306643	1.343895	-5.669494	-0.711758	2.071132	-0.260858	2.471430	0.899631	2.961733	2.921150	4.574485	1.343915	-1.609182	2.024990	1.209814	1.497434	-0.778318	4.355772	0.604243	-0.483139
AAGTTCGGCCAACAGG-1_1	3.927694	0.286645	1.558030	7.855695	-5.275753	1.293409	3.556048	3.562810	-3.683170	1.796141	-0.265258	7.339410	7.984632	2.823652	-9.755116	-9.621260	3.977329	0.931898	2.716219	4.104645	1.532442	3.792798	0.862669	2.422794	-4.491372	12.487954	-2.512312	2.495225	0.975807	5.981482	-12.773042	0.324698
CCGCTTACCTCACTCT-1_1	6.663845	-0.638117	1.019510	4.442315	-0.313930	-3.636953	1.856612	1.234207	-1.698413	4.060306	-2.550359	1.635072	-1.506044	3.228618	-7.704903	-1.541878	1.450546	-3.052863	2.444470	1.605911	4.731078	2.579357	5.893229	3.165359	-1.587149	2.092056	1.639798	2.528841	1.449802	5.414394	-1.355267	-0.588878
ATCACGTGCTAATTAA-1_1	4.982723	13.113053	4.260678	19.776855	-13.933142	-3.724509	6.177311	8.358848	-4.579272	-1.440763	7.570911	20.725550	15.213711	3.415558	-9.939226	-19.555916	0.374452	-0.817978	-0.074756	18.953169	7.044287	-4.679747	-5.631844	3.044021	-0.801766	19.436241	-11.874523	-3.350904	6.633646	4.517978	-34.110657	8.518758
GGTGAAGTACAGGGAT-1_1	5.160936	1.255435	1.361052	5.762302	-0.395734	-2.178418	1.448970	1.507954	-1.816954	2.546929	-1.983501	1.011346	0.433676	3.543673	-6.327955	-2.760089	1.559542	0.127158	1.157572	1.945442	4.978386	2.307094	3.422346	1.197194	-2.687063	3.686184	-0.050747	0.998176	-0.084871	5.256892	-2.632684	1.227540
GCTGTATTACTGGCCC-1_1	3.362455	15.703032	6.247636	20.482775	-13.894244	-5.012883	5.628213	9.748191	-4.971364	-3.934385	9.422225	19.369911	14.612508	3.690991	-8.330053	-18.401937	-0.359281	-1.126671	-0.711061	21.785229	10.307001	-8.782644	-6.851679	4.253179	0.773810	16.163139	-13.705296	-6.217133	5.511165	3.692386	-34.026543	8.590336
AACGGCCATCTCCGGT-1_1	2.468706	2.799874	1.911365	8.248074	-5.233854	-0.141233	0.939545	3.912903	-2.902318	0.498963	0.589236	5.111319	7.232475	3.886610	-6.920141	-8.250279	0.926410	3.475385	1.226842	4.281750	1.370232	2.888712	0.053080	1.809519	-4.466352	9.973968	-4.787558	-0.353343	0.859964	5.341369	-11.415487	2.052205
TAAGTAACATCTTGAC-1_1	2.309325	10.946881	5.103106	15.437119	-10.622324	-3.726883	4.549614	7.669272	-4.236021	-2.738062	7.131852	14.192720	10.840672	3.635539	-6.720345	-13.853779	0.002248	-0.632080	-0.385586	16.285534	7.826361	-6.664351	-4.651268	4.125719	0.212040	11.754183	-10.958488	-4.488213	3.555487	3.153101	-25.382832	5.409311
TTCTTGAGCCGCGCTA-1_1	4.704446	0.944676	3.088220	8.747763	-3.910557	-2.023074	2.809179	2.448126	-3.758851	4.148303	-2.088385	3.775718	1.614202	3.632289	-10.352859	-5.442111	3.356446	0.249683	1.743786	2.941323	5.585010	2.907731	4.598808	3.390723	-5.072266	5.419402	-1.694158	1.768692	-0.262395	6.920652	-6.602517	0.759682
AGTGCGTAGCTCGTAA-1_1	5.360044	12.129007	4.332691	19.408577	-13.339166	-3.142712	6.301014	8.334945	-5.255908	-1.230613	6.805163	20.694944	15.079249	3.597798	-9.724128	-19.121384	0.537013	-1.360144	0.545083	17.563911	7.024964	-4.160862	-5.082245	2.773089	-1.092026	20.344936	-10.966076	-3.260715	7.098535	4.488739	-33.265446	8.019406
GGGATGGTCGTAACCG-1_1	4.979429	-0.573120	1.859519	5.832157	-2.300580	-1.858088	2.055780	1.800835	-2.640498	3.993275	-2.057212	2.650759	0.369960	2.703102	-8.477115	-3.632262	2.920846	-1.236557	2.494917	1.591884	4.228777	2.729117	5.053064	3.161126	-3.581280	4.278178	-0.032138	2.386457	0.504475	5.481170	-3.633861	-0.267713
GTCTGGGCGGTCGAGA-1_1	3.147203	0.557436	1.779895	5.161957	-2.450888	-0.184454	1.555007	2.008051	-2.600404	2.236318	-0.753718	3.785065	2.437652	2.537116	-6.499100	-4.400182	2.004819	-0.195300	1.556921	1.852863	2.813911	2.064753	1.951993	1.710202	-3.404261	5.072125	-0.851649	1.494421	0.593868	3.958787	-5.213761	0.434724
CGGAACGTAAACATAG-1_1	9.790824	0.681056	1.649734	4.297323	4.869518	-9.637844	1.585533	0.323924	-0.293618	8.581322	-3.580519	-3.752701	-6.149783	4.870595	-6.915907	3.402099	-1.762130	-5.153658	3.643000	-0.413915	7.329720	2.965176	9.269442	3.827328	2.957143	-2.581047	1.212121	4.128578	2.400110	7.187243	1.606668	-2.016424
TGCGACACCCTAGTGC-1_1	1.619645	6.227934	5.372203	13.285497	-9.085204	-2.941465	4.533572	8.594528	-6.397842	-0.649435	4.202882	10.415726	9.504494	6.823981	-6.531956	-10.891509	0.660375	3.135629	0.816547	10.246741	7.759629	-3.039948	-1.289870	5.111746	-2.869951	12.578602	-10.117053	-2.417765	1.564218	5.568932	-20.371111	0.503682
CAAACGAGTATCGCAG-1_1	1.257862	2.665617	2.845393	7.630787	-5.111613	-1.195714	2.530298	3.641222	-3.981563	1.472650	0.228436	4.184542	3.855442	4.586418	-5.523150	-5.075583	1.314876	2.740990	0.395646	4.021724	4.667540	0.421489	1.354421	3.494009	-4.041267	5.572032	-4.819942	-0.225434	-1.168092	4.642506	-8.691541	0.021411
TCAGTAGGGACTATAA-1_1	0.611361	6.335934	6.477503	14.374750	-10.204647	-4.353428	6.509106	9.745834	-6.949069	-1.904485	7.474713	10.756595	9.787858	8.047588	-6.832823	-12.284965	0.311157	2.798320	0.279949	13.791207	9.583546	-6.193490	-2.203126	7.454376	-0.881228	10.838782	-13.921298	-2.306787	-0.245397	5.703632	-22.731567	-0.983532
GCGGTTCCCTATCATG-1_1	1.948986	6.330899	5.313408	14.395713	-10.764346	-2.848187	6.378769	8.596616	-6.603883	-0.796838	6.163043	12.458019	9.766003	7.533611	-7.201151	-13.077724	0.752051	1.569033	0.670968	13.134315	8.045174	-5.195338	-2.027570	6.021512	-1.368646	12.557802	-11.918551	-2.568329	1.575947	5.216870	-23.225073	1.095272
GTGACTTCAGTAGTGC-1_1	1.874334	4.408233	4.160790	12.078931	-10.343819	-2.978256	8.544509	7.621202	-6.754734	-0.790946	7.995853	11.764642	8.492386	7.804294	-6.795924	-12.078481	0.868541	0.811111	0.323118	12.863050	8.628586	-6.259524	-2.114681	6.820058	0.716388	10.662348	-12.402999	-0.647740	-0.315818	5.078199	-21.631004	-1.139178
CGTCACGTCCATTGGT-1_1	2.904217	6.376423	4.455798	11.875489	-8.582658	-2.958278	7.773476	7.676760	-6.771521	-1.874156	7.086946	13.431499	9.119737	5.217451	-5.389318	-11.474543	0.623326	-0.725646	0.741684	12.243346	9.530027	-6.158212	-3.286659	4.931263	1.011909	12.288827	-9.818944	-0.926003	1.679439	4.084929	-21.926252	0.007135
ATAAGTTACCGCGACG-1_1	3.337886	1.253923	0.320117	11.940693	-13.098166	-0.373310	14.185986	6.746554	-6.281033	-0.421349	10.085805	16.196646	10.591759	7.600045	-5.822012	-17.632807	2.064863	-0.449520	-1.690882	15.047545	2.529996	-7.496387	-5.141427	6.738679	3.996065	11.791316	-10.849691	3.543336	-1.345868	5.937328	-23.260696	-2.715668
CTGAATCCGAGACCTC-1_1	4.099938	9.675872	5.547681	14.472487	-9.178399	-4.339989	8.350080	8.654518	-6.977394	-3.513463	9.177058	16.620581	11.958313	3.553270	-5.895916	-13.602181	-0.118745	-3.530917	0.769574	15.757302	11.445167	-8.680583	-5.756155	4.835075	2.876542	14.619802	-10.663260	-1.984027	3.550020	3.091013	-27.398188	1.697687
TACGACGCTTGCTGCG-1_1	3.633065	6.471117	3.093961	10.978419	-8.017771	-2.580140	8.830467	6.142272	-5.401621	-2.289101	8.105396	14.572301	9.391376	3.322673	-5.327818	-12.144833	0.345500	-3.532834	0.701294	13.148506	8.581971	-7.589222	-4.570257	4.208179	3.414695	11.117464	-8.884820	-0.203546	1.814752	2.562510	-21.694143	0.445597
GAATTCACCCGGGTGT-1_1	3.758299	9.289522	4.729149	13.523767	-8.799715	-3.673083	6.723987	7.440491	-5.308783	-2.628197	7.393186	15.136934	10.862315	2.784949	-6.278616	-13.029625	0.377914	-2.335406	0.190689	14.425347	8.824491	-6.462897	-4.796105	3.950768	1.515120	13.144898	-9.361125	-2.090947	3.431828	3.190454	-24.852654	2.793239
GGGTGACACCTTAACT-1_1	6.321249	14.897565	9.139358	23.419765	-14.499915	-7.386843	10.905540	14.053289	-10.710490	-4.506830	12.801610	24.334606	19.511330	6.835698	-10.531955	-20.833643	-0.591748	-3.059264	1.062262	23.008413	16.977650	-10.615083	-7.602046	7.573072	2.242908	24.461157	-17.045704	-3.655481	6.124901	6.264404	-43.150955	3.068136
TGAGTAAATTAGCGTA-1_1	2.956066	1.519875	2.575334	5.630956	-3.207895	0.113372	0.963498	2.533766	-3.467333	0.703748	0.054014	5.374807	4.598817	2.558910	-5.988406	-5.695470	2.412902	0.573862	1.666494	3.212637	3.503940	2.577446	0.532521	1.703153	-4.074802	7.830665	-2.065935	2.472198	0.673786	4.699909	-8.108382	0.086251
GAGTCCGCTTACCGGA-1_1	4.599776	3.335372	4.936582	7.748708	-2.922677	-0.976983	1.103686	5.074179	-5.634471	1.839982	1.078336	8.924971	6.214083	3.024605	-6.617931	-6.204011	1.552710	-1.368984	2.523967	3.532477	6.243975	1.551062	-0.696248	2.261628	-4.249647	10.689202	-3.085128	3.314627	2.417295	4.564815	-12.563907	-0.847834
GGCGCGTTCGAGTTTA-1_1	2.092092	0.186541	1.825205	4.215292	-2.540038	0.718119	1.653230	1.879996	-3.025637	1.404172	-0.057755	4.218475	3.345217	1.729544	-5.233115	-4.449184	2.826842	-0.155357	1.617627	2.123707	2.638817	1.991707	0.832468	1.835384	-3.215135	6.012098	-1.216384	2.705560	0.043621	3.605899	-5.986586	-0.919983
ATTCATATACTGTCCA-1_1	4.484807	2.834554	3.736637	7.552060	-4.052616	-0.986452	3.810886	4.376021	-5.742709	1.385158	2.598320	10.387771	6.770475	2.510189	-6.653762	-7.661750	2.435828	-1.904794	2.057406	5.403905	7.003766	0.365120	-1.415880	2.860334	-2.628489	10.936106	-3.701255	5.034275	1.256543	5.111786	-14.044629	-2.021146
ATAAACGGACCCGTAA-1_1	3.795145	5.081417	3.816367	12.381765	-9.912151	-2.682336	9.695285	8.254663	-7.018736	-0.560387	7.411373	13.737916	10.814223	6.617873	-7.368560	-13.697893	1.266234	0.144834	0.456678	12.505091	8.097428	-5.255794	-2.996989	5.784896	0.852642	14.173240	-10.582868	-0.007208	0.768185	5.524406	-23.795546	-0.877898
GTCGTACCATCTCGGG-1_1	2.010025	3.141241	2.279679	8.085245	-6.878981	-1.786522	5.805083	5.370439	-4.467405	-0.188628	4.786164	8.621501	6.962598	4.763363	-5.243939	-8.893339	0.922685	1.060664	0.135295	8.043529	5.174290	-2.631376	-1.520308	3.988114	-0.230257	8.981994	-7.374747	0.293160	0.192968	4.242084	-15.318720	-0.732318
ATAATAGCTGTTGAAT-1_1	5.307272	5.360056	3.623992	17.450531	-15.085052	-3.432451	18.197369	10.524802	-9.895185	-2.383249	14.292436	22.359041	15.521876	9.093407	-8.298434	-22.010252	1.316178	-2.820331	0.087260	21.127813	10.858942	-12.077867	-6.860883	9.247427	6.280677	18.144033	-16.172911	2.806519	-0.247492	6.708385	-34.430149	-3.542101
TTCCGCGTGAGGCGAT-1_1	4.095641	6.267116	4.288182	15.791810	-12.931285	-3.866410	14.595443	9.605754	-8.598746	-2.452896	12.262676	18.959820	12.809739	7.458605	-7.056381	-18.246714	0.988854	-1.821224	0.318402	18.968393	11.104271	-10.704576	-5.752103	7.845912	4.821977	15.793915	-14.556128	1.236831	0.052286	5.670294	-30.385353	-1.986308
TACCGGCTCACTGCCC-1_1	4.135569	3.200913	2.332455	14.444096	-13.301964	-1.987001	15.938851	8.554192	-8.033622	-1.668605	11.757209	18.592962	12.527205	7.764974	-6.191422	-18.955776	1.567487	-1.800785	-0.536636	17.441580	6.874297	-10.186070	-6.059548	7.560643	5.532147	14.758645	-13.044072	3.032242	-0.970824	5.783532	-27.881172	-3.183605
GTATCTTTCATAACCA-1_1	3.603305	4.685282	3.980369	15.590386	-13.434140	-3.450457	14.980296	9.669086	-8.752757	-2.108625	12.383084	18.276281	12.713187	8.602537	-7.125722	-18.439766	1.105118	-1.145704	-0.065411	18.391104	9.753834	-10.443008	-5.429985	8.518453	4.630128	15.012093	-15.162344	1.866630	-0.834517	6.132034	-29.562386	-3.094553
GTTACCTACAACTTGC-1_1	3.978762	4.426136	3.606657	15.300076	-13.255081	-3.192089	15.442762	9.518596	-8.746818	-2.009720	12.386213	18.592482	12.841776	8.371992	-6.969473	-18.551214	1.092795	-1.615836	0.065500	18.067293	9.519793	-10.576652	-5.598078	8.206212	5.116180	15.312260	-14.723778	2.173027	-0.783427	5.904586	-29.500212	-3.182282
TGACTATAATCCTTTC-1_1	1.675236	2.597289	2.313806	14.689373	-14.943402	-2.219688	14.386430	8.675898	-7.566277	-1.731591	11.773212	16.425474	11.176821	9.843900	-5.466675	-18.519993	1.450645	1.895646	-2.021445	18.016787	5.550542	-8.989284	-5.275221	8.361883	3.781911	12.841974	-14.910151	2.412455	-2.145773	7.169379	-26.367714	-2.833808
AAATACCTATAAGCAT-1_1	4.284667	5.121868	3.576599	14.623611	-12.193624	-3.204049	14.491806	9.046696	-8.139241	-1.965039	11.627866	18.297945	12.512283	7.108648	-7.104996	-17.758667	1.126711	-2.213256	0.183446	17.502035	9.547944	-9.876846	-5.516367	7.543783	4.774344	14.953370	-13.437790	1.819474	-0.083072	5.485938	-28.592310	-2.517350
TTATTAGAGCGTGTTC-1_1	1.883217	1.695369	1.188396	11.750105	-12.625099	-0.414305	12.072013	6.772890	-6.353533	-0.989276	9.235202	14.630510	9.327253	8.023438	-4.494421	-15.684462	1.515715	0.566929	-1.181270	14.175029	3.544063	-7.577405	-4.451337	6.321073	2.963166	10.615421	-11.199414	2.171224	-1.233307	5.285504	-21.643185	-1.998206
ATGTGGACATCTTGAT-1_1	2.485505	5.730502	4.518518	14.756867	-11.885795	-3.765923	11.903420	8.378199	-7.443220	-2.108769	10.182901	15.706210	10.769331	7.153930	-6.482947	-15.636050	1.137784	-0.286466	0.091949	17.113232	10.196332	-9.134437	-4.365395	7.519211	3.196620	13.169663	-13.670838	0.607026	-0.367914	5.560520	-26.310211	-1.850848
GTACGCTTCATTGCAC-1_1	2.550806	2.228547	1.503460	14.744495	-15.191499	-1.217451	16.198099	8.629953	-8.005661	-2.059049	12.298213	18.645832	12.333100	9.231833	-4.843882	-20.065718	1.723857	0.380213	-1.795127	18.385071	4.951900	-10.127460	-6.430850	8.001641	5.065606	13.717619	-13.916383	3.540165	-1.836693	6.746293	-27.345345	-3.460325
CACATATTAGCAGGAT-1_1	3.258344	9.533358	7.279072	18.118841	-12.371267	-5.568178	12.222982	10.883522	-9.301494	-3.743532	11.440496	18.534939	13.662271	7.055822	-7.816111	-17.074144	0.915635	-1.465814	0.720219	19.897085	14.982736	-11.026245	-5.378623	8.370754	3.192924	16.219252	-15.847636	-1.146099	0.991113	5.776413	-32.027046	-1.350689
CAAGAGGGCGGAGTAC-1_1	2.375048	8.163361	6.563480	15.535541	-10.345541	-4.836346	9.500727	9.734172	-8.162198	-3.172849	9.492001	14.983756	11.413031	6.465903	-6.498903	-13.698705	0.368305	-1.006767	0.854741	16.219189	13.011766	-9.373183	-4.314896	7.163363	2.199558	13.431581	-13.708688	-1.598198	1.003321	4.737930	-26.643667	-1.124569
TCGCAAAGATGCATTT-1_1	0.937350	3.500771	2.843045	7.635429	-5.260490	-2.015943	2.616650	5.381349	-4.160179	-0.614990	2.557588	4.889982	6.120686	5.449018	-3.460105	-6.340209	-0.405075	4.037373	0.375757	5.706729	5.223336	-0.845512	-0.781811	2.934318	-2.018794	8.005871	-6.617397	-0.838041	-0.004713	4.635198	-11.739727	-0.218124
GTCGTTATTCGCTTAT-1_1	0.180005	2.876801	3.073219	7.179430	-5.177902	-2.200319	2.281603	4.660812	-3.689329	-0.000174	2.095044	3.747320	4.359610	5.193003	-3.425330	-5.176885	0.045557	3.652806	0.045327	5.256636	4.931993	-1.171405	0.114934	3.611383	-2.511961	5.359234	-6.513559	-0.823156	-0.754350	4.106847	-9.914968	-0.384231
TCGTGTACTATGGATG-1_1	0.406881	-0.064459	0.045987	0.319362	0.217906	-0.315058	0.197791	0.025796	0.074010	0.396052	-0.368993	-0.279112	-0.042590	0.371019	-0.386574	-0.063039	-0.001932	0.169149	0.276654	-0.021424	0.290052	0.166166	0.367592	0.125422	-0.052203	0.248456	-0.086649	0.152874	-0.176232	0.444452	0.069801	-0.113337
GCGGAGAGGGAGAACG-1_1	3.231018	-0.211042	1.272956	4.673835	-0.205412	-2.333122	2.079538	1.008308	-1.681322	3.926146	-2.487329	-1.306272	-1.301391	3.552442	-4.603947	-1.124216	0.954666	0.849942	1.042831	0.443231	4.726466	0.937972	3.577330	2.081320	-1.652357	0.522067	-0.655073	1.389788	-1.829415	4.892369	-0.180066	-0.544212
TCACAGGGAATCGCAA-1_1	17.080231	3.168867	0.400346	4.811567	11.594302	-19.145121	0.285708	-2.694228	0.142910	15.871594	-5.921603	-10.979953	-14.494200	6.957314	-7.689649	11.668306	-6.846482	-13.464892	8.838939	-3.698487	9.150340	5.290152	14.415483	7.820683	13.013280	-10.737004	2.429935	6.758945	7.621944	8.346466	6.436565	-3.919570
GACTGCACCAGCCCAG-1_1	9.091159	-0.084843	2.097577	5.671145	3.900841	-8.901026	2.539686	0.730712	-1.469698	9.850277	-5.235691	-4.303927	-5.464387	5.454923	-7.454685	2.012847	-0.970777	-3.068707	4.082540	-1.662731	7.696941	2.238205	8.363156	4.128875	2.276566	-1.932077	-0.076516	3.569009	0.439343	8.175969	1.812621	-1.759948
TCCGCTGTCATCCCGG-1_1	32.357517	5.879858	-0.522183	7.327513	20.341949	-35.604050	0.064323	-6.342381	-0.391356	29.813513	-11.401320	-18.615347	-27.816889	11.854275	-13.797663	22.467836	-13.757581	-28.005898	18.823195	-7.776968	14.391329	10.437587	26.187449	16.709438	27.279766	-22.470243	5.303572	11.722455	17.366352	13.925502	11.436473	-7.466850
AGATACTCAAGATCGA-1_1	10.964016	-2.620384	1.015742	8.925321	0.675093	-9.116650	6.614995	1.019521	-2.969563	11.110984	-9.148664	-3.946609	-4.761657	7.592983	-12.835574	0.012889	0.499688	-1.421626	4.210758	-1.473149	8.865105	2.740601	11.169030	6.908401	-1.375825	-0.572363	0.362925	3.025789	-3.523865	11.772977	2.112362	-3.397003
ACTGAATGGCGAAAGT-1_1	18.613459	1.370069	-0.039845	6.328546	9.184002	-20.263084	2.834362	-1.853310	-1.276083	16.994173	-7.984576	-9.350381	-14.142310	7.882349	-11.117778	9.789848	-6.168591	-12.832703	8.812564	-3.975370	10.088062	5.513875	15.780913	9.807594	11.471210	-9.961677	1.986929	6.510006	6.153193	10.825290	5.484617	-4.405388
TCCTACATCCACGGCC-1_1	15.273079	-1.286450	1.643687	9.054743	3.778898	-14.404621	5.764008	1.221051	-3.236170	15.070371	-9.785056	-5.314641	-8.191749	9.128553	-13.438642	2.534289	-1.609622	-5.658265	6.112007	-2.536129	11.066792	3.709108	13.800016	8.034019	2.968557	-3.188981	0.401680	4.895658	0.343433	13.702959	2.620483	-3.596667
TTCAGCCCTGGTCCAC-1_1	7.215864	-3.438269	0.246939	8.230167	-0.606947	-6.408460	6.717427	0.132600	-2.110521	8.218720	-9.153300	-3.789575	-2.898887	6.246517	-12.348124	-1.464939	2.574521	2.582004	4.116735	-1.396392	6.958208	3.328913	9.834573	6.078711	-3.587770	0.961974	-0.477522	1.382312	-6.084022	10.777810	2.129049	-3.017290
TTAGAGTTTAGAAGGA-1_1	7.488882	-3.523427	1.147682	9.881373	-3.937861	-5.865520	7.362504	1.619074	-4.019495	10.303151	-7.230491	-1.873213	-2.566036	7.028690	-13.879321	-2.596161	2.399196	0.634757	2.719732	-0.834790	6.383772	2.523317	9.893521	7.769410	-3.819304	0.578606	-2.138518	2.938524	-4.941240	10.849681	-0.923097	-3.118394
GGTTAGCTATATGTCT-1_1	10.740982	-3.797257	1.209927	11.343328	-2.903706	-8.616612	8.948284	1.563949	-4.711666	12.957658	-9.347735	-2.890718	-4.052513	9.004017	-15.724584	-1.545979	0.944846	-0.626521	3.604366	-1.592685	8.558821	2.445944	12.153776	9.210252	-3.035192	-0.466722	-1.362741	3.677718	-5.213159	13.175762	0.243448	-4.396920
CTGGTTTCGAGCAAGA-1_1	6.932246	-4.577457	1.419592	13.069572	-7.287589	-5.429433	9.699974	1.707733	-4.414286	12.591906	-8.304461	-0.758617	-2.224895	7.526855	-18.030016	-5.323589	4.739064	2.561973	3.339575	-0.457286	5.666179	2.250596	10.824170	10.040968	-5.767168	0.518280	-4.445566	2.964584	-7.625766	12.374051	-2.672953	-3.189820
TGGGCCCATACTAATT-1_1	7.861551	-3.236165	0.997515	9.048056	-2.537740	-6.419222	7.381982	1.259615	-3.621291	9.854118	-7.487174	-2.569336	-2.696332	7.219997	-12.814530	-1.678407	1.312950	0.564629	2.743299	-1.244580	6.767757	2.406624	9.798768	7.332173	-3.254463	0.233593	-1.365714	2.636279	-4.753623	10.658237	0.017499	-3.389311
ACTTATTTATGTGCCA-1_1	6.486994	-3.811527	1.012624	9.400211	-3.102943	-5.334808	7.723053	1.170673	-3.363730	9.116860	-8.045226	-2.509616	-1.803274	6.831905	-13.729891	-3.012737	3.233024	3.032890	3.223677	-1.281322	6.170087	3.147204	9.611169	7.144562	-4.978975	1.462588	-1.759603	1.660325	-6.241445	10.852276	-0.302710	-2.930704
TTAGTTATTCGTGGCA-1_1	5.150199	-3.370981	0.658044	7.605879	-2.874629	-4.611956	6.002324	0.890756	-2.684772	7.603707	-6.709623	-2.027674	-1.651806	5.359469	-11.341208	-2.464058	2.897044	2.644550	2.901379	-1.155370	4.768477	2.694167	7.845839	6.042342	-4.006890	1.186528	-1.755921	1.488126	-5.279099	9.029740	-0.140383	-2.464817
AACCGCTAAGGGATGC-1_1	6.004897	-4.593079	0.901641	11.416922	-6.372976	-5.068161	9.069089	1.620799	-4.086991	11.036448	-8.272486	-1.322937	-1.822135	7.236351	-16.392351	-4.811239	4.861662	4.263092	3.304620	-1.092515	5.250502	3.003392	10.190190	8.739883	-6.129883	1.353871	-3.729856	2.019918	-7.795242	11.801253	-1.774455	-2.771402
ATACGTCCACTCCTGT-1_1	10.170263	-4.994117	1.821560	14.780208	-6.829840	-7.415609	11.222589	2.114661	-5.389467	15.143150	-9.950888	-1.543293	-3.234653	9.482498	-20.325041	-4.915143	3.734912	0.683331	3.960030	-0.722486	7.786917	2.494392	13.532497	11.600596	-5.474100	0.321813	-3.787498	4.068782	-7.476709	14.716607	-2.148387	-4.338378
CGACACGCTCCGACAG-1_1	7.341662	-4.151189	1.151265	11.191666	-5.578096	-6.013489	8.748544	1.628008	-4.279756	11.345073	-8.064898	-1.609872	-2.389627	7.732977	-15.874509	-3.715490	3.376923	2.154181	2.981613	-0.891168	5.995290	2.606347	10.433064	8.896383	-4.847953	0.551555	-3.326233	2.769811	-6.530809	11.819589	-1.690095	-3.239424
TCTGAACTCGTACCCG-1_1	6.216535	-2.499171	0.779694	6.992167	-1.369979	-4.929347	5.571801	0.913950	-2.584094	7.349934	-6.256929	-2.197170	-2.052325	5.573182	-9.990528	-1.353103	1.324124	0.651058	2.503032	-0.907338	5.605848	2.186185	7.804662	5.348426	-2.681054	0.599482	-0.679802	1.848534	-3.687599	8.474672	0.365279	-2.579434
AGGATATAGGGATTTA-1_1	5.910124	-1.700968	0.633512	5.819494	-0.676059	-4.787019	4.310823	0.825460	-2.294262	6.468604	-5.191260	-1.861509	-2.400719	4.845998	-8.066945	-0.489491	0.547440	-0.382485	2.115917	-0.771863	5.331518	1.663780	6.753186	4.434074	-1.519320	-0.061311	-0.273384	1.906173	-2.428442	7.235049	0.742810	-2.277113
GTGATCACTAACGCCT-1_1	6.679087	-2.341864	0.531406	7.006467	-0.187076	-5.479699	5.525399	0.500979	-2.003886	7.332590	-7.198042	-3.156015	-2.626732	5.776296	-9.756080	-1.044350	1.281135	1.055377	3.102893	-0.823922	6.499980	2.290687	8.107750	4.902634	-2.165034	0.491997	-0.392279	1.653258	-4.105565	9.027315	1.497405	-2.408795
ACCGGGCCTTTGTTGA-1_1	7.201128	-2.225340	0.709968	7.021243	-0.972095	-5.880282	5.634228	0.936054	-2.817600	8.072162	-6.320309	-2.150207	-2.779740	5.855922	-9.806258	-0.530445	0.378389	-0.462182	2.492779	-1.181492	6.156400	1.783514	8.134085	5.576491	-1.778088	-0.198867	-0.292245	2.295275	-3.105076	8.580503	0.811531	-2.953559
TTGACAGGAGCTCCCG-1_1	4.930736	-1.756743	0.683001	5.730700	-1.367674	-3.988892	4.241449	0.914746	-2.343576	6.004773	-4.660339	-1.764878	-1.822076	4.748282	-7.828120	-1.023915	0.901928	0.347352	1.726297	-0.623769	4.683074	1.624750	6.097705	4.360119	-2.016000	0.188584	-0.891949	1.638937	-2.744447	6.913913	0.148632	-1.978885
CTCTTCTATTGACTGG-1_1	3.596744	-2.117930	0.653809	5.356211	-1.920565	-2.981286	4.171627	0.792688	-2.066183	5.095451	-4.326456	-1.389886	-1.052263	3.946215	-7.755790	-1.746321	1.899557	1.579142	1.682500	-0.589787	3.543727	1.888996	5.449094	4.120749	-2.868351	0.825629	-1.168360	1.081381	-3.376565	6.167529	-0.299406	-1.625998
CGTGGCCGAATATCTA-1_1	6.655249	-0.370364	0.545783	3.817048	2.199653	-6.691584	2.473515	0.146627	-0.963860	6.347977	-4.200250	-3.090814	-3.873385	4.037951	-5.553884	1.851638	-1.108777	-2.185732	2.456340	-1.074948	4.909417	1.742134	6.250295	3.367546	1.495767	-1.810458	0.167840	2.124512	-0.168312	5.838264	1.546767	-1.772645
GGTTTAGCCTTTCTTG-1_1	3.047123	-1.457430	0.228735	4.216989	-0.182230	-2.440720	3.006952	0.145835	-0.814629	3.355288	-4.408599	-1.805530	-0.725266	3.109090	-5.883398	-1.333356	1.768345	2.313392	1.985682	0.012463	3.426557	1.760064	4.375266	2.523366	-2.388497	1.531349	-0.375562	0.487918	-3.294843	5.318933	0.553547	-1.104819
TCAAGGTTACTACACC-1_1	9.650658	-0.724238	1.030891	6.302612	2.585554	-8.769833	4.123167	0.587789	-1.521553	8.882028	-6.208363	-4.171914	-4.998016	6.265475	-8.840856	1.812543	-0.952891	-2.213710	3.205146	-0.859516	7.666880	2.249287	9.243603	4.858742	0.639369	-1.814027	0.714708	2.777795	-1.249768	8.934479	2.072006	-2.458259
TTGACTATTGTCCGGC-1_1	2.102733	-0.381546	0.254467	4.352631	-0.312554	-1.294417	1.980419	0.503825	0.038905	1.615592	-3.584776	-1.487074	1.014425	2.696055	-4.927568	-2.531721	1.892163	4.143282	1.673070	1.359675	2.550790	1.939814	3.362166	1.641773	-3.488528	3.472845	-0.858071	-0.388287	-3.454458	4.853360	-0.860210	-0.272119
CGGGAATATAGTATAC-1_1	4.704385	0.621054	1.125651	3.589062	2.226313	-3.834225	1.308215	0.209738	-0.261339	3.483829	-2.351470	-2.284463	-1.987143	2.695895	-3.886975	0.442193	0.166058	-0.074522	1.454716	0.484919	4.591635	1.413204	3.959126	1.067859	-0.146326	0.290764	0.485715	1.315007	-0.669622	4.228174	0.618406	-0.074351
GCAACAGCAGTATGCG-1_1	-0.970792	10.624706	5.493387	21.181936	-16.022699	-4.778817	3.438539	10.599333	-2.957322	-2.226023	6.115430	12.671259	13.611990	7.702900	-5.089519	-20.008080	-0.640831	10.345332	-2.623595	20.491358	3.065704	-3.734126	-5.096726	4.499956	-2.992718	16.680712	-15.010830	-4.540487	1.963323	8.559628	-29.988485	7.625007
ATCAAACACTGTTCCA-1_1	2.253552	-0.176699	0.838184	7.998992	-4.083356	1.160478	3.065973	2.976907	-1.390822	1.041096	-3.494095	1.450361	7.855934	4.722373	-7.512217	-10.176939	3.337575	7.628476	2.714069	4.145150	0.717969	3.803776	1.473169	1.856506	-5.481956	11.890811	-4.288287	-0.445805	-3.126227	8.811750	-8.147676	0.224332
TGGGCAATAGTTGGGT-1_1	-2.077003	18.370609	9.114713	32.295422	-23.548166	-6.963152	6.072836	15.002581	-3.740823	-5.879373	10.891597	22.115288	17.801016	7.403797	-5.307684	-29.717440	-0.328158	10.529911	-4.224836	34.060860	5.113667	-10.632708	-10.240771	6.021809	-1.769351	21.110222	-21.791588	-7.888060	3.381094	9.114669	-43.827370	13.293742
TGAATGTCAGCCGGCC-1_1	-0.697611	16.878117	9.373312	27.412806	-18.150171	-7.151469	4.788327	13.640582	-3.515694	-5.174583	9.255432	18.158411	16.416151	5.456464	-6.399714	-24.338041	-0.444799	7.267654	-2.702947	28.463886	7.472260	-9.529276	-8.629611	5.423134	-1.090929	18.662992	-18.893761	-7.236462	2.887777	7.605102	-39.002331	10.575083
CGGCTCTAAAGCTGCA-1_1	-1.804890	14.780391	8.220533	29.673271	-22.554342	-5.327013	8.702230	14.960921	-5.662942	-5.481554	11.869654	22.667126	16.780895	8.773548	-5.189934	-28.514368	0.046117	7.871570	-3.517192	31.246273	5.124964	-11.616448	-9.496673	7.240662	-0.764479	18.782564	-21.641909	-6.003058	2.259119	8.278064	-40.765064	9.251354
GGACACAAGTTTACAC-1_1	-2.392892	15.291909	9.366411	31.412815	-22.984470	-6.777151	7.525733	15.698477	-4.798550	-5.348044	11.316394	20.530910	17.304298	8.908873	-5.569877	-29.102320	-0.156111	10.152422	-4.066514	32.656025	4.670160	-11.240441	-9.679608	7.825871	-1.260825	19.626488	-22.548006	-6.674773	1.594789	9.622832	-41.806995	9.872742
CCGAGAAGTCGCATAA-1_1	-2.474955	7.076765	4.867383	20.442755	-16.972713	-3.144374	6.114954	10.211202	-3.709098	-2.682624	7.790257	13.636567	10.930252	8.792987	-3.574583	-20.277233	0.110637	8.550270	-3.420280	20.725725	0.118548	-6.284486	-5.352293	6.239984	-1.649718	11.999355	-16.175318	-3.147254	-0.015510	7.319570	-26.168512	5.020532
AACTACCCGTTTGTCA-1_1	-4.382302	13.974082	9.033185	35.430920	-28.586227	-5.649906	9.301678	17.633408	-5.913139	-5.440485	12.952020	23.518494	18.824520	13.598363	-5.739798	-34.367054	0.189490	14.300902	-5.909832	36.057114	0.646617	-11.044631	-9.732036	9.953784	-3.105723	20.401621	-27.020115	-6.607042	0.628103	11.893686	-44.933662	10.012878
CGCCACAGGTCGCGAT-1_1	4.486967	0.360206	1.124361	1.666371	1.982018	-3.540986	0.084586	0.519556	-0.350131	4.030669	-0.952564	-0.362405	-2.236343	2.121675	-3.150181	0.528146	-0.297340	-2.957468	2.184159	-0.048178	3.098022	1.235474	3.401977	1.626508	1.481673	-0.184830	0.558276	2.117749	2.287180	2.768929	-0.142463	-0.114160
TTGAATCGTTGTATAA-1_1	2.636832	0.108480	0.367051	0.859213	1.176491	-2.377956	0.294956	0.051232	0.004330	2.222911	-0.680051	-0.605973	-1.570472	1.255559	-1.816298	0.839488	-0.477230	-1.781539	1.138576	-0.045801	1.631853	0.764223	2.340389	1.217788	0.951789	-0.561189	0.476350	1.166931	1.060880	1.529654	0.297455	-0.548544
TGGCCAATTTGGTACT-1_1	1.863151	-0.553714	0.145500	0.990151	1.074620	-1.299606	0.214151	-0.184199	0.341765	1.177868	-1.437880	-0.624944	-0.565637	0.579340	-2.186567	-0.143385	0.784577	-0.070819	1.213113	0.358126	1.250108	1.245828	1.724968	0.290369	-0.442187	1.032791	0.492390	0.900822	-0.193267	1.729142	0.261910	-0.099858
CGACCCTTAACGCCGG-1_1	6.098704	1.055106	0.003704	0.973487	4.698500	-6.960413	-0.139805	-1.401564	1.058277	5.177921	-2.095312	-3.853453	-5.113722	1.863886	-2.632315	4.373577	-2.383407	-4.486370	3.524690	-1.294455	2.741924	2.203007	5.362239	2.552134	4.655487	-3.522000	1.170635	1.979448	2.922621	2.576043	2.435462	-1.442701
TCGGCGTACTGCACAA-1_1	1.717932	-0.569189	0.088163	1.227502	0.384206	-0.996838	0.452043	0.073252	-0.003564	1.093713	-1.279528	-0.201250	-0.400345	0.685414	-2.288451	-0.432040	0.830742	-0.207389	0.985784	0.388897	1.216430	1.070060	1.738138	0.612734	-0.732199	0.958462	0.437388	0.720323	-0.257524	1.682758	0.056739	-0.200368
GAGTAAGGCCACGGGA-1_1	2.557628	-0.418088	0.142268	0.990337	2.207018	-2.364949	0.255125	-0.503538	0.946203	1.807736	-1.896558	-1.743816	-1.229075	0.658166	-2.311508	0.726033	0.358934	0.054357	1.487395	0.059545	1.578635	1.380803	2.392226	0.229707	0.042132	0.592974	0.614535	0.839385	-0.419361	2.071017	0.917100	-0.270683
ATCAGCTCGTCCACTA-1_1	1.232996	-0.416163	0.197822	0.987681	-0.369370	-0.602217	0.381721	0.341368	-0.366206	0.916601	-0.675312	0.389132	-0.164036	0.729414	-1.894460	-0.618676	0.673959	-0.500716	0.666705	0.325275	0.868213	0.788147	1.383791	0.830828	-0.609226	0.768996	0.095434	0.665269	0.187824	1.304665	-0.406442	-0.236904
AGGATCACGCGATCTG-1_1	4.675666	0.507097	0.404412	0.783762	3.494092	-5.006019	-0.113750	-0.649519	0.790125	3.702584	-1.540753	-2.238018	-3.240748	1.544414	-2.390768	2.456446	-1.212919	-2.828395	2.378004	-0.570713	2.474079	1.753782	3.950238	1.454316	2.682600	-1.508609	0.812912	1.698431	2.059067	2.366346	1.272821	-0.696581
AAATGGCCCGTGCCCT-1_1	1.685715	-0.499660	0.257082	1.398149	-0.146942	-1.047913	0.648919	0.365164	-0.457102	1.427061	-1.086190	0.041601	-0.515528	1.017085	-2.353140	-0.444961	0.615405	-0.561295	0.799395	0.240857	1.368759	0.820831	1.926912	1.103321	-0.642743	0.554174	0.223458	0.741256	-0.085624	1.788113	-0.091700	-0.465467
CAGTACCAGTTTACGT-1_1	1.840312	-0.994297	-0.498039	0.576604	1.461305	-2.100790	0.312568	-0.919296	1.598286	0.911364	-2.526458	-1.934358	-0.839391	0.526803	-2.480874	0.726160	1.483084	1.234991	1.869825	0.002917	0.271284	1.606664	1.892748	0.273038	-1.025497	1.306315	0.650834	-0.004356	-1.794589	2.131352	0.732183	-0.555450
GGTCGTAAGCTCGCAC-1_1	2.745692	-0.406819	0.251543	1.375148	1.785780	-2.749984	0.714980	-0.257944	0.575943	2.379164	-2.082283	-1.829356	-1.518855	1.117947	-2.631048	0.847606	0.105950	-0.284214	1.456621	-0.251415	1.878794	1.243568	3.081301	0.949616	0.139433	0.054995	0.406998	0.720629	-0.500364	2.424890	1.078567	-0.758384
CGTTCATGGTGCGCGT-1_1	0.838638	-0.764549	-0.235434	0.689614	0.116547	-0.839691	0.267606	-0.213735	0.528672	0.544403	-1.577605	-0.657230	-0.086349	0.436893	-1.822578	-0.148413	1.328326	0.836354	1.118391	0.049106	0.123686	0.979155	1.057412	0.496194	-1.103971	1.176692	0.122480	-0.003677	-1.175802	1.373867	0.022404	-0.351618
GACTACAAAGCGGTGG-1_1	1.920398	-1.595440	-1.132521	-0.026498	2.371322	-3.428981	-0.140807	-2.022834	2.866351	0.861173	-3.567418	-3.244476	-1.348918	0.333436	-2.863226	1.995971	2.245777	2.219845	2.795162	-0.192054	-0.374815	2.535273	2.079656	0.098175	-1.407170	1.438972	0.625214	-0.007122	-2.908263	2.660395	1.242908	-0.981829
CAGCTGGCGTAACCGT-1_1	2.700392	-0.088025	0.342144	1.108115	1.919131	-2.729687	0.510642	-0.226366	0.571545	2.340053	-1.646183	-1.687955	-1.540593	1.099434	-2.145252	1.030649	-0.222115	-0.576332	1.337494	-0.330403	1.777869	1.012731	2.727641	0.802403	0.550025	-0.183532	0.365643	0.726290	-0.024440	2.075131	0.914296	-0.607910
ACTCGTAACCCGTCCT-1_1	1.246011	-0.410225	0.140668	1.343331	0.297854	-0.702426	0.655823	0.150744	0.007858	1.120311	-1.405390	-0.594532	-0.252502	0.715920	-1.882315	-0.448048	0.767992	0.457312	0.852255	0.153791	1.095165	0.647439	1.435253	0.576521	-0.821466	0.857424	0.088231	0.236440	-0.878105	1.579274	0.162976	-0.233547
CATATGTCAGGCTACG-1_1	1.120364	-0.979007	-0.698213	0.378008	0.927432	-1.705204	0.244773	-1.118241	1.602007	0.404991	-2.300822	-1.683969	-0.525375	0.365922	-2.127557	0.706528	1.754213	1.717574	1.785816	-0.004102	-0.276995	1.408057	1.213495	0.281842	-1.345603	1.357303	0.389617	-0.353428	-2.195842	1.787820	0.547244	-0.546268
GCCCGACTTCTTCCCG-1_1	2.004943	-1.369352	-0.736449	0.775097	1.565095	-2.693415	0.401416	-1.184022	1.806978	1.199482	-3.294354	-2.460234	-1.096050	0.682655	-3.141701	1.000343	1.973652	1.793649	2.304517	-0.146926	0.312250	2.044908	2.378904	0.601737	-1.493979	1.313288	0.557744	-0.072831	-2.569437	2.741703	1.063233	-0.852759
CTGGCATCCGAATGAG-1_1	1.197761	-0.858826	-0.227900	0.862442	0.331740	-0.900270	0.395262	-0.253512	0.664990	0.661797	-1.865903	-0.736034	-0.137143	0.537877	-2.242711	-0.287452	1.523175	0.897400	1.390083	0.187295	0.319683	1.114020	1.308229	0.493371	-1.255513	1.525769	0.352630	0.017647	-1.317380	1.686004	0.065446	-0.305423
AAGTGCGTTAGAATCT-1_1	2.256728	-2.404601	-1.037531	1.679615	0.635162	-2.850187	0.923917	-1.076613	1.564101	1.698187	-4.796791	-2.340818	-0.827076	1.045478	-5.244563	0.222475	3.629744	2.615124	3.224071	-0.272306	0.287090	2.803004	3.250784	1.686594	-3.118953	2.279661	0.526127	-0.353766	-3.942986	3.970708	1.014474	-1.207096
AGAAGTGATTCGTGAT-1_1	1.551646	-0.928762	0.675636	1.892404	-0.335786	-0.223913	0.198898	0.765144	-0.324898	1.543726	-1.697693	0.440044	0.620735	0.842494	-3.224311	-1.890040	1.984221	0.578163	1.780389	0.577646	0.999129	1.501529	1.435631	0.601162	-1.733560	2.894565	-0.265959	1.435235	-0.338760	2.354142	-1.656180	0.003492
TACCTTAAGATTTCCC-1_1	2.349283	-1.656319	0.103345	2.799100	-0.011647	-1.608828	1.315277	0.192659	-0.110083	2.261653	-3.632063	-0.901399	-0.468056	1.186370	-5.185005	-1.190551	2.676609	1.170539	2.266112	0.176453	1.887099	2.277991	3.709234	1.702678	-2.512947	2.170684	0.219232	0.559593	-2.103657	3.878990	0.181652	-0.859427
AATGACAGCAATGTCT-1_1	2.406805	-0.628238	0.032017	1.343413	1.944525	-2.540341	0.535457	-0.536533	0.857079	1.911453	-2.465404	-2.294117	-1.364697	0.911115	-2.585458	0.765589	0.640249	0.601161	1.474916	-0.015068	1.681414	1.521649	2.779490	0.542297	-0.340577	0.508585	0.333464	0.675354	-1.252618	2.545731	1.160321	-0.603553
TCAACGCAGGAAATAA-1_1	2.862914	-2.092523	0.605844	4.123937	-1.359689	-1.809423	2.211858	0.884538	-1.130405	3.486573	-3.723996	-0.648998	-0.559840	2.040848	-6.816784	-1.983937	3.072485	0.884558	2.107875	0.110398	2.609398	2.538880	4.789526	2.832538	-3.111583	2.130615	-0.413854	1.055536	-2.190329	4.938363	-0.654366	-1.077122
TATTCCTCCGCCCACT-1_1	1.448467	-0.704844	-0.094680	1.334159	0.431969	-1.171497	0.515573	-0.146512	0.333297	0.975589	-1.916184	-0.975471	-0.402250	0.729597	-2.406627	-0.234684	1.289765	0.771865	1.201539	0.267151	0.977626	1.218021	1.842220	0.683541	-1.198675	1.155217	0.225116	0.234760	-1.307177	2.026937	0.307220	-0.394441
ATCAAACGAAGGTTTG-1_1	3.518970	-2.121113	0.416424	4.144799	-0.617756	-2.406584	2.347988	0.665290	-0.852262	3.862742	-4.390849	-0.960735	-1.003509	2.160907	-6.967367	-1.634888	2.739085	0.523577	2.554931	-0.023846	3.113479	2.625401	5.356166	2.775059	-2.663532	1.959539	-0.020535	1.124010	-2.181502	5.290172	0.110896	-1.309806
TTGATTAGCTGTTTCT-1_1	0.947059	-0.341785	0.143845	0.914736	-0.097807	-0.485298	0.314229	0.220037	-0.227659	0.736533	-0.760987	0.063460	-0.116677	0.559923	-1.490828	-0.460159	0.603604	-0.116515	0.565396	0.197325	0.813657	0.636273	1.025639	0.488097	-0.546598	0.697712	0.033774	0.486792	-0.130716	1.110397	-0.200561	-0.145003
CTGCTGAGGCCACGAA-1_1	3.385207	-1.829544	0.487536	3.585609	0.458032	-1.722682	1.612336	0.539117	-0.079744	3.461602	-4.463130	-1.006346	-0.667597	1.690542	-6.156116	-1.771315	3.028214	1.139593	2.951679	0.451323	2.847397	2.214323	4.135225	1.641923	-2.594438	2.972267	0.321103	1.186103	-2.107500	4.919151	-0.067849	-0.685816
CCGTGTTAAATTCCAT-1_1	1.458299	-0.981666	0.083903	1.583534	-0.108263	-0.662916	0.603223	0.150770	0.043743	1.086268	-2.024377	-0.196880	0.088912	0.692667	-3.168135	-0.996484	1.848561	0.552438	1.462411	0.371552	0.918516	1.516327	1.924850	0.781217	-1.612903	1.969230	0.152620	0.511353	-0.925418	2.240635	-0.455301	-0.287012
CACGTCGGCAACCTCT-1_1	1.496509	-1.261161	0.336838	2.636420	-0.230298	-0.762970	1.292759	0.494081	-0.030060	2.121216	-3.090942	-0.786310	0.220637	1.367988	-4.069056	-1.771531	2.080569	2.150869	2.071439	0.152310	1.309492	1.422611	2.479966	1.288313	-2.338636	2.421548	-0.442915	0.317574	-2.163697	3.379530	-0.386811	-0.514534
GTATTCTGAGAAACGA-1_1	1.936919	-1.355476	0.383041	3.028396	-0.688105	-1.072629	1.588499	0.495977	-0.500504	1.971778	-2.880031	-0.427367	0.040328	1.290392	-4.927395	-1.620782	2.458961	1.338478	1.678560	0.362232	1.794758	1.954162	3.376436	1.788815	-2.646852	2.253415	-0.086980	0.387617	-1.914110	3.510573	-0.498682	-0.690430
CGGTGCGCGTTGGTCC-1_1	2.412602	-0.630984	0.014152	1.525338	1.565634	-2.374223	0.813056	-0.367283	0.573562	2.006116	-2.392203	-2.002449	-1.282385	1.023711	-2.707778	0.527195	0.496896	0.472283	1.396468	-0.090641	1.756686	1.349645	2.884973	0.806270	-0.395190	0.329855	0.348865	0.511279	-1.209677	2.569094	1.180446	-0.634125
GTGATTCGCCGCTCAA-1_1	9.943594	1.481511	0.732203	2.039410	7.152122	-11.189120	-0.152487	-1.406372	0.948600	8.622104	-3.133112	-5.487759	-7.899051	3.497066	-4.697549	6.069176	-3.248547	-7.417810	5.202271	-1.644411	5.420100	3.574346	8.879640	3.934026	6.883631	-4.919788	1.645087	3.767475	4.818903	4.930571	3.367889	-2.034896
GCCCGCGCGTAAACGG-1_1	3.436304	-1.857162	-0.174319	2.786864	1.307864	-2.498843	1.347471	-0.328540	0.727237	2.173113	-4.782979	-1.958606	-0.754861	1.363491	-5.694404	-0.914300	2.860781	1.818237	2.844774	0.749663	2.229453	2.684133	4.096698	1.377184	-2.485447	2.884106	0.862035	0.574256	-2.727421	4.704818	0.749862	-0.700188
AACGTACTGTGGGTAC-1_1	5.979845	-0.860882	0.649220	4.092148	0.306148	-4.783911	1.969478	0.958245	-1.297109	4.815114	-3.513505	-0.839540	-2.551553	3.438015	-6.790966	-0.013583	0.633882	-2.155020	2.192233	0.276517	4.642681	2.350320	6.420990	3.378054	-0.720335	0.188264	0.671775	2.036133	0.223427	5.888524	0.353052	-1.561491
GAGTATGCCCGCCTTG-1_1	3.023189	-2.420996	0.234640	4.356678	-0.336020	-1.860751	2.457724	0.265697	-0.199046	3.160194	-5.556953	-1.191664	-0.126892	2.021534	-7.899594	-2.422577	4.133213	3.165219	3.451509	0.359238	2.531301	3.134220	5.176795	2.610164	-4.237682	3.792791	0.038684	0.344791	-3.807091	5.979016	-0.021860	-1.114835
TGATTCTGTCGCCGGT-1_1	7.735255	-0.551276	1.403362	4.074766	1.610059	-6.453654	1.914641	1.044148	-1.359694	6.904558	-3.198399	-0.939496	-3.965136	4.223077	-7.284318	0.671417	-0.002853	-4.273198	3.145572	0.132861	5.655956	2.295833	7.579007	4.315441	0.898153	-0.751146	1.249598	3.065848	1.830520	6.292069	0.392099	-1.687561
GGGCGGCAAATGAATT-1_1	2.635788	-1.100163	0.438153	3.043133	-0.035315	-1.812970	1.366142	0.371696	-0.632162	2.397620	-3.075295	-0.835690	-0.701298	1.788840	-4.568635	-1.148798	1.918090	0.694383	1.708937	0.468094	2.774097	1.848928	3.427192	1.494801	-1.723865	1.632163	0.017764	1.084237	-1.399699	4.025242	-0.009246	-0.605875
TTCCAATCTGGCTATC-1_1	8.209734	0.108962	1.334801	4.760046	3.664457	-8.188306	2.167045	0.085958	-0.575207	7.073471	-4.647022	-4.091217	-4.762067	4.801144	-6.633277	2.405758	-0.863496	-2.067973	2.828697	-0.389258	6.954175	2.689718	7.811455	3.005827	1.305224	-1.587288	0.498999	3.088969	-0.016633	7.349792	1.652578	-1.737212
GGAACCGTGTAAATTG-1_1	2.421574	-1.527839	0.092273	2.841897	0.494641	-1.385304	1.296887	0.008253	0.471802	1.877414	-4.107874	-1.202130	0.187986	1.446610	-5.147208	-1.523800	2.856788	2.431700	2.612811	0.573720	1.555794	2.169349	3.050740	1.179527	-2.885407	3.416304	0.293131	0.401141	-2.652595	4.129082	-0.348083	-0.560675
TTGGTCACACTCGTAA-1_1	3.510764	-1.067801	1.362947	5.729489	-0.169869	-1.791376	2.786383	1.131148	-1.202565	4.333775	-4.180493	-1.099341	-0.295810	3.525456	-6.890208	-2.677572	2.563936	2.261884	2.594667	0.785160	4.856778	1.969708	4.638954	2.403632	-3.303425	3.073716	-0.683318	1.298815	-2.950314	6.126486	-0.773643	-0.694816
CGAACCCGCATGCGTC-1_1	2.135077	-1.161611	0.544049	3.506404	0.006502	-1.030240	1.674525	0.483834	-0.377393	2.356577	-3.492168	-0.961031	0.113068	1.941688	-4.863355	-1.901618	2.333966	2.029811	2.090509	0.639751	2.535558	1.814748	3.311621	1.513519	-2.654464	2.760460	-0.253345	0.689368	-2.358987	4.186331	-0.400418	-0.596101
GGGCGTCACCACGTAA-1_1	4.048220	-1.123899	1.800425	5.363129	0.288754	-0.477937	2.640548	2.335507	-0.979481	4.303817	-4.333376	0.350103	2.803923	3.246205	-6.794150	-4.858878	2.501803	3.112267	3.980462	0.373491	3.061214	2.039709	2.261818	1.344980	-3.681641	6.950396	-1.045232	2.286651	-2.291122	6.134471	-3.783393	-0.766583
TACCAGAAGTAGGTTC-1_1	2.053466	-1.203508	1.030105	3.490860	-0.504709	-0.467835	1.475009	1.120680	-0.562577	3.084347	-2.816675	-0.153132	0.508872	1.870978	-4.757126	-2.542840	2.242691	1.520632	2.334370	0.315518	2.081068	1.397600	2.570915	1.378342	-2.513288	3.155497	-0.611539	1.124652	-1.599717	3.752434	-1.417549	-0.376804
TTGGATATCGTCTACG-1_1	2.110734	0.284561	0.950985	5.047531	-1.158039	0.311449	2.223487	2.112420	-0.987588	1.195073	-3.002177	0.697193	4.713670	3.093986	-5.197643	-5.451434	1.864318	4.721267	2.491684	1.459968	1.849424	2.344301	1.132847	1.192736	-3.938652	7.432356	-2.595472	0.233247	-2.651053	5.730971	-4.512437	-0.608676
TAGATATGGACTGGAA-1_1	2.131084	-0.823976	0.422770	2.797092	0.033741	-1.094416	1.191417	0.498374	-0.371443	2.088645	-2.473373	-0.599098	-0.321333	1.699272	-3.775131	-1.355734	1.663299	1.006536	1.600304	0.595040	2.411705	1.373060	2.776945	1.223403	-1.802032	1.769409	0.010075	0.768222	-1.428716	3.325388	-0.100569	-0.368533
GCGACGATAGTTGTAC-1_1	1.980563	1.186021	2.095475	5.746824	-2.480231	0.322650	2.008682	3.092630	-2.906104	0.916658	-1.459160	2.051188	5.225956	3.633116	-5.052727	-5.605586	1.564033	3.569768	1.770190	1.792827	2.503600	2.418388	0.686270	1.823341	-4.163703	7.430188	-3.400527	0.604535	-1.563477	5.544456	-6.643584	-0.758064
CTGGATTTACACTTGA-1_1	3.011784	-0.194075	0.527989	2.358250	0.867939	-2.009399	0.639643	0.179520	-0.315849	1.943100	-1.781913	-0.657754	-0.911331	1.559876	-3.182836	-0.345758	0.868480	-0.086452	1.142308	0.690672	2.735403	1.416513	2.437673	0.607033	-0.805622	1.066973	0.408850	1.407009	-0.312887	2.969670	-0.129969	-0.035832
GTTATATTATCTCCCT-1_1	7.189476	0.880642	1.975793	5.590150	1.852714	-4.686105	1.432351	1.158702	-1.534308	5.280087	-2.080023	-0.509779	-2.503315	3.903174	-6.534023	-0.458373	0.579955	-2.250082	2.030284	1.368747	6.868840	2.277760	5.256190	1.681174	-0.675214	1.144840	0.872014	3.526601	0.948172	5.921670	-1.191336	0.276327
TATTCCACTCAGCTCG-1_1	2.997498	-1.177807	0.444647	3.488916	0.017932	-1.623908	1.455268	0.425778	-0.562802	2.234360	-3.303806	-0.472942	-0.243956	1.907252	-5.344741	-1.780450	2.383379	1.077674	2.080883	0.936816	3.017729	2.316416	3.738390	1.467034	-2.358886	2.633364	0.297257	1.149833	-1.444770	4.426151	-0.349315	-0.353105
CTGTTACCCAATCTAG-1_1	2.662044	-0.873557	1.698835	2.631181	-0.707990	0.226416	0.596237	1.629674	-1.453265	1.920581	-1.234802	2.078387	2.457445	1.574579	-4.301108	-3.593063	2.559162	0.512301	2.411018	1.002772	1.688246	2.088146	0.717991	0.709034	-2.563368	5.626813	-0.419558	3.063638	0.120567	3.317203	-4.232861	-0.254130
ACGCGAAGTCAGACGA-1_1	2.022259	-1.608361	1.808082	5.121391	-3.087366	0.282285	2.365903	1.763279	-2.473731	2.752111	-1.669416	2.605398	2.467950	2.119075	-7.803359	-4.937797	4.361697	1.399825	2.621546	1.767936	2.851898	3.279804	3.538638	2.889644	-4.650512	5.849576	-1.267446	2.527573	-1.316445	5.017487	-4.715105	-1.010247
GATAGGTAACGTTGAC-1_1	4.899271	5.411961	3.983704	13.539668	-10.474947	-2.764624	9.734975	8.452968	-7.274984	-0.088171	7.474547	15.383415	11.950989	5.980792	-9.526597	-14.930894	1.939931	-0.832032	0.607711	12.870749	7.958587	-4.208684	-2.961622	5.938545	0.130746	16.106750	-10.622714	0.554590	1.595735	6.165504	-26.162565	-0.438481
TGTTCGTATTGCGGTG-1_1	4.200714	2.959185	2.180022	10.669857	-9.691784	-1.337399	10.168151	6.813784	-6.381480	0.414404	6.950896	13.541575	10.454843	5.711562	-9.222385	-13.917128	2.696246	-0.622850	0.257788	11.312607	6.056924	-3.247741	-2.340270	5.850183	0.416540	13.515614	-9.221016	1.980429	-0.051164	6.272521	-21.992476	-1.782548
GGTCAGTGGGTCCCAC-1_1	5.834964	5.798388	3.960447	15.987402	-13.049517	-3.502430	16.287378	9.645027	-9.095419	-1.590037	12.436525	20.205915	13.913089	7.597223	-8.825547	-19.384005	1.446155	-3.511474	0.955687	18.837355	11.172678	-11.022891	-5.629068	8.223802	5.527601	17.172783	-14.318408	1.747797	0.095862	5.624738	-31.824076	-2.619895
AATTCTAGAGTTAGGC-1_1	4.626336	5.271348	3.304625	14.632445	-12.308891	-3.524446	14.740376	8.678274	-7.667587	-1.733050	11.511802	18.248920	12.562760	6.471261	-7.323503	-18.019266	1.508406	-1.949088	-0.350226	17.858915	9.003388	-9.334138	-5.721857	7.368414	4.889627	15.485546	-12.920486	2.220008	-0.120061	5.916429	-28.829494	-2.288524
GTTTACGTTCCATCTG-1_1	5.088573	3.698681	1.968492	15.086641	-13.842746	-2.173892	17.649815	8.605762	-8.494654	-1.917514	12.719776	20.605227	13.778178	7.335911	-6.238395	-20.495897	1.735738	-2.607046	-0.319933	18.989122	7.940248	-11.200968	-6.977859	7.732489	6.815290	16.506248	-12.877969	4.033767	-0.651213	6.102065	-30.306694	-3.674942
AGACCCACCGCTGATC-1_1	4.022701	8.317574	5.272165	17.465021	-13.674963	-4.981377	14.170465	10.356906	-8.454167	-2.816088	12.746423	19.915308	13.765349	7.096781	-8.412190	-19.172253	1.173959	-1.504734	-0.336557	20.642601	12.089558	-10.410737	-5.932723	8.129277	4.154211	16.534422	-15.977621	0.323723	0.498145	6.184638	-32.887550	-0.869805
TCTAGCATGCCCAGAA-1_1	5.364293	7.613544	5.123480	17.479467	-13.069437	-4.045840	16.484110	10.738670	-9.712708	-3.270514	13.642865	22.674437	14.763322	6.559830	-7.598460	-20.239616	0.934511	-4.539231	1.185553	20.525801	12.930682	-12.817249	-7.036903	7.884697	6.233391	17.762836	-15.253311	1.510566	1.080399	4.823768	-34.254017	-2.157960
CCCGCAGCGCGAACTA-1_1	2.880924	8.107066	5.110693	14.174362	-10.577423	-4.554671	9.309130	9.564573	-7.572399	-2.778821	9.618505	14.903154	11.924275	6.772159	-6.728907	-14.030234	0.196845	0.363024	0.052054	15.517013	11.521381	-7.340960	-4.253589	6.397495	1.675496	14.167366	-13.035341	-1.180941	1.082017	5.498457	-26.676943	-0.430008
CTCTATTTGGCTGCAG-1_1	3.633968	8.617557	5.633968	16.295362	-11.752616	-4.846365	12.782886	9.848186	-8.031288	-3.570904	11.638556	18.433376	13.074704	6.001810	-6.979272	-16.953827	0.609209	-2.254556	0.171129	19.210825	12.570513	-10.734724	-6.151173	7.074163	4.494980	15.708471	-14.398184	-0.548636	0.786562	4.988943	-30.393627	-0.568125
TTCTGCCGCGCCTAGA-1_1	1.427562	1.747172	1.506615	5.404789	-3.596124	-0.007974	2.544216	3.422000	-3.379126	0.171902	0.439106	3.778553	4.995915	4.197686	-4.028132	-5.372788	0.675149	2.691877	0.716718	3.122374	3.037320	0.934915	0.043146	2.102258	-2.655205	6.536017	-4.013123	-0.101735	-0.582430	4.364078	-7.356716	-0.501769
ACTCCCTAGAATAGTA-1_1	3.356236	10.968635	7.113832	18.877672	-13.419509	-6.081840	11.638906	11.823265	-9.299064	-4.078739	12.412606	18.973528	15.121900	8.058841	-8.428491	-17.776100	-0.006555	-0.680490	0.214007	20.819450	15.009072	-10.735754	-5.861124	8.253845	2.994011	17.482822	-16.927101	-2.439002	1.561898	6.063790	-34.164883	0.096034
CCGAACCTTCCCGGCC-1_1	2.909709	0.755988	0.718858	4.330488	0.515080	-1.979770	1.652506	0.856785	-0.612480	1.714998	-2.690770	-1.533689	0.384096	3.306872	-3.440788	-1.434548	0.884785	2.966251	0.825701	1.605829	4.220699	1.113281	2.340387	1.390481	-2.336552	2.472554	-1.069343	0.462340	-2.846089	4.804798	-0.827814	-0.317468
TCAGACGCTATAGAAG-1_1	1.592105	5.376959	4.224217	11.986508	-8.961794	-3.214347	5.124114	8.130493	-5.519678	-0.566392	5.237006	9.365286	9.387863	6.728410	-5.466927	-11.363692	0.125161	3.995879	0.206667	10.429664	6.607566	-2.851992	-1.803012	4.642727	-1.638557	12.291974	-10.157576	-1.312820	1.010096	5.703146	-20.425917	0.500756
CAGGCGCCATGCTAGG-1_1	3.476153	-0.193178	0.216064	3.368098	2.739453	-3.284249	1.844743	-0.536492	1.187861	2.301594	-4.196929	-3.651098	-0.901996	2.802903	-3.715936	-0.011980	0.704039	4.020986	1.803258	1.246351	3.599117	1.570259	3.374379	0.761642	-1.749559	2.105884	-0.150779	0.637516	-3.747821	4.921613	0.699994	-0.544135
CACTCGAGCTGAACAA-1_1	1.455723	1.419104	1.796814	4.383018	-1.653373	-0.719785	1.433143	2.079186	-2.451282	1.055694	-0.940193	1.023320	2.440765	3.738185	-2.800561	-2.881522	0.258743	2.629073	0.637500	1.559176	3.722452	1.064721	0.995624	1.743375	-2.717495	3.706470	-2.621429	0.382938	-1.448765	4.134630	-3.688157	-0.468257
ACAAGGAAATCCGCCC-1_1	1.832839	-0.862037	1.360558	4.707658	-1.026964	-0.987570	1.863096	1.497266	-0.734888	3.536097	-3.022869	-1.045417	0.716874	3.335504	-4.891335	-3.102357	1.624382	3.257529	2.045661	0.768014	2.956731	1.353467	2.945852	2.071751	-3.113795	2.932997	-1.823769	1.039536	-2.752075	5.010937	-1.841568	-0.583222
ACCACGTGCAGCTATA-1_1	1.934717	-1.140432	1.285187	3.718177	0.014545	-0.132451	0.802297	1.807997	0.470529	2.806922	-3.711406	-0.918362	2.588485	2.413492	-4.324090	-4.283278	1.998771	4.272000	3.298638	0.859622	0.780002	1.629999	1.207453	0.783328	-3.287339	5.681060	-1.637681	1.332854	-2.479028	4.681355	-3.252081	-0.115642
ACGGCGACGATGGGAA-1_1	2.731448	-0.434757	0.208195	3.921125	1.190626	-2.638117	2.084974	0.027238	0.512134	2.205083	-4.161697	-2.929780	0.108286	3.622797	-4.062969	-1.290609	0.677125	4.858652	1.641618	1.259579	3.278478	1.378032	2.985932	1.488282	-2.535689	2.469335	-0.858168	0.351537	-4.126568	5.249368	-0.138014	-0.577906
TTACTAAAGGACTTTA-1_1	17.063122	2.323969	0.775767	4.969566	12.596209	-19.344484	1.455749	-2.380497	1.514641	14.486416	-7.097914	-11.131163	-13.009167	6.678561	-8.473916	10.477303	-6.092717	-9.645098	7.750892	-3.105745	10.227864	5.595571	15.004130	5.821346	10.216825	-8.389198	2.362654	5.789666	4.938278	9.908522	6.367310	-3.481120
GGCTGAAATAGCAAAG-1_1	2.796519	-1.533569	-0.168256	5.451893	1.179493	-2.823140	2.992036	0.276053	1.766403	2.645824	-7.461768	-3.223100	1.965212	4.196022	-6.830437	-4.031111	2.345347	10.103104	4.278479	1.430314	2.773515	2.440844	3.717121	2.004589	-5.027348	6.292619	-1.842488	-0.782662	-7.178363	8.260255	-0.469554	-0.937513
TTAGACGAGTCACCTC-1_1	21.670265	4.104125	1.448024	4.441575	18.489475	-25.789940	-0.274179	-4.517160	2.742551	20.157366	-8.777755	-15.297385	-18.218100	7.895602	-8.471964	15.239683	-8.951241	-14.284781	12.883094	-5.504403	11.789720	7.763698	18.702312	7.651686	17.394693	-12.542949	2.630150	8.085279	9.741464	11.153503	8.832757	-4.387950
GTAGTCGCGGGAATCA-1_1	1.877771	-2.383117	0.292379	6.508430	-1.216198	-1.793402	3.160381	1.048794	1.154383	3.009768	-7.244962	-2.496943	3.468347	4.894939	-8.403387	-6.321253	3.567430	11.680196	4.656541	1.844325	1.360261	3.159694	3.972112	3.113020	-7.042288	7.847580	-3.068756	-1.046627	-7.854669	9.098149	-1.928662	-1.124596
GCAAACCCTACATTAT-1_1	7.341395	-1.056307	0.610397	4.831963	2.866194	-7.104030	3.234617	-0.248626	-0.412508	6.487094	-5.904496	-4.451815	-3.760401	4.692340	-7.274233	1.426970	-0.187928	-0.120217	2.942120	-0.675199	6.066917	2.485288	7.513400	3.358908	0.074113	-0.700532	0.404611	1.917144	-2.143176	7.510999	2.340821	-1.819980
GTTAAAGTAGGACTGG-1_1	3.143063	-2.792145	1.185320	6.828045	-0.212204	-2.064199	3.643768	1.279474	0.649164	4.788240	-7.859975	-2.739172	2.309438	4.495683	-9.354213	-5.431255	3.835273	8.820534	5.137470	1.029725	2.816447	3.164212	4.895973	3.011401	-6.244143	7.323812	-2.187401	0.606408	-6.748121	8.996177	-2.499433	-1.236384
ACCCTCCCTTGCTATT-1_1	11.167170	-2.384672	0.769415	8.992643	0.282393	-9.756072	6.496595	1.097213	-3.521591	11.153486	-8.991109	-3.936928	-5.145308	8.139447	-12.649774	0.374842	-0.056182	-1.853491	3.864016	-1.492516	9.186811	2.818718	11.232730	7.226288	-0.790478	-1.291590	-0.090464	3.357723	-3.042315	12.137149	2.001945	-3.469455
CATGTCTCATTTATGG-1_1	3.006296	-1.936018	0.563452	4.608367	-0.123958	-2.053176	2.985500	0.406070	-0.429968	3.650061	-5.315027	-1.820577	0.119672	3.155859	-6.876797	-2.468827	2.613861	3.667971	2.869956	0.235857	2.874677	2.260321	4.323571	2.386976	-3.436467	3.191518	-0.699419	0.630449	-3.826133	6.081242	-0.445438	-0.972497
AATAGAATCTGTTTCA-1_1	5.052506	-2.128758	1.029854	6.874645	-2.764430	-3.890469	5.113230	1.258655	-2.994162	7.054794	-4.663063	-1.352434	-1.724398	5.282022	-9.321647	-1.810372	1.422146	0.507187	1.551053	-0.497224	4.573318	1.565363	6.552170	5.334035	-2.680734	0.174028	-1.716006	1.996109	-3.330077	7.471794	-0.865156	-2.065749
TCTCATGAGATAGGGT-1_1	8.893128	-2.632722	1.184124	9.024137	-1.973503	-7.418020	6.661485	1.578562	-4.183187	10.489539	-7.275909	-2.306919	-3.715736	7.470522	-12.280050	-0.756932	0.560383	-1.092250	2.746781	-1.377305	7.748885	2.201583	9.821187	7.230872	-2.132777	-0.614635	-1.050344	3.447240	-3.378303	10.871723	0.133378	-3.553676
ATGACTATGCGACATT-1_1	8.285970	-3.545286	1.266957	10.717132	-4.272672	-6.169661	8.320882	1.567318	-4.181344	11.439677	-7.579902	-1.881057	-2.869763	7.667003	-14.648845	-2.724060	1.978758	0.309130	2.768003	-0.814567	6.517337	1.854716	10.320735	8.422797	-3.628978	-0.013043	-2.300325	3.084806	-5.455209	11.165491	-0.895945	-3.368848
CCTAACCCAAACAAGT-1_1	15.216338	-0.436800	2.747873	6.569629	11.231107	-15.537017	3.882617	-1.372418	2.240343	14.989606	-11.519765	-10.913801	-8.469154	7.815704	-11.281577	4.501873	-1.532283	-0.013049	8.764395	-2.762981	10.958112	4.413228	13.457332	4.199176	4.209413	-1.113171	0.888395	4.268453	-1.422500	13.794535	5.169438	-2.140864
AGTCAAGATGACACTT-1_1	4.506866	-2.531833	0.748717	6.617946	-2.334775	-3.800503	5.144972	0.950165	-2.471476	6.608396	-5.433089	-1.846256	-1.436851	4.950864	-9.359920	-2.048450	2.108222	1.966175	2.159700	-0.857156	4.410240	2.029504	6.534752	5.055154	-3.265543	0.832132	-1.576578	1.357111	-4.253130	7.696776	-0.256076	-2.015287
CGGGAGCTTCAGTGTA-1_1	10.285553	-2.424274	0.790562	8.271645	0.211771	-8.831052	6.442138	0.993813	-3.200634	10.728045	-8.595076	-3.451790	-4.532518	7.378717	-11.738218	0.094003	-0.053947	-1.572613	3.899143	-1.734854	8.129214	2.329706	10.207476	6.778391	-0.713503	-1.014886	-0.059060	2.990994	-2.998615	11.078281	1.743135	-3.320797
CCACAGTACCCATCCT-1_1	5.889554	-3.679808	0.584945	8.640953	-3.558733	-5.338395	6.963495	1.020676	-3.086913	8.591581	-7.518886	-2.154056	-1.896504	6.210467	-12.879054	-2.711822	3.160336	2.971891	2.995603	-1.274423	5.208045	3.010073	8.882330	6.902356	-4.531552	1.064995	-2.112638	1.643774	-5.926708	10.202132	-0.387486	-2.777011
GAGCGCGCACGAGTAG-1_1	6.393829	-1.553199	0.573770	5.373462	-0.189737	-5.404954	3.973679	0.790254	-2.209046	6.653658	-5.197680	-1.921324	-2.793039	4.676455	-7.652020	-0.039510	0.125215	-1.111266	2.290292	-0.939703	5.205359	1.650060	6.634664	4.381881	-0.790879	-0.491352	-0.107327	2.063020	-1.808357	7.051357	0.883766	-2.217128
ACCAGTGCGGGAGACG-1_1	6.703004	-2.325999	0.733197	7.143773	-1.123986	-5.530284	5.919816	0.860982	-2.715091	7.758122	-6.312069	-2.510839	-2.455072	6.113872	-9.922921	-0.885149	0.608470	0.498401	2.327684	-1.042998	6.130908	1.875144	8.057845	5.627730	-2.283224	-0.012981	-0.585446	1.917653	-3.774803	8.705195	0.767670	-2.788791
TCCTTACGACGGTCCG-1_1	6.681810	-2.080968	0.727502	6.889769	-0.509079	-5.477691	5.717424	0.714983	-2.458014	7.521118	-6.357971	-2.669255	-2.547681	6.004971	-9.348002	-0.665752	0.449681	0.494012	2.410851	-1.034216	6.312236	1.713821	7.729207	5.113057	-1.983548	-0.104732	-0.364724	1.849852	-3.671496	8.462167	1.051948	-2.656676
TAGTCGATCACGGGTT-1_1	11.673007	0.834233	1.249232	4.484674	7.571525	-13.059304	2.100885	-0.859097	-0.158145	11.320329	-5.971853	-6.959687	-8.323731	5.534043	-6.782311	5.492190	-3.524632	-5.668400	5.753301	-2.709297	7.837887	3.476456	10.221121	4.592523	6.338840	-4.846513	0.551190	4.296588	2.570998	8.223940	3.710128	-2.377038
AGACGAAGTGCCGGTC-1_1	16.582537	0.579468	0.487748	7.533760	6.019900	-16.774166	4.108011	-0.329975	-2.982119	15.821997	-7.422178	-6.956936	-11.645495	8.169525	-11.516504	6.794207	-4.751420	-10.864194	7.135737	-3.106639	9.999349	3.993292	13.837234	9.555537	8.132290	-7.933045	1.466589	6.035774	4.091050	10.844216	3.592309	-4.024606
CGCTGGTGACTACCCT-1_1	10.928767	0.670343	0.563264	4.630573	6.077379	-12.355233	2.196856	-0.818178	-0.625031	10.247544	-5.473699	-6.514015	-8.075704	5.525757	-6.736201	5.579463	-3.482360	-5.633575	4.607496	-2.230225	7.501771	3.264480	9.677076	4.841389	5.678707	-5.194715	0.429909	4.182093	1.989666	7.754645	3.386782	-2.601463
AGGCATTGTCGTAGGG-1_1	6.155189	-2.459290	0.418937	6.361115	1.630667	-4.568596	4.882721	-0.216356	-0.081224	5.131474	-8.308847	-3.725137	-0.812637	4.849157	-9.724372	-2.424504	2.700431	4.625103	3.983364	0.729569	5.540322	3.206267	6.969410	3.073900	-3.576112	3.726477	0.346455	0.721535	-5.305686	9.251877	0.934804	-1.181668
TGGTAGAATATATGGG-1_1	21.658648	3.640072	0.254493	5.929913	13.618626	-23.959728	1.003162	-3.428748	-0.886381	20.538513	-7.774392	-12.878777	-18.260344	8.779927	-9.772135	14.218837	-8.970097	-17.936951	11.832645	-5.210974	10.897786	6.488714	17.602272	10.926929	17.324947	-14.239981	2.946642	8.430772	10.320498	10.266292	7.622801	-4.961785
AGTTTGGCACGGGTTG-1_1	9.285660	0.401708	1.971290	5.196929	4.595145	-9.194895	2.125738	0.714641	-0.968570	9.236276	-5.023304	-4.512118	-5.507538	5.335244	-6.941489	2.482538	-1.393151	-3.072371	4.054307	-1.399950	7.612296	2.564999	8.409652	3.579146	2.539235	-1.976458	0.042640	3.516838	0.951766	7.989821	1.728051	-1.661204
GCATCGGCCGTGTAGG-1_1	-0.324987	-0.083132	0.652678	5.925189	-6.039074	-0.425917	3.233914	2.352726	-2.267963	1.741425	1.109652	2.030815	2.759658	4.465710	-4.077580	-5.753733	1.742998	4.111858	-0.836736	4.473354	1.213141	0.154375	1.265785	3.887761	-2.537454	3.070757	-4.453210	0.794800	-2.445250	4.784720	-6.236429	-0.774782
ATGCGAGTCCCACCAC-1_1	4.134721	-2.720359	0.354255	6.072523	-0.197262	-2.573672	4.569299	0.216629	-0.482848	3.847233	-7.138021	-1.756076	0.458993	3.520918	-9.996840	-3.373608	4.127400	4.692974	3.807242	0.627123	4.004545	3.740440	6.680195	3.275258	-5.091635	4.788483	-0.087813	0.127995	-5.057222	7.904348	-0.286781	-1.327106
TCGGCGAACCCAAACC-1_1	0.877586	-1.712911	0.508047	6.979075	-5.854382	0.100785	4.396883	2.710967	-1.826009	3.139716	-2.354064	1.380271	3.221997	4.508135	-8.594017	-7.037848	4.373327	6.351606	1.455604	2.962250	0.961459	3.012330	4.380335	4.333058	-5.960763	5.517510	-3.828601	-0.338847	-4.533140	6.698496	-5.430319	-0.807753
AGAGTAAACTTCACTA-1_1	1.989325	-0.891896	0.460677	3.291182	-0.306639	-0.593020	1.793426	0.590595	-0.511066	1.522313	-2.776577	-0.236488	0.937961	1.696304	-4.576544	-2.285627	2.237195	2.140088	1.702467	0.964132	2.220372	1.791514	2.724764	1.396502	-2.781587	3.297441	-0.136724	0.480790	-2.093909	3.775945	-0.909599	-0.454815
AAGCCGAAGCGGTTTA-1_1	0.789222	-0.586131	0.135847	2.285575	-0.652016	-0.031206	1.217628	0.549711	-0.168597	0.546676	-1.930270	-0.116460	1.821616	1.383050	-2.830839	-2.505320	1.431935	2.962765	1.379416	0.869642	0.569409	1.245508	1.052835	0.912463	-2.251987	3.341711	-0.897662	-0.123747	-1.995574	2.934203	-1.282944	-0.443302
CCCGAGTTTCTCCGTA-1_1	1.200401	0.912599	0.437627	8.090840	-5.463107	1.251859	2.810096	2.702913	-1.392366	0.334722	-2.055737	2.051931	7.470775	5.093383	-6.000576	-10.358844	2.532990	7.729373	1.569765	5.253934	0.664750	3.118442	1.087047	1.731500	-4.611246	10.670735	-5.163656	-1.276158	-2.547322	8.052025	-8.222549	1.212681
AATATCGAATCAATGC-1_1	1.851224	-1.500043	-0.467364	4.329530	-0.641073	-0.667753	1.555331	0.288869	1.653330	0.322321	-5.295575	-0.655107	4.109950	2.282702	-6.490869	-5.275873	4.048324	7.879980	4.288942	1.906549	-0.533243	3.234958	1.753751	0.962788	-5.268103	8.659530	-1.416948	-1.195306	-4.906713	6.504771	-2.377676	-0.398997
GCGCCTCCCACTCCGA-1_1	-1.086400	14.774353	7.798317	27.275871	-19.301815	-6.271312	5.752250	12.963572	-3.268264	-4.425758	9.251088	18.568478	15.598724	6.115653	-5.228722	-25.226273	-0.366389	8.213695	-3.369122	28.152014	4.502580	-8.851459	-8.638050	5.314353	-0.897701	18.548441	-18.516003	-5.881100	2.791612	7.978536	-37.639416	10.297858
CGTTAAACTAGTTAGG-1_1	0.232157	6.155913	3.237452	17.000362	-13.628887	-1.654817	3.731492	8.012634	-3.364163	-0.092602	3.762588	11.010544	11.157084	7.097775	-5.846332	-17.362186	0.700705	7.808785	-1.178632	14.861016	0.510479	-1.183087	-2.882137	3.848829	-3.817710	14.707780	-10.885437	-2.410586	1.843700	7.626105	-23.367037	5.372031
TGAGTTAAAGACATTC-1_1	-0.713510	11.687361	5.447213	23.980385	-18.140009	-5.120952	7.259125	11.617929	-3.502566	-3.775237	9.534962	18.119692	14.564756	6.188562	-4.130629	-23.739944	-0.417758	7.112377	-3.508232	25.438190	2.915671	-8.122399	-8.373395	5.260934	0.334633	17.069431	-16.493032	-3.515104	2.359057	7.646040	-33.900669	7.621746
AACAGGTAGTATGGAT-1_1	0.259291	1.026695	0.257601	4.296609	-3.876415	0.401935	1.167117	1.516083	-1.109285	0.208609	0.460788	2.639943	3.185701	2.060370	-2.474597	-5.067834	0.970443	2.419152	-0.039013	3.731761	-0.043818	0.651403	-0.137473	1.204294	-1.588697	4.219441	-2.415374	-0.210860	-0.029397	2.764981	-5.529089	1.124004
CGACGCATCCGTACCT-1_1	3.716025	-0.282641	0.672254	1.964292	0.127656	-1.678283	0.635443	0.569043	-0.768454	2.030394	-0.800699	1.387598	-0.708793	1.709123	-3.858643	-1.026652	0.789787	-2.277921	1.530573	1.177849	2.471532	1.337004	2.785411	1.550761	-0.552102	1.452750	1.228011	1.741981	1.464591	2.417633	-0.889131	-0.003488
CCTAGGTAAAGGTAGC-1_1	10.195976	2.366960	0.232948	1.046041	7.326553	-10.610232	-1.263247	-1.980797	0.864958	8.516569	-2.002828	-4.768610	-8.345566	3.456569	-3.835187	6.821253	-3.956426	-9.982811	6.124182	-1.487312	3.995437	3.595636	8.100839	4.522549	8.732233	-5.939024	2.587667	4.188760	7.396492	3.258353	3.033438	-1.809737
AGCGGCGGTTAGCGGT-1_1	2.388361	-0.960046	0.302345	2.494570	0.594467	-0.682092	0.993603	0.263206	-0.011520	1.271746	-2.861444	-0.315116	0.542226	1.098794	-4.107546	-1.748013	2.362612	1.439745	1.923163	1.065277	1.847156	1.800737	2.282168	0.753468	-2.300980	3.308928	0.562550	0.857131	-1.523029	3.283460	-0.522345	-0.091617
CTGGACGCAGTCCGGC-1_1	0.907085	-0.448370	0.021115	0.835917	0.097737	-0.271652	0.295537	0.062718	0.110497	0.453865	-0.934402	-0.097978	0.222678	0.499888	-1.543916	-0.586567	0.926147	0.361448	0.789873	0.374390	0.518798	0.740110	0.806426	0.317357	-0.907677	1.337099	0.203941	0.341648	-0.550716	1.112149	-0.317973	-0.069505
AGCCTAATACCCACGT-1_1	3.525801	-0.596634	0.066731	0.969759	3.839009	-3.794340	0.195538	-1.210493	1.839639	2.271330	-2.865116	-3.338923	-1.991399	0.805090	-2.851755	1.639883	0.352191	0.504639	2.130702	0.056470	2.055804	2.130802	3.381201	0.022652	0.348988	0.584484	0.979526	1.087487	-0.916364	2.893470	1.786341	-0.427791
AATCTGGCTTTCTAGT-1_1	5.231951	-0.104155	0.621005	0.842144	5.340014	-5.878444	-0.059454	-1.417649	2.144678	3.999961	-2.492645	-3.825728	-3.557665	1.421674	-3.257940	3.002831	-0.719596	-1.618397	2.743431	-0.238874	3.200535	2.470473	5.090534	0.746628	2.012272	-0.584110	1.259312	2.261606	0.764216	3.304991	2.290329	-0.927029
CACCCTTGGTGAGACC-1_1	1.031261	-0.432429	0.202045	0.886277	-0.399551	-0.303372	0.232289	0.307032	-0.334763	0.734138	-0.499770	0.554911	0.077630	0.560320	-1.816935	-0.829789	0.848182	-0.333050	0.741932	0.407616	0.721136	0.843030	1.047935	0.578723	-0.686203	1.114588	0.039999	0.717674	0.240805	1.120561	-0.681109	-0.009964
GGATCTTGACTCAACC-1_1	0.725820	-0.444874	0.343478	0.795836	-0.369649	0.008471	0.105560	0.436566	-0.265298	0.530891	-0.421845	0.543052	0.658089	0.424394	-1.497362	-1.093918	0.911760	0.217109	0.825447	0.353269	0.276797	0.793568	0.432815	0.290270	-0.851899	1.726498	-0.163944	0.789140	0.027283	0.956516	-1.242004	0.011912
ACGAGGATACCACTCT-1_1	1.612956	-0.555212	0.277651	1.431883	-0.336051	-0.611172	0.479874	0.368184	-0.439665	1.024394	-0.937733	0.634271	-0.035024	0.789922	-2.673327	-1.003288	1.133626	-0.481608	1.010393	0.538737	1.281365	1.191430	1.800960	0.873185	-0.974919	1.372535	0.329559	0.834290	0.198432	1.700601	-0.590722	-0.119751
GAGTTGATGGCAATTT-1_1	3.051042	0.315354	0.367460	0.644343	1.560567	-2.974958	-0.082073	-0.035997	-0.017828	2.571280	-0.663643	-0.685294	-1.987652	1.318725	-1.742542	1.168469	-0.659669	-2.500671	1.498290	-0.218862	1.697726	1.097668	2.521594	1.293646	1.685654	-0.896255	0.391565	1.470429	1.872779	1.589282	0.251519	-0.470011
GTGGCAAACAGCGGCA-1_1	12.624222	3.171590	0.284137	1.505349	10.847212	-14.751249	-1.596928	-3.976530	2.327569	11.343266	-4.053871	-8.760000	-11.794826	3.869546	-4.233941	10.762444	-5.725038	-10.627344	8.363530	-2.877611	5.359128	5.047689	11.173539	5.540474	11.689260	-9.181305	2.698696	4.672149	7.708673	4.618024	5.373375	-3.243474
GATGTAACGAACCACC-1_1	3.429376	0.427920	0.419333	0.892027	2.331216	-3.610783	0.012658	-0.294185	0.418268	2.905525	-0.966010	-1.631389	-2.446854	1.338284	-1.892179	1.797063	-0.897830	-2.192658	1.573761	-0.356479	2.102254	1.202027	3.098691	1.223122	1.769815	-1.164970	0.469508	1.424367	1.382099	1.840433	0.867064	-0.667012
AGCCGTGGCTAAATGT-1_1	1.408965	-1.116254	-0.299123	1.022632	0.478554	-1.272202	0.270968	-0.361404	0.820939	0.891122	-2.337844	-1.037691	-0.261228	0.581655	-2.739759	-0.151850	1.980196	0.959222	1.700812	0.263755	0.417270	1.603218	1.698618	0.599463	-1.551407	1.739890	0.285946	0.257479	-1.540328	2.111090	0.066107	-0.453293
CTCCCTCCTTTCGATC-1_1	6.760604	1.284844	0.203824	1.184274	4.545121	-7.223442	-0.421885	-0.991187	0.396276	5.822511	-1.622575	-3.414638	-5.426532	2.314009	-2.954937	4.317334	-2.449058	-5.983463	3.662491	-1.173599	3.115500	2.295645	5.554164	2.965752	5.215009	-3.697591	1.274110	2.615063	4.056608	2.682549	2.052843	-1.279122
TTGGAAGAATACAGTC-1_1	2.571849	-0.274821	0.377918	1.644845	1.714340	-2.585955	0.621843	-0.199285	0.398611	2.417047	-1.895172	-1.949519	-1.590985	1.210219	-2.496462	0.774675	0.175071	-0.122956	1.338160	-0.153668	2.176681	1.221345	3.007197	0.862498	-0.006423	-0.051687	0.229004	0.865684	-0.658135	2.503663	1.046640	-0.666132
AGTTAAGTCAACCGCT-1_1	4.503114	-1.845861	0.423444	4.418448	0.243768	-3.287488	2.696842	0.528890	-0.841294	4.434888	-4.668996	-1.630646	-1.637966	2.710032	-6.923001	-0.956092	1.884699	0.187128	2.528178	-0.108234	3.896451	2.278609	5.719798	2.891039	-2.102179	1.242604	0.422473	1.172768	-2.289852	5.632774	0.840506	-1.446265
CTCATGGTAATTTGCG-1_1	2.978436	-2.264692	-0.840849	2.117947	1.231081	-3.127704	1.305229	-1.005521	1.510082	2.079245	-5.158422	-2.624233	-1.147905	1.315721	-5.599280	0.060444	3.209689	2.592235	3.315846	-0.081296	1.079169	2.810926	3.901997	1.599513	-2.784538	2.326444	0.769412	-0.138938	-3.837981	4.525380	1.356915	-1.175823
AAAGTAGCATTGCTCA-1_1	2.595044	-2.708081	0.923994	5.616333	-3.123898	-1.648584	3.460574	1.384282	-1.792238	4.880777	-4.287124	-0.234565	-0.160889	2.772411	-8.858305	-3.251370	4.168967	2.357987	2.380918	-0.150718	2.385932	2.650826	5.321019	4.055825	-4.462702	2.691162	-1.684051	1.055737	-3.555505	6.048127	-1.830942	-1.254127
TTGTGGTAGGAGGGAT-1_1	6.945712	0.501029	0.671350	1.891329	4.769109	-7.870173	0.437458	-0.875808	0.775248	6.191288	-3.051143	-3.913717	-5.138555	2.590747	-3.955071	3.667516	-1.733197	-3.836774	3.572650	-1.278741	4.120794	2.500128	6.480043	2.695888	3.852347	-2.624890	0.784624	2.368298	2.192518	4.198971	2.411485	-1.523592
AGTCGTGGGCATTACG-1_1	5.611833	-4.239470	0.925075	9.270000	-4.650726	-4.446377	7.150996	1.574422	-3.269581	9.187224	-7.218635	-0.968741	-1.359772	5.453583	-14.087307	-3.808008	4.325371	2.737304	3.257411	-1.036332	4.559275	3.159786	9.167155	7.261505	-5.424126	2.024757	-2.207058	2.073029	-5.888006	9.914618	-1.571046	-2.711236
ACCTAAGTACCTTTCA-1_1	5.916239	-0.459850	0.663943	2.530962	4.240651	-6.114019	1.199024	-0.652999	1.226472	4.948777	-4.017668	-3.950897	-3.390826	2.272136	-5.024236	2.191415	-0.210068	-0.882656	2.905427	-0.626874	4.004786	2.415307	6.095019	1.718560	0.988051	-0.352888	0.992002	1.470039	-0.498838	4.825469	2.261950	-1.252711
GTAGAGGGAGACAAGT-1_1	6.447683	-5.112256	1.685248	12.129723	-6.630063	-4.826173	9.176384	2.262354	-4.466654	11.554008	-8.474045	-0.595821	-1.276802	6.815292	-18.109032	-5.563023	5.949824	3.421281	3.688097	-0.903000	5.597470	3.914800	11.164990	9.204350	-7.223525	2.664429	-3.456808	2.767979	-7.184580	12.308558	-3.160816	-3.056226
GATCCTCGACACTGGC-1_1	5.427895	-0.948870	0.781160	3.052902	2.740915	-5.069808	1.436040	-0.092338	0.420008	4.722658	-3.923692	-2.633554	-2.800361	2.449933	-5.796893	0.838376	0.675837	-1.029519	3.020106	-0.211835	4.154592	2.579229	6.184977	2.231244	0.078307	0.342020	0.882391	1.645776	-0.402815	5.121412	1.589588	-1.266072
CCTACATTCACAGACG-1_1	3.091830	-4.462080	1.146869	10.363113	-7.219141	-2.036412	6.626302	2.520455	-3.256644	8.387123	-6.999596	0.450637	0.393927	5.065612	-15.964933	-6.734897	7.714520	5.542632	3.760268	0.142207	2.872933	4.475858	8.740875	7.450724	-8.458868	4.262342	-4.006247	1.312766	-6.778215	10.392716	-4.194797	-1.809520
TTGACCGTGTTAATGA-1_1	3.557303	-2.848293	0.743833	5.941435	-2.708041	-2.683186	4.117606	1.118099	-2.113132	5.081367	-4.877930	-0.930154	-0.594147	3.606015	-9.524005	-2.822827	3.505157	2.128896	2.342352	-0.318856	3.272268	3.033122	6.287631	4.522085	-4.239196	2.080583	-1.302833	1.011758	-3.651436	6.968589	-1.076263	-1.553046
TCTGTTACCCAGCATA-1_1	4.011499	-3.756185	1.094289	8.440337	-4.995867	-2.762248	5.701375	1.820783	-3.144370	6.669420	-6.016563	-0.320135	-0.166678	4.702435	-13.195901	-4.846689	5.443894	3.181585	2.804002	0.069511	3.915374	4.217340	8.138440	6.069803	-6.208536	3.249296	-2.493731	1.511979	-4.687420	9.289400	-2.674946	-1.636242
CTAACTGGTCCGGTTC-1_1	2.136497	-2.176860	1.578291	4.826953	-2.358476	-0.448855	2.204315	1.698991	-1.506115	4.438908	-3.296236	0.075015	0.672901	2.329263	-7.116914	-3.814023	3.700123	1.702596	2.793091	0.275618	1.957135	2.249550	3.839354	2.697322	-3.792578	3.797724	-1.572978	1.618304	-2.104030	5.077030	-2.700159	-0.717458
AGCGACAGGAACGGTC-1_1	29.890467	2.312481	-0.919007	8.666837	14.024411	-31.810816	4.442729	-3.734240	-2.162503	27.104172	-11.146420	-13.775298	-23.360926	11.828312	-17.146034	16.379196	-10.784164	-23.958195	15.005769	-6.274794	14.318151	8.361250	24.731201	17.327360	20.215549	-17.678450	4.722277	10.643878	12.221519	15.129283	8.643495	-7.459971
TAATAGAACAGAGTTA-1_1	10.274831	0.546185	0.986132	2.940515	6.501591	-11.273359	1.062684	-1.008405	0.758496	9.076743	-4.514450	-5.030244	-7.264607	3.963185	-6.264389	4.738555	-2.398346	-5.765268	5.363725	-1.694013	6.123235	3.562170	9.540266	4.281329	5.475477	-3.729135	1.451325	3.330095	3.398765	6.399958	3.155630	-2.104855
ACAGGTGGAGGTGAGG-1_1	19.945120	3.781350	-0.184182	3.359260	13.589950	-22.312237	-0.779748	-4.339522	1.168949	17.769419	-6.287187	-11.383090	-17.356190	6.890718	-8.393826	14.170362	-8.089238	-17.802637	11.915068	-4.173190	8.464720	6.977501	16.922853	9.986878	16.960373	-13.305461	4.085238	7.486325	11.757539	8.089890	7.314935	-4.806533
TGCGAGAATATTACCC-1_1	7.689198	-1.928611	0.495844	4.113973	5.578325	-7.582992	2.373681	-1.323696	1.866064	6.498541	-7.547231	-6.095335	-3.894255	3.150932	-8.240043	1.602378	1.378794	1.245701	4.761412	-0.521213	5.603123	3.894112	8.240309	2.049726	-0.213901	1.137608	1.308567	1.826118	-2.879739	7.995379	3.372117	-1.383614
TTGCGTCGGCCAACCG-1_1	2.702975	-0.175117	0.600133	1.355745	1.260747	-2.265831	0.538581	0.211324	-0.111271	2.599287	-1.603320	-0.923293	-1.250786	1.479150	-2.283756	0.219031	0.092668	-0.757762	1.488141	-0.250552	1.977812	0.848701	2.257168	0.938994	0.444108	0.138213	0.188137	1.083910	0.358416	2.290227	0.288583	-0.308613
AGGCTTCCCGAAGAAG-1_1	1.662001	-1.294355	0.181385	2.611501	-0.527202	-1.041901	1.340551	0.455523	-0.153427	1.879283	-2.980057	-0.668575	0.133258	1.333856	-4.395540	-1.646275	2.171188	1.894360	1.797183	0.265543	1.250143	1.743905	2.774404	1.478772	-2.390371	2.232817	-0.422142	0.234435	-1.983559	3.456447	-0.500018	-0.516588
GCGGACCGCGTTGTGG-1_1	4.178564	-0.771129	1.105211	2.366404	3.237094	-4.070158	0.930267	-0.254198	0.920909	4.336288	-3.948224	-3.266694	-1.942633	2.283775	-4.074856	0.400050	0.696622	1.117003	3.009922	-0.425049	3.457730	1.741205	3.808868	0.883977	0.237594	1.052756	0.084138	1.741498	-1.095577	4.586566	0.875224	-0.399449
GTAATCTGATTCTTCG-1_1	3.211874	-1.039465	0.532003	3.320346	0.103499	-2.262090	2.007504	0.490860	-0.792244	3.359710	-3.162090	-1.183018	-1.186206	2.275681	-4.641110	-0.725673	1.192273	0.232432	1.654997	-0.059599	3.070505	1.246821	3.757115	1.984575	-1.351077	0.755563	0.119796	0.919065	-1.601959	4.064082	0.449279	-0.923557
CCGCGGAATGCGTCAC-1_1	10.877336	2.016002	-0.103932	1.754496	8.274389	-12.648372	-0.428861	-2.664223	1.395652	9.681012	-4.043776	-7.033920	-9.469500	3.611722	-4.396683	8.006706	-4.450267	-8.500844	6.665554	-2.653438	4.789265	3.978020	9.345415	4.809405	9.090872	-6.959274	1.875363	3.816236	5.694467	4.731839	4.390413	-2.586862
TTCCACACAGATTTGA-1_1	5.799134	-0.361362	0.711150	2.629594	4.773172	-6.326969	1.136729	-0.996099	1.371973	5.078608	-4.378269	-4.971288	-3.579427	2.559605	-4.634055	2.509867	-0.330591	0.052334	2.839103	-0.649032	4.368388	2.423973	5.827464	1.244108	1.048424	-0.448225	0.577600	1.821254	-1.195315	5.195185	2.591758	-1.131991
CTTCTATTAATGCTAG-1_1	4.641968	-0.636201	0.399349	2.736692	2.255356	-4.533552	1.523379	-0.234582	0.152173	4.082882	-3.705429	-2.932137	-2.445985	2.533795	-4.477394	1.116874	0.063160	-0.270003	2.066874	-0.429683	3.523230	1.822244	4.772980	1.764892	0.136039	-0.179487	0.333522	1.347993	-1.056279	4.551816	1.540363	-1.126475
CATTTGAGTGGTACGT-1_1	1.639163	-1.544238	1.040339	3.345922	-0.365524	-0.016682	1.253790	1.198947	-0.079863	2.967446	-3.399495	-0.621613	1.497247	1.746230	-4.868052	-3.235749	2.618531	2.887198	2.957860	0.354132	0.824548	1.603468	1.911474	1.211594	-3.200221	4.452408	-1.040509	1.063907	-2.388218	3.938215	-2.237916	-0.438143
TCACAGCAAACTCGAA-1_1	1.744616	-1.857931	-0.074923	2.148095	0.506596	-1.514685	0.770338	-0.297665	1.040449	1.784454	-4.243799	-1.637917	0.063005	1.099502	-4.559007	-1.045876	3.281824	2.869936	3.031756	0.188049	0.669329	2.157301	2.507803	1.139164	-2.961683	3.330141	0.022312	0.343767	-3.207650	3.729195	-0.183486	-0.788724
CAGACGAACCTGATAC-1_1	5.338285	-1.462686	0.784584	4.515337	1.920463	-3.845987	2.190782	0.036417	-0.261583	4.261715	-5.562494	-2.613572	-1.620887	3.091030	-7.184026	-1.012197	2.511317	1.414096	3.044539	0.703680	4.744578	2.733078	5.241066	1.856967	-2.087763	2.388999	0.654602	1.665691	-2.501148	6.707705	0.570914	-0.569124
TAGCTAGAAGGCATGA-1_1	2.619864	-1.762375	-1.399309	0.638490	2.689744	-3.793560	0.611120	-2.530659	3.337286	0.701729	-4.881460	-3.863812	-1.430802	0.816819	-4.040718	1.648679	2.858562	3.837345	3.441894	0.283143	-0.055725	2.769595	2.660405	0.244779	-2.200624	2.472239	1.025171	-0.445757	-4.414032	3.922716	1.568068	-1.034830
ATCCAGAGCAACAACC-1_1	3.213499	-2.003373	0.204602	3.497587	2.154454	-1.426835	1.382909	0.463421	2.201283	3.115332	-6.334929	-2.337801	1.456821	2.282677	-5.601401	-3.322915	2.521596	5.786057	4.733665	0.736450	1.177742	1.993695	2.458450	0.441431	-3.452058	6.139239	-0.202544	0.687723	-4.014242	5.655138	-1.060724	-0.020644
TCCGGTTCGTCCGGTC-1_1	1.680158	-0.590954	0.076211	1.457701	0.676102	-1.018684	0.465784	-0.064831	0.221357	1.053303	-1.912992	-0.869497	-0.284674	0.819517	-2.389320	-0.447518	1.190531	0.697769	1.180965	0.534754	1.280493	1.130624	1.699117	0.500318	-1.104496	1.456725	0.294123	0.560477	-1.077755	2.100695	0.149508	-0.191232
CGCGCATGTTTGATTG-1_1	2.485463	-0.219287	1.604358	2.704489	0.260252	-0.709828	0.218269	1.328021	-0.788967	2.808178	-1.527074	0.314212	0.255651	1.869178	-2.976820	-1.955783	1.324265	0.007203	1.810834	0.377279	2.568933	0.864624	1.199150	0.557267	-1.177632	2.439832	-0.398425	2.120613	0.021365	2.957336	-1.774688	0.175628
TGGCGATCAAGTTATG-1_1	1.805400	-1.237831	-0.000422	2.430359	0.577638	-1.095969	0.889250	-0.123405	0.956545	1.487109	-3.605842	-1.442542	0.305296	1.344786	-4.168251	-1.296838	2.751798	2.842497	2.584656	0.557798	0.962712	1.794253	2.227893	0.883878	-2.860220	3.443903	0.042935	0.147946	-2.999697	3.494149	-0.462493	-0.426818
CCCTTTGACAGGTCTT-1_1	2.604080	-0.112775	0.765169	2.424800	0.091077	-1.927647	0.580242	0.609519	-0.888541	2.394926	-1.351416	-0.303982	-1.093327	1.812549	-2.942251	-0.312121	0.596443	-0.649700	0.924305	0.355777	2.830024	1.100927	2.462405	1.099168	-0.559155	0.473980	-0.186485	1.642157	0.052422	2.892875	-0.388889	-0.375176
CAGAGACGGTCACCCA-1_1	2.345862	-0.744019	0.045313	1.973564	1.847257	-2.077267	0.776454	-0.523598	1.142037	1.568498	-3.397304	-2.403597	-0.521491	1.386178	-3.066103	-0.090262	1.411158	2.555472	1.930558	0.664486	1.619851	1.504508	2.260680	0.448272	-1.643833	2.171274	0.158624	0.632794	-2.637623	3.309779	0.336034	-0.496200
TAGCTCGCCTGATAAC-1_1	2.566532	-0.843700	0.730044	3.584487	-0.401591	-1.256030	1.227772	0.772906	-0.845064	2.433512	-2.620636	-0.202878	-0.277417	1.955665	-4.777321	-1.724014	2.257833	0.812626	1.679386	0.822956	3.039460	1.847554	3.321084	1.495769	-2.325363	2.321422	-0.092028	1.308813	-1.280130	3.983676	-0.746813	-0.385500
TTGTGTTTCCCGAAAG-1_1	3.357656	-0.607343	0.117341	1.792109	3.417865	-3.362143	0.809384	-1.067668	1.611532	2.234079	-3.680287	-3.539292	-1.577611	1.337245	-3.202008	1.033222	0.817686	2.024227	2.102317	0.576226	2.508755	1.883375	3.254968	0.272381	-0.691365	1.362752	0.528344	1.025562	-2.343348	3.662389	1.362848	-0.577979
TATACACAGACGCCTT-1_1	14.883286	2.682868	1.506412	3.326811	11.945319	-16.571074	-0.219380	-1.982296	1.704695	12.595819	-4.517774	-9.032125	-11.534169	5.602284	-6.425473	9.258218	-5.126538	-10.262468	7.178803	-2.119648	8.922598	5.151126	13.015582	4.580532	9.770444	-7.052426	2.590587	5.932384	6.547512	7.627685	5.158789	-2.625033
ACATTAGTTTATATCC-1_1	2.988311	-0.628119	0.312213	2.267648	2.324483	-2.579540	1.052653	-0.460910	1.018862	2.491548	-3.335923	-2.768593	-1.325095	1.496567	-3.282017	0.255428	1.080804	1.824694	1.982768	0.510474	2.613063	1.381250	3.141825	0.690719	-1.038097	1.331894	0.386237	0.773362	-2.298120	3.581832	1.097582	-0.540875
CCATCGCAGTTAAACT-1_1	2.847745	0.802420	1.399360	6.170040	-3.427400	1.495054	3.721316	3.233717	-3.794464	1.245495	-1.288044	4.604154	6.167887	3.660205	-6.934044	-7.077733	3.005679	2.117350	1.947986	2.468228	2.701164	2.658523	0.759033	2.091072	-4.236434	9.228371	-2.920466	1.183517	-1.314466	6.010893	-8.030416	-1.078938
AATTAGCGCTGCAGCG-1_1	5.512575	-0.429668	0.609236	3.856201	4.069764	-5.699931	2.014544	-1.053983	0.996090	4.321153	-4.649191	-5.117684	-3.163746	3.082190	-4.888575	1.665959	0.313983	1.848974	2.321620	0.376953	5.256649	2.212173	5.635426	1.377325	-0.322647	0.091845	0.627598	1.561731	-3.007028	5.805846	2.434827	-0.968153
TCCGCTTATCCCATTA-1_1	1.312384	4.396607	2.652977	8.605377	-6.993309	-1.715119	4.190734	5.404959	-4.311732	-0.811289	3.959929	8.718025	6.702984	4.341537	-4.721183	-8.458941	0.947981	1.750996	0.085450	8.204944	5.452852	-2.180856	-1.402902	3.533095	-1.457250	8.631221	-7.096663	-0.730914	0.798911	4.156612	-14.745935	0.415316
GTTTGGGCTTGTGAGC-1_1	3.946307	0.066822	0.582888	3.119722	3.178215	-3.655422	1.525862	-0.645698	0.970621	2.786830	-3.467031	-3.558088	-1.754132	2.222907	-3.378782	0.880820	0.475091	2.232210	1.648289	0.765907	3.845049	1.463149	3.506470	0.513447	-0.905704	1.113288	0.306044	1.150755	-2.717822	4.192328	1.063138	-0.532016
CTTGTCAACATTCGAG-1_1	3.122635	0.929853	1.530010	5.721166	-1.599498	-0.911556	3.729989	1.822800	-2.765118	1.257135	-1.960925	1.683195	3.931692	3.726223	-5.716929	-4.505868	1.946664	3.676615	1.523504	1.999517	5.226499	2.405955	1.892557	2.289464	-3.927641	6.972614	-2.657397	1.486795	-3.116699	6.516477	-4.917747	-1.580014
GGACCAACAGGATAAC-1_1	1.802839	-0.405939	0.438398	2.651068	0.652128	-1.214291	1.234163	0.367930	0.011871	1.771932	-2.543083	-1.498368	-0.009990	1.997216	-2.844159	-1.029021	1.028268	2.225165	1.252730	0.718981	2.294895	0.878246	1.998183	1.033069	-1.745693	1.812473	-0.433073	0.510511	-2.344236	3.211645	-0.164757	-0.423387
AAGCTAGATCGAGTAA-1_1	2.025290	-0.264578	0.270299	2.766397	0.635609	-1.356686	1.354869	0.273837	-0.036946	1.402925	-2.527842	-1.366649	0.102204	1.932864	-3.127787	-1.024133	1.131377	2.242144	1.066537	0.931646	2.415378	1.122945	2.150155	1.047325	-1.891683	1.999439	-0.322566	0.335773	-2.352725	3.328380	-0.229142	-0.321046
TACCGTGCCTCGGACC-1_1	2.194717	-0.885229	0.526852	3.872682	0.138224	-1.660815	1.976221	0.419128	-0.356720	2.654040	-3.615713	-1.760231	-0.013399	3.038106	-4.466830	-1.658794	1.465619	3.128130	1.767286	0.776710	3.161383	1.424679	3.114715	1.785456	-2.583882	2.297144	-0.902589	0.835187	-3.189504	4.730007	-0.411777	-0.725075
GTAGCCAAACATGGGA-1_1	2.026418	-0.560960	0.112026	2.982869	0.797747	-1.217498	1.430066	0.315132	0.392603	1.434447	-3.330482	-1.503773	0.697221	1.997681	-3.529309	-1.695119	1.404973	3.405460	1.756289	1.043608	2.109715	1.276203	2.037582	0.957015	-2.330166	3.061934	-0.511683	0.232645	-2.924159	3.932425	-0.395581	-0.350576
TGCCAGTACGTGGAGA-1_1	5.053367	1.407965	1.700359	3.636016	3.886971	-6.064856	0.851209	-0.217714	0.091705	4.893690	-2.087999	-4.386201	-3.754861	3.311767	-2.969067	2.677658	-1.282447	-0.358903	1.538542	-0.059924	6.019559	1.571574	5.086647	1.234308	1.537442	-1.543323	-0.494040	2.517318	-0.504840	4.664277	1.313162	-0.744450
ATAAGGTGGAGAACAT-1_1	1.573263	-0.525653	0.267327	2.741895	0.102456	-1.205826	1.432195	0.270622	-0.102992	1.667020	-2.512636	-1.263086	0.061191	2.021433	-3.113762	-1.176716	1.044765	2.377423	1.197263	0.551168	2.041677	0.991464	2.293638	1.272557	-1.874682	1.659506	-0.471652	0.179158	-2.369654	3.183406	-0.080155	-0.461340
CTTTAATATTGGTCGA-1_1	1.336614	-0.500676	-0.122095	3.109370	0.088930	-1.196049	1.232204	0.176899	0.733058	1.183487	-3.356835	-1.502098	1.093058	2.183204	-3.598937	-2.315907	1.290556	4.860261	1.926515	1.051129	1.285714	1.452605	2.008416	1.015614	-2.817204	3.247471	-1.140499	-0.486236	-3.358710	4.121815	-0.542976	-0.106383
TGGTTCAACGGGTAAT-1_1	4.643686	1.153867	1.433202	2.810427	4.189831	-5.849048	0.634703	-0.525730	0.603589	4.499559	-2.089984	-4.480906	-3.579000	2.967650	-2.456985	2.787381	-1.445044	-0.068143	1.706303	-0.217994	5.278468	1.498226	4.732831	1.015165	1.813516	-1.502042	-0.379905	2.238631	-0.447612	4.193317	1.691173	-0.737098
GCTGCTACTGCGTAGC-1_1	-2.577776	0.596696	2.034666	14.435921	-15.055618	-2.439174	6.429247	8.379245	-5.121150	2.083280	5.233396	4.434769	7.919441	14.160158	-6.559600	-14.162466	0.345644	13.053625	-2.684642	12.034979	2.408484	-1.004061	1.001439	8.866068	-4.835791	8.249404	-14.310351	-0.283795	-5.181921	11.316772	-16.325474	-1.090633
CTGCACAACTACATAT-1_1	0.509660	-0.983151	1.212522	9.562429	-6.839493	-1.230788	4.191010	3.313904	-1.761545	3.969748	-3.396728	-0.768160	4.283807	7.936337	-9.381440	-8.756755	3.246836	11.396522	1.585185	3.581240	1.634073	3.378659	4.580196	5.584185	-7.982664	6.341395	-6.941677	-1.281333	-7.238616	9.748380	-6.019592	-0.780996
TGGCAAACTAAATTAC-1_1	-4.532078	3.356710	3.544437	19.618145	-19.756205	-4.768437	7.971579	11.663015	-5.326258	-0.786171	10.009034	8.687304	11.030730	15.603617	-5.462996	-19.453157	-0.496453	15.459752	-4.686459	19.982725	2.529281	-4.731264	-2.651031	10.565362	-2.803539	10.987131	-20.191217	-0.987127	-5.133590	12.671078	-24.725943	-0.186745
TCGCACCAGGAGGCAG-1_1	-3.134753	1.335002	2.706320	15.196404	-15.834211	-3.387019	7.215725	8.703116	-4.826083	0.819654	7.259825	6.029724	7.420290	13.195460	-5.242216	-14.752118	0.268555	12.203593	-3.480324	14.523585	2.030982	-3.455988	-0.618060	9.315759	-3.153493	7.412868	-15.448029	-0.235004	-5.203600	10.289227	-17.873098	-0.976209
ACAAATCGCACCGAAT-1_1	-3.485981	1.610160	3.338586	16.800432	-16.680658	-4.213791	7.409835	9.946252	-5.493503	1.517764	6.972480	5.468616	8.363398	14.688711	-6.024115	-15.474236	0.077060	14.439088	-3.478026	14.718040	3.284860	-2.823643	0.079921	10.164128	-4.382437	8.451025	-16.758156	0.008008	-5.928374	11.957017	-19.250362	-1.630721
CTTTACCGAATAGTAG-1_1	-2.765103	0.943267	2.567295	18.829798	-19.203959	-2.671831	8.506039	9.475336	-7.049751	3.637034	4.287402	3.227174	9.743258	18.974346	-9.587297	-18.273664	1.536624	19.997402	-2.688571	13.907724	3.865928	0.806906	3.147718	11.459163	-8.546697	10.430616	-17.563269	-0.406798	-9.146969	16.692787	-18.588749	-1.589269
TTCCTCGGACTAACCA-1_1	9.062613	-3.704973	0.783507	10.221737	4.187837	-6.711298	7.723299	-0.069891	1.789371	8.252224	-14.164436	-7.204769	0.165421	8.447602	-14.451115	-4.938249	3.346550	11.567157	7.353988	1.616380	8.079189	4.234415	9.576266	4.013971	-6.484227	7.770432	-0.285848	0.523902	-10.387383	15.084517	0.484112	-1.472422
TTATCCGGGATCTATA-1_1	0.178163	-1.435823	0.660381	11.410393	-10.294268	-0.331537	7.162537	5.155112	-4.043051	3.711310	-0.678576	1.879044	7.187710	10.934464	-8.815921	-12.197914	2.906347	12.122062	0.233240	6.484996	2.383781	2.403630	3.552860	7.059764	-6.694366	8.733417	-9.309330	0.189239	-6.915917	11.784918	-10.342493	-2.658909
CTGGAAGACACGGTGG-1_1	12.980659	-0.483130	0.596633	6.561992	4.145334	-12.966960	4.307585	0.032162	-2.087503	12.242986	-7.106218	-5.301136	-8.118513	7.053797	-10.260439	4.248985	-2.807491	-6.427174	5.167710	-2.240098	8.497387	3.273743	11.576628	7.216446	4.382961	-4.675346	0.958805	4.384923	1.392525	9.922867	2.771277	-3.464384
GTTCGTCTAAAGAACT-1_1	41.309380	8.961841	0.135591	8.144757	29.324532	-45.899258	-1.516675	-10.041892	1.080282	37.644600	-15.015529	-25.302086	-36.383621	14.529473	-15.159888	31.553413	-19.247902	-35.039726	25.778772	-10.104517	18.326225	14.545121	33.531898	20.158314	37.123486	-30.742653	7.238776	14.366434	23.518833	16.624601	15.040600	-9.507463
GTCTATTGGTTCCGGT-1_1	9.526789	-1.077328	0.747592	5.998244	2.594899	-9.180877	4.360377	0.260670	-1.514830	9.089505	-7.012263	-4.382976	-4.929606	6.065389	-8.720922	1.787402	-1.043365	-1.865478	3.634322	-1.624485	7.155696	2.434299	9.024932	4.936543	1.111075	-1.844228	0.192215	2.515505	-1.422785	9.022519	2.292711	-2.510068
CTAGGCGCCCTATCAG-1_1	16.266020	2.281559	-0.258834	4.199507	10.316647	-18.114637	1.067439	-2.533061	0.195005	14.567091	-6.432167	-9.649060	-13.151244	6.285585	-7.627624	10.221527	-6.418382	-12.082532	8.584670	-3.751137	8.100094	5.008946	13.409431	7.488541	11.976822	-9.735399	2.293899	5.668565	6.828535	8.194833	5.950693	-3.582186
AACGGACGTACGTATA-1_1	7.704729	-1.567234	0.469295	6.007080	1.304453	-6.955548	4.729265	0.156670	-1.499338	7.367751	-6.696635	-3.933923	-3.618290	5.754839	-8.345428	0.648677	-0.135703	-0.117240	2.838289	-0.930389	6.552191	1.954236	7.872641	4.549263	-0.582004	-0.889078	0.139277	1.874368	-3.048312	8.384130	2.123507	-2.326912
AACACACGCTCGCCGC-1_1	8.633526	-3.624665	0.890154	9.778743	-2.119541	-7.033081	8.455913	1.121415	-3.491519	10.584325	-8.858851	-3.162305	-2.724555	8.118655	-13.928498	-1.945807	1.304608	1.487901	3.426098	-1.484473	7.555237	2.672337	10.815917	7.753109	-3.671893	0.512614	-1.124508	2.314317	-5.676788	11.881849	0.582223	-3.747365
GCTACTATAGTAGAGT-1_1	14.839988	-3.140699	0.943483	11.636412	-0.168221	-12.894383	9.571580	1.614382	-4.992868	15.750731	-11.706159	-4.376236	-6.667120	10.796982	-16.179813	0.567327	-1.061308	-3.030928	5.019298	-2.673950	11.293538	2.637695	14.099910	9.916578	-0.314777	-2.425433	-0.172925	4.552532	-3.754499	15.409941	1.875217	-4.963442
AGCATATCAATATGCT-1_1	6.257424	-5.211208	0.347455	10.827631	-4.177570	-6.137853	9.828338	0.584235	-3.022098	9.560579	-10.952563	-3.470176	-1.480900	8.475385	-17.108603	-4.598378	5.136485	7.799580	4.802248	-1.744877	6.068915	4.664223	11.550324	8.840233	-7.660915	2.328189	-2.744207	-0.135917	-9.984733	13.679653	0.550074	-3.373764
CGAACAGTATGGGCGT-1_1	17.659885	-0.668574	0.745460	8.919915	5.131905	-17.329695	6.399982	-0.025286	-3.584023	16.966778	-9.551018	-6.687799	-11.106448	9.733889	-13.856352	5.542063	-4.083617	-9.628834	7.227468	-3.206236	11.251019	4.161646	15.322475	10.384148	6.374178	-6.928114	1.397607	6.279945	2.284568	13.228636	3.411168	-4.809607
ACAATTGTGTCTCTTT-1_1	3.127818	-4.115271	0.669815	9.098162	-6.280957	-3.025817	7.789316	1.402225	-2.834877	7.871536	-7.102479	-0.454520	-0.153450	6.229963	-13.950755	-5.727949	5.533653	6.783346	3.178590	-0.626252	3.132133	3.504483	8.296768	7.256546	-7.086665	2.542764	-3.885200	0.287737	-7.636621	9.983263	-1.933683	-2.001661
GATCGCTACCCGATTT-1_1	2.677607	-2.696399	1.908154	9.011598	-5.037564	-1.085051	5.228771	3.164907	-2.333581	7.463149	-5.374465	-0.747980	1.824082	5.448500	-11.555404	-6.669341	4.185163	5.354977	3.431371	0.091399	2.394992	2.981686	5.980460	4.964457	-6.402701	4.947418	-4.289262	0.963757	-4.903438	8.726280	-4.946331	-1.153909
CAGCAGTCCAGACTAT-1_1	-2.417392	1.720203	4.813272	16.952190	-15.271225	-4.198887	6.917464	8.761351	-5.216989	2.417707	5.332224	4.261792	7.051898	13.642735	-7.785186	-14.117753	0.935856	12.319667	-2.680534	13.827770	4.015123	-3.219944	1.152300	10.745236	-4.954485	6.934941	-15.678349	-0.556725	-6.335366	10.899452	-18.008646	-1.051289
AGAGGCTTCGGAAACC-1_1	-5.797424	0.062879	3.294894	23.324875	-25.115141	-3.577429	11.899689	12.565891	-6.845770	1.052161	10.796626	9.154901	10.615687	20.240622	-6.449242	-23.488024	1.037017	18.831284	-6.425731	22.127531	-0.495814	-6.018140	-1.495559	14.301441	-4.201774	9.429738	-22.899193	0.204621	-8.991971	15.419117	-24.924839	-1.831057
CCCTCCTCGCTCGTAT-1_1	-4.519301	-1.057402	3.147475	25.199266	-26.423843	-3.365603	12.703501	11.313250	-7.245461	5.617251	7.353179	7.172824	9.248946	21.426435	-10.937612	-23.137089	3.021883	19.987038	-5.961203	20.614655	-0.124853	-4.237330	1.245521	16.616982	-7.286000	8.332119	-21.144400	1.245694	-10.992063	17.826187	-23.243477	-2.114914
ATTACATGTCAGTCTT-1_1	0.948615	-1.431655	0.316214	3.320045	-1.092393	-0.593325	1.808696	0.889154	0.114625	1.399333	-3.292900	-0.846612	2.286676	2.239652	-4.491150	-3.736202	2.202069	5.478976	2.279013	0.992375	0.107011	1.868521	1.879337	1.671564	-3.558693	4.471550	-1.488122	-0.435082	-3.538039	4.523839	-1.752831	-0.702840
TTGGGACGTAAGAGTT-1_1	-1.675332	0.101590	2.103261	11.498813	-11.512095	-1.999416	5.459834	5.921900	-3.715424	2.523403	3.537301	3.184470	4.898049	9.989339	-5.769082	-10.474500	1.094128	8.850217	-2.216359	9.213869	1.487628	-1.488651	1.113581	7.504198	-3.705454	4.769710	-10.432513	0.203412	-4.623568	8.287915	-11.977705	-1.065647
CTTCGGCCAATTGTTT-1_1	1.035626	-0.912918	0.272211	3.449655	-0.991022	-1.060076	1.767202	0.529916	0.098969	1.620358	-3.081829	-1.124997	1.113222	2.400939	-4.549999	-2.675767	1.892596	4.782126	1.765811	0.704099	1.123763	1.752395	2.633114	1.944116	-3.547694	3.029065	-1.499505	-0.737160	-3.666809	4.163088	-0.855199	-0.399780
CCCAGTAAACTTGGGA-1_1	1.060265	-0.306887	0.239769	1.286602	-0.070885	-0.287214	0.471982	0.335125	-0.252357	0.902358	-0.873246	0.116861	0.085247	0.754413	-1.748102	-0.824717	0.769370	0.208217	0.749234	0.313029	1.049891	0.637767	1.082177	0.461833	-0.844718	1.097844	0.056981	0.446906	-0.345798	1.335512	-0.299042	-0.020641
AGATTCACAACCGATA-1_1	1.635090	-0.993030	1.198953	2.135022	-0.414948	0.249180	0.407971	1.216899	-0.495484	2.183575	-1.656108	0.599614	1.442613	1.211084	-3.377362	-2.772207	1.913273	0.939792	2.214088	0.408423	0.644567	1.282192	0.773573	0.554454	-1.956424	3.753963	-0.598576	1.720640	-0.422613	2.569246	-2.625578	0.011966
AGAAGGTACACTTCAC-1_1	4.558334	0.254086	0.684529	0.850343	3.217558	-4.417617	0.036294	-0.348383	0.667436	3.456283	-1.452872	-1.575988	-2.593995	1.764116	-2.646237	1.649217	-0.760565	-2.333827	2.143660	-0.185461	2.679213	1.653489	3.647225	1.120132	1.891292	-0.633595	0.884415	1.909626	1.880445	2.624638	0.713762	-0.409359
GCAGGAACTTAGATCT-1_1	1.401822	-1.091648	0.843291	1.830494	-0.065742	0.027604	0.269215	0.789658	-0.068411	1.880293	-2.036936	0.085198	0.880774	0.989794	-2.975157	-2.021468	2.049957	1.008724	2.072895	0.386622	0.750174	1.205651	1.014520	0.519050	-1.906105	3.171770	-0.352437	1.453341	-0.854693	2.411911	-1.671308	-0.138282
AATCTAGGTTTACTTG-1_1	0.990897	-0.866646	0.335390	1.137251	-0.644193	0.010589	0.278268	0.448324	-0.178955	0.706934	-0.884872	0.601712	0.799595	0.488052	-2.570380	-1.514942	1.706713	0.386388	1.311057	0.522926	0.215444	1.341004	1.006898	0.560737	-1.485914	2.475233	-0.080012	0.776300	-0.219448	1.473503	-1.550700	0.000557
CCCGGTGTATCGGAAT-1_1	3.795926	0.649733	0.323131	0.967960	2.970938	-4.324863	-0.025974	-0.612967	0.494435	3.481966	-1.290011	-2.517715	-3.113833	1.364460	-1.744557	2.521036	-1.338174	-2.509302	2.004824	-0.803036	2.171085	1.289624	3.377458	1.436238	2.606662	-1.919438	0.450824	1.437864	1.500897	1.888878	1.447269	-0.826218
TTATCCTCAAGGAATA-1_1	1.718005	-0.821993	-0.137034	0.957063	1.015676	-1.475278	0.336508	-0.362451	0.825837	1.120895	-2.046838	-1.236905	-0.574602	0.599671	-2.374021	0.079870	1.229653	0.581700	1.502540	0.195236	0.791464	1.391766	1.856725	0.374720	-0.873524	1.264572	0.405715	0.428784	-1.070435	1.981343	0.376758	-0.372920
AGCATCATTTCGAAAG-1_1	41.268456	13.059400	1.552030	4.184207	33.896469	-45.945328	-8.840996	-15.399096	4.166388	38.503082	-11.726418	-26.526525	-41.095650	11.348052	-9.331915	40.313164	-23.770170	-40.676296	32.211304	-11.423737	14.440711	17.612720	34.856354	22.383715	46.221935	-38.724037	10.097144	12.881852	33.150650	10.155236	15.512982	-10.825171
CGCGAGTCTGCCGGGT-1_1	4.616202	1.066793	0.100303	0.654053	3.463596	-5.033657	-0.451745	-0.962067	0.456080	4.057815	-1.174930	-2.632877	-3.924882	1.582447	-1.726764	3.342824	-1.916428	-4.151477	2.798529	-0.935067	1.930745	1.649530	3.783971	2.067988	4.009172	-2.871520	0.915615	1.809320	2.979082	1.622556	1.579726	-0.977738
TGCGTCATGACTGAGC-1_1	33.537960	10.009316	0.853893	3.805601	25.613958	-36.583607	-6.284409	-11.227414	2.340876	30.569788	-9.034063	-19.859774	-32.495884	9.322219	-8.801069	30.868250	-18.482700	-33.663376	25.175089	-8.475261	11.413548	13.507225	27.955671	18.750139	36.099945	-30.127613	8.633518	10.168856	26.575573	8.318851	11.927330	-8.475598
GTATGAAATTTCACTC-1_1	7.763227	1.399805	0.365147	1.237339	6.337006	-9.080866	-0.406383	-1.756083	1.404224	6.765945	-2.538180	-5.083637	-6.630196	2.483700	-3.247041	5.633703	-2.909728	-5.786653	4.438523	-1.545240	3.854208	2.924722	7.062916	3.056548	6.000633	-4.366975	1.413000	2.841114	3.834126	3.407016	3.219417	-1.827131
TTGGTTGCGGTGCGCG-1_1	26.560497	6.006400	-0.394617	4.027957	17.740391	-28.907162	-2.392162	-6.859727	1.076763	23.981272	-7.655234	-14.731184	-24.115433	8.214934	-9.888064	20.809284	-12.297037	-25.564253	17.384657	-6.160535	9.774232	9.529880	21.957838	14.686862	25.070814	-20.520882	6.040294	9.000210	17.937662	8.793895	9.305532	-6.547796
ACAGAACTGAGAACAA-1_1	7.517889	0.805704	0.685853	2.211741	5.482724	-8.822275	0.593929	-1.183402	0.984109	6.759630	-3.023199	-4.887945	-5.946483	2.946484	-4.117789	4.725614	-2.384109	-4.205603	3.446595	-1.360276	4.747784	2.680501	7.272183	2.915947	4.226478	-3.464086	0.794587	2.902521	2.005193	4.475347	2.799617	-1.952546
CTACTATCATAGGTTT-1_1	2.858651	-2.113991	1.244821	4.982141	-1.372391	-1.418634	2.782938	1.347488	-1.293494	4.763767	-4.221750	-0.578437	-0.301529	2.697982	-7.149272	-2.888250	3.094887	1.448676	2.814926	-0.141901	3.129016	2.039033	4.580436	2.752910	-3.090276	2.681981	-1.049617	1.335898	-2.408381	5.601855	-1.160790	-1.027060
CCTCTATCGATTAGCA-1_1	5.197267	-3.333869	0.636851	7.255880	-1.644781	-4.545610	5.326026	0.510006	-2.168796	6.798873	-7.175889	-2.590357	-1.900122	4.760585	-11.176460	-2.179931	3.547523	2.708017	3.413554	-1.028299	5.181115	3.278576	8.088194	5.412779	-4.225904	1.606737	-0.945483	1.216462	-5.397885	8.995755	0.764384	-2.300041
CCGTATCTCGTCGTAG-1_1	10.311175	-10.223256	2.657501	25.401482	-16.397217	-7.348466	17.865255	1.743514	-6.636415	22.613302	-13.789162	0.779954	-3.253648	10.919185	-34.704578	-12.980668	12.102019	6.264904	6.042532	0.318101	6.231459	3.115356	17.267721	20.278099	-10.461367	0.292438	-10.047805	3.357206	-15.734370	19.546749	-6.655368	-5.511825
TCACGATGTCCGTGGA-1_1	8.856585	-7.421252	2.510019	20.506958	-12.410535	-6.156760	14.512608	2.019026	-5.793084	18.673693	-11.518563	0.307584	-2.623149	9.366857	-27.746210	-9.910205	9.052750	4.413696	4.987723	0.110221	6.361509	2.562102	14.650975	15.782213	-8.930309	0.878632	-7.660730	3.569928	-12.168592	16.587027	-5.554737	-4.446314
TCAACAAAGATAATTC-1_1	4.016307	-4.564161	1.719851	14.137261	-9.776211	-2.298745	9.083094	2.179945	-4.147250	11.865693	-6.812339	0.871093	-0.612091	6.325138	-18.908155	-8.383263	7.969505	4.604613	2.866102	1.563850	3.671857	2.460670	9.144318	9.862079	-7.526325	2.138273	-6.124461	1.728398	-8.252850	11.077175	-5.372113	-1.702211
ATGACGCGTTCTATCC-1_1	4.020358	-5.072801	1.654020	13.558586	-9.224059	-2.581681	9.521921	2.877743	-4.477115	11.425151	-7.606827	0.799917	0.154115	6.827804	-19.687840	-8.213028	8.231984	5.791952	3.743731	0.611295	4.490272	4.056583	10.583328	9.651407	-9.287859	3.793971	-5.347611	2.089346	-8.440318	12.251390	-5.348808	-2.336231
ATTTGCGCGAGTAGCT-1_1	1.416712	-1.938271	1.885780	9.657865	-6.187118	-0.482905	4.975802	4.392446	-2.163670	4.870393	-3.845162	-0.546252	5.277492	7.144292	-10.020153	-9.547958	3.903542	9.636902	2.372825	3.129723	1.153803	3.585366	4.592840	5.246496	-7.483681	8.243948	-6.041791	-0.275901	-6.215321	9.654896	-7.920936	-1.386541
TTCTTGGACGATCTGC-1_1	-1.805194	-0.668010	2.874982	15.837381	-15.553710	-2.460948	8.302558	7.687949	-5.414331	4.086015	4.185531	4.110171	6.686767	13.264785	-8.349227	-14.359881	2.328357	11.802364	-3.014805	12.154734	2.111572	-1.823696	1.631296	10.651288	-5.148010	6.750307	-13.255990	1.547701	-6.845581	11.971035	-16.118872	-2.355549
AGACGACGATGCCGCT-1_1	0.683132	-2.855561	1.490700	15.204059	-13.260973	-0.416716	8.720426	3.508970	-4.563958	8.984876	-2.977302	1.935890	2.984248	10.646352	-15.074775	-11.912770	5.982661	9.431489	0.179422	6.423337	2.762542	1.474302	7.114735	9.980316	-8.715690	4.654521	-8.412661	0.384493	-8.217779	11.996568	-9.331823	-0.848472
GGTCTCTGAATGGACT-1_1	3.805742	-5.290969	1.913554	17.328978	-13.487435	-2.421066	12.639745	3.032794	-5.460771	13.575771	-8.038630	1.571874	0.286218	10.323709	-23.547924	-11.469707	9.671412	8.827158	2.793661	2.941841	4.785472	3.658027	12.146871	12.520229	-11.304685	3.412207	-8.059197	0.899716	-11.321064	15.026508	-7.068145	-1.777007
GCTCAATCCGTTTATT-1_1	0.325591	-1.686054	0.736548	8.471582	-6.965514	-0.181941	4.621264	3.162668	-2.137441	3.740578	-2.651201	0.381289	3.948364	6.830673	-8.395775	-8.377007	3.639112	9.038754	1.144340	3.594487	1.063667	2.826336	4.063989	5.238026	-6.717455	5.687222	-5.542063	-0.389685	-5.864532	8.552515	-5.958391	-1.111969
CCAGAAAGCAACTCAT-1_1	4.559965	-2.514960	1.163546	6.639235	-2.361732	-3.162499	3.984520	1.352981	-2.458005	4.966685	-5.188359	-0.446468	-0.567545	4.193652	-10.242211	-3.250678	3.572285	1.388996	2.677766	0.497326	4.842925	3.949247	7.190580	4.206764	-4.179973	2.776873	-1.040130	1.838606	-2.460773	8.105273	-1.630298	-1.464794
CACCGTTAGGGATCAC-1_1	8.498979	-3.831184	0.995981	9.973269	0.595021	-6.178530	8.478991	0.171774	-1.815598	8.327186	-10.840254	-4.041726	-1.485942	7.506610	-14.821873	-3.531847	3.566726	4.960597	4.955330	0.038641	8.745414	4.362182	10.929667	5.618942	-5.335034	3.629369	0.362035	1.226111	-7.096262	12.912508	1.076792	-2.410083
AATAACACTAGAACAA-1_1	7.806775	-2.082275	1.299287	6.840580	1.237044	-4.813855	3.271316	0.866575	-1.322396	6.334061	-6.827408	-1.616912	-1.976096	4.327366	-10.741124	-2.425441	3.448866	0.446962	4.321752	0.970479	6.867724	3.750562	7.583053	2.959329	-2.902322	3.449480	1.203431	2.613556	-1.924320	9.274952	0.173711	-0.626239
CACCCGGTTTGTGACT-1_1	4.036361	-5.306124	1.028534	11.507751	-7.149106	-3.224566	9.693059	1.858330	-3.382214	10.016744	-9.233287	-0.462426	0.068641	7.167565	-17.766939	-7.296522	7.203339	7.957447	4.621416	-0.866740	4.294122	4.418555	10.474911	8.701422	-8.967787	4.036486	-4.308415	0.473337	-9.294475	12.416044	-2.491257	-2.547432
CCACCAACTTTACTGT-1_1	4.194507	-1.764230	1.316250	4.735726	0.194188	-2.367397	2.360156	0.974159	-1.062866	4.891519	-4.685896	-0.954473	-0.939670	2.889217	-6.982483	-2.204550	2.680712	0.830709	3.110330	0.064962	4.160246	2.077292	4.565745	2.026467	-2.261396	2.606825	-0.003960	2.007163	-1.730284	6.018266	-0.488267	-0.728179
AACTCTCAGTGTGCTC-1_1	3.349010	-4.241206	0.792609	8.994751	-4.063553	-2.280654	6.942336	1.172293	-1.224900	6.062685	-8.720138	-1.118631	1.740984	5.680195	-14.462974	-6.857759	6.434785	9.125989	4.996640	0.512352	3.225280	4.777854	8.515205	6.141108	-8.800275	6.453053	-2.749348	-0.752948	-8.329123	10.847092	-2.029185	-1.806490
AAACCGTTCGTCCAGG-1_1	2.492205	-2.261790	0.658019	5.101576	-2.161400	-1.413112	3.665584	0.870931	-1.386174	3.375565	-4.270927	-0.377789	0.536436	2.960914	-8.071123	-3.332191	3.368995	2.914457	2.307198	0.336280	2.600829	2.901290	5.142140	3.299635	-4.264596	3.046167	-1.016155	0.297990	-3.251760	5.889858	-1.274876	-1.004962
CAGCGATTCCCTTCAA-1_1	3.496840	-4.679322	1.441298	13.761975	-9.441482	-1.795751	9.119875	3.548612	-3.574929	10.491939	-8.412549	0.396620	1.772339	7.524960	-19.186102	-10.088963	8.558686	8.845882	4.658427	0.947843	3.408595	5.127876	10.432006	8.501734	-10.445045	6.808979	-5.982843	0.539791	-8.621979	13.250496	-6.265953	-1.557177
GCTAGCTTGAATAGCT-1_1	3.254959	-3.074402	0.309141	6.341772	-2.562413	-2.327291	4.470511	0.842723	-1.236723	4.296152	-6.377423	-1.219913	0.533925	4.016402	-10.598549	-4.083576	4.520106	5.105135	3.393666	0.283584	2.849180	3.898242	6.570474	4.368014	-5.880034	4.089074	-1.544783	-0.039829	-5.166509	8.217479	-1.220029	-1.349023
TTGCGGCATCAGAAAG-1_1	2.668993	-3.643612	0.793230	7.754775	-4.128149	-1.926188	5.585419	1.261448	-1.305609	5.410226	-7.162280	-0.786892	1.510853	4.788344	-12.305977	-5.959348	5.648017	7.555873	4.069567	0.334337	2.180048	4.031764	6.913969	5.276863	-7.438058	5.431073	-2.790640	-0.258651	-6.799889	9.130072	-2.308953	-1.479573
AATAGAACAGAGTGGC-1_1	3.969301	-2.694629	0.117010	5.211959	0.190800	-2.808966	3.866430	-0.054011	-0.259964	3.737896	-6.998824	-1.994920	-0.148410	3.165986	-9.079626	-2.574760	3.827789	4.174773	3.798021	0.288377	3.581294	3.462597	6.184646	3.026581	-4.364971	3.988669	0.041195	0.269333	-4.782812	7.366808	0.395567	-1.397342
GCCATCGAGCTGCGTG-1_1	4.040249	-1.465279	0.127076	3.540107	1.758238	-2.888750	2.268611	-0.134074	0.665219	2.969545	-5.191667	-2.521677	-0.611591	2.463025	-5.703604	-1.353615	1.807559	2.888246	2.828495	0.771791	3.133996	2.076207	4.106186	1.344991	-2.098247	2.730446	0.578791	0.437769	-3.047107	5.543993	0.747104	-0.462224
ACACTGATCAAGGTGT-1_1	3.134868	-1.219002	0.082921	3.080312	1.053620	-2.383328	2.070770	-0.128413	0.167374	2.604656	-4.128139	-2.135569	-0.764613	2.281312	-4.636505	-0.852457	1.479322	2.165622	2.033582	0.480686	2.833787	1.513824	3.506923	1.552797	-1.759436	1.741583	0.259998	0.395480	-2.823615	4.487967	0.860405	-0.645810
ACCAACGCTTATTTAT-1_1	1.991255	-1.388984	0.437183	4.985427	-0.063309	-1.131764	2.485780	1.209911	0.823860	2.248348	-5.546969	-1.809862	2.842208	3.271916	-6.031545	-4.721323	2.546840	7.823494	3.623817	1.373260	1.796105	2.288494	2.861850	1.898441	-4.787354	6.397043	-1.979342	-0.319995	-5.352265	6.800620	-1.855110	-0.856927
GACATCGATTTATAAC-1_1	10.547857	1.977942	0.814440	2.556448	8.131965	-12.170235	-0.103489	-1.745381	0.574983	9.918264	-3.580811	-6.853309	-8.965501	4.112364	-4.408169	7.115851	-4.066679	-8.088248	5.831658	-2.318148	5.959607	3.543496	9.094212	4.261532	8.261589	-6.227080	1.419775	4.350949	5.072895	5.230909	3.987433	-2.255032
CAGACACCGATCGCTG-1_1	1.053712	0.014324	0.697506	4.516085	-1.420490	-0.819686	1.921391	1.238284	-0.541149	1.207227	-2.618533	-0.728703	2.525314	3.445271	-3.984037	-3.733730	1.155819	5.489829	1.400137	1.743648	2.360466	1.656306	1.966274	1.922505	-3.576679	4.260829	-2.730223	-0.229497	-3.555805	5.253036	-2.368172	-0.665461
CCAAGAAAGTGGGCGA-1_1	3.199824	-0.283283	0.392946	2.450716	2.070389	-3.179729	1.165781	-0.489459	0.454049	2.416198	-2.850722	-2.648918	-1.603397	1.989503	-3.182506	0.555716	0.473804	1.355360	1.402180	0.524026	3.191682	1.529125	3.287841	0.783335	-0.569657	0.534799	0.171745	1.103318	-1.747362	3.777360	0.974870	-0.540843
GGTAGACCGTTGGGCG-1_1	0.600619	-0.085133	0.959187	3.649678	-1.655720	-0.755866	1.583644	1.398212	-0.958167	1.417186	-1.370688	-0.662052	1.900459	3.088305	-3.055963	-2.831932	0.636792	4.030238	0.736682	1.218561	1.807573	1.213242	1.451835	1.945187	-2.814777	2.833569	-2.664095	0.303307	-2.693290	3.969818	-2.660017	-0.835289
TCGTTAGGAGTCCCTA-1_1	3.845649	0.477984	0.929073	1.834283	3.814530	-4.678076	0.452842	-0.861418	1.001165	3.200611	-2.258057	-3.815093	-2.669765	1.993123	-2.218577	2.210114	-0.639366	0.517118	1.436800	-0.095874	3.741003	1.456905	3.458768	0.309755	1.152069	-0.627408	0.087977	1.688469	-0.719199	3.392470	1.459340	-0.466553
ACGGCCAACATGGACT-1_1	1.644179	0.095573	0.740502	3.327607	-0.282956	-1.173698	1.252962	0.904891	-0.518430	1.567605	-1.889832	-0.744950	0.797551	2.613615	-2.979247	-1.866631	0.723797	2.641875	0.937016	1.087996	2.740869	1.166155	1.858951	1.239772	-2.115756	2.360982	-1.268530	0.828533	-2.050873	3.682523	-1.529504	-0.397634
GTGAGTGGTACAACGC-1_1	4.875026	1.245638	0.664546	1.017647	4.539038	-5.581223	-0.466863	-0.908901	0.821207	4.433585	-1.269780	-3.468203	-4.106798	1.914457	-1.705956	3.595714	-1.910555	-3.546010	2.588933	-0.884669	2.945813	1.764473	4.259057	1.373858	3.690498	-2.577209	0.702156	2.257588	2.441278	2.233030	1.823236	-0.931797
GAGACTTCGCGACCGA-1_1	2.158484	-0.869863	-0.009003	2.223118	1.826270	-1.413300	0.943046	-0.004304	1.607617	1.821886	-3.850838	-2.050421	0.569591	1.706951	-3.120688	-1.528325	1.053723	4.019895	2.678245	0.631641	1.126379	1.304531	1.802531	0.157037	-1.928916	3.386734	-0.239142	0.388735	-2.750622	3.656541	-0.241934	-0.081860
GAAGTCAGTTGCACTA-1_1	5.127068	0.594768	1.443929	2.448381	3.854714	-5.862859	0.485145	-0.111861	0.408181	5.336838	-2.001535	-3.389515	-3.883929	2.757649	-3.199891	2.538163	-1.225399	-1.925671	2.309875	-0.628712	4.711449	1.680591	5.300393	1.657812	2.085944	-1.623367	0.046110	2.615264	0.870742	4.069415	1.498490	-1.173752
GTTTGGTAGGGTCAAC-1_1	4.652860	0.651782	1.101778	1.831671	3.721511	-5.541573	0.345256	-0.245958	0.450649	4.800594	-1.596214	-3.146499	-3.702763	2.373263	-2.549349	2.617300	-1.506687	-2.226981	2.182067	-0.673126	3.969405	1.498488	4.767380	1.607245	2.526537	-1.878524	0.138342	2.328225	1.219566	3.393442	1.528948	-1.071848
ACGGCACTTGCTTGGG-1_1	3.613730	0.484138	1.073679	2.088979	2.706097	-3.987969	0.523630	-0.162416	0.301045	3.625819	-1.685308	-2.774397	-2.592795	2.143563	-2.357341	1.726569	-0.643347	-0.755624	1.425561	-0.331516	3.540429	1.145945	3.725216	1.024337	1.011320	-0.922865	0.011607	1.683282	-0.044562	3.080956	1.194618	-0.799353
CCTCTGTACTATTCTA-1_1	4.500822	-0.947577	1.138247	4.908975	0.555549	-3.716865	2.316910	0.591620	-1.480122	4.795775	-3.822073	-2.227660	-2.277724	3.673340	-5.736141	-0.500186	1.266735	0.253858	1.851683	0.206090	5.418192	1.563416	4.872208	2.531010	-1.257937	0.301667	-0.166787	2.054870	-2.085019	5.837417	0.714774	-0.993208
CTATTCATGTGTCCCA-1_1	3.378166	-0.731935	0.943559	4.646675	-0.423040	-2.667506	1.929676	0.737303	-1.657176	3.448994	-2.938515	-1.197017	-1.301919	3.157477	-5.298023	-1.083392	1.582349	0.627857	1.255785	0.634792	4.630220	1.762453	4.230622	2.268982	-1.884627	0.965252	-0.424550	1.748819	-1.777062	5.149703	-0.159770	-0.779056
GCCCGATCTGTGGTCG-1_1	6.972136	0.687560	1.706770	3.849095	4.594281	-7.850266	1.259665	-0.079039	0.062506	7.125179	-3.206028	-4.668990	-5.018436	4.182568	-4.714343	3.125040	-1.647372	-2.062027	2.829331	-0.799203	6.603385	2.110795	7.070936	2.500805	2.462822	-2.204602	-0.104146	3.268967	0.428795	5.984642	2.006284	-1.550330
TTAGAAGAACATGACT-1_1	2.972704	-0.994080	0.862458	4.971740	-0.785598	-2.432069	2.972530	0.772321	-1.702016	4.043136	-3.272131	-1.553395	-0.984161	3.907261	-5.539223	-1.404904	1.179547	1.746954	1.226980	0.222929	4.520074	1.276441	4.197045	2.834821	-2.189330	0.833780	-1.042962	1.301964	-2.854107	5.420697	-0.192391	-1.052887
AGGATAAAGTCGGGAT-1_1	3.490876	0.497334	1.276529	3.387611	1.859111	-3.902950	1.218562	0.047542	-0.430540	3.687214	-1.922858	-2.853341	-2.463310	2.967143	-2.797575	1.104103	-0.276438	0.516079	0.907731	0.244589	4.764306	0.968934	3.588640	1.279437	0.163902	-0.734534	-0.539957	1.921561	-1.322167	3.966324	0.679026	-0.687463
CGGCAAACATCGTGCG-1_1	9.700054	1.023450	1.509720	4.814407	6.231085	-10.880315	1.752360	-0.479357	-0.328770	9.769316	-3.929106	-6.402556	-7.491035	5.140769	-6.074969	5.250642	-3.057539	-4.784442	3.717869	-1.579923	7.906623	2.603334	9.120912	4.015862	4.513312	-4.479015	0.397177	4.431604	1.317033	7.055778	3.004584	-2.359110
CTAGTTACAACCCGGT-1_1	7.117032	1.295307	2.276483	4.632969	4.938478	-8.134957	1.099308	0.004137	-0.102471	7.462219	-2.751489	-5.277349	-5.353438	4.627858	-4.628608	3.436466	-1.734391	-1.803874	2.537502	-0.383282	7.789298	1.998910	7.332948	2.414664	2.396468	-2.304640	-0.329182	3.791011	0.122503	6.338814	1.943235	-1.410190
TTCGACAGAGCCCGTG-1_1	1.507995	-0.607793	1.529261	3.983489	-1.701103	-0.732303	1.453728	1.536077	-1.512038	3.125189	-1.641984	-0.096434	0.717566	2.743950	-4.326335	-2.567549	1.399213	1.582381	1.166819	0.407000	2.277124	1.241845	2.113405	1.891737	-2.515194	2.239587	-1.880810	1.420628	-1.447032	3.909025	-2.597383	-0.548107
AAGCATACTCTCCTGA-1_1	9.494608	1.187091	3.089344	5.321686	6.103953	-10.680306	1.079278	0.543077	-1.260900	10.976844	-3.485029	-5.406589	-7.372044	5.847859	-6.106327	4.085281	-2.289908	-5.036146	4.244135	-1.513927	9.281473	2.750061	9.067674	3.755115	4.413554	-3.711251	-0.538827	5.830887	2.474387	8.006810	1.630155	-1.968777
GACGACGATCCGCGTT-1_1	1.990938	-0.025165	0.903473	3.527023	0.140305	-1.638848	1.286186	0.728068	-0.473847	2.450403	-2.237700	-1.435648	-0.205577	2.745672	-3.083554	-1.271945	0.647874	2.210501	1.052515	0.805353	3.190684	0.835935	2.278905	1.298578	-1.736083	1.467073	-1.030310	0.949730	-2.158011	3.800247	-0.725583	-0.386769
GGTAGAAGACCGCCTG-1_1	2.593657	0.062815	0.543893	4.482780	0.537301	-2.550787	2.040369	0.424857	-0.109570	2.326800	-3.401730	-2.667343	0.011577	4.228999	-3.746761	-1.353530	0.372983	4.381813	1.114551	1.533801	4.117783	1.214891	3.181129	1.859981	-2.533198	1.974721	-1.300293	0.527230	-3.823245	5.254020	-0.412023	-0.611293
GAGATGGGAGTCGACA-1_1	2.024480	-0.774288	0.569296	5.036582	-0.408381	-1.788087	2.607702	1.017938	0.223015	2.412683	-4.538677	-2.231958	1.780363	4.159270	-5.281774	-3.518271	1.463222	6.751927	2.192823	1.464491	2.760235	1.826122	3.031368	2.284996	-4.145561	4.210330	-2.201663	-0.056356	-5.012988	6.386774	-1.653393	-0.794278
AACGATAATGCCGTAG-1_1	-2.986962	0.856728	1.474925	15.560942	-16.877142	-2.582454	7.422993	8.528894	-5.636382	1.894539	5.975155	4.725506	8.571856	15.875668	-6.602839	-15.692932	0.303592	15.522477	-3.176465	13.558549	2.834720	-0.854769	1.013833	9.517578	-5.211307	8.843787	-15.563181	0.153549	-6.334648	12.943795	-17.237785	-1.321962
TGGTCCCACGCTACGG-1_1	-2.820879	0.280059	1.943179	14.226308	-15.190251	-3.164896	7.419345	8.263945	-4.990994	2.303671	5.891699	4.201757	7.064052	13.939133	-5.745341	-13.730653	0.324888	13.442474	-3.435789	12.267976	2.418278	-1.817046	0.668605	9.352482	-4.189154	6.923625	-14.291077	0.864774	-6.191056	11.472074	-15.903595	-2.048980
GCTATACGTCTCGGAC-1_1	-0.112082	-1.710515	1.696696	12.886752	-11.448869	-1.109769	6.948569	5.764951	-4.424584	4.968460	-0.931028	0.439729	6.402789	12.352803	-9.754893	-12.197337	3.002310	13.423756	-0.259100	6.455400	2.209188	2.126265	4.393670	8.577000	-7.946268	7.573187	-10.022950	-0.148588	-7.983607	12.405977	-10.428192	-2.318957
GAGCCAGCTACCTGTG-1_1	8.716414	-2.310334	0.683447	5.918945	7.213554	-7.464167	3.970100	-1.336985	3.649743	7.281360	-11.137010	-8.188404	-1.825378	5.445669	-9.791079	-1.048754	1.725742	7.866901	6.678141	0.681632	5.955356	3.632170	7.637189	1.434522	-2.421698	5.060280	0.889391	1.295900	-6.535641	11.277540	2.198902	-0.640152
TGCTAAGTGTCTATTT-1_1	18.606047	3.882714	1.124869	3.815962	14.884639	-21.561028	-0.419327	-3.969423	1.351613	17.306986	-7.032706	-12.337553	-15.942204	6.830863	-6.993367	13.459278	-8.122245	-14.012290	11.287369	-4.636616	9.648305	6.703195	15.766926	7.604021	15.878628	-12.090739	2.542132	6.895156	9.563594	8.711817	7.095942	-3.940671
GTCCTACGAATAGTCT-1_1	8.615557	0.582177	0.522991	2.702376	6.760711	-10.193137	1.523161	-1.543277	1.117041	7.487049	-4.620042	-6.448236	-6.273072	3.870274	-4.618949	5.038631	-2.949815	-2.917623	3.894825	-1.703144	5.735023	2.807598	7.751911	2.698110	4.543692	-3.625069	0.784320	2.829817	0.949449	5.980445	3.588085	-1.823417
CAGTGTCGGCTGGCCC-1_1	14.283367	0.938786	0.016095	4.898933	6.723856	-15.241839	2.514787	-1.199669	-1.293649	12.985971	-6.099619	-6.666109	-10.594705	6.157770	-8.647318	7.042399	-4.674208	-9.955475	6.799846	-2.961299	7.685302	4.099186	11.930159	7.678770	8.636990	-7.506562	1.620406	4.984454	4.826104	8.319283	3.849325	-3.345390
CTATCGACGAAATACA-1_1	11.471612	-1.425203	1.308977	7.304616	2.030577	-10.659986	5.216516	1.088195	-3.103853	11.641410	-7.783866	-3.610765	-5.898068	7.416359	-10.726668	1.392276	-1.103896	-4.003685	4.492899	-1.998584	8.552901	2.621791	10.348664	6.621478	1.735749	-2.321947	0.084272	3.881756	-0.328413	10.738932	1.530300	-3.024240
CATCATTACCCTGAGG-1_1	10.389743	-3.605442	1.092165	10.213756	-2.295024	-8.382895	8.276302	1.445058	-4.371173	12.040034	-9.035204	-2.410143	-3.830686	8.146577	-14.536365	-1.252330	0.745576	-1.041791	3.697120	-1.722717	7.875660	2.499011	11.338581	8.416853	-2.505994	-0.382643	-0.916034	3.489007	-4.317335	12.199298	0.167027	-4.247750
TAAGTTGCGACGTAGG-1_1	6.439194	-2.966032	-0.728804	4.451959	2.789372	-5.783532	4.142465	-1.307102	0.976564	4.797554	-8.533213	-4.661140	-2.359659	3.701528	-9.022056	-0.302173	2.310400	3.962565	4.262664	-0.172603	4.465620	3.298453	7.063522	2.897740	-2.670395	1.847601	1.336124	0.270512	-5.392001	8.484083	3.003374	-1.510023
AGTGCACGCTTAAGAA-1_1	5.224589	-5.114219	0.578684	10.865525	-5.958624	-4.919518	9.688196	1.190225	-3.485506	9.866755	-9.250779	-1.575028	-1.053656	7.505962	-16.693850	-5.479952	5.534126	6.741342	3.935639	-1.353128	5.050155	4.070125	10.561368	8.533836	-7.306750	2.183500	-3.410540	0.811513	-8.804509	12.326163	-1.171647	-2.783699
TGTGCCGGTGCCGGAA-1_1	4.328827	-5.351174	1.238123	11.924837	-7.131823	-3.814785	9.364010	2.346349	-3.211165	11.312078	-9.681680	-1.432297	0.000729	7.861102	-17.245163	-7.424094	6.384109	8.553243	5.019351	-1.534932	3.958762	3.749648	9.939175	8.834179	-8.527296	3.807932	-5.153858	0.717484	-9.744245	12.961333	-2.672095	-2.666649
AGGAGGCCTTCGCGCG-1_1	1.115283	-3.256703	0.843797	11.666019	-9.853890	-1.810729	7.997931	2.814436	-2.987725	7.674032	-4.908192	-0.464973	2.436258	10.304256	-13.235814	-9.618974	4.513083	11.759418	1.436899	2.811088	2.125957	2.979352	7.296990	8.577473	-8.958965	3.773729	-7.218152	-0.745689	-9.197138	11.577615	-5.064297	-1.249106
GCCATTAGCCTCAAAC-1_1	1.056917	0.108204	0.507793	1.238712	0.059430	-0.524181	0.271922	0.357923	-0.427621	0.987035	-0.458098	-0.046761	-0.168325	0.956040	-1.130783	-0.444089	0.314513	-0.000332	0.361053	0.298566	1.304411	0.361069	0.750530	0.334255	-0.463029	0.562425	-0.163532	0.715747	-0.152459	1.211300	-0.390324	-0.018651
GTTAGGCTACCCGTTT-1_1	0.735630	-0.188893	0.258203	0.933836	0.225210	-0.267218	0.144700	0.242192	0.024753	0.624615	-0.824409	-0.237581	0.206330	0.645379	-1.054802	-0.582867	0.612530	0.540949	0.706937	0.325107	0.733448	0.504651	0.557135	0.197545	-0.698096	1.162784	-0.180304	0.556845	-0.529950	1.121011	-0.434736	-0.101612
GGGTATTCTAGCAAAC-1_1	1.271947	-0.619005	0.347163	1.668828	-0.284422	-0.448697	0.607008	0.469520	-0.397234	1.400084	-1.304384	0.088846	-0.092421	0.814385	-2.534824	-1.006595	1.206694	0.111632	1.052103	0.217943	1.278501	0.929042	1.626106	0.784004	-1.120149	1.242094	-0.075507	0.632952	-0.471175	1.851099	-0.394909	-0.180443
GCCCTAGCCGTCGCGA-1_1	1.684533	0.145972	0.396767	0.875819	1.231744	-1.623856	0.113232	-0.111463	0.277591	1.456677	-0.660526	-0.984457	-1.004632	0.805936	-1.160164	0.622312	-0.120102	-0.429723	0.723330	0.013096	1.454942	0.666324	1.587118	0.329025	0.298768	-0.029669	0.111338	0.875466	0.112558	1.257491	0.384917	-0.262870
CAGATCCTGGTTTGAA-1_1	2.544767	-0.138118	0.515701	1.510637	1.131504	-2.456184	0.552627	0.118861	-0.022883	2.430891	-1.323430	-1.184134	-1.519976	1.353879	-2.389573	0.676453	-0.037293	-0.893268	1.095033	-0.145038	2.089926	0.977070	2.866074	1.187518	0.218051	-0.235903	0.191708	1.032666	0.075860	2.243100	0.603043	-0.745397
CTTCAGTGGTCGCCTA-1_1	3.428200	0.489981	0.319210	0.982052	2.424290	-3.815581	0.110245	-0.426093	0.325902	3.126544	-1.130617	-2.032865	-2.715261	1.323696	-1.782957	2.101003	-1.127014	-2.240700	1.709496	-0.618324	2.041708	1.141802	3.104807	1.412982	2.126040	-1.623473	0.406101	1.346737	1.290823	1.813627	1.113990	-0.801578
GGGCAACCGCACGTGC-1_1	2.579531	-0.690470	0.368979	2.289218	0.299618	-2.019037	1.160267	0.407217	-0.484732	2.630315	-2.085403	-0.932740	-1.153557	1.555436	-3.357631	-0.128169	0.637631	-0.337556	1.175276	-0.092578	2.210593	1.007539	2.990980	1.544112	-0.756200	0.338740	0.129324	0.855960	-0.838764	2.848714	0.425173	-0.817175
GACCCAATTATGATAC-1_1	15.995065	3.982988	0.402163	2.169310	12.803361	-18.303255	-2.028980	-4.541349	1.857495	14.831524	-4.982142	-10.355935	-14.847541	4.874333	-5.444032	13.058317	-7.131517	-14.290818	10.767467	-3.930774	6.587656	6.125268	13.600012	7.587507	15.238307	-11.784397	3.150671	5.877852	10.344043	5.676391	6.356529	-3.800064
GAAGCTCGGACCCGTC-1_1	5.423517	0.097880	0.354245	1.928479	2.307286	-5.651917	0.867063	-0.259159	-0.243724	4.966766	-2.342986	-2.118927	-3.763388	2.380311	-3.792366	2.240968	-1.144696	-3.451977	2.576722	-0.855300	3.111182	1.730793	4.994695	2.942821	2.526033	-2.049042	0.581276	1.935397	1.701390	3.473199	1.213098	-1.417563
CGTCGGGTCTAAGCGC-1_1	4.104963	-0.657414	0.743027	2.373383	0.554042	-3.448803	1.097880	0.684788	-0.904170	4.142768	-2.455379	-0.446681	-1.986917	2.302257	-4.260333	-0.187144	0.551748	-2.025893	2.215474	-0.278568	2.958295	1.418684	4.047043	2.455983	0.429779	0.035413	0.215065	1.586748	0.818043	3.804474	0.124409	-0.856736
GAGGCCCGACTCCGCA-1_1	3.152948	-1.274873	1.207076	3.770844	-0.583386	-1.431960	1.517170	1.114721	-1.359034	3.984968	-3.029852	0.054829	-0.781297	2.234584	-5.656373	-2.117048	2.512716	-0.297229	2.471027	0.124379	3.284113	1.816744	3.788155	1.992660	-1.820183	1.969488	-0.237191	1.671789	-0.654180	4.504616	-0.744110	-0.413043
TTGCCATAGCCCGCTC-1_1	19.091702	3.106664	-0.479547	3.761189	11.958449	-21.233143	-0.173289	-3.650962	0.513334	17.045948	-6.380000	-10.653960	-16.202787	6.569958	-8.678066	12.903583	-7.386764	-16.604097	10.894245	-4.328102	8.113978	6.369726	15.891760	9.812345	15.515021	-12.235641	3.427767	6.758070	10.349306	8.046381	6.839422	-4.474065
TAACATACACGCGATC-1_1	3.774326	-1.450440	1.042394	4.537127	-1.106485	-2.580238	2.913979	1.070045	-1.873027	4.795850	-3.395379	-0.759006	-1.201944	3.163049	-6.448330	-1.280373	1.472837	-0.079961	1.653952	-0.357957	3.568072	1.465845	4.710618	3.190506	-2.014656	0.844557	-0.504908	1.502715	-1.725153	5.187087	-0.477501	-1.391750
CCGACGGGCATGAGGT-1_1	4.126910	-2.046432	0.748143	5.121364	-1.589764	-3.093439	3.411693	1.023611	-1.921474	5.127720	-4.172496	-1.135412	-1.234330	3.426510	-7.684057	-1.461749	1.935894	0.374156	1.848891	-0.374008	3.604514	2.037886	5.649495	3.945621	-2.591239	1.136505	-0.742537	1.498392	-2.479766	6.022589	-0.484199	-1.695173
AATGTGCCCGAGGTGT-1_1	6.100699	-5.758749	1.822544	15.460485	-9.627569	-4.170549	11.530038	1.706411	-4.428222	13.990205	-9.086793	0.479110	-1.408586	7.419867	-21.415688	-8.001017	7.332670	4.321824	3.966848	0.044912	4.875140	2.307211	11.287648	11.546468	-7.508867	1.310977	-5.946373	2.497355	-9.668518	12.848405	-4.238666	-3.210957
AGCTGTAACCTCAATC-1_1	7.530484	-7.797897	2.314722	20.327366	-13.073445	-5.213924	15.226055	2.191965	-5.925220	18.031260	-11.574028	0.703076	-1.727695	9.863612	-28.338783	-10.868217	10.076534	6.346143	5.093838	0.186922	6.044878	3.098095	14.678250	15.357737	-10.115799	1.557479	-8.013053	2.751239	-13.183210	16.706171	-5.285625	-4.073970
CGAGTGAAGGTACCAG-1_1	8.125934	-9.609356	2.255714	24.652170	-17.103096	-5.669493	17.623636	2.689981	-7.000133	21.629019	-13.707108	0.890895	-2.074255	12.172870	-34.048508	-14.106240	13.186433	9.173792	5.667937	1.066283	6.398685	4.279034	17.111166	18.468010	-12.439238	2.041875	-10.226998	2.628421	-15.959880	20.407864	-6.753959	-4.005352
AGTCTCACAAGACTAC-1_1	3.283336	-5.135338	0.980200	12.574315	-9.145756	-2.649343	9.286144	2.635181	-3.351081	10.101036	-8.948068	0.058919	0.805470	7.516513	-18.667084	-8.991442	8.430308	9.437689	4.426461	-0.024718	2.627604	4.888414	10.403117	9.104931	-10.228943	4.712769	-5.557056	-0.036489	-9.724053	12.812611	-3.919544	-1.949115
AAATTGATAGTCCTTT-1_1	-0.211536	-2.013789	1.070021	11.681812	-11.119069	-0.626229	6.144243	3.962527	-4.062019	5.656087	-0.897409	1.268772	3.885370	10.003922	-9.919565	-9.872959	3.664179	9.485375	-0.792253	5.833186	1.812097	1.496591	4.691524	8.139301	-7.110000	4.752418	-7.740866	0.498683	-6.545770	10.022426	-8.737868	-1.416738
TAAGTCGCCGAGTATC-1_1	0.937746	-2.110450	1.588957	11.278638	-9.164901	-0.256401	6.330772	4.151594	-3.394525	6.554538	-2.940710	0.543912	3.859036	8.714273	-11.755999	-9.864057	4.458210	9.155599	1.024476	4.055426	2.061565	2.777391	5.715124	6.996332	-7.980241	6.004893	-6.963574	-0.125820	-6.848092	10.219789	-8.161996	-0.889830
GCGGAGAAACTTCGCA-1_1	1.548512	-2.265224	1.153875	8.578570	-5.442088	-0.873569	5.964532	2.186864	-1.975568	5.779303	-4.600061	-0.374009	2.277243	6.306317	-10.296832	-6.914660	3.757022	7.550895	2.370592	1.594410	2.741315	2.662722	5.667519	5.303038	-6.666265	4.721058	-4.416716	-0.165023	-6.346928	8.445775	-4.174306	-1.196727
GGCAAAGGCGCCAATA-1_1	-0.429319	-1.322458	1.341935	11.346662	-11.071973	-0.811575	5.902258	4.094462	-4.077924	4.685323	0.382828	1.784535	4.093625	9.512416	-8.510829	-9.812009	3.209634	8.562465	-1.393711	6.800756	1.773438	0.595398	3.678262	8.004499	-5.909772	4.522106	-7.892091	0.668042	-5.743095	9.155624	-9.516879	-1.379155
ATTTCCGGGTTCTGCG-1_1	2.444177	-3.294907	0.849056	6.641159	-2.612580	-1.446756	4.933128	1.057651	-0.740856	4.924188	-6.804635	-1.126958	1.766437	4.020243	-10.633954	-5.404711	4.697882	6.858904	4.349428	0.067832	1.835311	3.482165	5.819106	4.092227	-6.345783	5.666013	-2.245299	-0.248128	-6.016474	7.986783	-2.060579	-1.404681
TAAACCCAGGAGGGCA-1_1	3.477159	-3.570256	1.760663	10.139692	-5.596581	-1.938067	7.551126	2.516615	-2.792737	8.673586	-7.152472	-0.648526	1.241173	6.137050	-14.155966	-6.849048	5.313935	6.105768	3.953656	-0.353495	3.668799	3.484666	7.814113	6.258475	-7.320402	4.896430	-4.335223	0.942352	-6.645212	10.222627	-4.287504	-1.821872
TTCGGGCGCTAGTCTT-1_1	3.339144	-5.765668	1.208545	15.626127	-12.013920	-2.436357	11.665410	3.326151	-4.358655	12.488484	-9.338389	0.849573	1.342708	9.825424	-21.790098	-11.604386	9.368932	10.851048	4.336133	1.432085	3.539175	5.038344	11.767494	10.744985	-11.192262	5.854451	-7.498415	0.127729	-10.712560	15.169496	-6.590364	-1.840190
GTGGAGTCGGCGGTTG-1_1	2.642665	-4.943637	0.949663	13.082893	-9.945970	-1.652811	8.905173	3.052696	-3.342809	10.385416	-7.876583	0.956104	1.385818	7.220856	-18.426542	-9.912189	8.561633	8.715858	4.225811	1.208409	2.259947	4.565839	9.790687	8.634404	-9.649848	5.637873	-5.947080	0.370552	-8.542023	12.380939	-5.990302	-1.488595
GCACGCCTACTTAGAT-1_1	0.254911	-3.442838	0.613624	16.325674	-15.198142	0.711864	9.446526	6.639620	-5.211565	6.709672	-2.471260	2.714564	8.383559	14.000747	-13.508569	-16.722446	5.815037	14.548265	0.069787	8.578569	0.941533	3.489496	6.317616	10.083225	-9.713967	11.132602	-10.315995	-0.531760	-8.273740	15.274555	-13.199257	-2.399452
CAATATTCTTGACCTA-1_1	-2.134977	-2.385700	0.380438	15.663038	-16.794361	-0.470362	8.384792	6.091761	-5.066042	5.197197	1.653853	3.778682	6.104012	13.665165	-9.261599	-14.941140	3.785691	13.393869	-3.060710	10.813702	-0.100227	0.180794	3.135437	10.432607	-6.853572	6.480054	-11.162457	0.922814	-7.598644	13.116222	-12.698006	-1.854894
CGTTTGTGTAGAGGGT-1_1	0.139433	-3.889640	-0.337073	12.902048	-11.713764	-0.163698	8.204251	3.989706	-2.707876	6.021369	-4.714935	0.680500	5.785222	11.760104	-11.762518	-13.619956	5.098123	15.074176	1.262016	5.800542	-0.129276	3.698123	6.231571	8.447042	-9.393534	8.007002	-7.615491	-1.175003	-8.792608	13.386481	-7.536093	-1.781440
CATAGCGTTGCCCACC-1_1	1.213929	-5.081739	0.711486	16.443010	-13.953490	-0.053483	11.014425	5.501477	-3.937494	8.911669	-6.826773	1.045562	6.762411	13.466720	-17.744411	-16.711792	7.932898	16.852819	2.886106	5.952247	0.785937	5.309530	9.310847	10.898685	-12.529118	10.451480	-9.230074	-1.745229	-11.227582	16.572485	-9.772782	-2.174732
TTCCGGCCTTGAGGCT-1_1	1.775209	-2.963659	1.079979	10.359438	-7.520157	-0.166952	6.002026	2.919240	-2.214449	6.369565	-5.000172	0.690334	3.085097	5.708636	-13.127774	-9.192815	6.119487	7.691626	3.315331	2.623886	1.773193	4.145995	6.999982	5.582881	-7.995242	7.147502	-4.698242	-0.024027	-5.742182	9.652866	-6.492230	-0.477740
TCGTTGCTATCCGGTC-1_1	1.529495	-2.899031	0.282079	5.578511	-2.115984	-1.438770	3.872390	0.688499	0.492793	3.133803	-6.418669	-1.672208	2.694236	4.650364	-8.375217	-5.841195	3.495410	9.508589	3.894723	1.062384	0.567041	3.088064	4.401810	3.490682	-6.193296	5.842209	-2.313841	-1.374732	-6.603743	7.716462	-1.344613	-0.962409
CAGAGGCGATGCATGA-1_1	-2.462085	1.207322	2.529900	11.268996	-10.569466	-2.260792	4.109536	6.856502	-3.084619	0.360760	4.416888	4.457868	5.673632	8.557989	-3.336591	-10.567117	-0.053137	8.411664	-2.096429	10.098578	0.820773	-2.416150	-0.971644	5.970570	-2.296806	5.893938	-10.708608	-0.674926	-2.786043	6.888722	-12.987797	-0.229443
GGGTTAACATTTGAGT-1_1	-2.419689	3.028231	4.586714	13.927211	-11.425415	-3.707130	5.027163	8.633201	-4.172905	-1.397422	6.284035	6.514872	8.048471	8.827155	-3.869950	-12.655306	-0.166874	7.703856	-2.001648	13.460910	2.920640	-4.475746	-2.480804	7.131418	-1.392007	8.031365	-13.503520	-1.182172	-2.493023	7.130322	-17.810740	-0.689331
TGCCAATGGGTACTCT-1_1	-2.529998	2.046809	2.922126	13.004557	-12.220512	-2.410975	5.055754	7.792724	-3.548100	-0.812712	5.816041	6.551713	7.290790	9.162817	-3.083199	-13.114168	0.029703	8.635580	-2.684862	12.661053	0.062481	-3.298780	-2.266169	6.294201	-1.909740	7.476742	-12.474560	-0.919580	-2.489961	7.090827	-16.116678	0.276359
GACGCCGTAAAGGCTA-1_1	-0.529064	0.389442	2.440441	9.578646	-7.906464	-0.506689	3.039981	5.062802	-3.399919	2.213099	0.479296	1.847139	5.492572	7.109528	-6.084748	-8.954279	1.793832	7.342469	-0.270072	5.909546	1.489033	1.088206	1.702015	5.094673	-4.754487	6.481098	-7.036789	-0.337627	-2.956505	7.404162	-9.907759	-0.433458
CTGGCTGGTTGTCAGT-1_1	0.356344	-0.750503	0.846021	4.751964	-3.820356	-0.385298	2.420990	2.105145	-1.413599	2.365179	-1.024087	0.020835	2.053686	3.924457	-4.706684	-4.286674	1.687738	4.530736	0.394125	1.834190	0.802944	1.293646	2.192006	3.068280	-3.570949	2.816637	-3.358062	-0.050254	-3.154631	4.460594	-3.810459	-0.570553
ACATCCCGGCCATACG-1_1	-1.295033	-0.595380	1.783088	10.995522	-10.731798	-1.065342	5.083988	4.877529	-3.648166	3.211899	1.493500	2.072663	4.489861	9.507487	-6.191461	-9.838448	1.892282	8.714407	-1.750821	7.619113	1.128969	-0.412587	1.916119	7.155719	-4.422893	4.770137	-8.534093	0.168979	-4.834806	8.460593	-9.878031	-0.833216
CTCTTGTCCCGCTTGG-1_1	0.741378	-0.790474	-0.189684	2.488030	-0.284345	-0.687997	0.786101	0.291799	1.004231	0.700159	-2.937799	-0.939890	1.895359	1.824876	-3.133614	-2.714369	1.655102	5.030988	2.342407	0.931245	-0.017667	1.414812	0.820178	0.724964	-2.802774	4.126780	-1.400778	-0.464305	-3.203093	3.783259	-1.223802	-0.343690
TACGCCTCCATTCCGA-1_1	0.637811	-0.468765	1.296173	6.411200	-4.117049	-1.046298	3.141309	2.558014	-1.480911	2.856500	-2.180902	-0.827299	2.907629	5.836246	-5.764863	-5.392090	1.380732	7.331478	0.972194	2.057577	2.063089	1.913302	3.128342	3.935190	-5.196543	3.866402	-4.683754	-0.464879	-4.769341	6.410911	-4.000854	-0.876417
CGGAGCAATTTAATCG-1_1	1.757153	-0.721205	0.082390	3.367851	0.456125	-1.622718	1.936385	0.278148	0.482515	1.470645	-3.944193	-1.776275	1.119791	2.637399	-3.939825	-2.164698	1.252227	5.165794	1.947293	0.962915	2.038288	1.403623	2.217326	1.367485	-2.833413	3.292780	-1.046851	-0.162021	-3.906692	4.759273	-0.481898	-0.683479
AACTAGGCTTGGGTGT-1_1	1.194930	-1.306984	0.320360	3.979264	-1.111019	-0.636161	1.979848	1.066115	0.030647	1.627802	-3.539527	-0.793331	2.575178	2.663756	-5.251611	-4.108593	2.367125	6.072319	2.626454	1.234937	0.748985	2.169511	2.199903	1.886780	-4.211556	5.222279	-1.875128	-0.235609	-4.022362	5.199345	-2.083145	-0.795547
GCGTCGCCAGGGTGAT-1_1	1.414348	-0.092110	0.370986	1.530247	0.412890	-1.270084	0.718683	0.169430	-0.198182	1.573676	-1.124280	-0.924873	-0.744596	1.249640	-1.574023	-0.018504	0.184212	0.342616	0.588572	0.073135	1.703666	0.472514	1.624942	0.690630	-0.345256	0.097088	-0.196469	0.568024	-0.728568	1.808577	0.300241	-0.379375
GTTGGTCATGCTATCC-1_1	2.052182	-1.766916	-0.195808	4.217997	0.340550	-1.986792	2.659443	0.037297	1.143734	2.100419	-5.893164	-2.174150	1.393027	3.073378	-6.260585	-3.264515	2.581175	7.607728	3.496075	0.837178	1.671609	2.367335	3.647544	2.067755	-4.503064	4.805373	-1.056808	-0.984843	-5.703700	6.241797	-0.041758	-0.814821
GCTGGCGGCGCATGCT-1_1	24.041407	6.199220	2.228194	5.712645	19.614994	-27.674311	-1.887221	-5.293545	1.191050	23.153841	-7.868412	-16.818623	-21.738590	9.263120	-8.296556	19.533323	-11.328774	-19.526081	14.646052	-5.692146	13.226697	8.656293	20.758675	10.523631	21.452116	-17.279888	3.432208	9.586454	13.275518	10.171637	9.252542	-5.531421
TGAGCGGAAAGTGTTC-1_1	3.411184	0.273019	0.858911	4.033985	1.430335	-3.431488	1.863897	0.116626	-0.001336	2.752732	-3.010257	-2.602892	-1.157666	3.212273	-3.698280	-0.325812	0.301372	2.671521	1.191608	1.019266	4.442763	1.429978	3.576686	1.207990	-1.301693	1.073114	-0.660561	1.099183	-2.560974	4.836071	-0.061758	-0.480905
CTTTCTGTGCGGGCTT-1_1	20.248215	6.361200	2.580184	4.448698	17.448387	-23.343874	-2.702952	-4.957032	0.850448	19.952501	-6.184442	-14.173969	-18.957573	7.538123	-5.754340	17.900391	-10.340680	-17.622206	13.654106	-5.196140	10.903885	7.778992	17.707706	9.168054	19.634651	-15.788329	2.997372	7.867387	13.188860	7.426417	7.564650	-4.617838
ATCTAATATCCTACGG-1_1	3.092879	-0.052327	0.129192	3.362877	2.540191	-3.268381	1.669693	-0.579397	1.302766	2.145110	-3.997329	-3.662868	-0.803330	2.889834	-3.443747	-0.103426	0.446502	4.491328	1.768364	1.266815	3.411224	1.580654	3.292389	0.746388	-1.781747	1.978039	-0.501498	0.533178	-3.827984	4.880675	0.578842	-0.519955
AACCTTTAAATACGGT-1_1	1.913468	0.466935	1.036348	3.455343	0.043461	-1.358610	0.695247	1.114462	-0.311027	1.832222	-1.879575	-0.939028	0.563146	2.668196	-2.457758	-1.731923	0.453700	2.369860	1.119854	0.981463	2.805764	0.930062	1.788088	0.886585	-1.763501	2.176019	-1.179372	0.753524	-1.554476	3.489422	-1.398931	-0.055905
TTCACTCGAGCACCTA-1_1	3.009166	-0.425586	0.101993	4.296234	2.469069	-2.406490	1.389357	0.426493	2.268066	2.515409	-5.658315	-3.484736	1.222794	3.158493	-4.174357	-2.620223	1.071589	7.425347	3.636125	1.545906	2.563052	1.602980	2.452143	0.409298	-3.046797	5.232737	-1.395297	0.234468	-4.800725	6.319214	-0.747211	-0.140369
CTGCACTCCAGTACAG-1_1	1.153699	-0.132331	0.907797	3.555955	-1.040039	-0.614341	1.217847	1.283778	-0.516256	1.449239	-1.850330	-0.492850	2.035676	2.860774	-3.110563	-3.132843	0.834805	3.761728	1.325790	1.321353	1.848596	1.355091	1.336665	1.371170	-2.704701	3.576305	-2.111673	0.760554	-2.298186	4.068527	-2.642952	-0.452633
CCATTTCTACCTATTA-1_1	0.829434	-0.430356	0.656076	6.150618	-2.365057	-1.679191	2.293936	1.421804	-0.123539	1.899889	-3.907575	-1.610064	3.150739	5.281595	-5.528337	-5.316004	1.531607	9.771083	2.240236	2.461986	2.335125	2.202190	2.649671	3.020959	-5.502796	5.482604	-4.385622	-0.847368	-6.027293	7.635106	-2.694287	-0.847851
CAAGCGGCACATAATT-1_1	-1.241497	1.062012	0.945124	10.779921	-11.137515	-0.776841	4.635683	5.161254	-3.733839	1.641436	2.461296	2.942037	6.321656	10.251939	-5.698557	-11.429769	1.103267	10.874935	-1.326054	8.539150	1.568470	0.862645	1.412501	5.802845	-4.757476	7.087145	-9.751952	-0.547497	-4.295782	9.270109	-11.348181	0.024897
GTTAACATCACTTAAA-1_1	-2.952480	1.635680	2.031691	13.991502	-14.524832	-3.040007	6.404714	7.910574	-4.470310	1.053597	5.729010	4.796856	7.212085	12.644605	-4.501066	-13.590881	0.100091	13.114185	-3.161281	12.852482	2.586812	-2.065861	-0.149355	8.047397	-3.677473	7.527324	-13.699868	0.086911	-5.064611	10.554221	-16.050434	-0.898444
GTCCGGACCTGAAATT-1_1	-1.332421	-0.565707	0.731426	10.211808	-10.037720	-1.381363	5.416864	4.255547	-3.364723	2.830022	0.681390	0.705447	4.794470	10.715655	-5.622620	-9.568477	1.169090	12.150811	-1.086938	6.213280	1.749215	0.651504	2.379257	6.771251	-5.621968	4.837752	-8.943800	-0.027964	-6.639203	9.702147	-7.677532	-1.765711
CTGTGGTCGGGAGATA-1_1	4.228029	-2.931526	-0.563664	5.383402	-0.152794	-3.561752	4.645945	-0.405223	-0.174895	4.038067	-7.589127	-2.551377	-0.503873	3.916743	-9.717553	-2.405501	3.460907	5.384125	3.778948	-0.108756	3.402471	3.415465	6.658806	3.713975	-4.696611	3.135493	-0.012505	-0.546393	-5.900301	8.136444	1.278040	-1.582532
CATGTAAGAGACATTT-1_1	7.063929	-0.201048	0.629231	3.524894	4.004410	-7.268017	2.374947	-0.672844	0.359068	5.812718	-4.874403	-4.783850	-3.909262	4.089023	-5.386548	2.431720	-1.143677	-0.243637	2.610828	-0.687283	5.355483	2.103252	6.574844	2.381308	1.208509	-1.303223	0.622091	1.780654	-1.225765	6.304300	2.496638	-1.439444
CACGTTTCGTACACAC-1_1	5.673882	-1.547599	0.252041	4.099473	2.742194	-5.304719	3.154957	-0.876446	0.222099	4.508747	-5.983753	-4.356846	-2.473715	3.695735	-6.420548	0.451172	0.951042	2.040363	2.642797	0.094299	4.930670	2.290697	5.692023	2.212093	-0.980248	0.693437	0.649732	1.274188	-3.487223	6.726361	2.151586	-1.139152
CATCCTCTCAAAGATC-1_1	18.262672	4.483688	0.246766	2.897086	14.069263	-20.543854	-1.802534	-5.229670	1.478062	16.566656	-6.317429	-11.705176	-16.699703	5.915505	-5.891075	15.206385	-8.973257	-15.729644	12.158405	-4.520473	7.719400	6.978535	15.194242	8.752241	17.426283	-14.285354	3.529660	6.181312	11.379943	6.651871	6.990746	-4.384189
GATTAACCGAAAGCCC-1_1	3.804747	-1.376599	-0.373092	2.209999	2.693205	-3.894554	1.816879	-1.170628	1.177964	2.765511	-4.925076	-3.612171	-1.790234	1.970514	-4.582640	0.688082	1.104804	2.601804	2.547806	-0.045594	2.594723	1.998849	4.000968	1.226282	-1.131106	0.966551	0.682428	0.430949	-3.247304	4.755608	2.119797	-0.897985
AACGCTGTTGCTGAAA-1_1	5.422410	-2.666119	-0.183347	5.430471	0.605122	-4.956888	4.661968	-0.454000	-0.805294	5.165448	-7.215420	-3.491742	-2.066049	4.449602	-8.757453	-0.899913	2.006750	2.929293	3.174749	-0.581902	4.940672	2.708538	6.905224	3.856627	-2.633626	1.030545	0.213685	0.632871	-4.924714	7.975823	2.179070	-1.844266
TTCAGCTGGCGTGCCC-1_1	3.561970	-3.052555	0.519199	6.575140	-2.681361	-3.037500	5.744871	0.682906	-1.973231	5.680290	-6.133420	-1.467852	-0.511074	4.580739	-10.207661	-3.106388	3.359134	3.953637	2.780808	-0.864689	3.581323	2.781306	6.677510	4.945905	-4.578486	1.931906	-1.622192	0.323248	-5.285996	7.726549	-0.419290	-1.847382
TAGAGGTTCTACTTGT-1_1	4.715434	-3.242491	1.010947	9.319464	-5.282961	-3.499014	7.238727	1.228858	-3.090641	8.925312	-5.944545	-0.399690	-1.344805	5.497250	-12.831802	-4.016702	3.427162	2.254843	2.368458	-0.297027	3.836000	1.474437	7.624013	7.057199	-4.309450	0.521058	-3.136488	1.859835	-5.668950	8.617977	-1.940176	-2.190610
GTATCAAACGTTAGCT-1_1	4.647170	-5.248575	1.675238	13.788667	-9.084488	-3.705641	10.222118	2.929661	-4.428809	12.917029	-8.916180	-0.666715	-0.484590	8.549479	-19.198833	-7.990765	6.988588	7.476073	3.964814	-0.739165	4.532612	3.289380	10.305145	9.949333	-8.774294	2.886993	-6.294400	1.558376	-9.878655	13.466356	-4.151598	-2.463165
AATCATGTAAAGACTC-1_1	5.079036	-6.346624	1.301825	13.917548	-8.510956	-4.505639	11.220153	2.501681	-3.887087	13.223741	-11.314914	-1.386731	-0.266762	8.984019	-20.476770	-8.476399	7.804385	9.761595	5.731874	-1.770106	4.743858	4.438771	11.851243	10.470016	-10.019525	4.215787	-5.837440	0.903707	-11.513161	15.049250	-2.931380	-3.177654
AGTCACTAGCTCTCGA-1_1	1.346368	-2.601545	1.830513	11.630818	-8.005474	-0.802171	6.263909	4.234084	-2.355532	7.254266	-5.014419	-1.037060	4.318533	9.030329	-12.441000	-10.465360	4.333822	11.222018	2.759769	2.822849	1.543472	3.450508	6.165799	6.807469	-8.819432	7.127953	-7.162250	-0.826438	-7.843354	11.106556	-7.396376	-1.006072
TATCTTGCAATACAAC-1_1	0.652359	-0.525839	0.326442	1.507913	-0.658566	-0.066890	0.734453	0.421453	-0.304462	0.898742	-1.078716	0.012068	0.477068	0.829333	-2.192118	-1.156862	1.211749	0.825248	0.755680	0.224730	0.562219	0.827095	1.209383	0.831296	-1.496140	1.470573	-0.377903	0.138138	-0.937180	1.516624	-0.754873	-0.232662
TATTATGTTTGCCTGC-1_1	5.277206	1.181376	0.222529	1.073474	4.130912	-6.072305	-0.311231	-1.161744	0.573660	4.877946	-1.637856	-3.600408	-4.708863	1.895645	-2.075650	4.082327	-2.221687	-4.311193	3.057881	-1.192645	2.555230	1.862980	4.662552	2.380221	4.405539	-3.445637	0.868093	2.080420	2.769558	2.186463	2.135285	-1.359886
GTCAAAGAAGTGGTGT-1_1	1.425814	-1.463508	-0.372329	1.575966	0.105295	-1.538780	0.887417	-0.379647	0.561715	1.391242	-3.055472	-1.254026	-0.397266	0.886696	-3.604461	-0.328363	2.315398	1.733016	1.996861	-0.146592	0.616107	1.680851	2.352198	1.317819	-2.102680	1.607991	0.130842	-0.088969	-2.497561	2.727298	0.527740	-0.806170
GGGACAGAGTTACTCC-1_1	2.751517	-1.085989	0.880079	3.877138	-1.472948	-1.901445	2.345171	1.060307	-1.772385	4.069057	-2.313617	-0.472880	-0.929787	2.609915	-5.086746	-1.134757	1.133738	-0.098163	0.968990	-0.258904	2.681512	0.894241	3.579866	2.861102	-1.752571	0.498066	-0.833292	1.389971	-1.498299	4.011596	-0.682331	-1.138594
AGCAACCGAAAGTAAT-1_1	2.052699	-1.536303	-0.001373	2.620447	-0.026615	-1.581811	1.547195	0.086583	-0.038473	2.382244	-3.608982	-1.119004	-0.580735	1.339615	-4.676582	-0.970703	2.326072	1.671754	2.193077	-0.200268	1.669858	1.704865	3.291066	1.760132	-2.287490	1.720220	-0.003291	0.207734	-2.550032	3.635209	0.518795	-0.914259
CTCTCTAACTGCCTAG-1_1	2.399034	-1.190283	1.211131	4.220511	-1.856012	-1.392930	2.270431	1.262869	-1.857599	3.914449	-2.165194	-0.201855	-0.542375	2.454473	-5.576681	-1.812132	2.005987	0.411968	0.963715	0.039700	2.684024	1.231401	3.507599	2.772519	-2.499567	1.117067	-1.033564	1.381608	-1.676285	4.140037	-1.390711	-0.832689
ATACGGAACGTCGTTT-1_1	3.260513	-1.281165	0.482101	3.220284	-0.370134	-2.456322	2.033010	0.547864	-1.064054	3.672030	-3.107603	-0.798871	-1.260821	2.270421	-5.041380	-0.699226	1.082143	-0.440872	1.727168	-0.272749	2.852355	1.468128	4.175668	2.505132	-1.228890	0.656933	-0.064567	1.269072	-1.224034	4.168963	0.330001	-1.279950
TCGGTCCCGACAATAG-1_1	2.424430	-1.079424	0.674539	3.143471	-1.004475	-1.725150	1.876914	0.784334	-1.376975	3.236459	-2.222399	-0.537595	-0.793726	2.162652	-4.449580	-0.925785	1.102888	-0.026196	1.042534	-0.205348	2.316476	1.092337	3.223724	2.323035	-1.471591	0.616261	-0.556751	1.101580	-1.230654	3.568199	-0.393197	-0.979540
CGCGCAAATGTCCAGA-1_1	3.400255	-1.538437	0.331636	3.139790	1.061055	-2.485070	1.751136	0.085938	-0.012722	3.443480	-4.181828	-2.025146	-1.262073	1.914897	-5.175816	-0.762829	1.919703	0.958239	2.446938	-0.014494	2.886205	1.763557	4.047544	1.746913	-1.591285	1.511099	0.366009	0.804211	-2.281798	4.502648	1.025198	-0.787529
TCTAATACTGCCTCAG-1_1	9.241306	-4.193047	1.736451	11.473969	-3.918465	-6.886590	8.172895	2.208518	-4.590030	12.782397	-8.721704	-1.927730	-3.036050	7.878271	-16.101772	-3.056483	2.887378	0.115254	3.916579	-1.264709	7.844496	2.891961	11.653827	8.804762	-4.362992	1.303046	-1.881313	3.911715	-5.217753	12.804289	-1.026945	-3.858924
CTCGGTTGTCGGCCCT-1_1	3.666466	-2.394231	0.943775	6.428889	-3.131829	-2.596705	4.647568	1.400477	-2.460383	6.248731	-4.247066	-0.498465	-0.855881	3.915320	-9.065152	-2.731926	2.602319	1.248964	1.798126	-0.340893	3.500057	1.804519	5.805250	4.639199	-3.294065	1.257698	-1.812343	1.643733	-3.304471	6.518669	-1.490592	-1.565401
GGTAACCGGGAGGATA-1_1	8.691104	-4.744472	1.813409	13.321745	-6.307524	-6.062338	9.844427	1.958106	-4.345554	13.358789	-8.951801	-0.678732	-2.443801	7.689613	-18.647053	-5.162176	4.337019	0.540131	3.964807	-0.299453	6.615633	2.452658	12.114438	10.323801	-5.163816	1.063608	-3.508829	3.738404	-6.469448	13.018123	-2.751634	-3.829592
CAGGCGCACGGTGGTC-1_1	7.087041	-8.453693	2.151043	22.206125	-15.597198	-4.818395	15.037954	2.212323	-6.116665	18.794193	-11.906674	1.075877	-1.881027	10.027011	-30.574463	-12.991258	12.548646	8.120375	4.695616	1.629110	5.168355	4.379211	15.125591	16.752838	-11.451898	1.898147	-9.034213	2.275473	-13.864841	17.828287	-6.677748	-3.237133
TCATCGATGGTCCCAA-1_1	5.354205	-7.485789	1.494999	18.130411	-13.375604	-4.498365	13.519197	2.620482	-5.773848	15.470774	-11.167434	0.698553	-0.896406	10.022186	-26.682550	-10.957906	10.994821	9.649860	4.665502	0.372381	5.099516	5.353513	14.439791	13.966086	-12.076127	3.076690	-7.460094	1.700012	-12.851403	16.883921	-5.031610	-3.039849
CAAAGATTATTGGGCC-1_1	5.688966	-8.683623	1.625853	21.968609	-16.576937	-4.087767	17.308556	3.252084	-6.809327	18.718216	-13.077123	1.530743	-0.589378	13.248811	-31.632086	-14.298705	12.574129	11.958711	5.372075	1.376661	6.016951	5.354222	16.924011	16.375360	-14.407077	3.484280	-9.341275	1.275861	-15.569155	20.381035	-6.181792	-3.154465
ACAATGAATACGGAGA-1_1	-5.869014	-0.343724	3.233516	25.634651	-27.509098	-2.726265	12.365848	12.966131	-6.895562	2.622224	9.631961	9.725013	10.973945	21.283472	-7.522468	-25.659735	2.055074	20.378447	-7.012606	23.518587	-2.261989	-5.737102	-1.473627	15.269655	-5.749403	9.857416	-22.750334	0.475627	-9.351305	17.113102	-26.243217	-1.235985
GCTCCTGACATACTGG-1_1	0.401728	-1.653982	1.257058	10.212400	-8.972177	-0.487985	5.803572	3.085433	-3.417219	5.511892	-1.353952	1.545280	2.905517	7.458941	-9.724001	-8.248834	3.797643	6.652785	-0.202528	4.756301	2.349263	1.279200	4.541863	6.765400	-5.982750	4.073802	-6.205175	0.727896	-5.400240	8.364608	-7.658383	-1.079340
GATGACAAGTAGGGCA-1_1	-3.004532	-2.127994	0.903868	17.753841	-19.192253	-1.145293	9.304123	6.865998	-5.665955	5.494465	2.844439	4.131227	6.347285	16.001108	-9.127870	-16.412773	3.401296	15.365793	-3.821692	12.937080	0.290125	-0.986875	2.641574	12.038212	-7.068419	6.142541	-13.390779	1.502064	-8.718041	14.412521	-14.535814	-1.929448
TACGCCGAGGGTACCC-1_1	1.959586	-3.273541	1.463903	8.919748	-4.599215	0.134160	5.006567	3.118058	-1.372887	6.558389	-6.413271	-0.899541	3.560900	5.286704	-11.784818	-8.497642	5.393050	8.054838	4.658957	1.031410	0.616797	3.438990	5.274581	4.450437	-7.516963	7.679186	-3.997936	-0.170527	-6.077054	9.330617	-5.291154	-1.045166
AAGCGTCCCTCATCGA-1_1	2.266313	-4.498028	0.503827	8.112758	-3.217703	-1.700302	5.919812	0.974426	0.355438	4.782896	-9.548780	-2.129277	3.837290	6.413906	-12.698413	-8.535917	5.808161	13.217797	5.750268	1.333276	0.662359	4.539140	6.471718	5.213705	-9.116479	8.555149	-3.026934	-1.938328	-9.541430	11.236685	-1.954518	-1.553611
CACTCCTATGTAAGAT-1_1	1.529867	-4.665578	0.558987	13.619800	-10.914339	-1.213490	9.641121	2.883486	-2.680594	9.020771	-7.880155	0.226921	3.228559	10.127840	-17.094566	-12.234465	7.463662	13.449461	3.766890	2.898507	1.607782	4.730913	9.416887	9.036362	-10.940303	6.791340	-7.196084	-1.343036	-10.416832	13.678655	-5.953715	-1.267704
TCGAGCCAGGCAGGCC-1_1	2.172235	-4.925218	0.339529	9.441081	-4.870642	-1.715344	6.941746	1.144861	-0.029164	5.907397	-9.999949	-1.795440	3.571799	7.325625	-14.461566	-9.505049	6.667321	14.009620	5.869700	1.484650	0.778301	4.840962	7.632713	6.272605	-10.049651	8.388032	-3.787257	-2.199308	-10.386418	12.203949	-2.226445	-1.476711
TCGTCAAGTACGCGCA-1_1	2.494592	-5.560200	0.300103	10.416561	-4.636648	-2.301801	7.437683	1.237931	0.809998	5.634361	-11.841241	-2.884166	5.349697	9.230935	-15.404520	-11.586984	6.602201	18.242561	6.914157	2.515692	0.619348	5.754770	8.070524	6.683437	-11.540297	11.032414	-4.482032	-2.896455	-12.335518	14.679787	-2.737714	-1.677397
TTGTGTATGCCACCAA-1_1	-1.645527	0.001129	1.224593	8.676520	-8.768755	-0.998609	3.324486	4.370131	-2.740972	1.907959	1.649280	1.858947	3.982168	7.783875	-4.343317	-7.992077	0.953245	7.771220	-1.456599	6.239574	0.629161	-0.062670	1.263668	5.278735	-3.617004	4.067713	-7.440512	-0.492783	-3.417907	6.637594	-8.055498	-0.263607
CGATTAAATATCTCCT-1_1	-0.707658	-0.877243	1.601488	11.535152	-10.104090	-0.470050	4.972130	5.294946	-3.597223	3.746424	-1.074232	0.533553	6.071222	10.604602	-8.237429	-11.102892	2.548206	12.108646	0.050099	5.763706	1.185471	2.169818	3.593971	6.890931	-7.264075	7.168790	-9.086800	-1.373766	-6.408557	10.651914	-9.045694	-1.142155
GTGGACGCATTTGTCC-1_1	1.573260	-2.426459	0.689787	6.588504	-3.421485	-1.747566	4.629750	1.114155	-0.628150	4.351223	-5.368372	-1.384578	1.939283	5.489943	-8.775810	-5.504454	3.021013	8.347446	2.930278	0.936788	1.799265	2.690476	4.906926	4.353565	-5.991576	4.429954	-3.378525	-0.669305	-6.422386	7.714988	-2.189698	-1.113875
ACCCGGAAACTCCCAG-1_1	-4.439448	0.871653	1.935793	17.786438	-18.679253	-2.537838	7.724376	10.414478	-4.608616	0.318639	7.511563	7.621110	9.854619	14.829494	-4.014965	-18.692209	0.064809	15.269571	-4.732697	16.927879	-1.280642	-3.196538	-2.346354	9.232057	-3.295710	10.075468	-16.724493	-0.159099	-4.875886	12.236259	-20.218052	-0.458526
CCGCATGTGGTACGAT-1_1	1.296679	-0.956907	0.560736	6.482797	-1.945697	-1.101462	2.599064	1.917827	0.149914	2.059454	-4.926292	-1.471962	4.317893	4.939638	-6.712749	-6.675433	2.482152	10.413312	3.395203	2.426882	1.600212	2.752473	2.619264	2.754255	-6.046675	7.576466	-4.061991	-0.902773	-6.354991	8.471417	-3.204961	-1.069242
GCAAACCTTGGCCATA-1_1	-4.847974	5.367842	5.928566	26.168686	-24.118814	-4.950548	10.269643	15.386362	-7.229388	-2.862587	12.660294	14.853225	15.788139	17.993856	-6.215457	-26.411903	-0.544401	15.122062	-5.156645	26.374617	1.606781	-7.794849	-5.564434	12.180726	-2.452820	15.456834	-25.661190	-2.280013	-3.815415	13.206353	-33.996731	0.770546
ATTCACTGATGTTGGA-1_1	0.093689	0.905250	1.550777	6.787020	-4.705712	-0.796237	2.595176	3.175548	-2.310838	1.488416	-0.611626	0.128079	4.270654	6.460667	-4.514277	-6.134759	0.472568	7.382182	0.507873	3.295614	2.773947	1.636332	1.858045	3.396294	-4.516737	5.016528	-6.055997	-0.481693	-3.704730	6.577840	-5.814517	-0.748683
ACTCCCTAATGCTAAA-1_1	-2.099122	6.069494	5.328501	20.490377	-16.991383	-5.415259	7.280694	12.630995	-5.443654	-1.927844	9.691739	11.809976	13.786793	12.108185	-5.934418	-20.009748	-1.202123	10.527768	-3.071179	20.409874	3.829716	-5.640417	-4.905738	8.684544	-1.252137	14.845716	-18.907087	-1.895226	-1.341817	10.324390	-29.261253	1.224469
TCCTAAATTGGGAAGC-1_1	0.510756	0.181445	0.570332	3.859248	-1.365505	-0.981176	1.260870	1.057584	-0.459320	1.042623	-1.968097	-0.813247	2.000588	3.288347	-2.915035	-2.909431	0.538709	5.245973	1.085883	1.537563	1.968337	1.211460	1.359069	1.682455	-2.976686	3.271568	-2.914946	-0.252522	-3.161957	4.431024	-2.093735	-0.574573
GAACAGATTACTAAAT-1_1	1.775914	-0.294750	2.138397	7.174199	-3.239344	0.875085	2.271912	4.548456	-1.694078	2.915683	-2.581648	0.375534	6.881675	5.204581	-6.413964	-8.702551	1.974376	6.598866	2.881550	2.306277	-0.048218	2.800102	0.562561	1.984597	-4.903734	9.715762	-4.740051	0.837675	-2.431674	7.296505	-9.203861	-0.498673
ATACAGGCCCTCCAAT-1_1	-0.222709	-0.061204	0.765331	7.942758	-5.753896	-0.676557	3.088009	2.977702	-1.517744	2.130183	-2.268748	-0.050800	4.733840	6.821607	-6.485225	-8.057158	2.063555	10.661122	1.392234	3.847423	1.395214	2.635061	2.628036	4.066862	-6.303232	6.112326	-6.609863	-1.157915	-5.855029	8.539745	-5.541087	-0.880084
CGATTCGCCTGGCTGC-1_1	-2.426864	-0.675658	-0.616805	13.333916	-14.956888	0.459164	6.403936	6.879756	-3.836119	1.533371	3.412353	5.267509	8.605167	12.089943	-5.506660	-16.192902	1.720077	14.291420	-2.513988	11.398944	-2.333613	0.964689	-0.438172	6.661439	-4.748722	9.831673	-11.093193	0.364388	-4.944499	12.159589	-13.729896	-0.514239
AAGTTCACTCCAAGCT-1_1	-2.929014	-0.321700	1.270664	15.652467	-17.751617	-2.542439	8.534323	7.426971	-5.544656	3.699515	5.355056	4.418766	6.444993	15.075564	-7.709944	-15.028942	1.938971	14.550743	-3.849643	12.884040	1.627571	-1.291375	2.029172	10.842579	-5.621222	6.161694	-14.472651	0.785191	-7.671842	12.733397	-15.505405	-1.669841
ATCAGCCTCATGCTGC-1_1	11.417147	-2.370844	1.917088	10.272274	1.602927	-8.663965	7.365419	1.222015	-2.661781	11.239304	-9.896043	-4.471021	-4.320049	8.622090	-13.926414	-1.254518	1.405807	0.672514	4.816911	-0.547309	10.660072	2.999051	11.586672	6.301073	-2.670551	0.711817	0.647574	2.803873	-4.615807	13.155778	1.852194	-2.757976
AGTACTCTTATGCCCA-1_1	5.349760	-4.576938	0.810248	9.362226	-2.769053	-3.692492	7.667692	0.796847	-1.937721	6.955315	-9.832049	-2.040070	0.492025	6.126212	-15.452941	-5.465516	6.006495	6.995747	5.060279	-0.087463	5.088627	5.076027	9.758878	6.292906	-7.838412	5.566773	-1.539843	0.130754	-7.712276	11.887951	-1.079886	-2.303795
GCGCTTAAATAATTGG-1_1	4.649252	-5.818054	1.058953	12.715546	-8.419678	-3.864711	9.956875	2.377130	-4.060349	11.732806	-9.553653	-0.270137	-0.508927	7.301930	-19.217194	-7.556850	7.889873	7.416147	4.654084	-1.119202	4.464701	4.455542	11.054094	9.512249	-9.096954	3.774435	-5.062833	1.501422	-9.525601	13.298930	-3.345853	-2.652120
TTGTGAACCTAATCCG-1_1	2.626405	-3.251799	0.973378	6.632104	-3.396711	-1.734027	4.296587	1.526237	-1.461513	5.565093	-6.040200	-0.906938	0.801595	3.946046	-10.210718	-4.758289	4.533052	5.024041	3.583809	-0.275810	1.985394	3.131064	5.646682	4.393865	-5.635528	4.090278	-2.548918	0.678468	-5.015618	7.760961	-2.333499	-1.296240
AGTCGTCGACCACCAA-1_1	3.610920	-2.956173	-0.339545	4.774701	-0.342088	-3.247777	4.540779	-0.428769	-0.260846	3.928197	-7.136343	-2.303731	-0.373303	3.664473	-8.998173	-2.246305	3.269859	5.248524	3.586151	-0.508009	2.754504	3.031769	5.908572	3.614300	-4.343938	2.855161	-0.303945	-0.511551	-5.692470	7.374812	1.084216	-1.651994
TCCTTTAAATCCGCTT-1_1	6.710016	-0.656535	0.279322	2.699917	5.584264	-7.469837	1.929064	-1.648843	1.793989	5.296968	-5.516921	-6.286875	-3.969040	3.393458	-5.067500	3.010572	-0.821266	1.143659	3.036810	-0.581892	4.959060	2.479763	6.320660	1.459342	1.223794	-0.767539	0.874184	1.674371	-2.212787	6.247292	3.362994	-1.216885
ACTGAAACGCCGTTAG-1_1	2.099499	-0.887002	-0.505411	1.190082	1.918465	-2.485959	1.135614	-1.015412	1.420744	1.318250	-3.434683	-2.559421	-0.829121	1.325715	-2.726766	0.354365	0.768587	3.014650	1.913004	0.144495	1.151963	1.357333	2.268793	0.542301	-1.110477	1.154594	0.307262	-0.103624	-2.786428	3.142505	1.344400	-0.593570
GCACACACTGGTAGCC-1_1	3.221631	-0.760506	-0.133055	1.908986	2.599163	-3.444173	1.544948	-1.016899	1.141507	2.247174	-3.770185	-3.298706	-1.510698	1.906972	-3.361469	0.741464	0.434847	2.367264	1.852168	0.270536	2.556004	1.564594	3.322622	0.850976	-0.605087	0.716619	0.403002	0.479459	-2.606654	3.917442	1.676925	-0.666771
TAAGGGCCTGTCCGAT-1_1	4.626234	-1.243623	-0.716408	1.385154	5.200998	-5.735405	1.323727	-2.439656	3.200382	2.775517	-5.873771	-5.806774	-2.671931	1.911094	-4.287282	2.414726	0.814322	4.159543	3.369518	0.092059	2.593995	2.602676	4.402885	0.438616	-0.650469	1.115537	0.999442	0.540581	-4.168039	5.321887	2.969813	-1.013370
GCTAGAGTAGAGATGT-1_1	3.457279	-2.153589	0.848443	6.691981	-3.722532	-2.680688	5.364293	1.035225	-2.588277	6.314104	-4.042895	-0.708479	-1.035111	4.751740	-9.014172	-2.683198	2.030690	1.936808	1.299684	-0.222810	3.282124	1.096290	5.507795	5.111095	-3.173741	0.157605	-2.400693	1.217046	-4.145669	6.466538	-1.334828	-1.515983
CACAGGGCCATATAGT-1_1	3.459572	-1.587514	1.023272	5.565063	-1.658351	-2.672772	4.157057	1.041640	-2.155465	5.093498	-3.743440	-1.441435	-0.871490	4.453713	-7.100000	-1.897401	1.379658	1.811167	1.243100	-0.244179	4.156137	1.381824	4.842582	3.727280	-2.677599	0.719066	-1.374662	1.066285	-3.199893	6.099578	-0.723440	-1.305683
CCATGCCCTAGATTTC-1_1	-2.594450	-0.761132	3.394586	18.741438	-18.913324	-3.047758	8.676610	7.782243	-5.959773	5.233980	3.957513	3.732253	6.278885	16.093952	-9.979067	-15.728360	2.391192	14.620152	-3.727059	13.823005	1.656801	-2.427233	2.278362	12.923071	-6.821666	5.232983	-15.530961	0.583639	-8.981745	13.268895	-16.347708	-1.087827
TCGCGTAGCAGTGTCC-1_1	-1.081228	0.906872	1.465575	6.106142	-5.738412	-1.725793	2.556602	3.890078	-1.878268	0.062498	3.029536	2.342407	3.639508	5.053354	-2.495730	-5.704213	-0.248793	4.365142	-1.126200	5.785262	1.321908	-1.545180	-0.530439	3.718404	-0.883886	3.423237	-6.460055	-0.442488	-1.794097	3.887892	-7.718773	-0.509142
GACGAGGCTAATAAAC-1_1	-6.327026	2.323597	5.264800	26.595552	-27.172403	-4.614903	11.455201	14.713565	-7.377578	-0.235965	12.408828	11.397019	12.368495	20.969122	-7.305048	-26.228867	0.817745	19.604284	-6.425635	25.652521	0.180134	-7.125417	-2.282537	14.998884	-4.705128	11.523672	-26.347734	-1.691745	-8.200394	15.590875	-30.004450	-0.128684
CTACACTCGCAGATGG-1_1	-2.654717	0.197204	2.116338	14.555289	-15.287887	-2.231328	7.058602	6.766295	-4.394281	3.012159	4.362851	4.016865	5.225730	12.798246	-6.398363	-13.018141	1.450807	11.872702	-3.246793	11.970549	0.966970	-2.488004	1.119501	9.483309	-4.547882	4.876874	-12.776156	-0.193692	-6.434108	10.094925	-13.563946	-0.560990
TCCCTGGCGTATTAAC-1_1	0.964396	-0.783809	0.346372	2.212501	-0.885743	-0.428799	1.067605	0.561041	-0.421711	1.396974	-1.743546	-0.218816	0.260729	1.055984	-3.274129	-1.401832	1.754272	1.315525	1.062652	0.195567	0.918840	1.197073	2.009404	1.302220	-2.087356	1.631088	-0.535484	0.055575	-1.500911	2.367455	-0.700470	-0.385683
AAACACCAATAACTGC-1_1	1.124370	-0.830841	0.884874	3.039654	-1.773112	-0.403271	1.426761	0.862292	-1.085834	2.214509	-1.330241	0.538913	0.349423	1.228559	-4.206097	-2.008486	2.092177	0.676778	0.894007	0.520794	1.436944	1.170401	2.281329	1.854724	-2.322504	1.736870	-0.882126	0.848489	-1.156908	2.649915	-1.747068	-0.411862
TGGACGCAATCCAGCC-1_1	1.096089	-1.066908	0.808601	3.150039	-1.818856	-0.340180	1.775533	0.929554	-1.150762	2.666016	-1.707202	0.011473	0.185170	1.610059	-4.342446	-1.992909	2.155243	1.102907	1.005074	0.204039	1.409169	1.113642	2.443726	1.994426	-2.442580	1.623777	-1.100789	0.708199	-1.748737	2.954064	-1.419035	-0.534443
GGAACCTTGACTCTGC-1_1	1.695763	-1.058988	0.884188	2.638433	-0.136001	-0.401154	0.804858	1.084525	-0.057860	2.516199	-2.430198	-0.196643	0.917899	1.458410	-3.574361	-2.422489	1.587517	1.768945	2.306254	0.249605	1.102650	1.163799	1.498425	0.735180	-1.947780	3.314644	-0.759225	1.276566	-1.165726	3.030112	-1.839895	-0.178046
GTATCTCAGTCTTGAC-1_1	3.692819	-1.712004	0.983141	5.137022	-1.917799	-2.513068	3.414127	1.232893	-2.237825	5.314953	-3.370230	-0.734864	-1.121940	3.396579	-7.133428	-1.595037	1.655663	0.147810	1.452234	-0.422859	3.437195	1.431691	5.036644	3.834994	-2.473564	0.825545	-0.876647	1.597645	-2.245461	5.469198	-0.715781	-1.511660
GCTGAATCTTCCAATC-1_1	4.532355	-3.777604	1.454634	8.395805	-4.036238	-2.750887	5.398309	1.895777	-3.255611	7.144038	-5.972555	-0.771501	-0.576341	4.862277	-12.786215	-4.468828	4.990318	2.304965	3.063545	-0.003863	4.705960	3.901534	8.306926	5.969337	-5.786143	3.142071	-1.818598	1.918655	-4.350318	9.290159	-1.951428	-1.804063
AGATGCAAGACGTGCA-1_1	5.241554	-2.325087	0.485425	5.829710	-0.369728	-4.046984	4.245790	0.459873	-1.488498	5.900300	-5.986194	-2.281119	-1.934403	3.974736	-8.660115	-1.212177	2.092757	1.024738	2.871458	-0.671994	4.834773	2.277720	6.924922	4.130214	-2.668954	1.111039	0.025315	1.221959	-3.713592	7.235500	1.137605	-2.010291
TTAAGGCCCGTACTTT-1_1	5.942449	-2.640312	1.167819	6.865777	-2.058966	-4.629616	4.834308	1.331909	-2.857851	7.404141	-5.481527	-1.444430	-1.951190	4.896301	-10.163424	-1.576017	1.898012	-0.032768	2.374757	-0.735270	5.137239	2.383271	7.613832	5.521489	-2.938464	0.952538	-0.934767	2.415319	-3.063824	8.095208	-0.575523	-2.518116
AGTATGCTGGAGACCA-1_1	7.475067	-4.074720	1.702117	11.663006	-5.420534	-5.081680	8.693466	1.864428	-4.146880	11.697815	-7.729424	-0.799645	-2.008726	6.841156	-16.271610	-4.508859	3.755540	0.821747	3.353791	-0.414539	5.979831	2.296368	10.588995	8.868468	-4.921606	1.168470	-2.935824	3.159158	-5.844751	11.330497	-2.176598	-3.173850
GCGGCAAAGTATTGCC-1_1	4.372332	-1.851643	0.264648	4.413732	0.289040	-3.293021	2.929910	0.292031	-0.769875	4.230817	-4.991165	-2.034721	-1.559346	2.955324	-6.782958	-0.982083	1.894928	0.775308	2.500898	-0.107216	3.920120	2.225716	5.589625	2.842753	-2.049533	1.241143	0.284033	0.974081	-2.710291	5.816715	1.053185	-1.364838
GCGCAAATATATTCAA-1_1	9.026055	-4.191779	1.810691	11.900864	-5.103075	-6.281307	8.809884	1.994963	-4.350685	12.375789	-8.353509	-0.754546	-2.565182	7.446192	-17.086536	-4.131328	3.394867	-0.212394	3.812171	-0.495280	6.784138	2.658698	11.810835	9.498054	-4.633577	1.057737	-2.421713	3.611620	-5.249222	12.328364	-2.040716	-3.772370
GAAGAAACGATATTGT-1_1	6.228827	-5.621372	2.074914	15.805518	-9.953270	-4.161196	10.824399	1.801577	-4.365161	14.160613	-8.793127	0.695201	-1.495665	7.038117	-21.495625	-8.268353	7.625907	3.726849	3.914791	0.600887	4.718465	2.270636	11.134552	11.943078	-7.405600	1.280284	-6.169217	2.876707	-9.218434	12.818083	-4.886183	-3.152917
GGACCTCTAGGCCGCC-1_1	4.883683	-5.543191	1.686817	15.124705	-10.251045	-3.867148	10.961146	2.198940	-4.879930	13.193381	-8.938109	0.281465	-0.967570	8.027016	-21.306578	-8.420931	8.049732	6.207660	3.712034	0.278486	5.184153	3.477327	11.486047	11.087469	-8.991657	2.060670	-6.171697	2.328516	-9.885806	13.771806	-4.298702	-2.510806
AACAGCTGTGTGGCAA-1_1	4.625077	-5.440635	1.639008	12.330017	-7.773782	-3.119985	8.852947	2.584836	-4.198587	10.762976	-8.222643	0.493946	-0.019184	6.211474	-18.468046	-7.408199	7.688924	5.021776	4.140996	-0.139077	5.038015	4.603533	10.693844	8.679935	-8.456871	4.309815	-4.077251	2.559137	-7.265602	12.208730	-4.361993	-2.391001
TCGAATATCCCGCAGG-1_1	3.794111	-6.156936	1.267560	15.674910	-11.511247	-2.166200	11.487347	3.636062	-4.530316	12.915956	-9.628183	1.349574	1.366364	8.842797	-22.811880	-11.384331	10.065446	9.775003	5.294296	0.903681	3.867001	5.544158	12.371550	10.579682	-11.739371	6.494220	-6.746962	0.939176	-10.359864	15.110939	-6.669858	-2.337310
GCGACCCAACCATCTG-1_1	7.256810	-8.660726	2.274731	23.538786	-16.098577	-4.493596	15.920732	3.122916	-6.661757	20.555790	-12.958505	1.160309	-1.442284	10.831375	-32.262688	-13.777641	13.211204	8.545877	5.453818	1.401080	6.077660	4.425978	15.854830	16.604591	-12.450578	2.961753	-9.536057	2.770381	-14.620289	19.209332	-7.076758	-3.226359
AGAGAAGGAGTACAAT-1_1	5.384083	-8.828505	1.271981	19.910759	-14.427951	-4.518562	15.884818	3.702322	-5.128637	16.550468	-15.234197	-0.040726	1.256779	12.795560	-29.790970	-14.792799	12.805659	15.768170	7.708683	-0.406646	4.548408	7.703660	16.990520	14.647074	-15.804963	7.339134	-8.771871	-0.310070	-15.807240	21.174435	-5.437763	-3.312506
GGCTCCTCCACCTGTT-1_1	4.241310	-6.266216	0.925099	13.317473	-8.682026	-3.440228	10.672617	2.365343	-3.327621	11.305124	-11.096917	-0.469509	0.652505	8.201014	-20.491220	-9.358336	8.802417	10.383260	6.055673	-0.923568	3.725881	5.421236	11.975671	9.892350	-10.825590	5.402403	-5.315574	-0.001538	-11.013831	14.507874	-2.915850	-2.752033
TCAGTGTATACGTCAT-1_1	2.411696	-3.742265	0.755681	9.205906	-6.612705	-1.759485	7.745802	1.786625	-2.693641	7.649509	-6.391813	0.142898	0.693715	6.252687	-13.420280	-6.717954	5.482137	6.795410	3.004045	0.163364	2.721816	3.166136	7.578878	6.681334	-7.025462	3.344340	-4.215289	-0.052419	-7.081968	9.492406	-2.890857	-1.549323
ATATAAAGCGCTCGTG-1_1	-3.233143	0.833184	1.269691	22.859245	-25.659401	-1.385175	16.764948	12.530307	-7.867112	-2.044997	14.182793	18.357924	15.205635	17.593224	-4.854264	-28.665068	2.145444	12.692808	-6.841962	25.965424	-2.358150	-8.652917	-6.952295	12.312820	0.735865	14.485257	-22.118940	3.042358	-5.515192	13.765253	-31.555094	-3.055309
CTAGGTTCGGACGTGA-1_1	-4.857622	3.225549	4.809985	21.049753	-20.072603	-3.903236	8.286168	12.673890	-6.050248	-2.110113	10.102874	10.498343	11.826556	15.744822	-4.277242	-21.036671	-0.411516	14.192094	-4.550805	20.847645	0.683223	-6.113709	-3.818434	10.483832	-2.708286	11.432573	-21.074869	-1.758208	-4.452260	11.377566	-25.856274	0.103814
TCGGGAGACAGCGTAC-1_1	-3.760123	2.296860	3.140165	16.947020	-16.589500	-3.452039	7.313733	9.854249	-4.572014	-1.264072	8.657413	8.536988	9.875582	12.720170	-4.033504	-17.419914	-0.296763	11.700947	-4.055039	17.130217	0.379629	-4.648367	-3.071482	8.812702	-1.714703	9.204778	-17.172113	-0.495346	-3.921603	9.746834	-21.206959	-0.510213
CATAAGAAGCTTGGCT-1_1	-0.396824	0.768681	1.924922	10.455341	-9.094441	0.015390	3.944105	6.120171	-3.534595	2.136796	0.924956	2.565232	7.047348	8.985274	-6.161564	-11.213654	1.257785	9.543293	-0.186337	6.775883	0.845811	1.407232	1.225101	4.888859	-5.071460	8.388217	-8.575107	-0.835251	-3.380403	8.727376	-11.377208	-0.049743
AAGCACCCTGCGTATC-1_1	-1.397797	1.687696	2.330019	12.416832	-12.312281	-2.964885	6.400904	7.632260	-4.523779	1.105540	5.675339	5.838254	7.573714	9.951772	-5.952861	-12.628245	0.956664	9.439590	-2.305020	11.216198	2.983642	-1.617866	-0.143584	7.503088	-3.045089	7.843277	-12.299299	0.711528	-3.779522	9.082829	-16.353973	-1.666899
AGTTTGCACCTGCCTC-1_1	1.081937	-0.896155	0.687033	6.998019	-2.640149	-1.722983	3.152855	1.808351	-0.276271	2.535318	-4.673708	-1.805983	3.663558	6.256525	-6.697731	-6.279905	1.914516	11.181929	2.759439	2.676869	2.791373	2.477657	3.177027	3.696189	-6.401843	6.393894	-4.796111	-0.761063	-7.167436	8.985788	-2.977708	-1.366956
GACTGCAAATCGAGCT-1_1	1.214735	0.746316	0.663218	4.545652	-1.252995	-1.336494	1.831161	1.206366	-0.847380	1.216136	-1.987820	-0.912563	1.920689	4.051570	-3.108325	-2.776064	0.107789	4.882889	0.768668	1.804735	3.389999	1.246212	1.886517	1.807024	-2.884511	3.163146	-2.863860	-0.022395	-3.064269	4.957973	-2.346012	-0.535002
CTTCAACTCCACTTGG-1_1	0.895424	-1.073233	0.538207	5.962452	-2.334515	-1.436298	2.398443	1.591505	-0.136740	2.089316	-4.011868	-1.413634	3.310500	4.686312	-6.401323	-5.614491	2.294319	9.527202	2.728364	2.189792	1.474804	2.623150	2.806038	3.051004	-5.748830	6.083445	-3.986026	-0.764585	-6.018911	7.548010	-2.916931	-1.142112
CATGAGATGCACTCTC-1_1	2.603557	-2.747177	-0.087896	6.017321	-0.145779	-2.495025	4.093497	0.333887	1.445790	2.947262	-8.308793	-2.714959	2.736886	4.985349	-9.056563	-5.621984	3.599982	11.575529	4.930587	1.422926	2.052977	3.545800	4.982764	3.181243	-6.817909	7.262508	-2.075363	-1.420472	-8.199412	9.371464	-0.578919	-1.272166
CGCGACCGCGACAGAT-1_1	3.959390	-2.950568	0.799536	7.073512	-0.621094	-1.789760	4.754915	1.442669	0.644085	3.819160	-8.149943	-1.909465	4.133901	5.013822	-10.679941	-7.069407	4.001088	9.807101	5.171679	1.684988	2.243268	4.161131	5.155317	3.064527	-7.153575	9.283847	-1.958384	-0.091639	-6.675977	9.825661	-3.453130	-0.944071
GCAGTGTGGCTATAGG-1_1	15.324945	1.537566	0.749453	4.341166	10.876136	-17.220459	1.919810	-2.029184	1.337429	12.695041	-6.851265	-9.189045	-11.082354	5.952942	-8.286306	8.562965	-5.011336	-8.032038	7.081096	-2.708134	9.011165	5.183540	13.576332	5.419575	8.571758	-6.801294	2.230225	4.805361	4.185052	9.227188	5.247000	-3.123205
ATACTGCCTTACACCG-1_1	-0.260082	-2.187643	-0.277734	13.375302	-11.100400	-0.601328	6.702576	4.057560	-2.053775	4.319745	-4.770786	0.106121	7.346365	12.395408	-11.782310	-14.727948	4.503236	18.678791	2.057542	7.174745	0.872011	4.449084	5.526184	7.738374	-10.844295	10.034601	-9.745486	-2.306831	-10.413238	15.131365	-7.809565	-1.382569
TACAGAAACGGTGGGC-1_1	15.684162	2.440587	-0.242759	3.561347	11.430289	-17.879583	0.642581	-3.195704	1.742511	13.487128	-6.361258	-10.267659	-12.857919	5.635663	-7.089959	10.726557	-6.316604	-10.552973	8.436841	-3.452192	7.848522	5.245913	13.479418	6.412950	11.349105	-9.271038	2.621335	5.108302	6.139177	7.822528	6.334770	-3.551259
GGCGCGGAGATCTTTC-1_1	11.048735	-2.719384	-0.131326	6.849377	5.242736	-10.212051	5.781946	-1.544044	0.989944	8.820059	-10.836862	-8.097919	-5.005868	6.665829	-11.583854	1.517929	0.713038	2.747947	5.218661	-0.474811	8.416387	3.833288	11.172521	4.537982	-1.067903	0.296810	1.701412	1.609892	-5.710332	12.047006	4.702599	-2.302946
CGTTAATGTCCCGACG-1_1	4.862170	-2.538374	-1.435676	2.412293	3.047335	-5.187364	2.425906	-2.069339	2.337805	2.769937	-7.324350	-4.591880	-2.159275	2.239701	-6.780585	0.911754	2.523728	4.512617	4.011674	-0.130117	2.137758	3.069418	5.114222	1.685981	-2.638525	1.937340	1.491743	-0.365710	-5.424152	6.539960	2.938233	-1.364490
GCTAACTGAAGTCTGA-1_1	5.220422	-2.789594	-0.896414	3.941754	2.491769	-5.136317	3.390257	-1.453700	1.119004	4.068480	-8.181098	-4.501346	-2.143353	3.258035	-8.042073	-0.187261	2.673077	4.835050	4.205473	-0.126698	3.659178	3.056609	6.089129	2.709663	-3.019371	2.116585	0.805620	0.196985	-5.973381	7.763453	3.027799	-1.555076
AGTGATAACCTGCGCG-1_1	2.922877	-2.164314	-0.866433	2.375162	1.108415	-3.070199	2.213279	-1.022750	1.077039	2.139668	-5.743681	-2.608046	-0.797420	1.972589	-5.735147	-0.508712	2.545064	4.117284	3.169747	-0.240583	1.455727	2.277737	3.711827	1.863905	-2.800369	2.290899	0.448648	-0.481840	-4.525067	5.106025	1.567132	-1.095195
TATGATCTTCTCTTTA-1_1	4.347453	-4.207478	0.345256	7.622009	-2.824606	-3.697612	6.458054	0.620333	-1.679583	6.669296	-8.417398	-1.983368	-0.413381	5.039224	-12.907217	-3.949728	4.927015	5.722793	4.371422	-1.087642	3.671889	3.875524	8.219765	5.915060	-6.200870	3.424160	-1.717826	0.003810	-7.017393	9.774649	-0.223185	-2.347640
TGTACCTACACGAGGG-1_1	2.075142	-0.695235	-0.091608	1.090107	1.528602	-2.089430	0.844961	-0.520895	0.713169	1.593511	-2.577221	-1.907455	-0.915612	1.003852	-2.402597	0.360297	0.596104	1.197919	1.419628	-0.088187	1.353926	1.058306	2.109781	0.572073	-0.425025	0.633433	0.305720	0.257888	-1.455035	2.465987	1.007718	-0.429748
ATATCGTTCCTCGAAC-1_1	2.731084	-1.790094	-0.104097	3.237989	-0.037094	-2.333881	2.781511	-0.125191	-0.318916	2.868689	-4.512864	-1.615941	-0.599953	2.407700	-5.667221	-1.200253	1.898914	2.525500	2.234658	-0.322424	2.296789	1.863996	3.973122	2.263252	-2.338529	1.564848	-0.115383	0.067358	-3.218526	4.790078	0.795677	-1.079618
CGGCGCCATCAATCCC-1_1	3.330208	-1.498640	-1.015747	0.774333	3.334502	-4.108969	0.942186	-2.043236	2.908702	1.527810	-4.859859	-4.080594	-1.709875	1.179755	-3.896898	1.564145	1.725861	3.451959	3.139135	0.017657	0.945687	2.373482	3.219636	0.396729	-1.368385	1.635337	1.175491	-0.245297	-3.703223	4.122329	2.042079	-0.837045
CCTGTTTGAAGACACG-1_1	2.997732	-0.231245	0.194637	1.137048	2.462248	-3.226369	0.620142	-0.526705	0.908772	2.440856	-2.304891	-2.511159	-1.711720	1.256812	-2.321367	1.294548	-0.246032	0.114140	1.512099	-0.339997	1.991375	1.191165	2.967469	0.645428	0.552719	-0.141547	0.410692	0.661540	-0.599090	2.573727	1.375717	-0.597126
GCCACTCAGAGCGCGA-1_1	3.004365	-0.694212	-0.165356	1.241631	2.669331	-3.264952	0.939012	-0.956901	1.232193	2.163937	-3.219388	-3.054672	-1.604853	1.275993	-2.831451	1.085474	0.321551	1.380482	1.785185	-0.158977	1.960893	1.434814	2.945807	0.537032	-0.076632	0.326937	0.568138	0.414576	-1.729847	3.173032	1.696613	-0.517027
TCGGCTTGTATCGACG-1_1	2.295509	-1.757761	-0.373717	2.018476	1.303580	-2.042870	1.346404	-0.474342	1.487032	1.820716	-4.810861	-2.205425	0.003121	1.439250	-4.462238	-1.080666	2.243519	3.825269	3.102074	0.094455	0.726920	1.814153	2.531459	0.933592	-2.445060	3.082618	0.290844	-0.235548	-3.538563	4.107418	0.493079	-0.610614
TAGATGGTTCCTTACT-1_1	3.981055	-1.200585	-0.097005	2.231090	2.667961	-3.636107	1.469405	-0.816604	1.052484	2.687247	-4.347673	-3.181963	-1.624587	1.669155	-4.477274	0.456144	1.102761	1.469345	2.325423	0.258307	2.708422	2.094950	4.068211	0.996827	-0.768389	1.176128	0.914453	0.635863	-2.180864	4.386828	1.731314	-0.627642
ATCGTTAGCTAGCGGA-1_1	2.731334	-0.498206	0.251240	1.938527	1.344596	-2.625268	1.261142	-0.251751	0.150183	2.230711	-2.546286	-1.980745	-1.263097	1.688173	-2.867591	0.390001	0.341864	0.688608	1.202676	0.003161	2.386622	1.056098	2.749635	1.006212	-0.295067	0.276825	0.187668	0.653158	-1.324923	3.015710	0.884586	-0.577731
ACAGCGACATTCTCAT-1_1	2.175922	-0.960126	-0.324994	1.575021	1.338345	-2.081193	1.250098	-0.594266	0.806354	1.394601	-3.322788	-1.941347	-0.600963	1.266092	-3.151606	-0.127118	1.069300	2.304461	1.689566	0.234033	1.340878	1.340634	2.357854	0.786834	-1.303756	1.353274	0.354229	-0.013770	-2.414372	3.105545	0.982207	-0.535460
ATTCAACCATTTAAGG-1_1	-2.559940	1.297795	3.615019	15.117607	-14.538573	-3.883798	6.445546	8.732555	-4.987876	2.176755	5.508316	4.026263	7.071342	13.296802	-6.573849	-13.389048	0.395433	12.627637	-2.811727	12.489693	3.365405	-2.195110	0.903281	9.528086	-4.656081	7.129414	-14.880762	-0.120369	-5.730789	10.774908	-17.063368	-1.330684
CACTCTTCTGCTAGCC-1_1	1.921416	-2.474259	0.463168	4.924768	-1.291982	-1.767415	3.483076	0.498761	0.164670	3.180241	-5.851609	-1.735241	1.659147	3.742121	-7.680057	-4.119291	3.120047	7.283737	3.438389	0.351781	1.300849	2.661049	4.213789	3.144517	-5.195249	4.703550	-1.769219	-0.780049	-5.713500	6.668581	-0.930381	-1.093927
CTAACTGATAATCGCC-1_1	-1.414716	-0.207276	1.521623	9.267046	-9.528722	-1.874443	4.831961	4.739830	-3.241913	2.253590	2.927446	2.131990	3.934871	8.773308	-4.571200	-8.329100	0.754286	7.960907	-1.911747	7.225289	1.572410	-1.119910	1.060877	6.387743	-3.091074	3.831406	-8.648667	0.591991	-4.369541	7.179039	-9.457721	-1.278992
GAAACATAGGAAACAG-1_1	1.965415	-0.995900	0.407871	2.568320	-0.323157	-1.248399	1.264121	0.470328	-0.557299	2.067889	-2.342573	-0.554808	-0.447624	1.274316	-3.872864	-1.017419	1.662328	0.472603	1.325232	0.159146	1.986771	1.426110	2.883055	1.455767	-1.640549	1.318434	-0.064215	0.629301	-1.278454	3.008863	-0.147952	-0.613723
TAATAGGTCACCAGAA-1_1	1.146459	-0.664779	-0.026538	1.492883	0.234210	-0.890601	0.749193	0.016110	0.267946	1.011120	-2.066664	-0.902947	-0.040326	0.950891	-2.330522	-0.622453	1.190004	1.528715	1.198868	0.188093	0.853757	0.904224	1.546785	0.726226	-1.381083	1.413154	-0.043371	0.015963	-1.659648	2.091669	0.113740	-0.379621
CACCAGTCAGCATGCA-1_1	3.341513	-2.267658	1.047628	6.622800	-3.632797	-2.383092	4.408345	1.251599	-2.236238	6.153915	-4.101294	-0.145731	-0.725125	3.487007	-9.214380	-3.014534	3.046219	1.187622	1.698272	0.045352	2.990301	1.614007	5.546313	4.865515	-3.462338	1.111177	-2.186015	1.767094	-3.436369	6.234711	-1.971363	-1.509221
GAGCGCTGTTAGGTAA-1_1	1.385131	-0.788371	0.318990	1.863332	-0.031849	-0.800489	0.783728	0.349413	-0.159193	1.479289	-2.043322	-0.581564	-0.044836	0.972372	-2.786307	-0.979139	1.346929	0.868262	1.232129	0.235194	1.224303	1.067846	1.857794	0.852557	-1.332152	1.540273	-0.170902	0.530206	-1.124803	2.333263	-0.289365	-0.367763
CCCTATGTAGAGCAGA-1_1	3.452968	-3.213056	1.395986	8.678674	-5.309319	-2.372320	5.592350	1.794659	-2.905620	8.063041	-5.163550	0.087796	-0.626091	4.295726	-12.023536	-4.632473	4.721477	2.426679	2.434483	0.069188	3.584256	2.160709	6.794215	6.159304	-5.017542	1.935929	-3.188372	2.213784	-4.832430	8.092945	-2.845190	-1.613944
GATCGCTATATCTCAG-1_1	2.735836	-1.309886	0.583738	3.475068	-1.117108	-2.012035	2.296846	0.770591	-1.363245	3.531334	-2.669484	-0.747407	-0.804669	2.437863	-5.022775	-1.004522	1.205497	0.266899	1.147930	-0.243432	2.447032	1.217175	3.658286	2.650944	-1.730071	0.703187	-0.567226	1.040826	-1.660905	3.984681	-0.383921	-1.131930
AAGGGACTATGCATTC-1_1	5.460298	-2.242204	1.185562	6.358037	-2.342641	-3.828150	4.001174	1.663420	-2.841546	6.457749	-4.579195	-0.616641	-1.539311	4.418439	-9.622048	-1.957956	2.147110	-0.340046	2.173470	-0.295859	4.574025	2.558435	7.153225	5.023633	-3.109437	1.288590	-0.794916	2.127173	-2.058541	7.501603	-1.037945	-2.074377
CTCGGGTTCTCTGGCC-1_1	3.750391	-1.785743	0.600956	4.273121	-0.401238	-2.727048	2.872639	0.592753	-1.122488	4.286317	-4.417553	-1.317835	-1.216176	2.847090	-6.505940	-1.276151	1.927686	0.566605	2.318288	-0.310880	3.583592	1.972477	5.033549	2.823857	-2.020390	1.317703	-0.223714	1.189139	-2.249291	5.405699	0.264233	-1.382298
TATATATCGAGAAATG-1_1	3.634599	-1.506935	0.543574	4.071854	-0.702612	-2.778032	2.744299	0.665652	-1.397200	4.131330	-3.669901	-1.195723	-1.256975	2.924950	-5.997309	-0.905157	1.324387	0.219781	1.669472	-0.316885	3.343798	1.624440	4.689608	2.978258	-1.784440	0.742994	-0.324161	1.212121	-1.970778	4.986482	0.110943	-1.401235
ACCCGAGCGAAATTAC-1_1	2.117927	-2.175670	1.033554	5.392118	-3.277569	-1.274775	3.139398	1.421460	-1.875837	4.588869	-3.321747	0.110404	-0.043466	2.673031	-7.829148	-3.267717	3.583493	1.713219	1.728788	0.281443	2.416914	2.115772	4.549234	3.693422	-3.723434	2.147351	-1.879254	1.370150	-2.722967	5.404439	-2.128324	-0.908246
TTGTTTCATTAGTCTA-1_1	2.196024	-1.794965	0.978029	3.977784	-1.161228	-0.969750	1.879172	1.083104	-0.791481	3.277868	-3.634526	-0.587491	0.329753	1.952844	-5.980488	-2.686148	3.020466	1.814162	2.350588	0.287827	1.933341	2.088149	3.531783	2.052614	-3.090419	3.160954	-0.918630	1.057927	-2.127967	4.629618	-1.465191	-0.650216
ATGGGACCTGCTGAAC-1_1	4.314896	-2.837907	0.823975	6.239022	-1.541123	-3.103898	4.304095	0.857541	-1.712172	5.376180	-5.952794	-1.568085	-0.896087	3.811413	-9.690114	-2.632673	3.564028	2.109816	3.045234	-0.272580	4.317697	3.138670	6.846889	4.194251	-3.969268	2.497188	-0.752008	1.121847	-3.891015	7.537097	-0.318094	-1.687042
TGCGACGGCCGAACGT-1_1	3.265819	-3.893904	1.085000	8.145123	-3.763258	-2.041436	5.163191	1.843980	-1.343922	6.791698	-7.722533	-1.136578	1.108897	4.353634	-12.487113	-5.793643	5.741152	6.299133	4.696600	-0.383573	2.194913	3.724924	6.831072	5.062207	-6.857931	5.479673	-2.917296	0.571312	-6.286261	9.270549	-2.806612	-1.555942
AGCTAACAAGCAATGT-1_1	6.522153	-0.848822	0.687144	3.774527	3.138216	-6.129155	2.052634	-0.197659	0.155836	5.523482	-5.066694	-3.717526	-3.219734	3.414304	-6.304137	1.274680	0.255317	-0.430050	2.971618	-0.464512	4.900658	2.502186	6.498334	2.361688	0.170865	-0.001224	0.726185	1.734277	-1.183163	6.261242	1.963113	-1.339893
CGTGTCTCGTTACGAC-1_1	1.902616	-1.856039	0.321454	3.428659	-1.113148	-1.523170	2.540508	0.413308	-0.573654	2.801818	-3.884643	-0.926033	0.112563	2.085609	-5.794791	-1.963259	2.505917	2.794739	2.126640	-0.310398	1.445792	1.911927	3.515999	2.436957	-3.026953	2.216495	-0.855096	0.067212	-3.117208	4.375124	-0.472345	-0.974989
CTAAATCCGGTGTACA-1_1	1.102204	-1.754182	1.951544	11.095317	-8.405625	-0.897485	5.861599	3.793155	-3.404643	6.466950	-2.999669	-0.084405	3.276641	8.596770	-11.456716	-8.643229	3.880256	8.756282	0.906996	3.530607	2.996393	2.502428	5.718457	6.976183	-7.864858	5.278069	-6.853110	0.021298	-6.890716	9.865128	-7.435798	-0.892541
GAATAGTGCTCGATTA-1_1	2.591270	-3.584447	1.057460	10.488696	-7.585537	-1.866285	7.537717	2.089847	-2.957245	8.405264	-6.074440	0.403457	0.693312	6.108559	-14.313863	-7.170711	6.014315	6.110642	2.646331	1.006895	2.854337	3.056845	7.686101	7.040169	-6.911228	3.676020	-4.807121	0.643663	-6.700661	9.776331	-4.535264	-1.291032
AGCAAAGGCCGCTAGT-1_1	-3.925388	1.157595	3.122888	17.924875	-18.455494	-2.851385	9.149463	10.550762	-5.667128	-0.713310	9.362196	9.569951	9.745898	14.368146	-4.356684	-18.872545	0.390322	12.396305	-4.328322	17.960735	0.287627	-5.498128	-2.864685	10.101070	-2.043699	9.149841	-18.111755	0.175267	-5.033840	10.771939	-22.049288	-1.408226
TTATAGGTAATTGTCT-1_1	-2.617135	1.088681	3.004770	17.112680	-17.792074	-3.226576	11.081273	10.223096	-6.379357	-0.858815	10.760790	11.087148	9.968872	13.657930	-5.031136	-18.754017	0.674512	9.920474	-3.921745	18.155586	2.122718	-6.598000	-3.256970	10.319339	-0.249612	9.757298	-18.218046	1.331216	-4.976665	10.224238	-23.474148	-2.661662
TTGTGCAGCCACGTCA-1_1	-1.664933	3.100658	3.275692	12.966774	-11.983817	-3.241951	5.917325	7.971184	-4.130844	-1.094933	7.142265	7.674031	8.098353	9.224458	-4.460539	-13.097891	-0.121394	7.083491	-2.185628	13.664231	2.890166	-4.222809	-2.464655	6.766258	-0.841418	8.341303	-13.547555	-0.839225	-2.239360	7.034938	-18.500225	-0.297271
ACGGACTCTCAAAGCG-1_1	-2.571874	4.020952	4.096073	17.469683	-16.605291	-3.781668	7.523027	10.243102	-5.181906	-1.471819	9.267410	10.473359	10.364268	12.233062	-5.505883	-17.958023	0.116001	9.850873	-3.239309	18.448854	2.515909	-5.340679	-3.228126	8.803405	-1.676686	10.562136	-17.883781	-1.242603	-2.813788	9.231212	-24.268335	0.355581
ATGCTCTGGCGCGGTA-1_1	1.097136	0.386983	1.571429	7.481874	-3.960478	0.274388	2.558671	3.546197	-1.754222	1.982704	-2.503515	0.216320	5.835764	5.545134	-6.147603	-7.757989	1.850561	7.226492	1.907874	2.805569	1.398518	2.809027	1.940627	2.684552	-5.217301	8.072810	-5.294884	-0.837189	-3.433254	7.341153	-6.714746	-0.370278
ATAATCTTGGAGAACC-1_1	-1.499390	3.535490	3.003056	10.835306	-9.779893	-2.944029	2.986189	7.106614	-3.288227	-0.335065	4.585200	4.609706	7.320970	8.414649	-4.434324	-10.286613	-0.454202	8.408422	-1.462360	10.212090	3.273831	-1.547609	-0.928201	5.256203	-2.759621	7.646088	-11.119665	-1.635584	-1.846073	6.912387	-15.328895	0.613503
CTCATTGCTCTAACAA-1_1	2.155289	-0.346320	0.151637	4.287681	0.327974	-1.891754	2.062564	0.334824	0.259007	1.854228	-3.994452	-2.151394	0.794361	3.279552	-4.442273	-2.132178	1.252913	5.099699	1.727315	1.353261	2.975391	1.566601	2.915016	1.636572	-3.187872	3.175237	-1.250257	-0.067618	-4.175282	5.313699	-0.584094	-0.557931
TAGGTGACGATAACCT-1_1	1.938223	-0.376391	-0.102189	4.172066	0.426205	-1.864435	1.773053	0.179493	0.747498	1.555383	-4.335873	-2.125194	1.095351	2.944653	-4.467201	-2.468271	1.430878	5.990206	2.176015	1.400848	2.427215	1.695849	2.685301	1.336055	-3.358949	3.790672	-1.382995	-0.442265	-4.412707	5.457436	-0.535329	-0.378040
CGGATCCTCAAGGACT-1_1	3.415797	0.370159	0.726971	1.511005	2.807332	-3.800665	0.353685	-0.314815	0.546031	2.998072	-1.759792	-2.565376	-2.216348	1.595783	-2.092082	1.703003	-0.638945	-0.562709	1.380521	-0.385209	2.770914	1.153885	3.124315	0.653633	1.114395	-0.627473	0.169405	1.243658	0.080838	2.645081	1.128915	-0.562894
GGGCGTGGTTTCCCAG-1_1	2.571595	-1.009728	0.577684	2.893860	0.631626	-1.695439	1.300366	0.392792	-0.133057	2.674857	-3.309986	-1.374269	-0.538982	1.812582	-3.972844	-1.107258	1.585476	1.344872	1.937853	0.312940	2.449972	1.261798	2.755479	1.136366	-1.556677	1.868142	-0.055001	0.945578	-1.831138	3.795178	-0.000816	-0.508752
TGGCTATGTGACATAC-1_1	6.242896	0.338418	0.922356	1.790386	4.966463	-7.263041	0.457545	-0.754273	0.835253	5.491240	-3.102217	-3.977065	-4.354946	2.520434	-3.527774	3.212292	-1.442335	-2.423575	2.926252	-1.036612	4.181281	2.292643	5.662478	1.651897	3.029984	-1.823557	0.557757	2.328225	1.366238	4.362792	2.136010	-1.171305
CTTAGTGTAGTAGCAT-1_1	3.797374	-1.785923	1.055346	4.368395	0.200217	-2.397504	2.328927	0.774568	-0.859877	4.537846	-4.683775	-1.285683	-1.003664	2.673726	-6.524274	-1.858722	2.497133	1.007178	2.907957	-0.078509	3.784194	1.985001	4.484354	2.052753	-2.111350	2.239504	-0.105580	1.643649	-2.008666	5.714997	-0.148905	-0.891345
GGATTGCTGTGACTCC-1_1	7.164363	0.918552	0.404265	1.465318	6.192125	-8.623426	0.140704	-1.517344	1.278017	6.245205	-3.158903	-5.244656	-5.745265	2.498194	-3.093034	4.906353	-2.647585	-3.826983	3.729167	-1.600382	4.055514	2.571445	6.211616	2.110510	4.903210	-3.475569	0.862975	2.600893	2.298989	3.985738	3.063708	-1.484211
ACTTCCATGCGGGACA-1_1	2.195202	-2.030606	0.813243	3.800493	-0.834510	-1.036632	1.828252	0.902822	-0.375236	3.319722	-4.212328	-0.817828	0.405956	1.765781	-6.123970	-2.726161	3.235426	2.474196	2.824346	0.115543	1.503068	2.123290	3.451138	1.952021	-3.273984	3.507206	-0.785268	0.860561	-2.603102	4.740554	-1.225186	-0.689837
ACTCAAGTGCAAGGCT-1_1	4.893604	-0.873715	0.355482	2.900719	2.098746	-4.563704	1.831193	-0.114338	0.066894	4.297730	-4.154358	-2.757783	-2.319875	2.625917	-4.965421	0.781979	0.279771	-0.246356	2.356787	-0.529462	3.505403	1.834944	4.937837	2.015776	0.029869	0.081959	0.450780	1.121193	-1.147358	4.809325	1.511447	-1.127229
ACAAGGATGCTTTAGG-1_1	2.843962	-2.023761	0.839787	4.120384	-0.255073	-1.390772	2.334463	0.801819	-0.443459	4.046817	-4.702091	-1.276860	-0.113425	2.313293	-6.305483	-2.516687	2.855495	2.137858	3.023957	-0.019197	2.461847	1.888964	3.909019	2.015149	-2.865952	3.064563	-0.496554	1.030704	-2.727792	5.282364	-0.536685	-0.810585
TTGAACGACGTGCTGA-1_1	3.597217	-0.193871	0.297795	1.739037	1.516874	-3.647138	1.141020	-0.063664	-0.124674	3.312184	-2.243117	-1.729163	-2.102244	1.933076	-2.837660	1.160721	-0.593980	-1.211097	1.545171	-0.638762	2.388100	1.047227	3.410285	1.695874	0.935188	-0.859163	0.230888	1.045902	0.109173	2.870555	0.968510	-1.007638
ATTCATCGTTGAGGCA-1_1	2.886777	-0.782494	-0.201888	1.172073	2.591328	-3.173601	0.830344	-0.925284	1.275062	2.105557	-3.251020	-2.911096	-1.547763	1.117487	-2.897313	1.042395	0.493172	1.374823	1.865109	-0.201466	1.774313	1.507306	2.899326	0.520777	-0.204183	0.473235	0.547654	0.389367	-1.742189	3.091212	1.634663	-0.560905
TGCAACCCATCTGCGG-1_1	4.614295	-0.469131	0.182873	2.235582	2.341493	-4.675003	1.633290	-0.344482	0.289972	4.028307	-3.490243	-2.843805	-2.473569	2.424441	-3.809454	1.403454	-0.544215	-0.543046	2.038712	-0.736487	3.083188	1.420475	4.424610	1.792030	0.769520	-0.669160	0.403689	0.980103	-0.730402	4.071624	1.655003	-1.116692
AGTGCTAAACACAGCA-1_1	6.046881	0.086690	0.123464	2.212061	3.471433	-6.545708	1.344532	-0.730641	0.340139	5.339513	-3.445251	-3.579233	-4.092112	2.671489	-3.880989	2.939116	-1.652668	-2.542286	2.877486	-1.333488	3.541257	1.851512	5.432337	2.555185	2.689019	-2.307593	0.625319	1.661239	0.764510	4.077935	2.153909	-1.528369
AACTCCAGAGCGTGTT-1_1	1.478387	-0.497334	-0.388468	0.104291	1.823838	-2.122708	0.168382	-1.035556	1.500684	0.782056	-1.754896	-2.182240	-1.044346	0.539132	-1.237197	1.198424	0.309892	1.202613	1.282744	-0.228691	0.414634	1.016481	1.451409	0.020744	-0.058658	0.233998	0.501738	-0.023610	-1.258051	1.596038	1.098185	-0.432540
TCTCCACAAGTTGAAT-1_1	5.514513	-0.921512	0.227702	2.855037	3.533979	-5.534892	2.047900	-0.849170	0.952471	4.592443	-4.923057	-4.365054	-2.831863	2.883746	-5.124376	1.546325	0.021359	0.772789	2.670293	-0.507033	4.015503	2.014628	5.421123	1.743643	0.247517	-0.038815	0.685167	1.113494	-2.043237	5.458334	2.355179	-1.112365
CTTTGCATCGCTCTTG-1_1	3.491550	-2.821097	-0.897584	2.664151	2.091750	-3.206555	2.248411	-1.089348	2.473441	2.804134	-7.431106	-3.499196	-0.340301	2.193485	-6.757806	-1.309188	3.336704	5.911253	4.845154	-0.118473	0.898086	2.651110	3.827397	1.437773	-3.657857	4.120950	0.720365	-0.655294	-5.637184	6.295976	1.296283	-0.975854
TCACAAACCGAGGTAC-1_1	3.900321	-0.314210	0.190263	1.580913	2.802912	-4.140054	0.956432	-0.564255	0.839539	3.209672	-3.022289	-2.985100	-2.172344	1.739828	-3.047600	1.536792	-0.356651	-0.037454	1.847206	-0.526522	2.545770	1.432035	3.707134	1.009867	0.733885	-0.335590	0.453846	0.806050	-0.714900	3.365839	1.616376	-0.769254
CCGTAGGAAATCCCTG-1_1	2.475189	-1.752384	-1.332663	0.204036	2.472290	-3.500067	0.489924	-2.167392	3.148231	0.727859	-4.429217	-3.406307	-1.348366	0.688677	-3.619729	1.525772	2.467159	3.271267	3.229777	-0.043941	-0.285079	2.445183	2.377109	0.195167	-1.814016	2.083243	1.130102	-0.539419	-3.737200	3.457456	1.490522	-0.913106
GCCTCCGACAATTCAC-1_1	1.682755	-0.963120	0.932844	2.336147	0.279550	-0.434376	0.706675	0.918228	0.117835	2.647588	-2.601248	-0.691656	0.650518	1.452711	-3.112789	-2.132292	1.417352	1.663412	2.226657	0.024408	1.022439	0.780302	1.269290	0.629219	-1.562003	2.761482	-0.587684	1.031980	-1.234487	2.904783	-1.200915	-0.024599
ACCCATTTGTCCCTCT-1_1	1.957090	-0.000362	0.180739	0.680556	1.698682	-2.241144	0.355237	-0.355624	0.557202	1.601351	-1.403686	-1.725025	-1.182407	0.909490	-1.257943	1.002946	-0.333299	0.068440	0.882968	-0.254836	1.327224	0.708634	1.800192	0.368264	0.571424	-0.237683	0.141422	0.492260	-0.294011	1.600901	0.851652	-0.389344
CCTATGGCTCCTAGTG-1_1	1.966218	-0.995113	0.436644	2.462889	0.125644	-0.888911	0.745739	0.449803	-0.139917	1.809639	-2.708627	-0.492450	0.048483	1.110434	-3.831320	-1.417803	2.072344	1.016556	1.816250	0.533502	1.702204	1.611840	2.417644	0.929165	-1.937089	2.500805	-0.021172	0.940148	-1.285422	3.082196	-0.591769	-0.323011
CGTCGCTTGGTTATAC-1_1	2.192636	-0.553344	0.430044	2.125811	-0.237714	-1.547395	1.178413	0.567726	-0.830610	2.365238	-1.572989	-0.369436	-0.870247	1.603271	-2.956185	-0.322369	0.448380	-0.469193	0.836306	-0.063511	1.974961	0.656452	2.459661	1.548258	-0.706439	0.240290	0.018918	0.864926	-0.524282	2.509005	0.045140	-0.767898
TGCTTAGAGAGAATGC-1_1	2.287767	-1.139353	0.314018	2.495051	0.097034	-1.575075	1.281367	0.301765	-0.357603	2.196787	-2.861187	-0.796773	-0.603373	1.339788	-4.078016	-0.883246	1.698003	0.549842	1.588494	0.160818	2.100862	1.578753	3.023056	1.342194	-1.515867	1.450140	0.075814	0.753311	-1.361866	3.314965	0.085306	-0.672823
GATTGCTCCAGTTGCA-1_1	1.761870	-0.745601	0.450611	2.049277	-0.217685	-0.898748	0.630807	0.498279	-0.493935	1.685848	-1.765940	-0.026731	-0.311381	0.997223	-3.223466	-1.059330	1.567352	0.048240	1.264406	0.357751	1.743815	1.356244	2.211236	0.956875	-1.305534	1.472782	-0.028478	0.929049	-0.530524	2.473942	-0.415145	-0.273941
CGTGCTTCTACCTAAA-1_1	2.012289	-1.669845	0.704926	3.636509	-1.543437	-1.175671	1.960383	0.867597	-0.967973	2.704460	-3.104661	-0.325516	0.093691	1.779576	-5.854913	-2.158777	2.899634	1.459883	1.770954	0.251680	1.849309	2.200835	3.702178	2.360782	-3.037193	2.437135	-0.842724	0.702038	-2.047932	4.201315	-1.241777	-0.785420
ACTCCAATATCATCAT-1_1	2.978581	-0.527627	0.625721	2.410988	-0.467779	-1.229539	0.437944	0.768193	-0.876208	1.875663	-1.298444	1.170110	-0.369452	1.406766	-4.212448	-1.502970	1.714188	-1.266732	1.486540	0.989531	2.460683	1.885444	2.828790	1.254691	-1.311204	1.968260	0.468579	1.668943	0.807291	2.891515	-1.114739	0.044411
GCCGACCCACGACTGC-1_1	1.209154	-0.677587	0.191564	1.306791	-0.010648	-0.720171	0.564008	0.228727	-0.138659	1.099671	-1.542510	-0.283827	-0.109782	0.666436	-2.252187	-0.661400	1.050033	0.353528	0.944600	0.160372	0.935988	0.947143	1.505427	0.651627	-0.936644	1.137670	-0.008899	0.490430	-0.639486	1.740371	-0.190852	-0.300041
GAGGGTAGTAACAAAG-1_1	2.315757	-0.217255	1.380623	3.060507	-1.199908	-0.142750	0.526836	1.478555	-1.327063	1.548752	-0.830868	1.956278	1.837746	1.494367	-4.275296	-3.075541	1.895926	0.213733	1.664343	0.967586	1.660551	2.002162	1.321263	0.797318	-2.352600	4.287642	-0.618612	1.745832	0.433201	2.854992	-3.745497	0.282869
GGCCGAGACTCTGGTG-1_1	3.893370	-0.125840	0.792603	1.986387	2.298504	-3.800854	0.411348	-0.062186	0.199013	3.293149	-2.298086	-1.956190	-2.106346	1.782010	-3.368154	0.988791	0.208673	-0.875214	1.779199	-0.106336	3.114771	1.704731	3.622588	0.986215	0.548748	0.104328	0.294008	1.632667	0.228848	3.376410	0.707815	-0.531507
TATATAGGGCTTTACG-1_1	3.534945	0.428235	1.441813	2.805985	0.989351	-2.560698	0.414701	0.855763	-0.871761	3.606258	-1.199194	-0.771690	-1.618046	2.349363	-3.055475	0.059637	0.295476	-1.177306	1.237690	0.122147	3.663731	0.827421	2.755986	1.123728	-0.006837	0.278685	-0.118216	2.075441	0.525429	3.187232	-0.442088	-0.167643
TGCCGGATGTACGAGC-1_1	5.348287	-0.488883	0.828350	3.219873	3.278600	-5.108500	1.283466	-0.360134	0.505788	4.381907	-3.941297	-3.503524	-2.819121	2.554091	-4.941370	1.236895	0.457983	0.068861	2.436396	0.020747	4.437432	2.219188	5.281935	1.378781	0.028851	0.238412	0.755497	1.711128	-1.143526	5.127867	1.712215	-0.875396
AGGTAGATCGAGATAT-1_1	1.825049	-0.850899	0.935504	3.958140	-1.518965	-0.100321	2.434048	1.356337	-1.243395	1.655843	-2.280576	0.693705	2.431767	2.011967	-5.393281	-3.542123	2.631541	2.640734	1.819946	0.961411	1.881545	2.243518	2.476779	1.898961	-3.678809	4.904246	-1.164896	0.779300	-2.312565	4.116289	-3.100016	-0.912020
GATCAACATAAAGGGA-1_1	-1.351719	2.035326	3.630724	13.418549	-11.980135	-2.931910	5.870747	8.001620	-4.323768	0.716071	5.564154	6.809608	7.380297	9.164134	-5.724657	-12.780086	0.757115	7.496988	-1.776054	12.255685	2.678563	-3.322611	-1.128348	7.406804	-2.254413	7.968702	-12.541261	-0.293090	-2.668407	7.825835	-17.581758	-0.938582
TAACAGCGTTTGTGCT-1_1	-0.413524	0.457911	1.839810	10.766947	-10.659540	-1.634018	6.789464	6.314002	-4.147920	1.336619	4.827909	6.399021	6.688357	8.252912	-5.540002	-11.580574	1.384284	5.974771	-1.778713	10.075842	1.811335	-2.446460	-0.909164	6.696058	-1.541284	7.177155	-9.863564	1.167837	-2.847242	7.505358	-14.676011	-2.016276
GAATGCGAATCGGTTC-1_1	-0.890190	1.001317	1.750016	8.334115	-8.335938	-1.650707	4.491768	4.852465	-3.022280	0.503541	4.201992	4.600679	4.463211	6.758764	-3.596712	-8.346941	0.367931	4.906119	-1.349427	8.098682	1.809325	-2.466304	-0.602484	5.036848	-1.191362	4.702478	-8.484409	-0.104465	-2.187987	5.031179	-11.096802	-0.581845
GAGTATGCGCGTGCAT-1_1	-2.511225	0.042373	1.766860	13.298615	-14.477271	-2.179810	8.227351	7.625728	-4.664627	0.527170	7.364933	6.995058	6.910691	11.687891	-4.165616	-14.133425	0.565204	9.435567	-3.377704	13.211267	0.853567	-4.182053	-1.492455	8.322850	-1.370966	6.625068	-13.760670	0.984666	-4.775887	8.804494	-16.458773	-1.852591
ATCCACATCGACAGAA-1_1	-2.361714	0.628168	2.305649	13.402988	-14.030462	-2.459931	7.599954	7.997722	-4.628107	0.220204	7.409731	7.136144	7.227700	11.367924	-4.472545	-14.058005	0.358009	9.066053	-3.037438	13.263243	1.197230	-4.110658	-1.529786	8.147429	-1.470051	7.078948	-14.048819	0.356506	-4.212732	8.435690	-17.087721	-1.448198
TAGACGAAACGCCAAT-1_1	-3.615290	0.024497	1.416974	18.307533	-21.129032	-1.975604	12.008554	10.189910	-6.157703	-0.036319	11.002363	11.660506	9.996601	15.646665	-4.818317	-21.115452	1.231956	12.651793	-5.367838	19.469004	-0.743765	-6.206271	-3.216764	10.938269	-1.159231	9.345181	-18.773811	1.698157	-6.030100	11.822028	-23.519264	-2.031402
CAGCAGTCTGTGCTGC-1_1	-2.336710	1.672979	2.858786	15.391627	-15.692255	-2.784953	8.707949	9.142881	-5.141486	-0.983923	9.157177	9.861137	9.101594	11.765606	-4.574423	-16.954636	0.458017	8.900806	-3.517581	16.250223	0.896776	-5.209311	-2.982283	8.613985	-0.861296	8.801543	-16.225157	0.372423	-3.700948	8.679572	-21.128487	-1.149334
CTCACTGTGATACTTA-1_1	-3.669601	1.534763	3.205924	18.151081	-18.804588	-3.451714	9.413496	10.779713	-5.922331	-0.474486	9.972013	9.659674	9.909902	14.863091	-5.105001	-18.987610	0.238828	12.687546	-4.203379	18.363493	1.420713	-5.454247	-2.514011	10.485671	-2.057177	9.689716	-18.888340	0.141231	-5.157751	11.162257	-23.116230	-1.405413
TTAATTGCTTTGGGTG-1_1	-2.453101	3.404548	4.312933	17.265049	-16.073837	-4.126558	8.143882	10.308883	-5.451779	-1.106926	9.224282	9.983220	9.847638	12.028111	-5.534426	-17.383518	0.259601	9.701066	-3.015007	17.851728	3.260156	-5.580263	-2.882626	9.143228	-1.346405	10.331160	-17.672081	-0.588757	-3.389208	9.406975	-23.615988	-0.674057
GTAGTCTACGATATTG-1_1	-2.797806	2.802392	3.792258	17.318924	-16.979765	-3.925247	8.027319	10.359358	-5.385422	-0.569181	9.253081	9.278018	9.768224	13.109032	-5.864351	-17.665289	0.190355	11.086519	-3.489944	17.588232	2.279618	-4.849598	-2.316189	9.631411	-2.144822	9.842063	-17.928261	-0.665832	-3.998739	10.093541	-23.005690	-0.553922
TTGCCGCTTTCTAGTA-1_1	-0.731841	1.780145	2.924821	10.005928	-8.977969	-2.407181	3.823935	6.319761	-4.116218	1.307023	3.185414	2.848805	5.984056	9.213723	-5.565686	-9.067673	0.198474	8.319960	-0.804349	7.680633	3.839571	-0.456365	1.137107	5.900147	-3.930391	6.606054	-10.066980	-0.794698	-3.212651	7.383300	-12.655884	-0.602454
GAACCTTTAACGATCC-1_1	-0.335418	1.774892	2.235715	8.149695	-6.812542	-0.855347	2.554834	4.769964	-3.278386	0.942764	1.192745	2.046184	5.250997	7.267236	-4.548885	-7.767206	0.442082	7.291641	0.003021	5.651951	2.767752	0.609521	1.103149	3.958518	-4.079383	6.173549	-7.325819	-1.179109	-2.461909	6.353315	-9.361987	0.208765
TGGACCAATCTAAGAT-1_1	2.710353	-0.745569	-0.159985	4.569027	0.910645	-2.584791	2.515121	-0.080876	0.722016	2.205552	-5.207743	-2.923203	0.492229	3.788790	-5.346204	-2.060314	1.489748	6.348248	2.367758	1.334977	3.196996	1.867624	3.584940	1.870977	-3.626860	3.452719	-1.018427	-0.363352	-5.247890	6.198295	0.068186	-0.608981
CTAGTAGAAAGGGATT-1_1	1.120417	-0.278666	0.131149	1.594450	0.497698	-1.039893	0.712851	0.074892	0.187200	0.900730	-1.772404	-1.137782	0.040930	1.235302	-1.725756	-0.523189	0.548945	1.773720	0.811160	0.415098	1.222786	0.686228	1.279521	0.567024	-1.061876	1.208906	-0.318916	0.254654	-1.593313	2.057642	-0.047829	-0.311825
AACCTCGCTTTAGCCC-1_1	2.395071	-0.942986	0.063774	2.029768	1.133967	-1.922564	1.081838	-0.192132	0.412465	1.815283	-3.243332	-1.763403	-0.618144	1.341071	-3.330411	-0.382248	1.285999	1.575517	1.681179	0.364120	1.810514	1.332073	2.482462	0.851255	-1.282756	1.577852	0.220787	0.547265	-1.989727	3.245148	0.530086	-0.516347
GAGTGTCAACCAGAAA-1_1	1.750039	-1.144136	-0.330553	1.368762	0.570280	-1.687238	0.988071	-0.412009	0.515076	1.260406	-2.979375	-1.379117	-0.528153	1.007828	-3.122977	-0.196612	1.525253	1.595273	1.656491	-0.056326	0.852809	1.323294	2.092414	0.964386	-1.401702	1.319486	0.265983	-0.012091	-2.103670	2.680672	0.680415	-0.627271
GTGATCCTTGTCATGA-1_1	6.361841	-1.884302	0.543066	5.194332	1.216521	-5.323613	3.534136	0.287295	-0.925038	6.088959	-6.263421	-3.083873	-2.628114	4.215073	-8.101007	-0.279931	1.317386	0.167303	3.134856	-0.557531	5.340794	2.398291	6.938863	3.582557	-1.298231	0.697849	0.303733	1.561710	-2.683352	7.412379	1.594403	-1.724439
CTCAACTAACCCGGAT-1_1	3.551064	-1.848412	-0.070993	3.076444	1.167630	-2.740005	1.943207	-0.255489	0.366179	2.965927	-5.196401	-2.181648	-0.974691	1.862919	-5.808704	-0.839447	2.438488	2.162592	2.777438	0.166017	2.484876	2.164896	4.061926	1.701357	-2.255045	2.319579	0.464526	0.537338	-3.114514	5.036711	0.979635	-0.907990
AGTGGCGTCTGAAGGT-1_1	3.177293	-1.071419	0.183641	2.674394	0.297003	-2.492428	1.943563	0.266665	-0.493896	3.078202	-3.216053	-1.286066	-1.152895	2.116957	-4.235086	-0.345271	0.711894	0.064287	1.653044	-0.287283	2.501652	1.194095	3.620903	1.959682	-0.853212	0.520476	0.177503	0.687239	-1.378039	3.721257	0.740412	-1.017805
GGGAAGGGCTTTCTCA-1_1	3.362549	-2.053282	0.745022	4.364631	-0.068506	-1.878587	2.726592	0.720300	-0.579399	4.470390	-4.962867	-1.476893	-0.568877	2.671536	-6.595943	-2.237329	2.587098	1.817030	3.025316	-0.146863	3.101861	1.843307	4.395213	2.224882	-2.577313	2.559286	-0.297784	1.081458	-2.771837	5.655149	-0.052843	-0.963729
AGGCCTGAGAATCTCG-1_1	2.573500	-1.029826	0.020592	2.074427	0.874313	-2.204963	1.471932	-0.191970	0.043430	2.191587	-3.112716	-1.731428	-0.977784	1.596067	-3.503651	-0.179489	0.970143	0.950536	1.497473	-0.022697	2.064108	1.237889	2.822475	1.230280	-0.906757	0.775474	0.246678	0.477704	-1.781493	3.279872	0.909385	-0.647021
AGCCACAGGTTACCCG-1_1	1.801187	-1.131920	0.157645	2.313318	-0.346498	-1.546447	1.697567	0.176268	-0.503341	2.192926	-2.642835	-0.955881	-0.579491	1.609914	-3.682121	-0.725629	1.266068	1.073836	1.293989	-0.297910	1.662212	1.137296	2.663749	1.674070	-1.421617	0.771433	-0.310387	0.315739	-1.854121	3.031421	0.301322	-0.789305
TGCAATCTAACACGGT-1_1	1.969037	-0.908890	0.097664	1.980193	0.087671	-1.610785	1.459659	0.109503	-0.348754	2.065040	-2.441094	-0.998034	-0.730083	1.469311	-3.101299	-0.376362	0.811012	0.522101	1.189706	-0.232739	1.720573	0.927556	2.484464	1.376242	-0.908469	0.529050	-0.026609	0.418722	-1.410910	2.702858	0.533975	-0.751990
GTTTGGGTTTCGCCCG-1_1	5.187034	-0.317238	0.070762	2.543051	1.376912	-5.027286	1.776692	-0.100512	-0.782297	4.996654	-2.876048	-2.030664	-3.261284	2.728956	-4.174368	1.696142	-1.093484	-2.745380	2.279016	-1.005878	3.012080	1.217736	4.610326	3.250070	1.824852	-1.905133	0.486795	1.650680	0.584900	3.721074	1.203838	-1.545305
CCTATGTCCACTCCAC-1_1	3.898491	-1.186833	0.091163	3.145946	0.592310	-3.307292	2.500376	0.095241	-0.436716	3.818748	-3.867399	-1.980845	-1.612409	2.603876	-4.858945	-0.017495	0.465626	0.162432	1.878220	-0.527710	3.048966	1.244691	4.383241	2.417762	-0.789732	0.188386	0.197710	0.694457	-1.929175	4.425092	1.222530	-1.283604
CTGCCTTTCTAGTAAA-1_1	1.460991	-0.919938	0.154008	1.731132	-0.064038	-1.071983	1.120619	0.195020	-0.182174	1.716995	-2.180625	-0.710149	-0.309830	1.101548	-2.793761	-0.728462	1.080845	0.850515	1.213850	-0.109299	1.178311	0.881170	1.931752	1.041683	-1.068205	0.982390	-0.142830	0.346632	-1.296477	2.352766	0.124638	-0.518516
TTAGTAAACCTGCTCT-1_1	3.020982	-1.650955	-0.190857	2.693070	0.703406	-2.634513	2.167166	-0.288617	0.073284	2.816657	-4.442206	-1.971205	-1.103002	1.961349	-5.003172	-0.488282	1.693581	1.934859	2.239079	-0.327678	2.242211	1.613316	3.639584	1.863455	-1.768964	1.202693	0.270594	0.220865	-2.945080	4.378924	1.206292	-0.998265
CCTCCTGTTGTGTCGT-1_1	4.431338	0.445163	0.070249	1.168540	3.152893	-5.090047	0.395115	-0.749524	0.499593	3.876314	-2.049893	-2.912250	-3.435599	1.693925	-2.209101	2.768105	-1.579624	-2.486381	2.288552	-1.030400	2.416355	1.480799	3.877115	1.734123	2.807475	-2.188859	0.496542	1.420800	1.292819	2.471854	1.755100	-1.058426
CTGCCTTTAATACCTT-1_1	4.877593	0.899356	1.899143	3.168807	0.985732	-2.682005	0.066641	1.216118	-1.376363	3.837747	-0.375282	0.667298	-1.703032	2.689538	-3.830541	-0.479238	0.401579	-2.975425	1.496624	1.088323	4.371081	0.974677	2.830244	1.324292	0.052776	0.948928	0.601932	2.948338	2.006188	3.218522	-1.579522	0.506935
GAGCATCAACAACTTG-1_1	2.744402	10.482632	4.968078	15.080851	-9.417530	-3.882034	3.493420	7.461444	-4.128709	-2.271603	5.469619	13.940944	11.053849	2.510349	-5.048669	-13.332975	-0.397400	0.704695	0.193622	13.980392	6.929632	-4.348180	-4.361891	2.311754	-0.747650	14.423428	-9.014787	-3.378233	5.067795	3.276390	-25.268534	5.791353
CATACGAACTAGCTGG-1_1	2.329248	14.247954	7.677026	20.979223	-12.839470	-6.262399	5.577168	11.250416	-5.003892	-4.337671	8.989027	17.144590	15.249343	4.290327	-6.962678	-18.270687	-1.196865	1.027787	-0.553234	21.325726	10.182401	-8.703053	-7.221139	4.475749	1.004076	17.614264	-14.686909	-5.564807	4.216867	4.766099	-34.013744	6.996475
GGGAACGGTTTCAGAT-1_1	3.676335	16.025057	7.223821	22.341644	-13.927857	-6.138779	5.836499	11.170275	-5.501554	-4.290432	9.357521	20.903658	16.511635	3.541005	-7.087837	-19.933172	-1.327338	0.151565	-0.216389	22.154713	10.558451	-8.118149	-7.687553	3.311113	0.747167	20.692307	-14.307479	-5.561997	6.894696	4.287788	-37.685818	9.126540
AGGGTGCCGTTCTTTA-1_1	2.342276	10.064562	4.656725	14.924372	-9.651215	-3.870642	3.379976	7.757397	-3.913906	-2.113198	5.452503	13.023531	11.374198	3.533357	-5.187231	-13.378516	-0.792493	1.777189	-0.095075	13.809195	6.490833	-3.974637	-4.256236	2.456501	-0.832919	14.402414	-9.560151	-3.599515	4.474225	3.833480	-24.883144	5.679037
ACGACTGGTCATACTC-1_1	4.573628	1.661032	1.985178	4.165550	1.172173	-3.072298	0.209196	1.245786	-1.532110	3.655004	-0.836480	-0.420390	-1.755688	3.039087	-3.366268	0.081956	0.036990	-1.557864	1.019203	1.113182	4.983115	1.022217	2.984431	0.875126	-0.432302	0.693982	-0.055058	2.279078	0.887033	3.647885	-1.356214	0.463115
GGATCTTACTGCCCTT-1_1	2.021948	0.347535	1.456379	3.857425	-1.058614	0.047976	0.656791	2.151923	-0.910692	1.464930	-1.524982	1.059497	3.639950	2.356673	-3.859456	-4.387556	1.304465	2.645539	2.022157	1.050351	1.209661	1.973354	0.317715	0.565138	-2.817107	5.977179	-2.227531	1.435444	-0.806809	4.037650	-5.050307	0.039896
TACTCCTCTAGTTGAC-1_1	2.160694	-1.270429	0.907353	4.657093	-1.222572	0.051236	2.693734	1.527267	-0.915398	1.959303	-3.533010	0.249991	3.052779	2.234854	-6.608788	-4.381440	3.366821	3.768024	2.742693	1.115746	1.826821	2.759162	2.968304	2.053060	-4.580806	6.397720	-1.241779	0.523621	-3.166397	5.177611	-3.314928	-0.993057
GTAGCTCCGGGAGGCT-1_1	2.140460	-0.631617	-0.022317	2.907529	0.698093	-0.992379	1.323921	0.290797	0.665756	0.991410	-3.517875	-1.045976	1.347866	1.374348	-4.031892	-2.112953	1.867295	3.388515	2.049116	0.991833	1.322700	1.679907	1.896402	0.605184	-2.576160	4.055887	-0.271988	-0.054465	-2.592207	3.795592	-0.994340	-0.085861
GGACTCGTGAGTGGTC-1_1	-0.495285	2.245553	3.287085	10.893357	-9.458479	-2.446116	4.971321	7.183726	-4.171904	0.169772	4.787919	6.448483	7.166726	7.629696	-4.902687	-10.760053	0.495976	5.666412	-0.954697	10.018635	3.166626	-2.670601	-1.253031	5.815023	-1.795368	8.141977	-10.469176	-0.426319	-1.505237	6.334138	-15.901869	-0.874765
GTAGTTCGAAGGCGAA-1_1	-0.204920	3.045698	3.114533	11.439115	-9.386921	-1.661301	3.873682	7.252172	-4.109128	0.244926	3.126148	5.859460	8.275096	7.843467	-5.063960	-11.640114	0.564865	7.742337	-0.400945	9.625770	3.143585	-0.747756	-0.898553	4.575485	-3.192167	10.259722	-9.699548	-0.878513	-1.147782	7.474345	-16.260975	0.335358
CTCAAACCACTGCCCG-1_1	-2.420150	2.030628	2.898812	14.326479	-13.990255	-2.317702	6.954465	8.437092	-4.341790	-0.994151	7.377321	8.945247	8.220552	9.826334	-3.526472	-15.268021	0.537442	8.314520	-3.061456	14.802088	0.422718	-4.578702	-3.105426	7.230792	-1.236590	8.210575	-13.908635	0.067003	-2.724339	7.781491	-19.066391	-0.456274
GAGGGAGTCAGATCGC-1_1	-2.215424	3.146863	3.783844	15.718832	-14.478293	-3.109304	7.677397	9.412332	-5.025032	-1.605226	8.366974	10.410299	9.231729	10.017724	-3.742529	-16.308180	0.323942	7.985871	-2.753276	16.485844	2.258031	-5.694291	-3.764050	7.536797	-0.630549	9.844826	-15.302618	-0.096982	-2.354636	7.985309	-21.941130	-0.430952
TCTCTTACCGCGAACC-1_1	-0.983686	2.192409	2.494742	10.595391	-9.703325	-2.083266	5.528428	6.299215	-3.482662	-0.825468	5.714265	7.488346	6.466851	6.525768	-3.181534	-11.185946	0.416585	4.746448	-1.720529	11.131757	1.687735	-3.826722	-2.517472	5.226087	-0.332308	6.861584	-10.165758	0.108846	-1.429911	5.334601	-15.226456	-0.425624
TGTGGCGGGCTTCTGG-1_1	-3.418676	2.402307	3.088280	17.175766	-17.642569	-2.280494	8.051556	9.854441	-5.121903	-1.533447	9.161711	10.759079	9.583202	12.730783	-3.589210	-18.639286	0.344905	10.625579	-3.985667	17.975189	-0.387537	-5.503167	-3.607967	8.415630	-1.751204	9.469694	-17.283533	-0.619498	-3.332837	9.000722	-22.641018	0.491273
CGTTCAGACCCGCGAA-1_1	-5.417459	3.154101	4.189329	22.611088	-23.145245	-2.773731	9.609735	12.894898	-6.506551	-2.146265	11.136879	12.978795	11.937956	16.892584	-3.803016	-23.733828	0.363310	15.154261	-5.344879	23.150106	-0.704008	-7.028407	-4.432381	10.883142	-3.043370	11.618397	-22.200804	-1.416599	-4.661205	11.959738	-28.016668	0.990774
TCATATGAGCTTTGTT-1_1	-2.410579	0.829873	2.004223	12.241116	-12.695814	-1.937374	6.292914	7.238066	-3.817240	-0.271786	6.441034	6.768437	6.801126	9.737432	-3.188186	-13.125565	0.276787	8.375946	-2.911751	12.349307	0.043804	-3.604151	-2.041108	6.781389	-1.354246	6.678642	-12.339068	0.216879	-3.223870	7.398919	-15.618795	-0.755629
AGTTGACGGTCCTTGC-1_1	-4.323871	2.610952	3.668455	19.665098	-19.796791	-2.810183	8.350866	11.221187	-5.380297	-1.415760	9.609951	11.018028	10.595141	14.504059	-4.125104	-20.718178	0.281700	13.029140	-4.588332	20.017546	-0.648502	-5.661088	-3.679827	9.615481	-2.580439	10.352942	-19.411528	-0.921943	-4.027555	10.659106	-24.697231	0.602941
ATAATTAGCTAAGTAG-1_1	-3.224622	1.425466	3.167702	15.876712	-15.797928	-2.781617	7.493717	9.404188	-4.886409	-0.497252	7.940260	8.263198	8.601772	12.349846	-4.188200	-16.320801	0.199670	10.636891	-3.439558	15.676777	0.670806	-4.657568	-2.394106	8.689322	-1.957527	8.473783	-15.940650	-0.215646	-3.991190	9.282959	-19.850138	-0.847375
GGTCTTGAGCGCTCTT-1_1	-3.457248	1.211264	2.936387	18.177664	-18.995209	-2.763584	10.058154	10.738927	-5.956848	-0.713825	10.103116	10.881049	10.266438	14.449621	-4.675138	-19.812422	0.559813	11.777779	-4.378891	18.752226	0.389611	-5.909990	-3.357445	10.153526	-1.475871	9.992205	-18.566591	0.630885	-4.780177	10.872905	-23.727978	-1.497009
CGTTGTCGGCAATTGA-1_1	-3.637876	0.761642	2.153574	16.114616	-17.339609	-2.115709	8.523893	9.249981	-4.906545	-0.375244	8.511729	8.959622	8.604861	13.117675	-3.717687	-17.494709	0.528026	11.559393	-4.254160	16.400606	-0.554582	-4.849150	-2.699266	8.934478	-1.830654	8.141884	-16.156866	0.452919	-4.636115	9.924545	-19.873249	-0.949428
TCTTGCTCCCGATACT-1_1	-3.364416	2.524651	4.113599	17.120670	-16.409508	-3.640626	7.612269	10.500275	-5.470070	-1.222035	8.910972	8.928348	9.533597	13.133976	-4.511643	-17.137251	-0.195733	11.058924	-3.347693	17.092382	2.084453	-5.287746	-2.669291	9.176799	-1.961662	9.572658	-17.789799	-0.934644	-3.922048	9.553696	-22.102036	-0.547262
AGCAGAAGGAGAAAGA-1_1	-3.266817	0.612620	2.067906	16.736143	-18.202629	-2.414934	9.949398	9.700546	-5.466130	-0.413478	9.723153	10.110033	9.443815	13.784945	-4.371252	-18.721680	0.629092	11.335936	-4.475089	17.434521	-0.205589	-5.374308	-3.008867	9.658428	-1.211240	8.944275	-17.294802	1.060306	-4.933029	10.405573	-21.665871	-1.665143
GAAGCCACTGATTATG-1_1	-3.321797	4.198695	4.889046	19.381338	-18.430674	-4.507284	7.994208	11.872402	-6.022371	-1.549016	10.337192	10.388144	11.290048	14.668971	-6.091645	-19.204493	-0.421389	11.858428	-3.549202	19.907326	3.435314	-5.963356	-3.087708	10.141569	-2.166416	11.433891	-20.475670	-1.969734	-3.789058	10.532514	-26.362150	0.309400
TGCTCTTGAGAGTTTG-1_1	-4.153320	1.389967	2.817481	18.591494	-19.826960	-2.937907	9.680693	10.764904	-5.811235	-0.844687	10.245545	10.180390	10.050324	15.380120	-4.445600	-19.956800	0.306969	13.291669	-4.773249	19.080345	0.184073	-5.669969	-2.911933	10.389371	-2.055828	9.561852	-19.304224	0.015513	-5.341452	11.234297	-23.231802	-0.894196
GACATCCGTCGAACTG-1_1	-2.918888	2.290412	3.885083	16.083158	-15.499362	-3.603874	7.459600	9.862634	-5.228877	-0.899195	8.618611	8.348556	8.963256	12.483787	-4.838968	-16.118853	-0.096882	10.209629	-3.138054	16.109455	2.247984	-5.009681	-2.288102	8.968135	-1.752859	8.932367	-16.933844	-0.788296	-3.924158	9.104947	-21.010645	-0.748050
AGATATAATACGACTA-1_1	-4.850764	1.298880	4.421759	24.232761	-24.995108	-4.669366	12.876976	14.669108	-8.046942	-0.258353	13.210582	12.256608	13.191764	20.278921	-7.311633	-25.256329	0.376385	17.025831	-5.730793	23.981020	1.538808	-7.121164	-2.987016	14.531072	-2.847745	12.585142	-25.358067	0.267842	-7.444314	15.204963	-30.239260	-2.535720
TCGCTACTGGCTTTGA-1_1	-2.998587	2.988336	4.019670	16.295160	-15.374606	-4.040147	6.912924	10.225675	-5.068278	-0.827983	8.359248	8.022000	9.243766	12.301493	-5.061778	-15.968759	-0.222562	10.868198	-3.102968	16.307703	2.929078	-4.628558	-2.284357	8.893119	-2.073938	9.345260	-16.891687	-1.027580	-3.743089	9.581047	-21.329983	-0.551805
GTGACAGCTTCCCACT-1_1	-2.836830	-0.113407	1.275412	14.167634	-16.020386	-1.864900	8.880039	7.701615	-4.550190	0.604447	7.797585	7.775008	7.217879	12.147903	-4.120299	-15.649813	0.960036	10.378388	-4.107194	14.452705	-0.340216	-4.276384	-1.829780	8.664609	-1.470880	6.695540	-14.242881	1.338321	-5.140625	9.501334	-17.283075	-1.635655
GTGACGCAGGTTTCAT-1_1	-2.376058	0.940930	2.720177	13.178521	-13.030688	-3.348352	6.276547	7.803704	-4.534725	1.538658	5.466772	4.291151	6.631348	11.709192	-5.195413	-12.212674	0.232908	10.994184	-2.635777	11.464872	2.967144	-2.290525	0.164924	8.266091	-3.352584	6.762931	-13.217116	0.429389	-4.857430	9.643042	-15.505626	-1.720066
GGGAAGACGGTCTGTC-1_1	-3.341036	1.027389	2.925794	17.545807	-18.124893	-3.492707	9.147232	10.408779	-5.512348	0.456063	9.256554	8.775497	9.370290	14.301126	-5.815189	-18.155460	0.419823	12.459478	-4.111788	17.180162	1.157393	-4.693944	-1.921441	10.436349	-2.291581	9.093121	-18.004902	0.526472	-5.278169	11.264029	-21.918056	-1.727267
CGTCGCATGTGAGCCA-1_1	1.661735	-1.780822	1.469961	7.820442	-4.761421	-0.625946	4.668859	2.686212	-2.030547	4.978528	-3.466781	-0.200161	2.516996	4.819690	-9.246532	-6.273086	3.636680	5.854724	2.066592	1.589599	2.230460	2.625945	4.741992	4.441411	-5.878255	5.088205	-3.926234	0.356105	-4.845650	7.272385	-5.054739	-1.008600
AGAAGGTTGTAGGTCG-1_1	-1.687578	3.251345	3.497730	12.951763	-11.603867	-2.858294	4.134713	8.110489	-3.764533	-0.119110	5.121747	6.308749	7.925443	9.198421	-4.959157	-12.574001	0.084070	8.528503	-1.805159	12.086705	2.249903	-2.310763	-1.312495	6.240916	-2.951592	8.596153	-12.444550	-1.613939	-1.804999	7.495096	-17.438919	0.641835
GGCCGGCGTCTGCTAT-1_1	4.411152	-0.508042	0.386849	2.373317	3.217180	-4.418832	1.300220	-0.750925	0.902829	3.377167	-3.709888	-3.587696	-2.299722	2.080695	-3.954719	1.294027	0.256358	0.796660	2.054944	-0.039773	3.405055	1.833592	4.289562	0.993371	0.079694	0.208628	0.704901	1.055534	-1.564194	4.284504	1.813605	-0.711221
TTGACCAGGAACAACT-1_1	1.455589	-1.005788	0.257420	3.146233	-0.385236	-1.299618	2.054578	0.301366	-0.066203	1.707981	-3.246406	-1.295394	0.752471	2.397292	-4.271059	-1.947857	1.543297	3.924981	1.566046	0.526116	1.569625	1.500162	2.545401	1.789416	-2.909383	2.481284	-0.944131	-0.210224	-3.360804	3.994748	-0.572718	-0.667061
AGTCGTATAAAGCAGA-1_1	2.162667	-0.873289	0.051757	1.766702	0.943200	-1.739558	1.003782	-0.141106	0.301377	1.787038	-2.815281	-1.498777	-0.700593	1.160275	-3.060623	-0.285005	1.161318	1.092887	1.512413	0.168967	1.644605	1.191887	2.364597	0.859943	-1.023049	1.188356	0.217714	0.431735	-1.623288	2.849870	0.621471	-0.484693
GGCGTAGGGAAAGCTG-1_1	2.197895	-0.874866	-0.005384	1.681680	1.057207	-1.879780	1.040178	-0.262198	0.347159	1.692723	-2.819179	-1.575694	-0.764544	1.126736	-3.044376	-0.132921	1.070502	1.087552	1.471026	0.154547	1.634725	1.274396	2.437168	0.843999	-0.952061	1.074002	0.277526	0.407608	-1.629185	2.820400	0.746295	-0.526418
AAACCTAAGCAGCCGG-1_1	1.799923	-0.564865	0.154791	1.295354	0.739749	-1.582790	0.676104	-0.003342	0.104855	1.602355	-1.835167	-1.059894	-0.754909	0.930286	-2.268591	0.021883	0.574489	0.184745	1.075456	-0.054363	1.386548	0.963640	2.062231	0.749795	-0.403790	0.511447	0.139414	0.493056	-0.706153	2.049089	0.520598	-0.470864
ATTGCCTTTATGTTTG-1_1	1.784227	-0.660906	0.348171	1.654911	-0.062599	-1.179645	0.692449	0.396334	-0.440710	1.702661	-1.664566	-0.190165	-0.515056	1.101486	-2.776723	-0.637470	0.993577	-0.211487	1.119886	0.136340	1.586032	1.083134	2.146287	1.033659	-0.775286	0.876588	0.026577	0.774868	-0.335295	2.246717	-0.076820	-0.432622
CAGGCAGTCTTACCAG-1_1	1.979538	-0.827016	0.270122	1.838244	-0.005096	-1.395302	0.951738	0.362342	-0.401412	1.908760	-1.980754	-0.420776	-0.661637	1.196274	-3.084780	-0.584159	0.987392	-0.143149	1.248746	0.075354	1.699004	1.149805	2.546758	1.252220	-0.876002	0.780110	0.137370	0.683486	-0.609479	2.509068	0.195519	-0.630676
AGCTAAGTACGCAGGC-1_1	1.997077	-1.594293	0.330819	2.787327	0.066407	-1.194667	1.263190	0.364486	0.207258	2.322642	-3.922337	-1.092906	0.205576	1.318344	-4.785612	-1.792464	2.575445	2.427498	2.520585	0.187813	1.245300	1.824302	2.792122	1.283761	-2.590502	3.042791	-0.271992	0.539742	-2.436522	3.922831	-0.480358	-0.595987
AAATCCGATACACGCC-1_1	1.927239	-0.843429	-0.088407	1.087334	1.315610	-1.861240	0.619598	-0.457143	0.737902	1.416503	-2.496189	-1.651481	-0.797228	0.794223	-2.544018	0.214723	1.016049	0.948225	1.519418	0.036846	1.099434	1.287486	2.101685	0.531987	-0.695176	0.994768	0.379293	0.342507	-1.378987	2.337767	0.804720	-0.477972
CGAGAGCTTTCACTAC-1_1	1.554932	-1.613525	-0.230923	1.903130	0.655375	-1.376520	1.096492	-0.216321	1.330858	1.547552	-4.165755	-1.653075	0.482036	1.233268	-4.013772	-1.373328	2.307572	3.745664	2.904644	-0.067936	0.113624	1.647171	1.973733	0.805171	-2.574960	3.263337	-0.066038	-0.285868	-3.220078	3.522845	-0.172710	-0.568648
CGCCCAGCGTTTCACG-1_1	1.111275	-1.050153	-0.610965	0.497281	0.720760	-1.586217	0.419219	-0.828942	1.286059	0.448343	-2.484953	-1.494175	-0.323722	0.547632	-2.222870	0.289812	1.554363	1.961014	1.702131	-0.069820	-0.185806	1.280043	1.230335	0.433445	-1.351941	1.425142	0.304942	-0.343732	-2.166763	1.943146	0.461806	-0.536899
GTATCCTTTGGTAACC-1_1	1.472552	-1.018893	-0.391479	1.071526	0.546177	-1.596302	0.878955	-0.467387	0.632679	1.010943	-2.654169	-1.331401	-0.469367	0.915156	-2.659611	-0.045765	1.296622	1.687683	1.500694	-0.120790	0.590192	1.142931	1.744460	0.831416	-1.270120	1.128588	0.210721	-0.154318	-2.050869	2.334738	0.631017	-0.588384
CTTCTGGGCGTACCTA-1_1	2.539404	5.410060	2.731892	10.000586	-6.361656	-1.106490	2.137203	4.989772	-3.518888	-0.633299	2.357619	9.290095	8.150694	2.619735	-5.017571	-9.582997	0.309572	1.213197	0.887670	7.657724	3.331250	-0.374737	-2.039053	1.527696	-2.442524	11.359786	-5.170419	-1.344756	3.283185	3.556662	-16.113173	3.371341
TGAACAAGCAGGGACT-1_1	2.865078	-0.104837	1.124563	2.361681	-0.025886	-0.747658	0.100373	0.989779	-1.021637	1.680087	-0.808988	1.356640	0.548935	1.336726	-3.333908	-1.935883	1.498194	-0.647986	1.521669	0.950631	2.390826	1.545160	1.242207	0.274390	-1.157984	2.999594	0.186513	2.275437	0.910890	2.538990	-2.288151	0.520724
AATACCGGAGGGCTGT-1_1	3.107784	0.273288	0.547110	0.788034	1.461593	-2.768891	-0.054518	0.080437	0.064555	2.277570	-0.489100	-0.293605	-1.646074	1.347933	-2.007347	0.811517	-0.373646	-2.253711	1.228709	0.192257	2.003895	1.140581	2.529752	1.033728	1.127548	-0.280448	0.501896	1.602195	1.720928	1.711664	-0.047795	-0.298471
GTTTGGTGATCGGTGC-1_1	2.730991	-0.704573	0.417530	2.926218	0.649776	-1.248485	1.211882	0.402025	-0.036869	1.716218	-2.963753	-0.691102	0.307892	1.428349	-4.202436	-1.573073	1.906570	1.518403	1.801333	0.838613	2.171710	1.620826	2.463183	0.811530	-2.042910	2.969935	0.310585	0.688982	-1.579815	3.516609	-0.585202	-0.059882
GACTGCTGGTGAGAAA-1_1	3.687061	-0.473714	0.482725	2.145422	0.584179	-2.155646	0.488169	0.378146	-0.383215	2.121907	-1.544958	0.378272	-0.960259	1.546655	-4.109448	-0.694700	1.106655	-1.532772	1.649033	0.927062	2.642798	1.886482	3.270687	1.292264	-0.695063	1.405824	0.962301	1.657853	0.846269	2.989033	-0.332345	-0.119012
CGATCCTCGCAACATA-1_1	2.669482	-0.855145	1.393752	7.263013	-4.034699	1.141237	4.291106	4.062070	-2.621245	2.736787	-2.650465	2.188444	7.028177	5.244678	-7.905416	-8.929873	3.130224	5.399999	2.711169	2.646399	1.096360	3.220312	1.691233	2.761014	-4.957414	10.540743	-4.166432	0.720213	-2.720153	7.629587	-9.002469	-1.099429
CCAACCTTATGTAACT-1_1	1.814700	-0.933438	0.652040	3.690490	-2.214419	0.369152	2.378931	1.229702	-1.548140	1.276764	-1.370897	2.394239	2.651519	1.310310	-5.744785	-3.867569	3.175279	1.318694	1.733255	1.418223	1.574689	2.537748	2.301808	1.741733	-3.363990	5.243075	-0.712958	1.374452	-1.042944	3.448627	-3.974056	-0.658109
CGTGGTACCCAAAGGC-1_1	0.681731	3.605543	3.289102	11.621517	-9.522076	-2.645136	6.188224	7.105884	-4.139315	-0.454019	5.927422	9.391289	8.093754	5.991434	-5.161824	-12.254689	0.635564	3.261291	-0.903709	11.748816	3.634722	-3.856397	-2.582842	5.323923	-0.358380	9.331923	-10.329096	-0.078196	-0.310376	5.459544	-18.619946	-0.107772
AACCCGACAACCCGTG-1_1	2.570557	-1.916477	1.312844	9.320217	-6.660213	0.056298	6.587547	2.779481	-3.623280	4.893711	-2.899510	3.618262	3.648158	4.154162	-12.368834	-7.857233	5.878268	3.794289	2.025800	3.344586	3.477469	3.395038	5.709071	5.407676	-6.698865	7.289609	-3.283688	1.431208	-4.050783	7.847157	-7.880156	-1.399624
TATGTAAAGTGCTTAA-1_1	-0.303670	1.857343	2.207950	9.874578	-9.029543	-2.016862	5.734576	6.049062	-3.509173	-0.233207	5.358555	7.239006	6.490771	6.315788	-3.927799	-10.635651	0.533267	4.093102	-1.401984	10.241965	2.004432	-3.345298	-2.170897	5.194346	-0.242037	7.106735	-9.432051	0.404456	-1.311705	5.378522	-14.765626	-0.909181
GCAAGTGTAAAGCATG-1_1	1.370200	-0.843149	1.205515	9.135295	-7.865994	0.939778	6.019156	3.144492	-3.788457	3.464096	-0.778861	4.833705	5.038408	5.011818	-9.472358	-9.032291	4.924818	3.150396	0.519301	5.544496	1.975777	1.382580	3.063385	5.428082	-4.659849	7.332257	-4.754730	0.874883	-3.155901	6.735659	-9.817276	-1.282223
GGTGCATAAATGATTA-1_1	1.022389	0.061230	0.985706	6.836017	-6.267038	0.346955	4.371850	3.333218	-3.594966	1.507736	0.821231	4.023510	5.314277	5.030679	-6.142578	-7.661997	2.512447	3.754674	0.201802	4.985099	2.251340	1.132935	1.058179	3.860935	-3.063614	7.068130	-4.966055	1.007570	-2.177078	5.972462	-9.221267	-1.132712
CGGCCAGAGCGACCAT-1_1	0.133997	0.153748	1.273601	6.819588	-5.929833	-0.238846	3.431257	3.721302	-2.869811	1.545602	0.598123	1.551681	4.665711	6.201499	-4.447885	-7.209229	1.124849	6.058261	-0.098208	4.466108	1.762319	0.801079	1.159558	3.761621	-3.225664	5.619298	-5.642073	0.043176	-2.788845	6.227614	-7.584892	-0.901069
TTCACTTCCTAGAACG-1_1	-0.770250	3.804026	3.560218	10.582812	-8.662621	-2.154157	2.901252	6.906938	-3.804244	-0.360334	3.507474	5.896144	7.098037	6.859085	-4.338858	-9.987855	0.359261	6.433210	-0.463254	9.351645	3.683857	-1.598512	-0.870651	4.604677	-3.134212	8.064663	-9.623536	-1.568415	-0.615091	5.868416	-15.162083	0.593926
AACGCGACCTTGGGCG-1_1	-0.487286	2.308669	2.402190	8.733697	-7.061197	-1.552146	2.226493	5.080274	-2.211219	0.336733	2.232711	4.282122	5.561129	4.990771	-3.507333	-8.486042	0.393628	5.276152	-0.711089	7.345052	1.026591	-0.746360	-0.843409	3.292554	-2.288985	6.799008	-7.073387	-0.882694	-0.443509	4.841369	-11.847462	0.963873
ATCTGCTGTTATCGCC-1_1	-1.815127	5.109089	5.648290	17.035398	-13.488086	-4.059869	5.327187	9.978614	-4.535573	-1.163437	6.719580	9.457495	9.446720	9.207343	-5.572085	-15.663170	0.206765	7.861934	-1.793735	16.351595	3.519837	-4.830114	-2.779156	7.369104	-2.231902	10.550892	-15.413971	-2.223004	-1.286856	7.689320	-22.795176	1.306967
AATTCCAAGCATGTAC-1_1	-2.941754	2.967031	4.177720	15.835832	-14.534787	-2.943382	6.540752	9.427797	-4.827843	-1.749425	7.778036	9.200122	8.856408	10.692035	-3.514095	-15.903043	0.112583	8.898910	-2.806211	16.050081	1.524442	-5.294392	-3.221423	7.667398	-1.584964	8.980696	-15.637780	-1.006765	-2.629921	7.859874	-20.771994	0.067471
AAACGGTTGCGAACTG-1_1	-0.987149	8.611964	6.948983	17.445303	-11.959399	-5.006692	4.327053	10.568104	-4.475120	-2.887553	7.000219	10.576440	10.916700	6.923522	-5.159684	-15.099674	-0.507292	5.756319	-1.106784	17.314758	6.682930	-6.349399	-4.349641	5.959223	-1.270123	12.036989	-14.667624	-3.890472	0.210862	6.304895	-25.218384	3.193503
GAAGGAGTCGAGTGCG-1_1	-2.265465	4.536866	5.239156	16.408314	-13.901923	-3.652515	6.208911	10.134799	-5.225679	-2.110874	7.912448	9.694555	9.565742	10.272493	-4.250754	-15.650197	-0.224486	7.800539	-2.042846	16.470131	3.627929	-5.916782	-3.404031	7.479035	-1.420617	10.237865	-15.998273	-2.145155	-1.883026	7.364929	-22.476095	0.786571
GGCAAGCCCATAGTGG-1_1	-0.358448	9.126643	6.425268	16.762444	-11.279105	-4.661033	3.706132	9.498032	-3.681295	-2.642768	6.291586	10.914829	10.435650	5.450627	-4.998212	-14.716233	-0.381702	4.869344	-0.948638	16.714306	6.115469	-5.751620	-4.321014	4.754322	-1.210084	12.045578	-13.185651	-3.892852	1.132411	5.485748	-24.813177	4.423373
TGACCAAATCTTAAAC-1_1	-3.694242	4.930387	5.896050	20.887695	-18.674068	-4.034790	7.705531	12.323443	-6.096490	-2.371575	9.727901	11.997097	11.419096	13.517381	-4.923959	-20.403219	0.104163	11.347736	-3.352713	21.029997	2.520375	-6.745269	-3.988641	9.570690	-2.480334	11.943789	-20.349960	-2.316241	-2.838596	9.823399	-27.312756	1.138550
TTCGGTACTGTAGAGG-1_1	0.989613	1.235020	1.791749	7.314038	-4.466749	0.755515	2.176847	4.178810	-2.244375	1.264571	-1.159162	1.699636	6.625400	5.442816	-4.810747	-8.496400	1.155428	6.219990	1.622084	3.639036	1.042358	2.201825	0.476726	1.927943	-3.940506	8.908325	-5.281249	-0.755289	-1.505969	6.537954	-8.762711	0.363965
ATGTACGATGACGTCG-1_1	-2.700020	2.429744	3.387005	13.699424	-12.841208	-2.831960	5.258263	8.663575	-4.403363	-0.451794	6.110806	6.624465	7.561440	10.614905	-3.911238	-13.094221	-0.234486	9.436832	-2.213887	13.025907	2.350375	-3.572597	-1.640048	7.126420	-2.467507	8.049418	-13.624399	-1.310977	-2.746775	7.951175	-17.199890	-0.070193
ATCTAGCTTGTGAGGG-1_1	1.559209	-0.755821	0.540204	3.282444	-0.147854	-0.114913	1.156868	1.346888	0.310146	1.549297	-3.149514	-0.642177	2.859728	1.857901	-4.064648	-3.688889	1.723033	4.235657	2.565144	0.843634	0.236575	1.681119	0.972731	0.721854	-3.059772	5.407619	-1.501754	0.336803	-2.513579	4.047716	-2.917353	-0.288323
AGCGGGTCTGACACTC-1_1	-2.731865	3.952868	4.898349	16.031059	-14.178255	-4.346682	5.342185	10.760727	-5.422219	-0.555878	7.116692	6.968237	9.793040	12.456923	-5.921112	-14.595008	-0.556079	11.175793	-2.096763	14.829565	4.881461	-3.639080	-1.381452	8.613266	-3.409731	10.146112	-16.456427	-2.069712	-3.123816	9.653329	-21.331795	-0.385130
GAGGTACGCGTGTCCC-1_1	2.059699	-0.852037	0.742446	6.471963	-0.891957	-0.549263	2.174772	2.225391	0.765934	2.223087	-5.774847	-1.470309	5.033110	4.226729	-6.941774	-7.191757	2.776294	9.719798	4.250438	2.170026	1.081619	2.943657	2.194614	1.822834	-5.892534	9.067874	-3.572972	-0.618061	-5.647665	8.338516	-4.000990	-0.468544
GCACTGCCTACCTTTA-1_1	-1.715205	4.843979	3.774892	13.965130	-12.879345	-3.675856	5.166748	8.867011	-4.360854	-1.400687	7.615818	8.114841	8.977668	10.168388	-5.224932	-13.595756	-0.659284	7.788340	-2.108202	14.854007	4.223632	-4.344939	-2.513210	6.810810	-1.431059	9.394853	-14.824422	-2.474761	-1.763990	7.296402	-20.635027	1.280958
GGAGCGAGGCCTACTT-1_1	0.330718	1.810341	2.085588	6.496741	-4.522730	-0.668388	1.716909	3.801687	-2.908082	0.500184	0.301979	1.558057	4.613761	5.557132	-3.709854	-5.861704	0.216897	5.710459	0.450457	3.742066	2.808133	1.172729	0.766287	2.711755	-3.682875	5.782562	-5.548033	-0.776041	-1.761720	5.420613	-7.272840	0.023785
AAACTCGGTTCGCAAT-1_1	-2.383986	4.242229	4.528609	15.462091	-13.778865	-4.161522	5.709946	9.856178	-4.826025	-1.333165	7.895916	7.929711	9.468177	11.203674	-5.462522	-14.573064	-0.566595	8.963173	-2.334363	15.718797	4.180411	-4.753164	-2.492125	8.028253	-1.743167	9.565226	-16.209177	-2.098227	-2.604005	8.321297	-21.421112	0.188085
GGCGCTTCATTCCCTG-1_1	0.188872	2.090085	2.554470	8.552016	-5.783670	-0.549677	2.538691	4.559732	-3.481812	0.996171	-0.320425	1.238730	5.942111	7.483539	-4.994973	-7.941765	0.497245	8.289133	0.700984	4.628542	3.559099	1.886602	1.427301	3.687547	-5.367769	7.101624	-7.210264	-0.822505	-3.226396	7.709468	-8.409369	-0.276235
TGCTCGGTGGGTCACC-1_1	-3.061470	3.654996	4.973285	17.317450	-15.656100	-4.648970	6.640735	10.983987	-5.493518	-0.886676	8.566586	7.991069	9.790430	13.008691	-5.927083	-16.045509	-0.491106	10.991818	-2.770827	16.914171	4.194615	-5.026335	-2.097599	9.508023	-2.394987	9.934703	-18.020681	-1.829476	-3.730367	9.800758	-22.650545	-0.437969
AAGCGCAGGGCTTTGA-1_1	2.116703	-0.949642	0.023719	4.189743	0.277297	-1.519531	2.269962	0.347097	0.588397	1.505763	-4.754482	-1.619543	1.662415	2.611946	-5.332423	-3.054651	2.186543	5.907006	2.545313	1.289489	2.134554	2.100411	2.959912	1.552584	-3.802645	4.669624	-1.031480	-0.462696	-4.439770	5.631763	-0.722750	-0.618742
GACCTTCCACGTCTAC-1_1	-0.743772	1.905285	3.151050	10.197711	-8.823873	-2.216315	3.543655	5.954067	-3.984519	1.602994	2.507304	2.929390	5.580822	8.503537	-5.794168	-8.833998	0.698083	7.657773	-0.670786	7.509125	3.878212	-0.479464	1.445636	5.890166	-4.244467	6.153355	-9.463658	-0.891026	-2.951169	7.087089	-12.343924	-0.392019
GTTAGCCCATGACATC-1_1	1.611168	-1.144633	0.122108	2.200904	0.303321	-1.031784	0.819078	0.094980	0.490775	1.388284	-3.146271	-1.047011	0.273341	1.096552	-3.728220	-1.222384	2.255013	2.184776	2.061230	0.407446	0.985886	1.634949	2.188970	0.880329	-2.309607	2.831006	-0.024181	0.315847	-2.228394	3.072159	-0.439605	-0.480588
AATTCGATTCGAGGAT-1_1	2.002285	-1.342368	-0.011952	3.488775	0.663416	-1.550277	1.970436	0.130007	0.854039	1.734927	-4.878403	-1.818873	1.100560	2.039648	-5.170388	-2.375479	2.307417	5.323514	2.820707	0.673619	1.519857	1.983254	2.919374	1.359388	-3.481649	4.159945	-0.523623	-0.412919	-4.195553	4.892958	-0.377230	-0.603661
AGTCTTTAAAGTGTCC-1_1	1.671264	-0.706535	0.026182	1.250875	0.895193	-1.317310	0.525578	-0.174873	0.483439	1.238312	-2.183776	-1.201963	-0.465215	0.792162	-2.323764	-0.193965	1.076245	0.888097	1.323144	0.277203	1.102095	1.102763	1.750713	0.462466	-0.894662	1.267663	0.216762	0.475775	-1.220269	2.161656	0.327691	-0.351267
GACTAGGCCGTTAGGT-1_1	3.009290	-0.547260	0.254980	1.550427	2.381227	-3.036887	0.717017	-0.567145	0.791157	2.300757	-2.771766	-2.535381	-1.542841	1.242334	-2.906132	0.808884	0.494229	0.636640	1.631597	0.007004	2.248929	1.520974	2.994673	0.537719	-0.048956	0.479612	0.494518	0.830859	-1.095681	3.030988	1.250991	-0.467050
TCCAAGCCTAGACACA-1_1	2.232945	-0.888673	0.846224	2.441019	0.826075	-0.979751	0.670880	0.729213	0.207033	2.719163	-2.835723	-0.889157	0.124443	1.574454	-3.329332	-1.656360	1.456881	1.407448	2.321580	0.144179	1.760385	0.916391	1.751262	0.623615	-1.369552	2.592372	-0.197140	1.154472	-1.189162	3.116318	-0.752230	0.005412
GATTGGGAAAGGTTGT-1_1	2.799095	-0.429254	0.396638	1.310124	1.960674	-2.851280	0.414434	-0.282053	0.501718	2.362001	-2.143519	-1.857686	-1.538682	1.172673	-2.650620	0.817917	0.313458	-0.246565	1.496056	-0.132636	2.048157	1.420695	2.862823	0.699295	0.227022	0.248331	0.336321	1.075727	-0.296731	2.585610	0.887165	-0.567333
GATGAGGAACCTTCGG-1_1	6.370078	0.900282	0.330870	1.107429	4.278994	-6.940173	-0.234303	-0.847522	0.511346	5.374063	-1.883005	-3.045615	-4.900903	2.214005	-3.012012	3.687789	-1.995278	-5.065752	3.445617	-1.012438	3.148546	2.303989	5.436849	2.658706	4.502297	-3.006729	1.103094	2.396531	3.496010	2.907510	1.896141	-1.206647
TGAATACCGACGCGTA-1_1	1.139861	-0.328138	0.047730	0.779028	0.723066	-1.048041	0.324439	-0.167227	0.342096	0.862408	-1.240116	-0.924520	-0.456927	0.532635	-1.368026	0.131849	0.495314	0.386381	0.757991	0.077479	0.802323	0.730459	1.247612	0.291738	-0.365452	0.567509	0.097301	0.314299	-0.673690	1.293633	0.342578	-0.276158
AATCGTGAGCCGAGCA-1_1	1.724817	0.083429	0.339486	0.581528	1.117076	-1.748861	0.094624	-0.068370	0.169166	1.461107	-0.662683	-0.730657	-1.012947	0.819577	-1.120994	0.638933	-0.230852	-0.793826	0.779934	-0.111274	1.207376	0.660645	1.545599	0.506164	0.605992	-0.173245	0.129713	0.823187	0.516693	1.162528	0.296915	-0.316344
GCGAAGAATCTGACGG-1_1	1.844124	-0.581229	0.177705	1.220172	0.065628	-1.175374	0.435869	0.261519	-0.254905	1.275337	-1.291642	0.080534	-0.460132	0.918744	-2.527579	-0.516807	0.834620	-0.583364	1.028845	0.344380	1.321612	1.145183	1.970216	0.927227	-0.574855	0.887089	0.291275	0.813546	0.119212	1.879625	-0.130356	-0.298127
TCGCCGACATATTCGC-1_1	1.574459	-0.963025	0.669088	1.862004	-0.104651	-0.192452	0.471041	0.667704	-0.223355	1.898509	-1.883435	0.119941	0.417262	0.917973	-3.089681	-1.722579	1.810908	0.646356	1.799276	0.332902	1.001832	1.102459	1.369710	0.607776	-1.586444	2.567681	-0.155170	1.206320	-0.641448	2.292737	-1.197182	-0.041798
TGCATGTGACCCATAG-1_1	1.295994	0.161204	0.487038	1.112785	0.128330	-0.517545	0.190206	0.373777	-0.523320	0.729440	-0.201068	0.377362	-0.041984	0.833653	-1.167904	-0.514645	0.320771	-0.415035	0.369127	0.475225	1.308149	0.468220	0.592749	0.233960	-0.374413	0.789233	0.100684	0.881488	0.246846	1.059288	-0.644743	0.116466
AGGGTCAGAGCACTCG-1_1	1.098009	-0.229570	0.135947	0.770860	0.290457	-0.640920	0.204791	0.088934	-0.014196	0.699693	-0.795208	-0.135712	-0.172232	0.483924	-1.315433	-0.257952	0.486810	-0.053892	0.579517	0.203233	0.772210	0.616305	0.889684	0.234282	-0.361740	0.717731	0.140241	0.495009	-0.084351	1.034092	-0.106459	-0.036740
GTGTCAGTGTACGTGG-1_1	4.532763	-0.354549	0.646196	2.158998	1.049202	-3.351114	0.742303	0.373967	-0.364306	3.147653	-1.609454	-0.102146	-1.846247	2.167962	-4.427166	0.095743	0.372756	-2.480799	1.893195	0.609011	3.164758	1.882608	4.417023	2.080313	0.094178	0.443633	1.064673	1.937546	1.350166	3.429209	0.129581	-0.701693
CTGTAGTGAGGATCGA-1_1	2.168676	-0.287385	0.273524	1.248565	0.616111	-1.717237	0.561545	0.146257	-0.057698	1.672595	-1.215256	-0.474783	-0.895121	1.077883	-2.274507	0.101516	0.269448	-0.746816	1.002265	0.110070	1.544516	0.942647	2.298500	1.002695	-0.130748	0.298482	0.370622	0.755244	0.133244	1.859740	0.282128	-0.498390
GATAGTGCGAGTAAGT-1_1	3.797821	-0.742686	0.475776	2.360070	0.219548	-2.338427	0.728749	0.522184	-0.620965	2.379353	-1.902185	0.455406	-1.042788	1.785889	-4.657936	-0.865857	1.282039	-1.654461	1.802813	0.861684	2.797199	2.055077	3.778087	1.766733	-0.828116	1.378234	0.876017	1.651125	0.773625	3.416564	-0.307401	-0.389107
AGGGTTCAGACGGTCC-1_1	3.074910	-0.597933	0.415739	1.615551	1.539266	-2.611507	0.475816	-0.081336	0.266668	2.327336	-2.155724	-1.190312	-1.317143	1.262791	-3.355335	0.220743	0.762154	-0.535323	1.689559	0.199475	2.236430	1.683166	3.113609	0.936307	-0.185542	0.772425	0.556606	1.208463	-0.060609	2.840655	0.528374	-0.430506
GGACTCGACAGCGCAT-1_1	4.659734	-0.475808	0.649940	2.243775	2.158847	-3.769119	0.615003	-0.065168	0.268379	3.167666	-2.538671	-1.292747	-1.898317	1.873484	-4.538515	0.416768	0.738175	-1.258347	2.172688	0.466997	3.278944	2.224040	4.316020	1.313407	-0.029553	0.915389	1.031793	1.810506	0.464991	3.801374	0.551604	-0.465060
GAGCGGAATGCGGTGT-1_1	2.404549	-0.750273	0.287523	2.033817	0.553655	-1.643672	0.990361	0.143576	-0.206283	1.846238	-2.268266	-0.805366	-0.698237	1.255098	-3.215720	-0.516292	1.079351	0.266927	1.302533	0.316678	2.020701	1.217977	2.452902	0.923522	-0.944072	1.038908	0.422963	0.737551	-0.888747	2.772714	0.315872	-0.366300
CGTAACTTCGACACTT-1_1	2.590027	-0.780419	0.176572	2.217191	1.184314	-2.003976	1.216985	-0.163747	0.239007	1.878255	-2.979655	-1.702764	-0.786745	1.445433	-3.373551	-0.307375	1.177251	1.248801	1.503446	0.496702	2.227551	1.314488	2.685172	0.885399	-1.172554	1.326605	0.384596	0.568198	-1.806178	3.257225	0.636671	-0.462712
CATACTTCTTTCTCCG-1_1	2.352437	-1.302628	-0.549547	1.414642	1.590373	-2.208102	0.980354	-0.994405	1.592097	0.954624	-3.830012	-2.252446	-0.441389	1.043077	-3.703230	-0.022392	2.123431	2.703782	2.358202	0.493268	0.758309	1.876309	2.350142	0.609687	-1.979990	2.449920	0.781746	-0.219090	-3.011935	3.299078	0.737525	-0.529682
CAAGTAAGTGATAGAC-1_1	2.140567	-0.859470	0.723932	2.203451	0.493652	-0.693169	0.371903	0.684460	-0.119322	1.984072	-2.337435	-0.159714	0.237975	1.038443	-3.333260	-1.517698	1.854763	0.724163	1.911490	0.523025	1.590817	1.283571	1.589092	0.478451	-1.622380	2.774056	0.054192	1.519991	-0.764308	2.755562	-1.114036	-0.099954
AGCCCGCAACAAGCAG-1_1	1.966318	-1.120456	-0.349920	2.391058	1.071245	-1.836346	1.356664	-0.487707	1.197933	1.174036	-4.097259	-2.042602	0.287565	1.574895	-4.023333	-1.081014	1.990036	4.070564	2.395673	0.603733	1.106216	1.672798	2.302243	0.889060	-2.565457	3.065156	0.017583	-0.420901	-3.598351	3.887781	0.205400	-0.449285
GCTCCATGCAAAGCAA-1_1	3.133669	-0.525070	0.776084	2.357516	1.075543	-1.967226	0.532621	0.353656	-0.238160	2.498770	-2.301796	-0.735033	-0.806758	1.553752	-3.670780	-0.650815	1.342927	-0.057579	1.682995	0.436887	2.647012	1.439827	2.415453	0.669767	-0.819292	1.602392	0.363187	1.505285	-0.311351	3.200828	-0.295210	0.048840
TCGTACCGACGTCAAG-1_1	1.508239	-0.928015	0.171754	3.067498	-0.140824	-0.315359	1.228789	0.895611	0.681466	1.167227	-3.372252	-0.623164	2.692200	1.708399	-4.264268	-3.515422	2.138972	4.597942	2.786890	0.878547	0.053370	1.856763	1.149532	0.729051	-3.209211	5.542685	-1.220936	-0.142074	-2.894770	4.112329	-2.305641	-0.311154
ATTATCGGAATGTACG-1_1	1.986035	-0.690046	0.127870	1.468701	1.046732	-1.518421	0.711017	-0.140735	0.346686	1.528749	-2.299690	-1.276547	-0.630642	0.939956	-2.572930	-0.199277	0.983120	0.779047	1.338358	0.282414	1.510764	1.106202	2.045321	0.568205	-0.789208	1.117901	0.312564	0.544803	-1.157458	2.404086	0.505336	-0.336766
ACCTACTATAAATCTA-1_1	1.633818	-0.192095	0.584108	4.877735	-1.588573	0.305379	1.784625	1.782430	-0.490814	0.826787	-2.853531	0.253941	4.691553	2.997581	-5.033874	-5.859313	1.994352	5.377661	2.350617	2.167118	0.799608	2.528360	1.227374	1.193260	-3.822599	7.567611	-2.666057	-0.311580	-2.622668	5.679715	-4.399448	-0.175827
TATCCTATCAACTGGT-1_1	1.536791	-0.688610	-0.222983	0.881404	1.030475	-1.381936	0.408692	-0.544840	0.907977	0.771240	-2.056427	-1.393242	-0.485683	0.650212	-2.088516	0.177836	1.199387	1.092995	1.357499	0.296893	0.618912	1.194570	1.531567	0.294647	-1.011774	1.298779	0.434012	0.208108	-1.499505	1.895178	0.437330	-0.369683
GCGCGGTCTAGTAACT-1_1	1.117407	-0.329813	0.103451	3.514271	-0.633335	-0.485525	1.167598	0.648154	0.536891	0.834348	-3.151886	-0.625732	2.451040	2.201129	-3.904317	-3.653799	1.638504	5.295072	2.125359	1.366476	0.801057	1.725906	1.448808	0.975090	-3.303121	4.760489	-1.831448	-0.647807	-3.177597	4.480630	-1.646498	-0.023755
CCTTCGTATAGAATCC-1_1	1.290920	-0.912293	-0.469814	0.741373	0.871091	-1.506696	0.451204	-0.761956	1.278849	0.530647	-2.433150	-1.527327	-0.350438	0.595998	-2.303525	0.167504	1.578061	1.855426	1.708415	0.141510	0.100997	1.284654	1.389981	0.371094	-1.349551	1.626776	0.367802	-0.242431	-2.108454	2.030069	0.427263	-0.459620
TGGGCGATACAATAAG-1_1	1.906587	-0.135872	0.194141	3.227602	0.549768	-1.443048	1.369334	0.360355	0.296420	1.439165	-2.978359	-1.732075	0.524631	2.315105	-3.166817	-1.532917	0.953178	3.494816	1.323735	1.110145	2.332320	1.089693	2.110293	1.025343	-2.212102	2.490456	-0.767323	0.035720	-2.928651	3.928546	-0.433301	-0.300716
TGACATGTAACGTGAC-1_1	1.651802	-0.748727	-0.333539	0.944171	1.205136	-1.780670	0.657162	-0.704775	1.046172	0.863548	-2.475944	-1.764460	-0.650562	0.787641	-2.266966	0.344741	1.130204	1.671860	1.444799	0.201292	0.728961	1.219896	1.771590	0.437139	-1.053501	1.158813	0.387559	0.005783	-1.975477	2.220541	0.751130	-0.513452
TTGGGAAGACGAGCCG-1_1	2.001415	-1.464928	-0.954959	1.141019	1.805622	-2.789874	0.868708	-1.638426	2.408419	0.780539	-4.352376	-2.933619	-0.628373	1.056105	-3.721175	0.452181	2.353412	4.037674	2.948808	0.220743	0.114984	2.090915	2.184553	0.523600	-2.223515	2.603454	0.448235	-0.566327	-4.043081	3.596651	0.956885	-0.771356
GGTGTAAATCGATTGT-1_1	2.029239	-0.870619	-0.574259	0.711089	2.055162	-2.493833	0.628449	-1.307203	1.963678	0.853599	-3.107562	-2.618050	-0.943375	0.772713	-2.502431	0.900493	1.343490	2.455982	2.027457	0.202480	0.547062	1.542585	1.970587	0.184458	-1.143957	1.451283	0.638922	-0.180381	-2.643016	2.628436	1.077845	-0.586891
GAACTGTGGAGAGACA-1_1	2.470634	-1.735979	-0.875579	1.326924	1.584887	-2.776098	0.889103	-1.388476	2.054558	0.890502	-4.550258	-2.675044	-0.699557	1.032814	-4.373487	0.284970	2.863451	3.219923	2.934948	0.375835	0.422519	2.409620	2.697342	0.817363	-2.439674	2.786002	0.833930	-0.341386	-3.737313	3.803758	0.889828	-0.802924
TCCACATCGTATATTG-1_1	1.290577	-0.852981	-0.584417	1.176705	1.106196	-1.693610	0.749063	-0.900068	1.547024	0.556262	-3.011834	-1.900948	-0.004497	1.036795	-2.502622	-0.251743	1.355575	3.354825	1.988010	0.313291	0.202769	1.259865	1.372734	0.321951	-1.641613	2.109739	0.072661	-0.512898	-2.850004	2.681441	0.487953	-0.389735
CCTATGGTCAAAGCTG-1_1	1.614253	-1.801300	-1.099767	0.958161	1.262525	-2.279949	0.641568	-1.601495	2.697224	0.383452	-4.370759	-2.374235	-0.044332	0.795074	-3.919902	-0.151015	3.038348	4.271442	3.415094	0.212972	-0.772977	2.104866	1.652344	0.412718	-2.636214	3.504783	0.572258	-1.019458	-4.087309	3.410071	0.545589	-0.600099
TCCTTGTCCTTTAATT-1_1	1.554265	-0.702808	-0.502447	1.222718	1.447266	-1.905668	0.850878	-0.930197	1.511644	0.696715	-3.001758	-2.110158	-0.223572	1.083319	-2.427349	-0.039444	1.053938	3.197959	1.824710	0.391435	0.592856	1.266575	1.622487	0.276105	-1.412786	1.815928	0.148168	-0.353860	-2.724352	2.736915	0.666010	-0.386369
AAGTTTATGGGCCCAA-1_1	1.795360	-1.103476	-0.461479	1.450325	1.138268	-1.696763	0.851054	-0.726170	1.405794	0.778906	-3.375858	-1.794479	0.021062	0.991322	-3.274133	-0.449024	1.899441	2.855201	2.197552	0.438116	0.482350	1.565103	1.763931	0.500325	-1.947238	2.591893	0.363189	-0.308589	-2.785830	2.941096	0.243802	-0.354581
GTCCGGGTTCACATTA-1_1	3.626942	-0.077469	0.390111	1.573430	3.146022	-3.884115	0.766795	-0.756497	1.008979	2.725243	-2.662113	-3.216241	-2.076420	1.618084	-2.622280	1.562411	-0.269711	0.492999	1.610864	-0.114296	2.716807	1.416092	3.431016	0.578059	0.575181	-0.161872	0.587993	0.919058	-0.929789	3.168145	1.679052	-0.560455
ATGTAGCGCGCGTAGG-1_1	1.981978	-1.406080	-0.606745	1.279302	1.067517	-1.766250	0.828778	-0.935376	1.500956	0.752251	-3.536265	-1.825799	-0.266736	0.901850	-3.662422	-0.216594	2.489424	2.432785	2.398584	0.443595	0.376375	1.821739	2.060905	0.669524	-2.166063	2.594994	0.784014	-0.339266	-2.904735	3.009271	0.533469	-0.483651
TACGGAAGCCAAACCA-1_1	4.086202	-0.306370	0.372693	1.816851	4.247378	-4.328777	0.802034	-1.182094	1.719717	2.932050	-3.527663	-4.193620	-2.285346	1.520298	-3.189440	1.705199	0.219475	1.417856	2.168725	0.127283	3.071939	1.887982	3.867479	0.270099	0.213110	0.452896	0.827416	1.019307	-1.780824	3.780110	2.037378	-0.484494
GCCCTGAGGATGGGCT-1_1	1.476741	-1.101894	-0.026453	1.481967	0.545489	-0.908448	0.456709	-0.116582	0.826049	0.908802	-2.708694	-0.974402	0.319768	0.778305	-3.005665	-0.909566	2.113824	1.832352	2.001155	0.456030	0.474395	1.458618	1.494835	0.494545	-1.919435	2.766559	0.236262	0.343081	-1.902683	2.489011	-0.450234	-0.336746
CGGGCGATGGATCACG-1_1	1.125217	-0.180813	-0.025268	0.688670	1.026463	-1.079971	0.377992	-0.353414	0.635026	0.724695	-1.266725	-1.200309	-0.419885	0.634896	-1.106675	0.246216	0.333729	0.898222	0.779272	0.183876	0.752949	0.628747	1.086014	0.123883	-0.384901	0.619789	0.123625	0.188800	-0.969559	1.285483	0.437705	-0.211150
TGCGGACTTGACTCCG-1_1	0.909965	-0.532994	0.109784	1.004954	-0.011488	-0.420267	0.356499	0.175086	0.037066	0.747057	-1.202783	-0.239289	0.095396	0.532553	-1.723645	-0.642217	0.933471	0.430732	0.835054	0.211693	0.540586	0.759507	1.038994	0.435089	-0.869811	1.192551	0.004507	0.339908	-0.578804	1.313204	-0.272767	-0.148243
TCGCTGCCAATGCTGT-1_1	1.334490	-0.231818	0.242714	0.858269	0.175481	-0.896908	0.267035	0.239466	-0.146793	1.108762	-0.768086	-0.041555	-0.404435	0.747348	-1.565359	-0.221502	0.389993	-0.492159	0.721759	0.117543	1.000734	0.624559	1.328375	0.635696	-0.181515	0.498789	0.099146	0.595592	0.196566	1.228583	-0.074961	-0.211007
