"","barcode","in_tissue","array_row","array_col","pxl_row","pxl_col"
"1","AAACAAGTATCTCCCA-1_1",1,50,102,16265,19934
"3","AAACACCAATAACTGC-1_1",1,59,19,18526,7893
"4","AAACAGAGCGACTCCT-1_1",1,14,94,7178,18782
"5","AAACAGCTTTCAGAAG-1_1",1,43,9,14487,6446
"6","AAACAGGGTCTATATT-1_1",1,47,13,15497,7025
"13","AAACCGGGTAGGTACC-1_1",1,42,28,14237,9202
"14","AAACCGTTCGTCCAGG-1_1",1,52,42,16762,11230
"15","AAACCTAAGCAGCCGG-1_1",1,65,83,20049,17175
"16","AAACCTCATGAAGTTG-1_1",1,37,19,12973,7898
"20","AAACGAGACGGTTGAT-1_1",1,35,79,12477,16601
"25","AAACGGTTGCGAACTG-1_1",1,67,59,20551,13693
"28","AAACTCGGTTCGCAAT-1_1",1,66,70,20300,15289
"30","AAACTGCTGGCTCCAA-1_1",1,45,67,14999,14858
"32","AAACTTGCAAACGTAT-1_1",1,45,19,14993,7896
"36","AAAGACCCAAGTCGCG-1_1",1,10,48,6163,12110
"37","AAAGACTGGGCGCTTT-1_1",1,29,15,10954,7319
"40","AAAGGCTACGGACCAT-1_1",1,62,54,19288,12969
"42","AAAGGGATGTAGCAAG-1_1",1,24,62,9698,14138
"43","AAAGGGCAGCTTGAAT-1_1",1,24,26,9693,8916
"46","AAAGTAGCATTGCTCA-1_1",1,51,27,16508,9055
"47","AAAGTCACTGATGTAA-1_1",1,10,52,6163,12691
"48","AAAGTCGACCCTCAGT-1_1",1,37,15,12973,7317
"50","AAAGTGTGATTTATCT-1_1",1,44,94,14750,18775
"51","AAAGTTGACTCCCGTA-1_1",1,42,96,14246,19066
"52","AAATAACCATACGGGA-1_1",1,14,88,7177,17912
"54","AAATACCTATAAGCAT-1_1",1,47,69,15504,15148
"58","AAATCCGATACACGCC-1_1",1,65,87,20049,17755
"60","AAATCGTGTACCACAA-1_1",1,44,56,14745,13263
"61","AAATCTAGCCCTGCTA-1_1",1,53,101,17023,19788
"65","AAATGCTCGTTACGTT-1_1",1,16,24,7674,8628
"66","AAATGGCATGTCTTGT-1_1",1,13,69,6923,15156
"67","AAATGGCCCGTGCCCT-1_1",1,49,17,16002,7605
"68","AAATGGTCAATGTGCC-1_1",1,33,51,11968,12540
"71","AAATTAACGGGTAGCT-1_1",1,34,58,12221,13555
"73","AAATTACACGACTCTG-1_1",1,14,86,7177,17621
"74","AAATTACCTATCGATG-1_1",1,26,94,10207,18779
"76","AAATTGATAGTCCTTT-1_1",1,55,31,17518,9634
"80","AAATTTGCGGGTGTGG-1_1",1,47,33,15499,9926
"81","AACAACTGGTAGTTGC-1_1",1,28,42,10705,11236
"82","AACAATACATTGTCGA-1_1",1,61,37,19033,10503
"83","AACAATTACTCTACGC-1_1",1,29,25,10955,8770
"84","AACACACGCTCGCCGC-1_1",1,51,93,16517,18628
"85","AACACGACTGTACTGA-1_1",1,9,65,5912,14576
"86","AACACGAGACGCGGCC-1_1",1,45,21,14993,8186
"88","AACAGCTGTGTGGCAA-1_1",1,59,31,18528,9633
"89","AACAGGAAATCGAATA-1_1",1,15,67,7427,14865
"90","AACAGGATGGGCCGCG-1_1",1,29,31,10956,9640
"91","AACAGGTAGTATGGAT-1_1",1,49,113,16015,21530
"93","AACATATCAACTGGTG-1_1",1,27,99,10460,19504
"97","AACATTGTGACTCGAG-1_1",1,64,52,19792,12678
"98","AACCAAGACTTCTCTG-1_1",1,36,24,12722,8623
"101","AACCATGGGATCGCTA-1_1",1,14,30,7170,9498
"102","AACCCAGAGACGGAGA-1_1",1,15,39,7423,10804
"104","AACCCGACAACCCGTG-1_1",1,67,43,20548,11372
"108","AACCCTACTGTCAATA-1_1",1,40,96,13741,19066
"109","AACCCTGGTGGAACCA-1_1",1,8,70,5661,15302
"110","AACCGAGCTTGGTCAT-1_1",1,24,70,9699,15298
"111","AACCGCTAAGGGATGC-1_1",1,46,92,15255,18485
"112","AACCGTTGTGTTTGCT-1_1",1,12,64,6670,14431
"114","AACCTCGCTTTAGCCC-1_1",1,62,82,19292,17030
"116","AACCTTTAAATACGGT-1_1",1,54,68,17271,15001
"117","AACCTTTACGACGTCT-1_1",1,16,92,7683,18491
"120","AACGATAATGCCGTAG-1_1",1,53,73,17019,15727
"121","AACGATAGAAGGGCCG-1_1",1,15,53,7425,12834
"122","AACGATATGTCAACTG-1_1",1,24,76,9700,16169
"123","AACGCATGATCTGGGT-1_1",1,20,104,8694,20231
"125","AACGCGACCTTGGGCG-1_1",1,67,53,20550,12823
"126","AACGCGGTCTCCAGCC-1_1",1,23,65,9446,14573
"127","AACGCTGTTGCTGAAA-1_1",1,54,94,17274,18773
"128","AACGGACGTACGTATA-1_1",1,50,92,16264,18484
"129","AACGGCCATCTCCGGT-1_1",1,47,39,15500,10796
"130","AACGTACTGTGGGTAC-1_1",1,48,42,15753,11231
"132","AACGTCAGACTAGTGG-1_1",1,24,40,9695,10947
"135","AACGTGATGAAGGACA-1_1",1,9,83,5915,17187
"136","AACGTGCGAAAGTCTC-1_1",1,36,74,12728,15876
"139","AACTACCCGTTTGTCA-1_1",1,47,113,15510,21530
"141","AACTAGGCTTGGGTGT-1_1",1,55,61,17522,13986
"142","AACTCAAGTTAATTGC-1_1",1,38,44,13229,11524
"143","AACTCCAGAGCGTGTT-1_1",1,60,92,18788,18481
"147","AACTCTCAATAGAGCG-1_1",1,35,93,12478,18632
"148","AACTCTCAGTGTGCTC-1_1",1,53,41,17015,11085
"151","AACTGATATTAGGCCT-1_1",1,16,66,7679,14720
"152","AACTGGGTCCCGACGT-1_1",1,20,66,8689,14719
"156","AACTTGCCCGTATGCA-1_1",1,29,27,10955,9060
"166","AAGACCCAACTGAACA-1_1",1,60,54,18783,12969
"169","AAGACTGCAAGCTACT-1_1",1,36,68,12728,15005
"170","AAGAGATGAATCGGTA-1_1",1,27,27,10451,9060
"171","AAGAGCTCTTTATCGG-1_1",1,35,77,12476,16311
"172","AAGAGGATGTACGCGA-1_1",1,39,29,13480,9348
"173","AAGAGGCATGGATCGC-1_1",1,36,80,12729,16746
"176","AAGATTGGCGGAACGT-1_1",1,26,90,10206,18199
"177","AAGCACCCTGCGTATC-1_1",1,59,73,18533,15726
"178","AAGCATACTCTCCTGA-1_1",1,53,69,17018,15147
"180","AAGCCGAAGCGGTTTA-1_1",1,49,107,16014,20660
"184","AAGCGCAGGGCTTTGA-1_1",1,67,73,20552,15724
"187","AAGCGTCCCTCATCGA-1_1",1,57,35,18023,10214
"188","AAGCTAGATCGAGTAA-1_1",1,50,68,16261,15002
"190","AAGCTCGTGCCAAGTC-1_1",1,35,73,12476,15731
"191","AAGCTCTTTCATGGTG-1_1",1,57,81,18029,16886
"193","AAGGAGCGGTTGGTGC-1_1",1,28,48,10706,12106
"194","AAGGATCGATCGCTTG-1_1",1,39,109,13490,20952
"195","AAGGATGAGGGACCTC-1_1",1,27,87,10458,17764
"197","AAGGCGCGTAAAGCTT-1_1",1,24,38,9695,10657
"198","AAGGCTGTGCTCATCG-1_1",1,30,46,11210,11816
"200","AAGGGACAGATTCTGT-1_1",1,26,92,10207,18489
"201","AAGGGACTATGCATTC-1_1",1,60,26,18779,8908
"204","AAGGTATCCTAATATA-1_1",1,25,81,9953,16894
"205","AAGGTGATAAACCAGC-1_1",1,44,92,14750,18485
"207","AAGTAGAAGACCGGGT-1_1",1,19,47,8434,11963
"208","AAGTAGTGACGCGAGG-1_1",1,33,31,11965,9639
"209","AAGTCAATTGTCGTCA-1_1",1,45,101,15003,19790
"212","AAGTGACGACCGAATT-1_1",1,41,25,13984,8767
"213","AAGTGAGTCGGGTTTA-1_1",1,62,48,19287,12099
"215","AAGTGCCTTGACTGTA-1_1",1,44,104,14751,20226
"216","AAGTGCGTTAGAATCT-1_1",1,49,27,16003,9055
"218","AAGTGTTTGGAGACGG-1_1",1,52,80,16767,16743
"219","AAGTTCACTCCAAGCT-1_1",1,57,85,18030,17467
"220","AAGTTCAGTCTGCGTA-1_1",1,18,104,8189,20232
"221","AAGTTCGGCCAACAGG-1_1",1,46,34,15247,10071
"224","AAGTTTATGGGCCCAA-1_1",1,68,70,20804,15288
"225","AATAACAACGCTCGGC-1_1",1,36,30,12723,9493
"226","AATAACACTAGAACAA-1_1",1,52,38,16762,10650
"231","AATACCGGAGGGCTGT-1_1",1,67,37,20548,10502
"233","AATAGAACAGAGTGGC-1_1",1,52,46,16763,11811
"234","AATAGAATCTGTTTCA-1_1",1,48,86,15759,17614
"240","AATATCAAGGTCGGAT-1_1",1,8,42,5657,11240
"242","AATATCGAATCAATGC-1_1",1,49,109,16014,20950
"243","AATATCGAGGGTTCTC-1_1",1,27,101,10460,19794
"244","AATATTGGAGTATTGA-1_1",1,36,22,12721,8333
"247","AATCATGTAAAGACTC-1_1",1,54,98,17275,19353
"248","AATCCAAGGGCCTGAG-1_1",1,13,47,6920,11965
"252","AATCGCCTCAGCGCCA-1_1",1,39,79,13486,16600
"253","AATCGCGCAGAGGACT-1_1",1,42,114,14248,21677
"254","AATCGGGACACTACGA-1_1",1,8,60,5659,13851
"256","AATCGTGAGCCGAGCA-1_1",1,67,83,20554,17174
"257","AATCTAGGTTTACTTG-1_1",1,52,16,16759,7459
"258","AATCTATGCCGGAGCC-1_1",1,26,110,10209,21100
"259","AATCTCTACTGTGGTT-1_1",1,38,10,13225,6592
"260","AATCTGCGTTGGGACG-1_1",1,32,92,11721,18488
"261","AATCTGGCTTTCTAGT-1_1",1,51,15,16506,7314
"263","AATGACAGCAATGTCT-1_1",1,48,30,15751,9491
"264","AATGACGTAGGATGTC-1_1",1,44,78,14748,16454
"265","AATGACTGTCAGCCGG-1_1",1,23,47,9444,11962
"267","AATGATGATACGCTAT-1_1",1,23,93,9450,18635
"268","AATGATGCGACTCCTG-1_1",1,25,101,9956,19795
"269","AATGCAACCGGGTACC-1_1",1,25,59,9950,13703
"270","AATGCACCAAGCAATG-1_1",1,19,97,8441,19216
"272","AATGGTCCACCGTTCA-1_1",1,30,16,11206,7464
"273","AATGGTTCTCACAAGC-1_1",1,19,35,8433,10223
"275","AATGTGCCCGAGGTGT-1_1",1,55,27,17518,9054
"279","AATTAAAGGTCGGCGT-1_1",1,40,50,13735,12394
"283","AATTAGCGCTGCAGCG-1_1",1,51,63,16513,14277
"285","AATTCATAAGGGATCT-1_1",1,23,91,9449,18345
"288","AATTCCAAGCATGTAC-1_1",1,66,58,20298,13548
"289","AATTCGATTCGAGGAT-1_1",1,66,76,20300,16159
"290","AATTCTAGAGTTAGGC-1_1",1,49,63,16008,14277
"291","AATTGAACGCTCTGGT-1_1",1,45,83,15001,17179
"295","AATTTGGGACATAGTA-1_1",1,13,91,6925,18347
"296","AATTTGGTTCCAAAGA-1_1",1,11,67,6418,14866
"302","ACAAATCGCACCGAAT-1_1",1,50,82,16263,17033
"303","ACAAATGGTAGTGTTT-1_1",1,44,84,14749,17325
"305","ACAACAGCATGAGCTA-1_1",1,32,72,11718,15587
"306","ACAACGGTCCCTGCGA-1_1",1,22,30,9189,9497
"307","ACAAGCAGTGCCTAGC-1_1",1,30,26,11208,8915
"309","ACAAGGAAATCCGCCC-1_1",1,49,75,16010,16018
"310","ACAAGGACAAGAGGTT-1_1",1,29,37,10957,10510
"311","ACAAGGATGCTTTAGG-1_1",1,61,87,19040,17756
"313","ACAAGGGCAGGCTCTG-1_1",1,44,76,14748,16164
"315","ACAATAGTCGTACGTT-1_1",1,42,20,14236,8042
"316","ACAATCCATTTAAACC-1_1",1,36,32,12723,9784
"318","ACAATGAATACGGAGA-1_1",1,57,31,18023,9634
"320","ACAATTGTGTCTCTTT-1_1",1,51,97,16517,19209
"322","ACAATTTGAGCAGTGG-1_1",1,28,82,10710,17038
"324","ACACAAAGACGGGTGG-1_1",1,24,56,9697,13268
"326","ACACACCAGGACCAGT-1_1",1,44,90,14750,18195
"327","ACACACTTTCTACACG-1_1",1,14,64,7174,14430
"332","ACACCCAGCATGCAGC-1_1",1,24,50,9696,12397
"333","ACACCCGAGAAATCCG-1_1",1,19,39,8433,10803
"337","ACACCTTAAGTAGGGC-1_1",1,25,43,9948,11382
"338","ACACCTTACTACTTGC-1_1",1,41,111,13995,21242
"339","ACACGAGACTCCTTCT-1_1",1,31,71,11466,15442
"341","ACACGGGAACTTAGGG-1_1",1,27,71,10456,15443
"344","ACACTGATCAAGGTGT-1_1",1,52,48,16763,12101
"346","ACAGAACTGAGAACAA-1_1",1,52,24,16760,8619
"347","ACAGATTAGGTTAGTG-1_1",1,7,57,5407,13417
"348","ACAGCATAGAGCCAGT-1_1",1,10,58,6164,13561
"349","ACAGCGACATTCTCAT-1_1",1,59,99,18537,19497
"350","ACAGCGCACCCGCAGC-1_1",1,10,80,6167,16752
"354","ACAGGTGGAGGTGAGG-1_1",1,51,39,16510,10796
"356","ACAGTAATACAACTTG-1_1",1,46,14,15244,7170
"360","ACATAATAAGGCGGTG-1_1",1,21,63,8941,14284
"362","ACATCAGCTGGGACGC-1_1",1,32,12,11711,6883
"363","ACATCCCGGCCATACG-1_1",1,55,57,17522,13406
"364","ACATCCTGGTAACTGT-1_1",1,42,102,14246,19936
"365","ACATCGATCGTTTACC-1_1",1,42,62,14241,14134
"367","ACATCGGTCAGCCGCG-1_1",1,41,37,13985,10508
"368","ACATCGTATGCAATGG-1_1",1,45,81,15001,16889
"369","ACATCGTTAACCTAGT-1_1",1,9,75,5914,16027
"372","ACATGGCGCCAAAGTA-1_1",1,40,104,13742,20227
"374","ACATTAGTTTATATCC-1_1",1,51,61,16512,13987
"381","ACCAACGCTTATTTAT-1_1",1,53,49,17016,12246
"382","ACCAAGAACGCGTGTC-1_1",1,17,49,7930,12254
"384","ACCAATATGCAAGTTA-1_1",1,56,78,17777,16451
"386","ACCACAAGTTTCTATC-1_1",1,30,54,11211,12976
"388","ACCACCAATGTAACAA-1_1",1,41,107,13995,20661
"390","ACCACGTGCAGCTATA-1_1",1,48,76,15757,16163
"396","ACCAGTGCGGGAGACG-1_1",1,48,94,15760,18774
"397","ACCATATCCGCAATAA-1_1",1,38,56,13231,13264
"398","ACCATCCGCCAACTAG-1_1",1,44,12,14739,6881
"399","ACCATCGTATATGGTA-1_1",1,42,42,14238,11233
"401","ACCCAACGCCCGTGGC-1_1",1,30,86,11216,17618
"402","ACCCACCTACATGCTC-1_1",1,25,25,9946,8771
"404","ACCCATTTGTCCCTCT-1_1",1,60,100,18789,19642
"405","ACCCGAGCGAAATTAC-1_1",1,61,29,19032,9343
"407","ACCCGGAAACTCCCAG-1_1",1,57,65,18027,14566
"409","ACCCGGATGACGCATC-1_1",1,38,100,13236,19647
"410","ACCCGGTTACACTTCC-1_1",1,42,48,14239,12103
"413","ACCCGTGTCATCAGTA-1_1",1,58,54,18278,12970
"417","ACCCTCCCTTGCTATT-1_1",1,48,84,15758,17324
"419","ACCCTTCATCTGCGAA-1_1",1,13,65,6922,14576
"422","ACCGAAAGGGCCCTGC-1_1",1,9,53,5911,12836
"425","ACCGACTGAGTCCCAC-1_1",1,28,66,10708,14717
"429","ACCGATGGTAGCATCG-1_1",1,36,92,12731,18487
"431","ACCGCGGTGGAAGTCG-1_1",1,44,106,14752,20516
"433","ACCGGGCCTTTGTTGA-1_1",1,46,98,15255,19355
"439","ACCTAAGTACCTTTCA-1_1",1,50,30,16256,9490
"440","ACCTAATCGACTTCCT-1_1",1,32,30,11713,9494
"441","ACCTACAGTATGTGGT-1_1",1,41,113,13995,21532
"442","ACCTACTATAAATCTA-1_1",1,68,58,20803,13548
"445","ACCTCCGTTATTCACC-1_1",1,34,112,12228,21388
"447","ACCTGCGTGTCATGTT-1_1",1,46,18,15245,7751
"449","ACGAAATGGGCGGCAC-1_1",1,32,24,11712,8624
"452","ACGACTGGTCATACTC-1_1",1,64,34,19790,10067
"454","ACGAGATATTTGCTTA-1_1",1,9,81,5915,16897
"455","ACGAGGATACCACTCT-1_1",1,50,18,16254,7750
"457","ACGAGTACGGATGCCC-1_1",1,28,104,10713,20229
"459","ACGATACATAGAACTA-1_1",1,22,80,9196,16749
"461","ACGATCATACATAGAG-1_1",1,25,63,9951,14283
"462","ACGATCATCTTGTAAA-1_1",1,36,102,12732,19937
"463","ACGATGCATATGTTAT-1_1",1,37,43,12977,11379
"464","ACGATGGATCCGATGC-1_1",1,10,70,6166,15302
"466","ACGCAATCACTACAGC-1_1",1,25,109,9957,20955
"468","ACGCATACGTTTACTA-1_1",1,56,102,17780,19933
"469","ACGCATTCGTGAGTAC-1_1",1,33,61,11969,13991
"471","ACGCCAGATGATTTCT-1_1",1,17,73,7933,15735
"474","ACGCCGCTAGACGACC-1_1",1,43,71,14495,15439
"476","ACGCGAAGTCAGACGA-1_1",1,49,59,16007,13697
"477","ACGCGCTACACAGGGT-1_1",1,41,31,13985,9637
"478","ACGCGGGCCAAGGACA-1_1",1,34,62,12222,14136
"482","ACGCTAGTGATACACT-1_1",1,28,100,10713,19649
"483","ACGCTGTGAGGCGTAG-1_1",1,39,13,13477,7027
"486","ACGGAATTTAGCAAAT-1_1",1,15,27,7422,9063
"488","ACGGACTCTCAAAGCG-1_1",1,61,75,19038,16015
"490","ACGGATGGTGCGGATA-1_1",1,57,79,18029,16596
"491","ACGGCACTTGCTTGGG-1_1",1,52,60,16765,13841
"492","ACGGCCAACATGGACT-1_1",1,53,55,17017,13116
"493","ACGGCGACGATGGGAA-1_1",1,49,77,16010,16308
"496","ACGGGAGTGTCGGCCC-1_1",1,47,25,15498,8766
"502","ACGTACAGATTTCTCT-1_1",1,10,66,6165,14721
"504","ACGTAGATTGCTGATG-1_1",1,33,67,11970,14861
"506","ACGTATTACTCCGATC-1_1",1,41,97,13993,19211
"511","ACGTGCGCCTCGTGCA-1_1",1,17,63,7931,14285
"513","ACGTTAATGTCGAAGA-1_1",1,41,69,13990,15149
"514","ACGTTAGATTTGCCCG-1_1",1,39,39,13481,10798
"517","ACGTTCCGCGCTCCGT-1_1",1,8,54,5659,12981
"518","ACGTTCGCAATCAATT-1_1",1,33,113,11976,21534
"519","ACGTTCGTTCAGGAAA-1_1",1,60,44,18782,11519
"522","ACGTTTAGTTGTGATC-1_1",1,14,68,7175,15011
"528","ACTACCAGCTCTCTGG-1_1",1,25,41,9948,11092
"530","ACTACGCGTTAGAATT-1_1",1,60,56,18783,13259
"531","ACTAGTTGCGATCGTC-1_1",1,50,104,16266,20224
"537","ACTATTCGTCCGTGGT-1_1",1,14,74,7176,15881
"538","ACTATTTCCGGGCCCA-1_1",1,59,41,18529,11084
"540","ACTCAAGTGCAAGGCT-1_1",1,60,86,18787,17611
"541","ACTCAATAAAGGCACG-1_1",1,25,69,9951,15153
"542","ACTCAGACCTGCTTCT-1_1",1,9,43,5910,11385
"544","ACTCCAATATCATCAT-1_1",1,63,29,19537,9342
"545","ACTCCCATTCCTAAAG-1_1",1,47,17,15497,7605
"546","ACTCCCGAATTCGTTT-1_1",1,32,104,11723,20228
"548","ACTCCCTAATGCTAAA-1_1",1,57,69,18028,15146
"549","ACTCCCTAGAATAGTA-1_1",1,48,70,15756,15293
"554","ACTCGTAACCCGTCCT-1_1",1,49,23,16003,8475
"555","ACTCGTCAGTAATCCC-1_1",1,36,78,12729,16456
"557","ACTCTCTGACTTAGGT-1_1",1,42,78,14243,16455
"561","ACTCTTGTATAGTAAC-1_1",1,36,70,12728,15296
"562","ACTGAAACGCCGTTAG-1_1",1,57,93,18031,18627
"563","ACTGAATGGCGAAAGT-1_1",1,47,83,15506,17179
"566","ACTGCCGTCGTAACTC-1_1",1,16,70,7680,15300
"571","ACTGTACGATACACAT-1_1",1,30,78,11214,16457
"572","ACTGTAGCACTTTGGA-1_1",1,27,39,10452,10801
"573","ACTGTATACGCGAGCA-1_1",1,10,36,6161,10370
"574","ACTGTCCAGGATTATA-1_1",1,33,55,11969,13120
"575","ACTGTCTTCTTTAGAA-1_1",1,30,64,11213,14427
"576","ACTGTGCTAGTAGATC-1_1",1,13,31,6918,9644
"580","ACTTAGTACGACAAGA-1_1",1,14,32,7170,9789
"581","ACTTATACTTACCCGG-1_1",1,36,90,12730,18197
"583","ACTTATTAGGATCGGT-1_1",1,38,52,13230,12684
"584","ACTTATTTATGTGCCA-1_1",1,46,90,15254,18194
"587","ACTTCCATGCGGGACA-1_1",1,61,85,19040,17466
"589","ACTTCGCCATACGCAC-1_1",1,27,75,10457,16023
"591","ACTTGACTCCCTCTTT-1_1",1,42,72,14242,15584
"594","ACTTGGGACCCGGTGG-1_1",1,29,49,10958,12251
"596","ACTTGTAGTCCCTTCA-1_1",1,44,10,14739,6591
"597","ACTTGTGGATGGAACG-1_1",1,52,108,16771,20804
"599","ACTTTACCCTCATGAA-1_1",1,32,106,11723,20518
"601","ACTTTCCTATAGCTTC-1_1",1,28,62,10708,14137
"602","ACTTTGACTGCATCCT-1_1",1,39,11,13477,6737
"609","AGAACGTGGTACATTC-1_1",1,27,73,10457,15733
"611","AGAAGAGCGCCGTTCC-1_1",1,38,88,13235,17906
"612","AGAAGGTACACTTCAC-1_1",1,52,14,16759,7169
"613","AGAAGGTTGCCGAATT-1_1",1,42,44,14239,11523
"614","AGAAGGTTGTAGGTCG-1_1",1,64,78,19796,16450
"615","AGAAGTGATTCGTGAT-1_1",1,48,28,15751,9201
"616","AGAATAAATCTTCAGG-1_1",1,37,11,12972,6737
"619","AGAATTATGGATTCGA-1_1",1,32,98,11722,19358
"620","AGAATTGTTTGACATA-1_1",1,17,23,7926,8482
"625","AGACCATGGGATACAA-1_1",1,22,28,9189,9207
"626","AGACCCACCGCTGATC-1_1",1,49,65,16008,14567
"627","AGACCCGCCCTCCTCG-1_1",1,26,56,10202,13267
"629","AGACCGGGAAACCCTG-1_1",1,41,17,13983,7607
"630","AGACGAAGTGCCGGTC-1_1",1,49,97,16012,19209
"631","AGACGACGATGCCGCT-1_1",1,53,33,17014,9925
"635","AGACTAGCCTTCCAGA-1_1",1,28,46,10705,11816
"636","AGACTGTTACCGGGTC-1_1",1,63,45,19539,11663
"638","AGAGAACCGTCTAGGA-1_1",1,26,88,10206,17909
"639","AGAGAAGGAGTACAAT-1_1",1,58,34,18276,10069
"640","AGAGATCTCTAAAGCG-1_1",1,40,18,13731,7752
"641","AGAGCAGTTATGAGAC-1_1",1,29,19,10954,7899
"644","AGAGCGGGCTAATCAT-1_1",1,16,64,7679,14430
"645","AGAGCGTACAAGCTCG-1_1",1,24,28,9694,9206
"647","AGAGGCTTCGGAAACC-1_1",1,51,101,16518,19789
"650","AGAGTAAACTTCACTA-1_1",1,48,106,15761,20515
"656","AGATAACTTCAGGGCC-1_1",1,32,44,11715,11525
"661","AGATACGACTTCATAT-1_1",1,15,35,7423,10224
"662","AGATACTCAAGATCGA-1_1",1,46,82,15253,17034
"663","AGATATAATACGACTA-1_1",1,64,72,19795,15579
"664","AGATCGTGCATAAGAT-1_1",1,21,97,8945,19215
"665","AGATCTCAGGTGTGAT-1_1",1,29,75,10962,16022
"667","AGATGACTCGCCCACG-1_1",1,21,55,8940,13123
"669","AGATGATGGAGTCTGG-1_1",1,34,106,12228,20518
"670","AGATGCAAGACGTGCA-1_1",1,58,24,18274,8618
"673","AGATTATAGGACGTTT-1_1",1,36,54,12726,12975
"675","AGATTCACAACCGATA-1_1",1,53,13,17011,7024
"676","AGCAAAGGCCGCTAGT-1_1",1,60,72,18785,15580
"677","AGCAACATATCTTATT-1_1",1,41,93,13993,18631
"678","AGCAACCGAAAGTAAT-1_1",1,56,20,17769,8038
"680","AGCACCAGTACTCACG-1_1",1,27,65,10456,14572
"681","AGCACTACCGGCCTGT-1_1",1,34,20,12216,8043
"682","AGCACTACCTCACCAG-1_1",1,53,81,17020,16887
"683","AGCACTTAAGGACGCC-1_1",1,31,35,11461,10220
"684","AGCAGAAGGAGAAAGA-1_1",1,64,68,19795,14999
"687","AGCATATCAATATGCT-1_1",1,51,95,16517,18919
"688","AGCATCATTTCGAAAG-1_1",1,53,19,17012,7894
"689","AGCATCGTCGATAATT-1_1",1,22,52,9192,12688
"691","AGCCAAGCTTTGTGTC-1_1",1,64,58,19793,13549
"692","AGCCACAGGTTACCCG-1_1",1,63,89,19545,18045
"693","AGCCACTCCCGTGCTT-1_1",1,23,81,9448,16894
"695","AGCCCATACATGTAAG-1_1",1,42,26,14236,8912
"696","AGCCCGCAACAAGCAG-1_1",1,68,54,20802,12967
"699","AGCCCGGTAGCCTGTA-1_1",1,61,49,19035,12244
"700","AGCCCTAAGCGAAGTT-1_1",1,15,65,7427,14575
"703","AGCCCTTCTAATCCGA-1_1",1,17,103,7937,20087
"707","AGCCGTGGCTAAATGT-1_1",1,50,22,16255,8330
"708","AGCCTAATACCCACGT-1_1",1,50,14,16254,7169
"711","AGCGACAGGAACGGTC-1_1",1,51,37,16509,10505
"712","AGCGACATCCCATTCA-1_1",1,17,59,7931,13704
"713","AGCGACCAACGATATT-1_1",1,25,55,9949,13122
"718","AGCGCGGGTGCCAATG-1_1",1,24,92,9702,18490
"721","AGCGGACACTTCGTAG-1_1",1,62,62,19289,14129
"722","AGCGGCGGTTAGCGGT-1_1",1,50,12,16254,6879
"723","AGCGGGAAGGGTCCAT-1_1",1,13,37,6918,10514
"724","AGCGGGTCTGACACTC-1_1",1,66,66,20299,14709
"730","AGCGTGGTATTCTACT-1_1",1,45,71,14999,15439
"732","AGCTAACAAGCAATGT-1_1",1,61,33,19033,9923
"734","AGCTAAGTACGCAGGC-1_1",1,64,86,19797,17610
"736","AGCTAGAAGCAGAAGT-1_1",1,21,99,8946,19506
"737","AGCTATTTAATCCAAC-1_1",1,16,74,7680,15880
"741","AGCTCTAGACGTTCCA-1_1",1,38,76,13233,16165
"742","AGCTCTTCCCAGTGCA-1_1",1,18,88,8187,17911
"744","AGCTCTTTACTCAGTT-1_1",1,41,45,13986,11668
"745","AGCTGAAGTAAACCAA-1_1",1,20,84,8691,17330
"748","AGCTGTAACCTCAATC-1_1",1,54,28,17265,9199
"753","AGCTTGATCTTAACTT-1_1",1,41,23,13984,8477
"756","AGGAAGCTGTCCGCCG-1_1",1,61,65,19037,14565
"757","AGGACAGTCGAATCCC-1_1",1,43,85,14496,17470
"758","AGGACATCGCACGTCG-1_1",1,16,38,7676,10658
"760","AGGACGACCCATTAGA-1_1",1,43,45,14491,11668
"761","AGGACGCTCGATGTTG-1_1",1,18,98,8188,19361
"766","AGGAGGCCTTCGCGCG-1_1",1,52,98,16770,19353
"767","AGGATAAAGTCGGGAT-1_1",1,53,65,17018,14566
"768","AGGATATAGGGATTTA-1_1",1,46,96,15255,19065
"770","AGGATCACGCGATCTG-1_1",1,48,16,15749,7460
"775","AGGCAGATGCGTAAAC-1_1",1,26,86,10206,17619
"776","AGGCAGGGAGCGTACT-1_1",1,59,49,18530,12244
"777","AGGCATTGTCGTAGGG-1_1",1,49,99,16013,19499
"779","AGGCCACCCGTTATGA-1_1",1,28,38,10704,10656
"781","AGGCCCATTGTACAGG-1_1",1,15,55,7426,13125
"782","AGGCCCTAGAACGCCA-1_1",1,45,25,14993,8766
"784","AGGCCTGAGAATCTCG-1_1",1,62,88,19292,17901
"788","AGGCTATGGTTAGCTT-1_1",1,26,30,10199,9496
"790","AGGCTTCCCGAAGAAG-1_1",1,50,42,16258,11231
"792","AGGGAAACGAGGTACT-1_1",1,13,89,6925,18057
"794","AGGGACCGGCTGCGTT-1_1",1,36,110,12733,21098
"796","AGGGAGACATACTTCG-1_1",1,29,113,10967,21535
"797","AGGGCAGCGGCGTGGT-1_1",1,8,74,5661,15882
"799","AGGGCGAGCAGCTGAT-1_1",1,44,20,14740,8041
"800","AGGGCGTGATCGGCTA-1_1",1,17,45,7929,11674
"801","AGGGCTGCAGTTACAG-1_1",1,35,65,12475,14571
"802","AGGGTCAGAGCACTCG-1_1",1,68,40,20800,10937
"806","AGGGTGCCGTTCTTTA-1_1",1,65,33,20042,9922
"807","AGGGTGCTCTCGAGGG-1_1",1,34,92,12226,18487
"808","AGGGTGGATAGTGCAT-1_1",1,29,11,10953,6739
"810","AGGGTTCAGACGGTCC-1_1",1,69,45,21053,11662
"811","AGGGTTCCCTTTGGTT-1_1",1,30,88,11216,17908
"812","AGGGTTTAGTTCGGGA-1_1",1,33,63,11970,14281
"813","AGGTAACCTCCTATTC-1_1",1,13,41,6919,11094
"814","AGGTACGATATTGCCA-1_1",1,12,76,6671,16171
"815","AGGTAGATCGAGATAT-1_1",1,63,35,19538,10213
"816","AGGTAGGTACAAAGCT-1_1",1,35,31,12470,9639
"817","AGGTATAATTGATAGT-1_1",1,35,109,12480,20953
"822","AGGTCGCGGAGTTACT-1_1",1,26,104,10208,20230
"824","AGGTGGTGACCTTCGC-1_1",1,64,56,19793,13258
"825","AGGTGTATCGCCATGA-1_1",1,37,17,12973,7608
"829","AGGTTGAGGCACGCTT-1_1",1,22,74,9195,15879
"830","AGGTTTCACACACCTT-1_1",1,41,67,13989,14859
"835","AGTAATGTCTTGCCGC-1_1",1,16,60,7679,13850
"838","AGTACATCATTTATCA-1_1",1,29,109,10966,20954
"840","AGTACGGCCCGTATCG-1_1",1,35,11,12468,6738
"841","AGTACGGGCACCTGGC-1_1",1,25,79,9953,16604
"843","AGTACTCTTATGCCCA-1_1",1,56,88,17778,17902
"847","AGTAGGAAGGAAGTTG-1_1",1,16,98,7684,19362
"849","AGTATAATACTAGGCA-1_1",1,25,33,9947,9931
"852","AGTATGCTGGAGACCA-1_1",1,58,26,18275,8908
"853","AGTATTTGGCACGACC-1_1",1,58,52,18278,12680
"855","AGTCAACACCACCATC-1_1",1,41,47,13987,11958
"856","AGTCAAGATGACACTT-1_1",1,48,90,15759,18194
"857","AGTCACTAGCTCTCGA-1_1",1,55,99,17527,19498
"859","AGTCAGCCACCGCCTG-1_1",1,16,28,7674,9208
"861","AGTCCATTGGCTGATG-1_1",1,42,100,14246,19646
"862","AGTCCCGCCTTTAATT-1_1",1,17,93,7935,18636
"866","AGTCGACGGTCTCAAG-1_1",1,38,90,13235,18196
"867","AGTCGGCCCAAACGAC-1_1",1,25,39,9947,10801
"868","AGTCGGCTCAACTTTA-1_1",1,47,23,15498,8476
"869","AGTCGGTTGCGTGAGA-1_1",1,40,112,13743,21387
"870","AGTCGTATAAAGCAGA-1_1",1,65,81,20049,16885
"871","AGTCGTCGACCACCAA-1_1",1,57,91,18031,18337
"872","AGTCGTGGGCATTACG-1_1",1,51,29,16508,9345
"873","AGTCTAAAGTATACTC-1_1",1,29,111,10966,21244
"874","AGTCTCACAAGACTAC-1_1",1,54,30,17266,9489
"876","AGTCTTCTCCTCAAAT-1_1",1,24,66,9699,14718
"877","AGTCTTTAAAGTGTCC-1_1",1,67,77,20553,16304
"878","AGTGAACAAACTTCTC-1_1",1,44,102,14751,19936
"880","AGTGACCTACTTTACG-1_1",1,44,52,14745,12683
"882","AGTGAGACTTCCAGTA-1_1",1,35,87,12478,17762
"883","AGTGAGCCTCGCCGCC-1_1",1,29,103,10965,20084
"886","AGTGATAACCTGCGCG-1_1",1,59,89,18535,18046
"887","AGTGATATGAGTAGTT-1_1",1,45,49,14997,12247
"888","AGTGATTCAAGCAGGA-1_1",1,33,87,11973,17762
"889","AGTGCACGCTTAAGAA-1_1",1,52,96,16769,19063
"890","AGTGCGTAGCTCGTAA-1_1",1,46,42,15248,11232
"891","AGTGCTAAACACAGCA-1_1",1,61,91,19040,18336
"892","AGTGCTTGCACGAATA-1_1",1,41,89,13992,18050
"894","AGTGGCGGCAATTTGA-1_1",1,24,94,9702,18780
"895","AGTGGCGTCTGAAGGT-1_1",1,62,86,19292,17611
"896","AGTGGCTCCGTCGGCC-1_1",1,40,12,13730,6882
"898","AGTGGTGTTACCCGTG-1_1",1,47,9,15496,6445
"899","AGTGGTTGCGTATAGG-1_1",1,35,7,12467,6157
"900","AGTGTATTGCGCATTG-1_1",1,17,95,7936,18926
"902","AGTGTGGTCTATTGTG-1_1",1,21,23,8936,8481
"903","AGTTAAACACTTGCGA-1_1",1,40,44,13734,11523
"904","AGTTAAGCGGTCCCGG-1_1",1,16,80,7681,16751
"905","AGTTAAGTCAACCGCT-1_1",1,51,25,16508,8765
"908","AGTTACTCTATCGTGG-1_1",1,15,89,7430,18056
"912","AGTTCCTACAGAATTA-1_1",1,30,50,11211,12396
"913","AGTTCCTATTTATGTT-1_1",1,43,65,14494,14569
"916","AGTTGACGGTCCTTGC-1_1",1,65,63,20046,14274
"921","AGTTTCGCAGGTCGGA-1_1",1,12,62,6669,14141
"922","AGTTTGCACCTGCCTC-1_1",1,58,74,18281,15871
"923","AGTTTGGCACGGGTTG-1_1",1,48,102,15761,19935
"924","AGTTTGGCCAGACCTA-1_1",1,47,31,15499,9636
"926","ATAAACGGACCCGTAA-1_1",1,47,61,15503,13988
"928","ATAAAGGCTCGGTCGT-1_1",1,34,50,12220,12395
"930","ATAAATATTAGCAGCT-1_1",1,38,28,13227,9203
"931","ATAACGCCGGAGGGTC-1_1",1,35,81,12477,16891
"932","ATAACGGAGTCCAACG-1_1",1,25,75,9952,16023
"935","ATAAGGTGGAGAACAT-1_1",1,50,72,16262,15583
"937","ATAAGTAGGATTCAGA-1_1",1,27,103,10461,20084
"939","ATAAGTTACCGCGACG-1_1",1,46,52,15249,12682
"941","ATAATAGCTGTTGAAT-1_1",1,47,63,15503,14278
"942","ATAATAGTGTAGGGAC-1_1",1,18,30,8179,9498
"943","ATAATCTTGGAGAACC-1_1",1,61,77,19039,16305
"944","ATAATTAGCTAAGTAG-1_1",1,64,64,19794,14419
"946","ATACAGGCCCTCCAAT-1_1",1,56,72,17776,15581
"947","ATACCACGGGCAACTT-1_1",1,35,29,12470,9349
"949","ATACCAGGCTAATAGA-1_1",1,9,55,5911,13126
"959","ATACGCCGGCGAAACC-1_1",1,40,78,13738,16455
"960","ATACGGAACGTCGTTT-1_1",1,56,22,17769,8328
"961","ATACGGGTTTCGATTG-1_1",1,22,82,9196,17039
"962","ATACGGTGAAGATGCA-1_1",1,33,11,11963,6738
"963","ATACGTACTTAGCCAC-1_1",1,55,77,17524,16307
"964","ATACGTCCACTCCTGT-1_1",1,47,93,15507,18629
"967","ATACTAGCATGACCCT-1_1",1,21,61,8941,13994
"969","ATACTGCCTTACACCG-1_1",1,58,84,18282,17321
"970","ATACTTGTTCTCGAGC-1_1",1,30,10,11206,6594
"971","ATAGACAACGGGACCT-1_1",1,28,92,10712,18489
"972","ATAGACGAAGAGAAAG-1_1",1,33,45,11967,11670
"973","ATAGAGTACTGGGACA-1_1",1,26,48,10201,12107
"974","ATAGAGTTATCAACTT-1_1",1,27,93,10459,18634
"981","ATAGGCGGCTATAGAA-1_1",1,43,33,14490,9927
"982","ATAGGCTAGCTTCGCA-1_1",1,25,97,9955,19215
"983","ATAGGGATATCCTTGA-1_1",1,21,71,8942,15444
"984","ATAGGTTGGGCAGATG-1_1",1,28,64,10708,14427
"986","ATAGTGAAGCGTTCTC-1_1",1,41,57,13988,13409
"987","ATAGTTCCACCCACTC-1_1",1,38,102,13237,19937
"988","ATATAAAGCGCTCGTG-1_1",1,58,68,18280,15000
"989","ATATAAATGTAGCTGC-1_1",1,54,74,17271,15872
"996","ATATCGGTAGGGAGAT-1_1",1,38,110,13238,21097
"998","ATATCGTTCCTCGAAC-1_1",1,58,92,18283,18482
"999","ATATCTCCCTCGTTAA-1_1",1,19,87,8439,17765
"1000","ATATCTTAGGGCCTTC-1_1",1,35,61,12474,13990
"1003","ATATGTCTCCCTAGCC-1_1",1,35,97,12479,19212
"1006","ATATTCAGTTAAACCT-1_1",1,44,40,14743,10942
"1008","ATATTCCCACAGGTCA-1_1",1,11,59,6416,13706
"1009","ATATTGCTGTCAAAGT-1_1",1,18,32,8180,9788
"1011","ATATTTAACCCTCAAG-1_1",1,31,55,11464,13121
"1012","ATCAAACACTGTTCCA-1_1",1,47,107,15509,20660
"1013","ATCAAACGAAGGTTTG-1_1",1,49,33,16004,9926
"1016","ATCAATCTGGGCTGCA-1_1",1,33,65,11970,14571
"1019","ATCACGTGCTAATTAA-1_1",1,46,36,15247,10362
"1020","ATCACTTCATCCTCGC-1_1",1,21,67,8941,14864
"1022","ATCAGACGGCACGCCG-1_1",1,44,42,14743,11232
"1023","ATCAGCCTCATGCTGC-1_1",1,57,87,18030,17757
"1024","ATCAGCTCGTCCACTA-1_1",1,49,15,16002,7315
"1027","ATCAGTAGGCAGGGAT-1_1",1,23,87,9449,17764
"1034","ATCCAACGCAGTCATA-1_1",1,25,37,9947,10511
"1035","ATCCAATGGAGGGTCC-1_1",1,43,27,14489,9057
"1036","ATCCAATGGTACCGAA-1_1",1,36,6,12719,6012
"1037","ATCCACATCGACAGAA-1_1",1,62,72,19290,15580
"1040","ATCCAGAGCAACAACC-1_1",1,50,52,16259,12681
"1041","ATCCAGGATTCGTGAA-1_1",1,40,46,13734,11813
"1045","ATCCTACCTAAGCTCT-1_1",1,44,48,14744,12103
"1046","ATCCTGAATCGCTGCG-1_1",1,38,26,13227,8913
"1047","ATCCTGCGTGGAATGG-1_1",1,45,47,14996,11957
"1050","ATCGACCCAATACAGA-1_1",1,43,63,14494,14279
"1051","ATCGACTCTTTCCGTT-1_1",1,23,61,9445,13993
"1053","ATCGCACGCCGGGAGA-1_1",1,25,57,9950,13412
"1054","ATCGCCAGTCAACATT-1_1",1,45,105,15004,20370
"1059","ATCGGCAAGCAGTCCA-1_1",1,20,96,8693,19071
"1060","ATCGGTTACCTAGTAA-1_1",1,34,8,12215,6303
"1064","ATCGTTAGCTAGCGGA-1_1",1,58,98,18284,19352
"1067","ATCTAATATCCTACGG-1_1",1,55,67,17523,14856
"1069","ATCTAGCTTGTGAGGG-1_1",1,67,65,20551,14563
"1073","ATCTCCCTGCAATCTA-1_1",1,16,72,7680,15590
"1075","ATCTGACATGGAAGGA-1_1",1,63,41,19539,11083
"1077","ATCTGCACCTCTGCGA-1_1",1,29,101,10965,19794
"1078","ATCTGCTGTTATCGCC-1_1",1,67,57,20550,13403
"1080","ATCTGGTTAAGACTGT-1_1",1,26,76,10205,16168
"1081","ATCTGTAATTGTACCC-1_1",1,15,57,7426,13415
"1084","ATCTTGACCTGCAACG-1_1",1,26,44,10200,11526
"1085","ATCTTGACTTGTCCAA-1_1",1,30,108,11218,20809
"1087","ATGAAGCCAAGGAGCC-1_1",1,22,46,9191,11818
"1089","ATGACGCCGGCTCTAA-1_1",1,16,58,7678,13560
"1090","ATGACGCGTTCTATCC-1_1",1,52,30,16761,9490
"1091","ATGACTATCAGCTGTG-1_1",1,63,43,19539,11373
"1092","ATGACTATGCGACATT-1_1",1,48,88,15759,17904
"1093","ATGAGGAGTGTTAATC-1_1",1,25,35,9947,10221
"1095","ATGATCGGGAATAGAC-1_1",1,16,54,7678,12979
"1096","ATGATGCAATGGTACA-1_1",1,44,50,14744,12393
"1099","ATGCACTACCGCATTG-1_1",1,27,45,10453,11671
"1100","ATGCATGATCCAGGAT-1_1",1,25,65,9951,14573
"1103","ATGCCATTTGCGACCA-1_1",1,43,91,14497,18340
"1104","ATGCCGGTCTTGCATA-1_1",1,31,75,11466,16022
"1105","ATGCCGGTTGATGGGA-1_1",1,19,83,8439,17185
"1107","ATGCGACAGTCCCATT-1_1",1,35,71,12476,15441
"1108","ATGCGAGTCCCACCAC-1_1",1,48,104,15761,20225
"1109","ATGCTCAGTGTTGCAT-1_1",1,21,29,8937,9352
"1110","ATGCTCTGGCGCGGTA-1_1",1,60,76,18786,16160
"1116","ATGGAGCAGGCCGTGA-1_1",1,36,66,12727,14715
"1117","ATGGATCCGGCGTCCG-1_1",1,19,79,8438,16605
"1118","ATGGATTGACCAAACG-1_1",1,27,61,10455,13992
"1120","ATGGCAGCCGAGAAAC-1_1",1,33,9,11963,6448
"1125","ATGGGACCTGCTGAAC-1_1",1,61,31,19033,9633
"1126","ATGGGCCTCGGCCTCT-1_1",1,45,91,15002,18340
"1130","ATGGTCGCGTGGTTTC-1_1",1,45,85,15001,17469
"1133","ATGTAAGGCTGCTCTT-1_1",1,32,112,11724,21389
"1135","ATGTACGATGACGTCG-1_1",1,66,64,20299,14418
"1136","ATGTAGCGCGCGTAGG-1_1",1,68,72,20805,15578
"1141","ATGTGCATCCGACGCA-1_1",1,23,57,9445,13413
"1142","ATGTGGACATCTTGAT-1_1",1,47,71,15504,15438
"1144","ATGTTACGAGCAATAC-1_1",1,15,29,7422,9353
"1146","ATGTTCGTCGACCCAC-1_1",1,34,14,12216,7173
"1148","ATGTTGTAGTCTGTTT-1_1",1,65,47,20044,11953
"1151","ATTAAACATGCGGACC-1_1",1,43,59,14493,13698
"1154","ATTAATACTACGCGGG-1_1",1,22,66,9194,14719
"1155","ATTAATGAACCAGTCG-1_1",1,23,79,9448,16604
"1156","ATTAATTCGGTCACTC-1_1",1,14,66,7175,14720
"1157","ATTACAACTACCGGCC-1_1",1,11,87,6420,17767
"1158","ATTACATGTCAGTCTT-1_1",1,50,108,16266,20804
"1161","ATTACGCGCTGGCAGG-1_1",1,40,30,13732,9493
"1163","ATTACTAGCCTCTTGC-1_1",1,18,44,8181,11528
"1164","ATTACTTACTGGGCAT-1_1",1,22,100,9198,19650
"1165","ATTAGATTCCTCAGCA-1_1",1,25,105,9956,20375
"1166","ATTAGATTGATAGCGG-1_1",1,19,49,8434,12253
"1167","ATTAGGCGATGCTTTC-1_1",1,37,71,12980,15440
"1168","ATTATACTTTGCTCGT-1_1",1,18,78,8186,16460
"1170","ATTATCGGAATGTACG-1_1",1,69,57,21055,13402
"1171","ATTATCTCGACAGATC-1_1",1,7,61,5407,13997
"1173","ATTATGCCATAGGGAG-1_1",1,21,53,8940,12833
"1178","ATTCAACCATTTAAGG-1_1",1,58,100,18284,19642
"1179","ATTCACTGATGTTGGA-1_1",1,56,68,17775,15001
"1181","ATTCAGGACCTATTTC-1_1",1,20,98,8693,19361
"1183","ATTCAGTAGCAGGGTC-1_1",1,27,25,10450,8770
"1184","ATTCATATACTGTCCA-1_1",1,46,60,15250,13843
"1185","ATTCATCGTTGAGGCA-1_1",1,61,89,19040,18046
"1186","ATTCCCACATAAACAA-1_1",1,26,24,10198,8625
"1189","ATTCCTCCGCCAGTGC-1_1",1,23,39,9443,10802
"1191","ATTCGACGCCGGGCCT-1_1",1,36,26,12722,8913
"1195","ATTCGTGCTATCTCTT-1_1",1,42,110,14247,21096
"1201","ATTGAAGATCTTAGTG-1_1",1,31,49,11463,12251
"1204","ATTGACGTAACTCGGT-1_1",1,8,72,5661,15592
"1207","ATTGATGAGTCCTAAC-1_1",1,33,99,11974,19503
"1209","ATTGCCTTTATGTTTG-1_1",1,64,84,19797,17320
"1211","ATTGCTGCTCCTCCAT-1_1",1,35,43,12472,11379
"1212","ATTGGATTACAGCGTA-1_1",1,54,102,17275,19933
"1217","ATTGTACAACTCGGCT-1_1",1,35,103,12480,20083
"1218","ATTGTCGCAATACCTT-1_1",1,15,85,7429,17476
"1223","ATTTACAGTTTACTGG-1_1",1,30,38,11209,10655
"1224","ATTTACTAAGTCCATT-1_1",1,31,111,11471,21244
"1226","ATTTCATTATTTCGCG-1_1",1,14,78,7176,16461
"1227","ATTTCCGGGTTCTGCG-1_1",1,55,35,17519,10214
"1229","ATTTGCGCGAGTAGCT-1_1",1,53,31,17013,9635
"1231","ATTTGTCTTGGGAGCT-1_1",1,40,84,13739,17325
"1232","ATTTGTTCCAGGGCTC-1_1",1,19,71,8437,15445
"1236","CAAACGAGTATCGCAG-1_1",1,47,47,15501,11957
"1237","CAAACGGTCGCACTTT-1_1",1,30,40,11209,10945
"1239","CAAACTACGATAGAGA-1_1",1,12,84,6672,17332
"1240","CAAACTATTGAGCTTC-1_1",1,11,75,6419,16027
"1241","CAAACTCGCGACGCCG-1_1",1,45,111,15005,21241
"1242","CAAAGATTATTGGGCC-1_1",1,56,30,17770,9489
"1246","CAAATCTCTCACAAGG-1_1",1,44,24,14741,8621
"1250","CAAATTGTCAGCAAGC-1_1",1,13,67,6922,14866
"1259","CAACGACCCGTTTACA-1_1",1,20,50,8687,12398
"1263","CAACGGTTCTTGATAC-1_1",1,18,38,8181,10658
"1265","CAACTATATCGAATGC-1_1",1,15,79,7429,16606
"1268","CAACTCCTTGATCCCG-1_1",1,18,46,8182,11818
"1270","CAACTGCTCATCCGAT-1_1",1,59,55,18531,13115
"1271","CAACTTGTAGTGGGCA-1_1",1,9,41,5909,11095
"1274","CAAGAGGGCGGAGTAC-1_1",1,46,74,15252,15874
"1275","CAAGATATTATAACGT-1_1",1,45,89,15002,18050
"1276","CAAGCAACGTCGGAGT-1_1",1,32,38,11714,10655
"1277","CAAGCACCAAATGCCT-1_1",1,18,66,8184,14719
"1278","CAAGCGGCACATAATT-1_1",1,54,72,17271,15582
"1279","CAAGGATCGCATGTTC-1_1",1,40,68,13737,15005
"1282","CAAGGTCCTATAGGCT-1_1",1,34,110,12228,21098
"1283","CAAGTAAGTGATAGAC-1_1",1,69,53,21055,12822
"1286","CAAGTGTGGTTGCAAA-1_1",1,40,94,13740,18776
"1287","CAATAAACCTTGGCCC-1_1",1,26,74,10204,15878
"1289","CAATACGCTCTGAGGC-1_1",1,40,10,13729,6591
"1291","CAATATTCTTGACCTA-1_1",1,54,40,17267,10940
"1294","CAATCCCTATACCAGC-1_1",1,12,88,6673,17912
"1298","CAATGCGAGAAGTATC-1_1",1,54,82,17272,17032
"1300","CAATGGATCTCTACCA-1_1",1,28,86,10711,17618
"1302","CAATGTGCCAACCCTT-1_1",1,37,115,12986,21823
"1303","CAATTAAGGGTGATGA-1_1",1,29,65,10960,14572
"1305","CAATTTCGTATAAGGG-1_1",1,37,63,12979,14280
"1310","CACAATGAGCTGCTAT-1_1",1,42,50,14240,12393
"1311","CACACACGCTAACGAG-1_1",1,55,103,17528,20078
"1313","CACACAGGGATAGATT-1_1",1,25,27,9946,9061
"1318","CACAGCACCCACGGCA-1_1",1,31,59,11464,13701
"1319","CACAGCTAGGGAGTGA-1_1",1,20,60,8688,13849
"1320","CACAGGGCCATATAGT-1_1",1,57,97,18032,19207
"1321","CACAGGGCCGTTGTCA-1_1",1,62,60,19289,13839
"1325","CACATATTAGCAGGAT-1_1",1,47,73,15504,15728
"1328","CACATGATTCAGCAAC-1_1",1,38,64,13232,14425
"1330","CACATTCTTTCGATGG-1_1",1,18,90,8187,18201
"1331","CACATTTCTTGTCAGA-1_1",1,44,108,14752,20806
"1333","CACCACGCCACACAGA-1_1",1,40,8,13729,6301
"1334","CACCAGTCAGCATGCA-1_1",1,60,22,18779,8328
"1335","CACCATCGGAGGAGAC-1_1",1,11,61,6417,13996
"1338","CACCCACACGTCACCC-1_1",1,17,43,7929,11383
"1339","CACCCACGAGGCAATT-1_1",1,20,86,8692,17620
"1341","CACCCGGTTTGTGACT-1_1",1,53,39,17014,10795
"1342","CACCCTAACAAGATCT-1_1",1,56,80,17777,16742
"1343","CACCCTTGGTGAGACC-1_1",1,50,16,16254,7460
"1345","CACCGATACACCGAGC-1_1",1,10,84,6167,17332
"1347","CACCGCCAGAAGGTTT-1_1",1,27,59,10455,13702
"1348","CACCGCCGACCAGCGA-1_1",1,9,67,5913,14867
"1353","CACCGTATCCCATCCG-1_1",1,52,104,16771,20224
"1354","CACCGTTAGGGATCAC-1_1",1,53,37,17014,10505
"1355","CACCGTTGCGCGATAT-1_1",1,47,29,15499,9346
"1356","CACCTAATAGAGTCGT-1_1",1,17,25,7926,8773
"1357","CACCTAATCAGTTTAC-1_1",1,20,72,8690,15589
"1358","CACCTCGATGGTGGAC-1_1",1,18,70,8185,15300
"1360","CACCTTGCGAAACTCG-1_1",1,24,84,9701,17329
"1361","CACCTTGGCGCCTTTG-1_1",1,43,103,14499,20081
"1362","CACGAAAGTTAGTCCC-1_1",1,33,29,11965,9349
"1368","CACGCACAGCGCAGCT-1_1",1,24,72,9699,15588
"1369","CACGCAGCGAGGCTTT-1_1",1,31,43,11462,11380
"1370","CACGCGGAACTGTTGC-1_1",1,42,98,14246,19356
"1373","CACGGGATTGAGGGTT-1_1",1,31,11,11458,6739
"1375","CACGTCGGCAACCTCT-1_1",1,49,37,16005,10506
"1378","CACGTTCGTGCTCTAG-1_1",1,37,81,12982,16891
"1379","CACGTTTCGTACACAC-1_1",1,55,91,17526,18337
"1380","CACTAAAGTTGCCTAT-1_1",1,35,51,12473,12540
"1383","CACTCAAGAGCTATGG-1_1",1,39,57,13483,13409
"1384","CACTCAGCTCTTGAGG-1_1",1,11,71,6418,15446
"1385","CACTCCTATGTAAGAT-1_1",1,56,36,17771,10359
"1386","CACTCCTCTCGGTCGG-1_1",1,15,87,7430,17766
"1387","CACTCGAGCTGAACAA-1_1",1,48,74,15757,15873
"1388","CACTCGGTTAGGAGGA-1_1",1,35,13,12468,7028
"1390","CACTCTTCTGCTAGCC-1_1",1,59,101,18537,19787
"1391","CACTGACGATTGTGGA-1_1",1,65,51,20045,12533
"1392","CACTGTCCAAGTGAGA-1_1",1,19,43,8434,11383
"1393","CACTTAATCAGACGGA-1_1",1,34,48,12220,12105
"1394","CACTTCGCCACAGGCT-1_1",1,21,31,8937,9642
"1399","CAGACACCGATCGCTG-1_1",1,53,51,17016,12536
"1400","CAGACCTGTAAGTGTT-1_1",1,31,99,11470,19503
"1401","CAGACGAACCTGATAC-1_1",1,50,50,16259,12391
"1402","CAGAGACGGTCACCCA-1_1",1,51,57,16512,13406
"1403","CAGAGCATGAGCTTGC-1_1",1,26,70,10204,15298
"1405","CAGAGGCGATGCATGA-1_1",1,54,48,17268,12100
"1406","CAGAGTGATTTAACGT-1_1",1,9,69,5913,15157
"1408","CAGATACTAACATAGT-1_1",1,26,46,10201,11817
"1410","CAGATCATTTAAAGTC-1_1",1,22,108,9199,20811
"1411","CAGATCCTGGTTTGAA-1_1",1,55,17,17516,7603
"1413","CAGCAGCCCGTTCCTT-1_1",1,28,78,10710,16458
"1414","CAGCAGTCCAGACTAT-1_1",1,50,100,16265,19644
"1415","CAGCAGTCTGTGCTGC-1_1",1,62,74,19291,15870
"1417","CAGCCGGGCCCTCTAT-1_1",1,11,85,6420,17477
"1418","CAGCCTCCTGCAGAGG-1_1",1,23,77,9448,16314
"1420","CAGCCTCTCCTCAAGA-1_1",1,15,95,7431,18927
"1421","CAGCGATTCCCTTCAA-1_1",1,53,43,17015,11375
"1423","CAGCTCACTGAGACAT-1_1",1,33,59,11969,13701
"1424","CAGCTCGACAAGTTAA-1_1",1,28,90,10711,18199
"1425","CAGCTCGTGCTTGTGT-1_1",1,14,42,7171,11239
"1427","CAGCTGGCGTAACCGT-1_1",1,48,22,15750,8330
"1428","CAGCTTAGTAGGTAGC-1_1",1,32,28,11713,9204
"1429","CAGGAAGACTTTATAT-1_1",1,13,85,6925,17477
"1431","CAGGATATATCGTTGT-1_1",1,44,60,14746,13843
"1433","CAGGCAGTCTTACCAG-1_1",1,65,85,20049,17465
"1435","CAGGCCGTTTGGGTGT-1_1",1,39,43,13481,11378
"1436","CAGGCGCACGGTGGTC-1_1",1,56,28,17770,9199
"1437","CAGGCGCCATGCTAGG-1_1",1,49,73,16009,15728
"1441","CAGTAACTATTTATTG-1_1",1,19,101,8441,19796
"1443","CAGTAATCCCTCCCAG-1_1",1,21,25,8936,8772
"1444","CAGTACATTCTCTAAA-1_1",1,20,102,8694,19941
"1445","CAGTACCAGTTTACGT-1_1",1,48,18,15750,7750
"1447","CAGTAGCCCACGCGGT-1_1",1,25,91,9954,18344
"1450","CAGTCGAGGATGCAAT-1_1",1,25,99,9955,19505
"1453","CAGTCTGTATACTGGG-1_1",1,42,66,14242,14714
"1454","CAGTGAATAAATGACT-1_1",1,25,83,9953,17184
"1456","CAGTGTCCGCAGAATG-1_1",1,15,37,7423,10514
"1457","CAGTGTCGGCTGGCCC-1_1",1,52,92,16769,18483
"1459","CAGTTCAAATTGACAC-1_1",1,29,51,10959,12541
"1460","CAGTTCCGCGGGTCGA-1_1",1,26,26,10198,8916
"1462","CATAACGGACAGTCGT-1_1",1,36,94,12731,18777
"1463","CATAAGAAGCTTGGCT-1_1",1,58,72,18281,15581
"1464","CATAAGCTCTCCGTCT-1_1",1,42,14,14235,7171
"1466","CATACAAAGCCGAACC-1_1",1,13,35,6918,10224
"1468","CATACACGGTTCCCAC-1_1",1,61,55,19036,13114
"1469","CATACCCGTACCCAGT-1_1",1,37,31,12975,9638
"1470","CATACGAACTAGCTGG-1_1",1,65,31,20042,9632
"1471","CATACGGCGTCTGGGC-1_1",1,39,63,13484,14280
"1473","CATACTATGTAATTGT-1_1",1,36,48,12725,12104
"1474","CATACTTAGGCAATAC-1_1",1,37,113,12986,21533
"1475","CATACTTCTTTCTCCG-1_1",1,68,52,20802,12677
"1477","CATAGCCGCCCGGGAT-1_1",1,26,22,10198,8335
"1478","CATAGCGTTGCCCACC-1_1",1,54,42,17267,11230
"1480","CATAGTACATTGAGAG-1_1",1,15,77,7428,16316
"1481","CATAGTAGCATAGTAG-1_1",1,19,45,8434,11673
"1483","CATAGTCCACAAGAAC-1_1",1,45,31,14994,9636
"1485","CATATACTACTGATAA-1_1",1,18,102,8189,19941
"1486","CATATAGGTACAGTCA-1_1",1,43,55,14493,13118
"1487","CATATGTCAGGCTACG-1_1",1,48,24,15750,8620
"1488","CATATTATTTGCCCTA-1_1",1,9,79,5914,16607
"1491","CATCATCTACCCGGAC-1_1",1,11,69,6418,15156
"1492","CATCATTACCCTGAGG-1_1",1,52,94,16769,18773
"1496","CATCCTCTCAAAGATC-1_1",1,54,92,17274,18483
"1499","CATCGGACGGGTTAAT-1_1",1,42,58,14241,13554
"1503","CATCTATCCCGTGTCT-1_1",1,18,100,8189,19651
"1505","CATCTTACACCACCTC-1_1",1,37,99,12984,19502
"1506","CATGAACCGACATTTG-1_1",1,11,43,6414,11385
"1508","CATGACTTCGCTGAAT-1_1",1,40,106,13742,20517
"1509","CATGAGATGCACTCTC-1_1",1,59,79,18534,16596
"1513","CATGATGCACAATTCT-1_1",1,21,69,8942,15154
"1514","CATGATGGAAGTTAGC-1_1",1,45,103,15004,20080
"1518","CATGCCAACTCGCAAA-1_1",1,43,21,14488,8186
"1519","CATGCGACCAGTTTAA-1_1",1,26,98,10208,19359
"1520","CATGCGTTAGACAGAA-1_1",1,15,63,7427,14285
"1522","CATGCTGGCTCCAATT-1_1",1,12,60,6669,13851
"1524","CATGGATTGTCTTCCG-1_1",1,55,101,17527,19788
"1525","CATGGCAGGAAGATCG-1_1",1,17,57,7931,13414
"1527","CATGGGTATGCCTTAT-1_1",1,56,82,17777,17032
"1528","CATGGGTCGGGTGTGG-1_1",1,21,85,8944,17475
"1529","CATGGTAAGTAGCGTT-1_1",1,45,73,15000,15729
"1531","CATGGTCTAGATACCG-1_1",1,26,66,10203,14718
"1533","CATGTAAGAGACATTT-1_1",1,54,90,17273,18193
"1535","CATGTCTCATTTATGG-1_1",1,49,85,16011,17468
"1539","CATTACGTCGGCCCGT-1_1",1,19,65,8436,14574
"1542","CATTATGCTTGTTGTG-1_1",1,26,52,10201,12687
"1550","CATTGCGAAATGGGCG-1_1",1,36,12,12720,6882
"1553","CATTTAGCGGACCATG-1_1",1,25,85,9953,17474
"1555","CATTTCTAGCAGACTA-1_1",1,16,26,7674,8918
"1556","CATTTGAGTGGTACGT-1_1",1,50,48,16258,12101
"1557","CCAAACAGAACCCTCG-1_1",1,22,48,9191,12108
"1562","CCAACCTTATGTAACT-1_1",1,67,41,20548,11082
"1563","CCAACGATGCACTGAT-1_1",1,31,37,11461,10510
"1566","CCAAGAAAGTGGGCGA-1_1",1,52,52,16764,12681
"1567","CCAAGACTTCTGCGAA-1_1",1,20,62,8688,14139
"1568","CCAAGCGTAACTCGTA-1_1",1,33,71,11971,15441
"1570","CCAAGGAACAGAGAGG-1_1",1,14,48,7172,12109
"1574","CCAATAGTGCCGTCGA-1_1",1,34,42,12219,11235
"1575","CCAATCGGTAGATCGA-1_1",1,14,84,7177,17331
"1576","CCAATGTCACAGCAAG-1_1",1,37,49,12977,12249
"1577","CCAATTACGGGTCGAG-1_1",1,19,93,8440,18636
"1578","CCAATTGAATGTTAAT-1_1",1,20,46,8686,11818
"1579","CCACAATGTACGTCTT-1_1",1,29,85,10963,17473
"1580","CCACACTGAGATATTA-1_1",1,39,49,13482,12249
"1582","CCACAGTACCCATCCT-1_1",1,48,92,15759,18484
"1585","CCACCAACTTTACTGT-1_1",1,52,40,16762,10940
"1586","CCACCCAAGGAAAGTG-1_1",1,37,75,12981,16021
"1590","CCACGGAGCCATAAGA-1_1",1,47,27,15498,9056
"1592","CCACGGTGCCCGGTAG-1_1",1,35,107,12480,20663
"1597","CCACTGGTGGCTGGTT-1_1",1,39,21,13479,8187
"1601","CCAGAAAGCAACTCAT-1_1",1,52,36,16762,10360
"1603","CCAGATAGTTGAGTGA-1_1",1,28,84,10710,17328
"1605","CCAGCCTGGACCAATA-1_1",1,37,65,12980,14570
"1608","CCAGCTCGAACGCATT-1_1",1,63,65,19542,14564
"1609","CCAGCTGATGGTACTT-1_1",1,37,21,12974,8188
"1610","CCAGCTTCCGCCCGCA-1_1",1,29,17,10954,7609
"1613","CCAGGGACGTGGCCTC-1_1",1,27,53,10454,12832
"1614","CCAGTAGTCTGATCCA-1_1",1,27,91,10459,18344
"1615","CCAGTCAAATCTCTTA-1_1",1,42,8,14234,6301
"1617","CCAGTCTAGACGGCGC-1_1",1,24,86,9701,17619
"1622","CCATAAACAACCCGAC-1_1",1,14,76,7176,16171
"1624","CCATACCTTTACTTGT-1_1",1,30,102,11218,19939
"1627","CCATAGGTTGGCGTGG-1_1",1,18,62,8184,14139
"1629","CCATATGGAAACTATA-1_1",1,53,103,17023,20079
"1632","CCATCCATACCAAGTC-1_1",1,14,38,7171,10659
"1633","CCATCGCAGTTAAACT-1_1",1,50,62,16260,14132
"1634","CCATCTCACCAGTGAA-1_1",1,38,98,13236,19357
"1636","CCATGCCCTAGATTTC-1_1",1,56,98,17779,19353
"1637","CCATGCCTGTTTAGTA-1_1",1,35,53,12473,12830
"1638","CCATGCTCTGCAGGAA-1_1",1,21,43,8938,11383
"1640","CCATGGCCCTTGTACC-1_1",1,32,22,11712,8334
"1642","CCATTAGCGATAATCC-1_1",1,32,42,11715,11235
"1643","CCATTCCCTGCCCACA-1_1",1,33,39,11967,10800
"1645","CCATTTCTACCTATTA-1_1",1,55,71,17523,15436
"1646","CCCAAACATGCTGCTC-1_1",1,34,88,12225,17907
"1647","CCCAACATACGTCGCG-1_1",1,43,35,14490,10217
"1648","CCCAACCACACTAACA-1_1",1,8,66,5660,14722
"1652","CCCAATGAGATTTGCA-1_1",1,60,40,18781,10939
"1653","CCCAATTTCACAACTT-1_1",1,39,33,13480,9928
"1655","CCCAGAGGAGGGCGTA-1_1",1,21,105,8946,20376
"1659","CCCAGTAAACTTGGGA-1_1",1,52,12,16758,6879
"1660","CCCAGTTAAGGCGCCG-1_1",1,42,82,14244,17035
"1663","CCCGAAGTTTCGCGAA-1_1",1,45,11,14992,6735
"1664","CCCGACCATAGTCCGC-1_1",1,20,74,8690,15879
"1665","CCCGAGTTTCTCCGTA-1_1",1,48,108,15761,20805
"1668","CCCGCAGCGCGAACTA-1_1",1,49,67,16008,14857
"1669","CCCGCAGGGCCCAAAG-1_1",1,11,79,6419,16607
"1670","CCCGCCATGCTCCCGT-1_1",1,19,41,8433,11093
"1671","CCCGCGCAATGCACCC-1_1",1,19,23,8431,8482
"1678","CCCGGTGTATCGGAAT-1_1",1,53,17,17012,7604
"1679","CCCGTAAGTCTAGGCC-1_1",1,40,28,13732,9202
"1681","CCCGTCAGCGTCTGAC-1_1",1,23,51,9444,12543
"1685","CCCGTTTCGCAGATGT-1_1",1,52,106,16771,20514
"1691","CCCTATGTAGAGCAGA-1_1",1,60,24,18779,8618
"1695","CCCTCATTCTGGAATT-1_1",1,16,44,7676,11529
"1696","CCCTCCTCGCTCGTAT-1_1",1,50,106,16266,20514
"1699","CCCTGAAATGAGTTGA-1_1",1,31,39,11462,10800
"1700","CCCTGACTAACAAATT-1_1",1,38,12,13225,6882
"1702","CCCTGCCCAATCCGCT-1_1",1,41,19,13983,7897
"1703","CCCTGCGCTACGCATA-1_1",1,34,24,12217,8624
"1710","CCCTTTGACAGGTCTT-1_1",1,50,56,16259,13262
"1712","CCGAAAGTGGTGAGCA-1_1",1,17,27,7927,9063
"1714","CCGAACCTTCCCGGCC-1_1",1,49,71,16009,15438
"1717","CCGAAGTATATTGTTC-1_1",1,22,22,9188,8336
"1719","CCGACAAAGGGAGTGC-1_1",1,33,21,11964,8189
"1721","CCGACGGGCATGAGGT-1_1",1,54,26,17265,8909
"1724","CCGAGAAGTCGCATAA-1_1",1,46,112,15257,21386
"1728","CCGATCTCAACCTTAT-1_1",1,37,101,12984,19792
"1730","CCGATTCGAGGGACCC-1_1",1,38,20,13226,8042
"1732","CCGCACAAAGACCAAC-1_1",1,36,76,12729,16166
"1734","CCGCACGTGACCTCGG-1_1",1,28,26,10703,8915
"1736","CCGCATGTGGTACGAT-1_1",1,56,66,17775,14711
"1739","CCGCCGGTCAACACAC-1_1",1,13,55,6921,13125
"1741","CCGCCTGCGAATTGGT-1_1",1,15,97,7431,19217
"1743","CCGCGATTTGGTAGGT-1_1",1,39,9,13477,6447
"1745","CCGCGGAATGCGTCAC-1_1",1,51,45,16510,11666
"1746","CCGCGGGTACGAAGAA-1_1",1,32,26,11712,8914
"1747","CCGCGTAGGTAAGGGC-1_1",1,30,22,11207,8334
"1748","CCGCTATCAGCACCAG-1_1",1,45,63,14998,14278
"1753","CCGCTTACCTCACTCT-1_1",1,47,35,15500,10216
"1758","CCGGAATGGTTTCAGT-1_1",1,24,32,9694,9786
"1759","CCGGAGCGTACTTTCT-1_1",1,58,56,18279,13260
"1761","CCGGCACGACCGTTTC-1_1",1,35,111,12481,21243
"1763","CCGGCGCATATTGGAT-1_1",1,14,56,7173,13270
"1764","CCGGCGTGAGACTCTG-1_1",1,47,11,15496,6735
"1766","CCGGGCGGTCTCGTCA-1_1",1,32,76,11719,16167
"1768","CCGGGCTGCTCCATAC-1_1",1,36,86,12730,17616
"1769","CCGGGTTCGAGGTTAC-1_1",1,38,32,13228,9783
"1770","CCGGTAATGGCTAGTC-1_1",1,38,114,13238,21678
"1774","CCGTAAGTTGGTCCCA-1_1",1,33,77,11972,16312
"1775","CCGTACCCAAGCGCCA-1_1",1,12,34,6666,10079
"1776","CCGTAGGAAATCCCTG-1_1",1,60,96,18789,19062
"1778","CCGTATCTCGTCGTAG-1_1",1,53,27,17013,9054
"1782","CCGTGCCCATGACGGC-1_1",1,12,48,6667,12110
"1783","CCGTGGAACGATCCAA-1_1",1,24,106,9704,20520
"1784","CCGTGTTAAATTCCAT-1_1",1,48,36,15752,10361
"1785","CCGTTACGTTAGAACA-1_1",1,20,88,8692,17910
"1786","CCGTTCCGAATCTCGG-1_1",1,40,22,13731,8332
"1789","CCTAAAGGCTGACGCT-1_1",1,14,82,7177,17041
"1790","CCTAAATTAACGGTTC-1_1",1,42,68,14242,15004
"1792","CCTAACCCAAACAAGT-1_1",1,49,89,16011,18049
"1793","CCTAACTAAGGCTCTA-1_1",1,21,93,8945,18635
"1797","CCTACATTCACAGACG-1_1",1,51,33,16509,9925
"1799","CCTACGGCTCAGTCGA-1_1",1,16,32,7675,9788
"1802","CCTACTGCTTACACTT-1_1",1,27,49,10453,12252
"1803","CCTAGGCGTAGCGATC-1_1",1,36,88,12730,17907
"1804","CCTAGGTAAAGGTAGC-1_1",1,51,11,16506,6734
"1805","CCTAGTTAGTCGCATG-1_1",1,12,72,6671,15591
"1809","CCTATATTTGTCCTGG-1_1",1,62,52,19288,12679
"1811","CCTATGAAGTGGTGCC-1_1",1,37,111,12986,21243
"1812","CCTATGGCTCCTAGTG-1_1",1,62,24,19284,8617
"1813","CCTATGGGTTACCGTC-1_1",1,29,69,10961,15152
"1814","CCTATGGTCAAAGCTG-1_1",1,68,68,20804,14998
"1815","CCTATGTCCACTCCAC-1_1",1,62,92,19293,18481
"1818","CCTCACCAATCTTGAC-1_1",1,17,35,7928,10223
"1819","CCTCACCTGAGGGAGC-1_1",1,28,102,10713,19939
"1820","CCTCACCTTAGCATCG-1_1",1,27,97,10460,19214
"1823","CCTCCCGACAATCCCT-1_1",1,9,63,5912,14286
"1824","CCTCCGACAATTCAAG-1_1",1,33,33,11966,9929
"1826","CCTCCTGAGCCCACAT-1_1",1,38,8,13224,6302
"1827","CCTCCTGTTGTGTCGT-1_1",1,62,96,19293,19061
"1828","CCTCGAAGTGGACGGG-1_1",1,15,71,7428,15445
"1830","CCTCGCCAGCAAATTA-1_1",1,18,74,8185,15880
"1831","CCTCGCGCGATATAGG-1_1",1,21,95,8945,18925
"1833","CCTCGGACCGGGATAG-1_1",1,41,85,13992,17470
"1834","CCTCGGATGCTACCTG-1_1",1,32,10,11710,6593
"1837","CCTCTAATCTGCCAAG-1_1",1,23,73,9447,15734
"1839","CCTCTATCGATTAGCA-1_1",1,52,26,16760,8910
"1840","CCTCTCTCCCATCTAG-1_1",1,34,36,12219,10364
"1841","CCTCTGGCCTAGACGG-1_1",1,15,75,7428,16026
"1842","CCTCTGTACTATTCTA-1_1",1,53,61,17017,13986
"1843","CCTGAACGATATATTC-1_1",1,37,85,12982,17471
"1844","CCTGAATATTTACATA-1_1",1,23,71,9447,15444
"1846","CCTGACCACCGATGGT-1_1",1,45,61,14998,13988
"1850","CCTGCCCGTTGTCTAG-1_1",1,35,9,12467,6448
"1852","CCTGCGTTCTACGCTT-1_1",1,32,14,11711,7174
"1854","CCTGCTATTTGAGAAG-1_1",1,26,50,10201,12397
"1855","CCTGGAAACGTTCTGC-1_1",1,39,113,13491,21532
"1856","CCTGGCTAGACCCGCC-1_1",1,29,43,10957,11381
"1858","CCTGTAAGACATGATA-1_1",1,37,41,12976,11089
"1859","CCTGTACTCACGCCCA-1_1",1,40,24,13731,8622
"1860","CCTGTCACCCGGGCTC-1_1",1,29,67,10961,14862
"1861","CCTGTCCCTCACGTTA-1_1",1,36,114,12734,21678
"1862","CCTGTCGCCCGTAAAT-1_1",1,36,62,12727,14135
"1868","CCTGTTTGAAGACACG-1_1",1,58,94,18284,18772
"1872","CCTTCGTATAGAATCC-1_1",1,69,61,21056,13983
"1874","CCTTCTTGATCCAGTG-1_1",1,19,73,8437,15735
"1877","CCTTTAAGGGAGCACT-1_1",1,58,50,18278,12390
"1878","CCTTTCAATGAAGAAA-1_1",1,25,95,9955,18924
"1880","CGAAACATAGATGGCA-1_1",1,11,77,6419,16317
"1881","CGAAACGCAATTCATG-1_1",1,41,33,13985,9927
"1882","CGAACAGTATGGGCGT-1_1",1,50,96,16265,19064
"1884","CGAACCCGCATGCGTC-1_1",1,49,49,16006,12247
"1886","CGAACGCCCAGTGCCG-1_1",1,14,70,7175,15301
"1887","CGAACGGCCGGACAAC-1_1",1,47,15,15497,7315
"1892","CGAAGCTATAAATTCA-1_1",1,19,105,8442,20376
"1894","CGAAGTTGCTCTGTGT-1_1",1,33,35,11966,10219
"1897","CGAATGACGCATAATG-1_1",1,63,57,19541,13404
"1901","CGACAATTTGATCTAA-1_1",1,43,95,14498,18920
"1903","CGACACGCTCCGACAG-1_1",1,46,94,15255,18775
"1905","CGACAGTTCGCGTTAT-1_1",1,36,42,12724,11234
"1906","CGACATGCGATCTTCT-1_1",1,8,64,5660,14432
"1907","CGACCCTTAACGCCGG-1_1",1,48,12,15749,6880
"1910","CGACGCATCCGTACCT-1_1",1,50,10,16253,6589
"1911","CGACTCAGGATGTTAT-1_1",1,23,89,9449,18055
"1914","CGACTTTGTATAGCCT-1_1",1,33,109,11976,20953
"1915","CGAGACCCTAGAGTGT-1_1",1,43,61,14493,13989
"1917","CGAGAGATGTGAACCT-1_1",1,29,73,10961,15732
"1919","CGAGAGCTTTCACTAC-1_1",1,64,88,19797,17900
"1920","CGAGAGGGTAGCCGCG-1_1",1,56,104,17780,20223
"1923","CGAGCACTTCAAGTTT-1_1",1,23,25,9441,8771
"1925","CGAGCGTTGATCAGCC-1_1",1,12,46,6667,11820
"1926","CGAGCTGGGCTTTAGG-1_1",1,17,67,7932,14865
"1930","CGAGGCTAAATATGGC-1_1",1,29,71,10961,15442
"1931","CGAGGGACTGCGGTCG-1_1",1,38,78,13234,16456
"1932","CGAGGGTATCCAGGTG-1_1",1,64,60,19793,13839
"1933","CGAGTACTAAAGAGGA-1_1",1,45,35,14995,10217
"1934","CGAGTGAAGGTACCAG-1_1",1,55,29,17518,9344
"1935","CGAGTGCTATAGTTCG-1_1",1,10,38,6161,10660
"1936","CGAGTTCTGTCCCACC-1_1",1,27,85,10458,17473
"1937","CGAGTTTATCGGACTG-1_1",1,37,93,12983,18632
"1940","CGATACCTCGCGGACA-1_1",1,40,48,13734,12104
"1946","CGATCCGACCCAGTGC-1_1",1,38,50,13230,12394
"1947","CGATCCTCGCAACATA-1_1",1,66,40,20296,10937
"1949","CGATCTGTTGGAGGAC-1_1",1,46,24,15246,8621
"1950","CGATGGACCCTACGCC-1_1",1,22,96,9198,19070
"1952","CGATTAAATATCTCCT-1_1",1,56,62,17775,14131
"1953","CGATTCGCCTGGCTGC-1_1",1,57,73,18028,15726
"1955","CGCAAACACGAGTTAC-1_1",1,27,37,10452,10511
"1957","CGCAATTACTTTCGGT-1_1",1,23,33,9442,9932
"1958","CGCAATTAGGGTAATA-1_1",1,28,44,10705,11526
"1959","CGCAATTCTACAATAA-1_1",1,26,28,10198,9206
"1960","CGCACATGTCCACTAC-1_1",1,39,87,13487,17761
"1962","CGCACGTGCGCTATCA-1_1",1,39,99,13489,19501
"1963","CGCAGAAACATTTGCG-1_1",1,8,58,5659,13561
"1965","CGCAGGCGATCCAAAC-1_1",1,52,102,16770,19934
"1970","CGCATGGTGCGATGCT-1_1",1,40,66,13737,14714
"1971","CGCATTAGCTAATAGG-1_1",1,27,57,10455,13412
"1972","CGCCAAGAAGCCGAGT-1_1",1,39,17,13478,7607
"1974","CGCCACAGGTCGCGAT-1_1",1,49,9,16001,6444
"1977","CGCCATCCGATTATGA-1_1",1,24,80,9700,16749
"1979","CGCCCAGCGTTTCACG-1_1",1,65,89,20050,18045
"1980","CGCCCGCTTCCGTACA-1_1",1,18,80,8186,16750
"1985","CGCCGCCCATGCCTGT-1_1",1,39,83,13487,17181
"1990","CGCCTCCCTCCTCTAT-1_1",1,43,73,14495,15729
"1991","CGCCTGGCCTACGTAA-1_1",1,41,27,13984,9057
"1995","CGCGACCGCGACAGAT-1_1",1,59,81,18534,16886
"1997","CGCGAGTCTGCCGGGT-1_1",1,52,20,16760,8039
"1998","CGCGCAAATGTCCAGA-1_1",1,56,24,17770,8619
"2000","CGCGCATGTTTGATTG-1_1",1,50,54,16259,12972
"2001","CGCGCCCGACTTAATA-1_1",1,21,75,8943,16024
"2003","CGCGGCTCAACTTGAA-1_1",1,43,97,14498,19210
"2004","CGCGGGAATTAGGCAG-1_1",1,28,80,10710,16748
"2013","CGCGTTCATGAAATAC-1_1",1,27,51,10454,12542
"2015","CGCTACGGGACATTTA-1_1",1,38,48,13230,12104
"2016","CGCTAGAGACCGCTGC-1_1",1,39,101,13489,19792
"2017","CGCTATACCGCCCACT-1_1",1,14,36,7171,10369
"2019","CGCTATTCAATGTATG-1_1",1,19,31,8432,9642
"2020","CGCTATTCTTAGGCTC-1_1",1,38,60,13231,13845
"2021","CGCTCGACATAATGAT-1_1",1,21,45,8939,11673
"2022","CGCTCTCCGTAGATTA-1_1",1,33,37,11966,10510
"2024","CGCTGGTGACTACCCT-1_1",1,48,98,15760,19354
"2025","CGCTGTGACGCCGCAC-1_1",1,25,47,9948,11962
"2026","CGCTGTGTGGATGTTG-1_1",1,59,43,18529,11374
"2027","CGCTTAGTATTGATAC-1_1",1,66,52,20297,12678
"2028","CGCTTATTCCCGGTCG-1_1",1,42,30,14237,9492
"2029","CGCTTCCACTGAAATC-1_1",1,18,42,8181,11238
"2032","CGCTTTCATACCGGTG-1_1",1,14,50,7172,12400
"2034","CGCTTTCTTGCATTCG-1_1",1,31,85,11468,17473
"2038","CGGAACGTAAACATAG-1_1",1,47,45,15501,11667
"2042","CGGAGCAATTTAATCG-1_1",1,54,60,17270,13841
"2043","CGGAGCATGGCGATCC-1_1",1,39,67,13485,14860
"2044","CGGAGCTTATAACACC-1_1",1,10,86,6168,17622
"2046","CGGAGTTTGAGAGACA-1_1",1,30,34,11209,10075
"2048","CGGATCCTCAAGGACT-1_1",1,60,80,18787,16741
"2051","CGGCAAACATCGTGCG-1_1",1,52,66,16766,14712
"2055","CGGCAGGGTCGGGTTG-1_1",1,32,94,11721,18778
"2056","CGGCCACGCACAAAGT-1_1",1,35,59,12474,13700
"2057","CGGCCAGAGCGACCAT-1_1",1,67,49,20549,12242
"2058","CGGCCCAACCTGTAGT-1_1",1,28,112,10714,21390
"2059","CGGCCCAGGTATATCC-1_1",1,43,105,14499,20371
"2060","CGGCGCCATCAATCCC-1_1",1,59,93,18536,18627
"2061","CGGCTCTAAAGCTGCA-1_1",1,46,110,15257,21095
"2065","CGGCTTTGTATGATAA-1_1",1,8,56,5659,13271
"2068","CGGGAATATAGTATAC-1_1",1,47,105,15509,20370
"2069","CGGGAATTTATGTAAA-1_1",1,45,65,14999,14568
"2070","CGGGAGCTTCAGTGTA-1_1",1,49,91,16012,18339
"2072","CGGGATCAATGTAAGA-1_1",1,23,59,9445,13703
"2073","CGGGCAGCTAAACCGC-1_1",1,32,56,11716,13266
"2075","CGGGCCTTCTTTGTAA-1_1",1,41,55,13988,13119
"2076","CGGGCGATGGATCACG-1_1",1,69,75,21057,16013
"2078","CGGGTGTACCCATTTA-1_1",1,32,86,11720,17617
"2084","CGGTACTAGAATCAAA-1_1",1,43,83,14496,17180
"2085","CGGTAGAGGTGCAGGT-1_1",1,22,92,9197,18490
"2088","CGGTCAAGTGGGAACC-1_1",1,26,80,10205,16748
"2091","CGGTCCGTCGCAAGCC-1_1",1,63,51,19540,12533
"2092","CGGTCTATCAACCCGT-1_1",1,18,82,8186,17040
"2093","CGGTGAAGACTAAAGT-1_1",1,35,23,12469,8478
"2094","CGGTGCAGATAGAACG-1_1",1,42,36,14238,10362
"2095","CGGTGCGCGTTGGTCC-1_1",1,49,39,16005,10796
"2096","CGGTGGGCTCCAGCCT-1_1",1,15,99,7431,19507
"2097","CGGTGTACTTGATCCC-1_1",1,17,31,7927,9643
"2098","CGGTTATCCAACAGTG-1_1",1,30,98,11217,19358
"2099","CGGTTCAAGTAGGTGT-1_1",1,24,98,9703,19360
"2101","CGGTTGACCTGGCATA-1_1",1,39,25,13479,8768
"2111","CGTAACTTCGACACTT-1_1",1,68,50,20802,12387
"2115","CGTACCTGATAGGCCT-1_1",1,22,68,9194,15009
"2117","CGTAGCGAATTGTCAG-1_1",1,13,71,6923,15446
"2120","CGTATTAAGAGATCTA-1_1",1,32,54,11716,12976
"2124","CGTCAAGGCTATAAAT-1_1",1,30,14,11206,7174
"2126","CGTCACGTCCATTGGT-1_1",1,47,51,15502,12537
"2133","CGTCGCATGTGAGCCA-1_1",1,65,77,20048,16304
"2135","CGTCGCTTGGTTATAC-1_1",1,63,25,19537,8762
"2136","CGTCGGATAGTGTTGA-1_1",1,34,96,12226,19067
"2137","CGTCGGGTCTAAGCGC-1_1",1,54,22,17265,8329
"2138","CGTCGTCCTTCGCGAA-1_1",1,56,76,17776,16161
"2140","CGTCTGGAAGGGCCCG-1_1",1,16,62,7679,14140
"2143","CGTGAAGTTAATTCAC-1_1",1,40,56,13736,13264
"2144","CGTGACATTGGGTCGT-1_1",1,15,83,7429,17186
"2145","CGTGACCAGTCCTCTG-1_1",1,63,55,19540,13114
"2147","CGTGCAGACTGGGACA-1_1",1,40,74,13738,15875
"2148","CGTGCATTGTCGACGC-1_1",1,39,31,13480,9638
"2150","CGTGCCCTCCCGAAGA-1_1",1,43,77,14495,16309
"2152","CGTGCTTCTACCTAAA-1_1",1,62,28,19285,9197
"2154","CGTGGCCGAATATCTA-1_1",1,47,101,15508,19790
"2155","CGTGGTACCCAAAGGC-1_1",1,66,42,20296,11227
"2157","CGTGTCCCATTCGCGA-1_1",1,28,40,10705,10946
"2158","CGTGTCTCGTTACGAC-1_1",1,60,34,18781,10068
"2160","CGTTAAACTAGTTAGG-1_1",1,49,111,16014,21240
"2162","CGTTAATGTCCCGACG-1_1",1,59,87,18535,17756
"2163","CGTTAGCTCACAACTG-1_1",1,14,90,7178,18202
"2166","CGTTCAGACCCGCGAA-1_1",1,65,61,20046,13984
"2167","CGTTCATGGTGCGCGT-1_1",1,48,20,15750,8040
"2169","CGTTGAATACCGCGCT-1_1",1,57,77,18029,16306
"2170","CGTTGAGCGACCGTCG-1_1",1,44,74,14747,15874
"2174","CGTTGTAAGATTGATT-1_1",1,26,108,10209,20810
"2175","CGTTGTCGGCAATTGA-1_1",1,64,66,19794,14709
"2176","CGTTGTTTCAATTCCC-1_1",1,34,40,12219,10944
"2177","CGTTTAAGCGGAGCAC-1_1",1,13,59,6921,13705
"2179","CGTTTCACTTCGGGCG-1_1",1,18,92,8188,18491
"2180","CGTTTCGCTCATTACA-1_1",1,35,49,12473,12250
"2183","CGTTTGTGTAGAGGGT-1_1",1,55,41,17519,11085
"2185","CTAAAGAATGCCTACT-1_1",1,36,36,12723,10364
"2187","CTAAAGGGAAATAGGA-1_1",1,44,62,14746,14133
"2189","CTAAATCCGGTGTACA-1_1",1,61,35,19033,10213
"2190","CTAAATCCTATTCCGG-1_1",1,26,84,10206,17329
"2192","CTAACCGCGCGCCCGT-1_1",1,37,35,12976,10218
"2193","CTAACGAAACTTGCTG-1_1",1,30,94,11217,18778
"2194","CTAACTGATAATCGCC-1_1",1,58,102,18285,19932
"2195","CTAACTGGTCCGGTTC-1_1",1,50,36,16257,10361
"2196","CTAAGGGAATGATTGG-1_1",1,44,72,14747,15584
"2200","CTAATTCGCACGCGCT-1_1",1,28,34,10704,10075
"2201","CTAATTCTCAGATATT-1_1",1,27,105,10461,20375
"2202","CTAATTTCAACAACAC-1_1",1,21,27,8936,9062
"2205","CTACACTCGCAGATGG-1_1",1,57,101,18032,19787
"2207","CTACCCTAAGGTCATA-1_1",1,31,91,11469,18343
"2209","CTACGACTAGCTATAA-1_1",1,38,24,13227,8623
"2211","CTACGCACGGAGTACC-1_1",1,35,57,12474,13410
"2212","CTACGCCATTTCCGAT-1_1",1,12,80,6672,16752
"2214","CTACTATCATAGGTTT-1_1",1,53,25,17013,8764
"2215","CTACTATCTTTCAGAG-1_1",1,29,93,10964,18633
"2216","CTACTCAAGGTATAGT-1_1",1,60,42,18782,11229
"2217","CTACTCTAGGCCCGGC-1_1",1,31,25,11460,8769
"2218","CTACTGCCACCTGACC-1_1",1,27,63,10455,14282
"2222","CTAGATGTGAGTGTAA-1_1",1,33,103,11975,20083
"2223","CTAGATTTACGACGGC-1_1",1,42,74,14243,15874
"2225","CTAGCATAGTATAATG-1_1",1,34,66,12222,14716
"2228","CTAGCCGATGTTATGA-1_1",1,23,101,9451,19795
"2231","CTAGGCGCCCTATCAG-1_1",1,51,91,16516,18338
"2234","CTAGGTCTGAAGGAAT-1_1",1,36,104,12732,20227
"2235","CTAGGTTCGGACGTGA-1_1",1,58,70,18280,15291
"2236","CTAGTAGAAAGGGATT-1_1",1,63,81,19544,16885
"2237","CTAGTATTCGGAATTA-1_1",1,14,80,7176,16751
"2238","CTAGTCACGTCTTAAG-1_1",1,37,69,12980,15150
"2239","CTAGTGAAGGACAGGA-1_1",1,34,38,12219,10654
"2240","CTAGTTACAACCCGGT-1_1",1,53,67,17018,14857
"2241","CTAGTTGGGCCCGGTA-1_1",1,26,68,10204,15008
"2242","CTATAAGAGCCAATCG-1_1",1,26,100,10208,19649
"2248","CTATCGACGAAATACA-1_1",1,53,93,17021,18628
"2250","CTATCGGGTCTCAACA-1_1",1,35,69,12475,15151
"2252","CTATGCCCGAATGCAA-1_1",1,63,59,19541,13694
"2253","CTATGGGAAGCGGAAT-1_1",1,54,104,17275,20223
"2254","CTATGTCACTAGCCCA-1_1",1,30,66,11213,14717
"2255","CTATGTCTATTGAAAC-1_1",1,11,55,6416,13125
"2257","CTATTCATGTGTCCCA-1_1",1,52,62,16765,14132
"2260","CTATTTGGTTACGGAT-1_1",1,36,82,12729,17036
"2261","CTCAAACCACTGCCCG-1_1",1,64,40,19791,10938
"2262","CTCAACTAACCCGGAT-1_1",1,63,85,19544,17465
"2265","CTCACATTTACTAAAT-1_1",1,62,68,19290,15000
"2268","CTCACTGTGATACTTA-1_1",1,63,75,19543,16015
"2269","CTCACTTGGCTGGTAA-1_1",1,40,26,13732,8912
"2273","CTCAGGACTCACCTGT-1_1",1,16,30,7675,9498
"2274","CTCAGTCACGACAAAT-1_1",1,24,96,9702,19070
"2277","CTCATGGCTCACAATC-1_1",1,13,63,6922,14285
"2278","CTCATGGTAATTTGCG-1_1",1,50,26,16256,8910
"2281","CTCATTGCTCTAACAA-1_1",1,60,78,18786,16451
"2282","CTCATTTGATGGGCGG-1_1",1,22,62,9193,14138
"2284","CTCCCTCCTTTCGATC-1_1",1,51,23,16508,8475
"2288","CTCCGGCCTAATATGC-1_1",1,19,59,8436,13704
"2299","CTCGAGGTCGAACAGT-1_1",1,29,59,10960,13702
"2300","CTCGATATTTGCGAGC-1_1",1,23,99,9450,19505
"2301","CTCGCACCTATATAGT-1_1",1,24,68,9699,15008
"2307","CTCGGGTTCTCTGGCC-1_1",1,61,27,19032,9053
"2308","CTCGGTACCACTGCTC-1_1",1,41,81,13991,16890
"2309","CTCGGTCCGTAGCCTG-1_1",1,18,50,8182,12399
"2310","CTCGGTTGTCGGCCCT-1_1",1,56,26,17770,8909
"2315","CTCGTTTCTAATGTTT-1_1",1,22,104,9199,20231
"2317","CTCTAATGCATTGATC-1_1",1,24,110,9704,21100
"2318","CTCTACACTGGCGATT-1_1",1,43,17,14488,7606
"2321","CTCTATTTGGCTGCAG-1_1",1,48,68,15756,15003
"2322","CTCTCACAATCGATGA-1_1",1,32,70,11718,15297
"2325","CTCTCTAACTGCCTAG-1_1",1,57,21,18022,8183
"2328","CTCTGGACGCCTGGTG-1_1",1,32,62,11717,14136
"2331","CTCTGTTTGAGGATTC-1_1",1,14,72,7175,15591
"2332","CTCTTCTATTGACTGG-1_1",1,46,100,15256,19645
"2333","CTCTTCTGGAAGTTAG-1_1",1,62,40,19286,10938
"2334","CTCTTGTCCCGCTTGG-1_1",1,54,58,17269,13551
"2336","CTGAAAGAGATCCGAC-1_1",1,19,69,8437,15154
"2337","CTGAATCCGAGACCTC-1_1",1,47,53,15502,12827
"2338","CTGAATTTATTGCCAG-1_1",1,22,106,9199,20521
"2340","CTGACTGCGCAGCTCG-1_1",1,31,101,11470,19793
"2343","CTGAGCAAGTAACAAG-1_1",1,15,25,7422,8773
"2345","CTGATAGTGTATCTCA-1_1",1,32,16,11711,7464
"2349","CTGCACAACTACATAT-1_1",1,50,76,16262,16163
"2351","CTGCACCTGGAACCGC-1_1",1,15,49,7425,12254
"2352","CTGCACTCCAGTACAG-1_1",1,54,70,17271,15292
"2356","CTGCCAAGGTTGGAAG-1_1",1,21,77,8943,16314
"2357","CTGCCATGCATCACAT-1_1",1,40,62,13736,14134
"2361","CTGCCTTTAATACCTT-1_1",1,64,28,19789,9197
"2362","CTGCCTTTCTAGTAAA-1_1",1,63,93,19545,18626
"2365","CTGCGGGTGAAATGTT-1_1",1,31,23,11460,8479
"2367","CTGCGTTACGATATAA-1_1",1,16,90,7683,18201
"2370","CTGCTGAGGCCACGAA-1_1",1,49,35,16004,10216
"2372","CTGCTTGGCGATAGCT-1_1",1,53,75,17019,16017
"2374","CTGGAAATGGATGCTT-1_1",1,29,53,10959,12831
"2375","CTGGAAGACACGGTGG-1_1",1,50,88,16264,17903
"2376","CTGGACGCAGTCCGGC-1_1",1,51,13,16506,7024
"2377","CTGGATTTACACTTGA-1_1",1,49,55,16007,13117
"2378","CTGGCATCCGAATGAG-1_1",1,48,26,15751,8911
"2379","CTGGCGACATAAGTCC-1_1",1,17,81,7934,16896
"2381","CTGGCGCACAGGTCTG-1_1",1,37,89,12983,18051
"2382","CTGGCGGGAATAAGTA-1_1",1,20,22,8683,8337
"2384","CTGGCTGATTCATCCT-1_1",1,44,96,14750,19065
"2386","CTGGCTGGTTGTCAGT-1_1",1,54,56,17269,13261
"2387","CTGGGATAAATAATGG-1_1",1,38,84,13234,17326
"2391","CTGGGCCTGCTATATC-1_1",1,44,30,14742,9492
"2395","CTGGGTAGGCAGTTAA-1_1",1,43,79,14496,16599
"2399","CTGGTAACACATAGAA-1_1",1,42,88,14244,17905
"2400","CTGGTAACGAGCTCTT-1_1",1,29,97,10965,19214
"2406","CTGGTTTCGAGCAAGA-1_1",1,46,88,15254,17904
"2409","CTGTAGTGAGGATCGA-1_1",1,69,43,21053,11372
"2410","CTGTATGGTGTAGAAA-1_1",1,20,32,8685,9787
"2411","CTGTCAAATGGCTCGG-1_1",1,23,83,9448,17184
"2415","CTGTGCAGGGTAGGTC-1_1",1,42,70,14242,15294
"2416","CTGTGGTCGGGAGATA-1_1",1,55,89,17526,18047
"2417","CTGTTACCCAATCTAG-1_1",1,48,58,15755,13552
"2418","CTGTTCACTGCCTGTG-1_1",1,22,56,9192,13268
"2419","CTGTTCATCTCACGGG-1_1",1,22,34,9190,10077
"2424","CTTAACTTCGAAGTAC-1_1",1,11,63,6417,14286
"2427","CTTACACGGTATTCCA-1_1",1,31,45,11463,11670
"2428","CTTACACTGGGAAATA-1_1",1,16,48,7677,12109
"2433","CTTAGCCTTCCACATG-1_1",1,22,78,9195,16459
"2436","CTTAGTAGGCCTACAG-1_1",1,32,102,11722,19938
"2437","CTTAGTGTAGTAGCAT-1_1",1,61,83,19039,17176
"2440","CTTATGCGCTCAGGGC-1_1",1,43,11,14487,6736
"2442","CTTCAACTCCACTTGG-1_1",1,59,77,18534,16306
"2444","CTTCAGTGGTCGCCTA-1_1",1,54,18,17264,7749
"2446","CTTCATAGCTCAAGAA-1_1",1,19,37,8433,10513
"2448","CTTCATTGTCAGTGGA-1_1",1,36,60,12726,13845
"2452","CTTCGGCCAATTGTTT-1_1",1,50,110,16267,21095
"2453","CTTCGTAGATAGGTGA-1_1",1,39,45,13482,11669
"2455","CTTCTATGTTGAAGTA-1_1",1,46,28,15246,9201
"2456","CTTCTATTAATGCTAG-1_1",1,51,47,16511,11956
"2457","CTTCTGGGCGTACCTA-1_1",1,66,34,20295,10067
"2458","CTTCTTACGTCGTATA-1_1",1,14,60,7174,13850
"2459","CTTGACCCGAAAGATA-1_1",1,9,57,5911,13416
"2461","CTTGAGTTAGGGTAAT-1_1",1,39,93,13488,18631
"2463","CTTGCAACCGCCTCCT-1_1",1,43,25,14489,8767
"2465","CTTGCCCAGGCTCTAC-1_1",1,45,55,14997,13118
"2466","CTTGGCCAAGCTGGGA-1_1",1,61,57,19036,13404
"2467","CTTGTACTTGTTGACT-1_1",1,21,51,8939,12543
"2468","CTTGTCAACATTCGAG-1_1",1,50,66,16261,14712
"2471","CTTGTGAGTCTTTGAC-1_1",1,10,34,6161,10080
"2472","CTTGTGCTCACCGATT-1_1",1,22,94,9197,18780
"2473","CTTGTTGCTGAGTCAA-1_1",1,38,80,13234,16746
"2474","CTTGTTTATGTAGCCA-1_1",1,18,28,8179,9207
"2475","CTTTAACTTTCAAAGG-1_1",1,23,67,9446,14863
"2476","CTTTAATATTGGTCGA-1_1",1,51,73,16514,15727
"2477","CTTTACCGAATAGTAG-1_1",1,50,84,16263,17323
"2478","CTTTAGGAACACTGTT-1_1",1,41,87,13992,17760
"2479","CTTTAGTGCTATTATT-1_1",1,44,64,14746,14423
"2481","CTTTCTGTGCGGGCTT-1_1",1,54,66,17270,14711
"2484","CTTTGCATCGCTCTTG-1_1",1,60,94,18788,18771
"2487","CTTTGGCGCTTTATAC-1_1",1,32,18,11711,7754
"2488","CTTTGGCTTTAGTAAA-1_1",1,32,40,11714,10945
"2489","CTTTGGGATTGTTGCA-1_1",1,62,44,19287,11518
"2491","GAAACAGATGACCACC-1_1",1,40,92,13740,18486
"2492","GAAACAGCCATGCAGT-1_1",1,13,61,6922,13995
"2493","GAAACATAGGAAACAG-1_1",1,60,20,18779,8037
"2494","GAAACCATGGTGCGCT-1_1",1,27,109,10461,20955
"2495","GAAACCGAATTACCTT-1_1",1,45,51,14997,12538
"2497","GAAACTCGTGCGATGC-1_1",1,28,24,10703,8625
"2498","GAAACTCTAATGAAGG-1_1",1,13,73,6923,15736
"2499","GAAAGAACAGCGTTAT-1_1",1,37,103,12984,20082
"2501","GAAAGCCCTTTGGACC-1_1",1,35,21,12469,8188
"2502","GAAAGTGACTAACTGC-1_1",1,25,31,9946,9641
"2504","GAAATACTAAACGTTT-1_1",1,18,22,8178,8337
"2505","GAAATATCACCATCAG-1_1",1,33,23,11964,8479
"2507","GAAATCGCGCGCAACT-1_1",1,18,68,8184,15010
"2509","GAAATGGCGGTGTTAG-1_1",1,30,52,11211,12686
"2511","GAAATTAGCACGGATA-1_1",1,18,96,8188,19071
"2512","GAAATTCACATCGCTG-1_1",1,13,49,6920,12255
"2513","GAAATTGTCTCTATAA-1_1",1,43,53,14492,12828
"2515","GAACACACATCAACCA-1_1",1,22,50,9192,12398
"2516","GAACAGATTACTAAAT-1_1",1,57,71,18028,15436
"2520","GAACCTCGACCTACAC-1_1",1,41,9,13982,6446
"2521","GAACCTTTAACGATCC-1_1",1,63,79,19544,16595
"2522","GAACGACCGAATGATA-1_1",1,19,63,8436,14284
"2526","GAACGTCTCATGGTCG-1_1",1,31,87,11468,17763
"2527","GAACGTTAGGAAGACG-1_1",1,33,15,11963,7318
"2529","GAACTGTGGAGAGACA-1_1",1,68,66,20804,14708
"2532","GAAGAAACGATATTGT-1_1",1,59,29,18527,9343
"2533","GAAGAACGGTGCAGGT-1_1",1,14,40,7171,10949
"2536","GAAGCCACTGATTATG-1_1",1,65,69,20047,15144
"2538","GAAGCCTGCACATTCC-1_1",1,61,61,19036,13984
"2539","GAAGCGTGAGGAATTT-1_1",1,34,60,12222,13846
"2540","GAAGCTCGGACCCGTC-1_1",1,55,21,17517,8184
"2542","GAAGCTTGCTGACCGC-1_1",1,29,35,10956,10220
"2544","GAAGGAGTCGAGTGCG-1_1",1,66,60,20298,13838
"2548","GAAGTCAGTTGCACTA-1_1",1,52,58,16765,13551
"2549","GAAGTCTCCCTAGCGA-1_1",1,37,91,12983,18342
"2550","GAAGTGATTTATCGTG-1_1",1,39,47,13482,11959
"2551","GAAGTGCTGGATAGCT-1_1",1,15,61,7426,13995
"2552","GAAGTTTCCACTCAAT-1_1",1,36,46,12725,11814
"2553","GAATAGACGCGACCCA-1_1",1,42,92,14245,18485
"2556","GAATAGTGCTCGATTA-1_1",1,60,36,18781,10358
"2557","GAATATTCGGAGTCCC-1_1",1,13,83,6924,17187
"2558","GAATCGACATGGTCAC-1_1",1,26,42,10200,11236
"2559","GAATCGCCGGACACGG-1_1",1,11,41,6414,11095
"2561","GAATCTGAACATTCTC-1_1",1,42,64,14241,14424
"2564","GAATGCGAATCGGTTC-1_1",1,63,69,19542,15144
"2566","GAATGTATGGCAGGTC-1_1",1,15,91,7430,18347
"2567","GAATGTGGTCCGGATT-1_1",1,43,81,14496,16890
"2568","GAATGTTGGGTAATCT-1_1",1,23,69,9447,15154
"2569","GAATTATAGTGAAAGG-1_1",1,34,68,12223,15006
"2571","GAATTCACCCGGGTGT-1_1",1,47,55,15502,13117
"2572","GAATTTCTCGCTGCAG-1_1",1,28,30,10703,9495
"2573","GACAAACATATGCAGG-1_1",1,44,100,14751,19645
"2574","GACAACGACCATTGAA-1_1",1,25,77,9952,16313
"2575","GACAACGCAGCTTACG-1_1",1,20,54,8687,12978
"2578","GACACAAGGGAAGAAA-1_1",1,30,72,11214,15587
"2581","GACACGAGTTAGAGGA-1_1",1,19,25,8431,8772
"2582","GACACTGAGTTCAGTG-1_1",1,44,46,14744,11812
"2587","GACAGCCAGACCTGAC-1_1",1,42,86,14244,17615
"2588","GACAGGCACACACTAT-1_1",1,38,22,13226,8333
"2591","GACATCCGTCGAACTG-1_1",1,65,71,20047,15434
"2592","GACATCGATTTATAAC-1_1",1,52,50,16763,12391
"2596","GACCAGAGCCCTGTAG-1_1",1,31,47,11463,11961
"2598","GACCCAATTATGATAC-1_1",1,54,20,17264,8039
"2599","GACCCGTCGCCGGCTA-1_1",1,9,59,5912,13706
"2601","GACCGACGTGAAAGCA-1_1",1,38,112,13238,21387
"2602","GACCGACTGAAGCGTC-1_1",1,34,22,12217,8333
"2606","GACCGTCAGGTCGTGA-1_1",1,13,81,6924,16896
"2607","GACCGTGCTGACGGTG-1_1",1,40,52,13735,12684
"2608","GACCGTTACATGCGAC-1_1",1,38,6,13224,6012
"2610","GACCTTCCACGTCTAC-1_1",1,66,74,20300,15869
"2611","GACGACGATCCGCGTT-1_1",1,52,70,16766,15292
"2613","GACGAGGCTAATAAAC-1_1",1,56,100,17780,19643
"2616","GACGCCGTAAAGGCTA-1_1",1,54,54,17269,12971
"2623","GACGGTCAATAGAAGC-1_1",1,30,100,11217,19649
"2626","GACGTGTAGGGATTAT-1_1",1,28,32,10704,9785
"2630","GACTAAGATCATGCAC-1_1",1,23,53,9444,12833
"2631","GACTAAGTAGGCTCAC-1_1",1,27,43,10453,11381
"2632","GACTACAAAGCGGTGG-1_1",1,49,21,16002,8185
"2634","GACTAGGCCGTTAGGT-1_1",1,66,78,20301,16449
"2635","GACTCACCCACGTGAG-1_1",1,38,106,13237,20517
"2636","GACTCCCAGAATAAGG-1_1",1,27,111,10462,21245
"2638","GACTCGCGGGAATGAC-1_1",1,28,96,10712,19069
"2642","GACTGCAAATCGAGCT-1_1",1,59,75,18533,16016
"2643","GACTGCACCAGCCCAG-1_1",1,46,80,15253,16744
"2644","GACTGCGGCACGTGTA-1_1",1,27,15,10449,7320
"2645","GACTGCTGGTGAGAAA-1_1",1,67,39,20548,10792
"2653","GAGACTGATGGGTAGA-1_1",1,28,56,10707,13267
"2654","GAGACTTCGCGACCGA-1_1",1,53,57,17017,13406
"2657","GAGAGGGCGCGAGGTT-1_1",1,38,40,13229,10944
"2658","GAGAGGTGCATTCTGG-1_1",1,44,28,14741,9202
"2661","GAGATCTGCTTGGCAT-1_1",1,34,44,12220,11525
"2662","GAGATCTGTCACTCCG-1_1",1,30,74,11214,15877
"2663","GAGATCTTCCATGACA-1_1",1,45,77,15000,16309
"2666","GAGATGGGAGTCGACA-1_1",1,52,72,16766,15582
"2669","GAGCATCAACAACTTG-1_1",1,64,30,19790,9487
"2670","GAGCATCATCCCTGGG-1_1",1,12,40,6666,10949
"2671","GAGCCACGGTAGTAGG-1_1",1,9,47,5910,11966
"2672","GAGCCAGCTACCTGTG-1_1",1,53,89,17021,18048
"2674","GAGCGAGGGAGTACCG-1_1",1,14,58,7174,13560
"2675","GAGCGCAAATACTCCG-1_1",1,51,107,16519,20659
"2676","GAGCGCGCACGAGTAG-1_1",1,49,93,16012,18629
"2678","GAGCGCTGTTAGGTAA-1_1",1,61,23,19031,8472
"2679","GAGCGGAATGCGGTGT-1_1",1,68,48,20801,12097
"2680","GAGCTAAGGGCATATC-1_1",1,29,83,10963,17183
"2682","GAGCTCTCGGACCTAA-1_1",1,15,33,7423,9933
"2685","GAGGAATGGAGAGGTT-1_1",1,27,31,10451,9641
"2688","GAGGATAAACAGTGCT-1_1",1,40,114,13743,21677
"2690","GAGGCCCGACTCCGCA-1_1",1,55,23,17517,8474
"2692","GAGGCTATCAAAGTCG-1_1",1,35,27,12470,9059
"2693","GAGGGAGTCAGATCGC-1_1",1,65,41,20043,11082
"2694","GAGGGCATCGCGTATC-1_1",1,11,33,6413,9934
"2697","GAGGGCGCAGCTCTGC-1_1",1,27,89,10459,18054
"2698","GAGGGTAGTAACAAAG-1_1",1,63,31,19537,9632
"2699","GAGGTACATCCATCTT-1_1",1,12,68,6670,15011
"2700","GAGGTACGCGTGTCCC-1_1",1,67,67,20552,14853
"2701","GAGGTCCCAAAGATCT-1_1",1,18,26,8179,8917
"2706","GAGTAAGGCCACGGGA-1_1",1,48,14,15749,7170
"2707","GAGTACGGGTATACAA-1_1",1,15,43,7424,11384
"2708","GAGTAGATACTAGTTG-1_1",1,62,64,19289,14419
"2711","GAGTATGCCCGCCTTG-1_1",1,49,43,16005,11376
"2712","GAGTATGCGCGTGCAT-1_1",1,63,71,19543,15435
"2715","GAGTCCGCTTACCGGA-1_1",1,46,58,15250,13553
"2719","GAGTGTCAACCAGAAA-1_1",1,63,83,19544,17175
"2720","GAGTGTGCGGTACCCA-1_1",1,44,88,14749,17905
"2722","GAGTTGATGGCAATTT-1_1",1,51,19,16507,7894
"2724","GATAAATCGGTGGATG-1_1",1,15,41,7424,11094
"2725","GATAACTCGCACTGTG-1_1",1,39,89,13487,18051
"2729","GATACGATGGGAGTCA-1_1",1,45,45,14996,11667
"2734","GATAGGTAACGTTGAC-1_1",1,48,60,15755,13842
"2736","GATAGTGCGAGTAAGT-1_1",1,68,44,20801,11517
"2739","GATATCTCATGCAATA-1_1",1,12,58,6669,13560
"2740","GATATGAGACACTAAC-1_1",1,39,81,13486,16891
"2741","GATATGCGGTAGCCAA-1_1",1,19,91,8440,18346
"2742","GATATGGATTACGCGG-1_1",1,28,18,10702,7755
"2744","GATATTTCCTACATGG-1_1",1,17,89,7935,18056
"2745","GATCAACATAAAGGGA-1_1",1,62,36,19286,10358
"2746","GATCATTCCAAACATT-1_1",1,30,56,11212,13266
"2748","GATCCCTTTATACTGC-1_1",1,28,60,10707,13847
"2750","GATCCGGGAATTAACA-1_1",1,39,73,13485,15730
"2751","GATCCTAAATCGGGAC-1_1",1,27,95,10460,18924
"2752","GATCCTCGACACTGGC-1_1",1,50,32,16256,9780
"2754","GATCGACACTATCTGA-1_1",1,27,47,10453,11961
"2755","GATCGCGGGCTCTCCA-1_1",1,36,52,12725,12685
"2756","GATCGCTACCCGATTT-1_1",1,50,98,16265,19354
"2757","GATCGCTATATCTCAG-1_1",1,61,25,19032,8762
"2759","GATCGGATAGAACCAT-1_1",1,41,13,13982,7026
"2761","GATCGGTGGCCATAAC-1_1",1,28,68,10708,15007
"2762","GATCGTGACTGATATC-1_1",1,38,72,13233,15585
"2765","GATCTGCTATCTAAGG-1_1",1,62,56,19288,13259
"2768","GATCTTGGAGGGCATA-1_1",1,44,70,14747,15294
"2769","GATCTTTGCAGGGTAT-1_1",1,36,38,12724,10654
"2771","GATGACAAGTAGGGCA-1_1",1,57,33,18023,9924
"2773","GATGAGGAACCTTCGG-1_1",1,67,81,20553,16884
"2779","GATGCGTCCTGCATTC-1_1",1,37,57,12978,13410
"2780","GATGCTACAAGCGCCT-1_1",1,17,51,7930,12544
"2782","GATGCTGTATTTCATC-1_1",1,43,75,14495,16019
"2783","GATGGCGCACACATTA-1_1",1,19,29,8432,9352
"2785","GATGGTGCCCTAGGCA-1_1",1,10,78,6167,16462
"2786","GATGTAACGAACCACC-1_1",1,51,21,16507,8185
"2788","GATGTCGGTCAACTGC-1_1",1,9,73,5914,15737
"2790","GATGTTCAATCCACGA-1_1",1,41,43,13986,11378
"2791","GATGTTTGTGCGAGAT-1_1",1,20,30,8684,9497
"2792","GATTAACCGAAAGCCC-1_1",1,55,93,17526,18628
"2797","GATTCCCTTGTCGCAG-1_1",1,25,67,9951,14863
"2799","GATTCCTATACGGCGC-1_1",1,25,23,9945,8481
"2800","GATTCGACGGTTCACG-1_1",1,41,71,13990,15440
"2803","GATTGCTCCAGTTGCA-1_1",1,63,27,19537,9052
"2804","GATTGGGAAAGGTTGT-1_1",1,66,80,20301,16739
"2807","GCAAACCCTACATTAT-1_1",1,48,82,15758,17034
"2808","GCAAACCTTGGCCATA-1_1",1,57,67,18028,14856
"2812","GCAAATATTACGCTTT-1_1",1,35,41,12472,11089
"2814","GCAACACACTAGAACT-1_1",1,46,16,15245,7460
"2815","GCAACAGCAGTATGCG-1_1",1,46,106,15256,20515
"2816","GCAACCACCAGACCGG-1_1",1,14,92,7178,18492
"2817","GCAACCACGGCCGCGT-1_1",1,43,29,14489,9347
"2819","GCAACGGCTAGTTATG-1_1",1,43,113,14500,21531
"2820","GCAAGAATTCCTTGGC-1_1",1,44,36,14742,10362
"2823","GCAAGTGCACAGAGAA-1_1",1,24,42,9695,11237
"2824","GCAAGTGTAAAGCATG-1_1",1,67,45,20549,11662
"2827","GCACAAACGAGGCGTG-1_1",1,46,114,15257,21676
"2830","GCACAAGTGTCGGAAG-1_1",1,10,64,6165,14431
"2831","GCACACACTGGTAGCC-1_1",1,56,94,17779,18772
"2833","GCACACGCCCATGGTC-1_1",1,34,10,12215,6593
"2838","GCACGCCTACTTAGAT-1_1",1,55,39,17519,10795
"2842","GCACTGCCTACCTTTA-1_1",1,66,68,20299,14999
"2846","GCAGACCCAGCACGTA-1_1",1,39,103,13489,20082
"2849","GCAGATTAGGGATATC-1_1",1,37,61,12979,13990
"2850","GCAGCACACAGCCCAG-1_1",1,38,42,13229,11234
"2851","GCAGCCTATATCACAT-1_1",1,35,113,12481,21533
"2855","GCAGGAACTTAGATCT-1_1",1,53,15,17011,7314
"2856","GCAGGACTATAGAATA-1_1",1,35,37,12471,10509
"2857","GCAGGTAGAGTATGGT-1_1",1,18,94,8188,18781
"2859","GCAGTGTGGCTATAGG-1_1",1,59,83,18535,17176
"2862","GCATACGAGGTCTTTA-1_1",1,38,14,13225,7172
"2863","GCATAGAGCACTCAGG-1_1",1,37,59,12979,13700
"2864","GCATCCCTAACTTTGA-1_1",1,16,42,7676,11239
"2866","GCATCGGCCGTGTAGG-1_1",1,49,103,16013,20079
"2868","GCATGAGGGACGCGGC-1_1",1,30,90,11216,18198
"2871","GCATTCAAGGCAACGC-1_1",1,28,108,10714,20809
"2872","GCATTCGAAATGAACA-1_1",1,28,14,10701,7174
"2874","GCATTGTAATTCATAT-1_1",1,41,21,13983,8187
"2875","GCATTTCCAAGGCTCC-1_1",1,33,111,11976,21243
"2876","GCCAACCATTTCCGGA-1_1",1,26,106,10209,20520
"2877","GCCAAGAATACTTCTG-1_1",1,46,10,15244,6590
"2878","GCCAATAGGGCATCTC-1_1",1,25,103,9956,20085
"2879","GCCACAATTTAAGGAC-1_1",1,45,39,14995,10797
"2882","GCCACTCAGAGCGCGA-1_1",1,59,95,18536,18917
"2885","GCCAGGAGTAACCGAT-1_1",1,21,89,8944,18055
"2888","GCCATATTGCACACAG-1_1",1,22,90,9197,18200
"2889","GCCATCGAGCTGCGTG-1_1",1,53,47,17015,11955
"2890","GCCATCGATGCTGCAT-1_1",1,32,110,11723,21099
"2891","GCCATTAGCCTCAAAC-1_1",1,55,13,17516,7023
"2892","GCCCACCAAGGCTGTC-1_1",1,12,38,6666,10659
"2896","GCCCAGTTGGTATGCC-1_1",1,22,38,9190,10657
"2898","GCCCGACTTCTTCCCG-1_1",1,49,25,16003,8765
"2900","GCCCGATCTGTGGTCG-1_1",1,53,63,17018,14276
"2902","GCCCGCGCGTAAACGG-1_1",1,49,41,16005,11086
"2903","GCCCGCGCGTTTGACA-1_1",1,20,40,8686,10948
"2904","GCCCGTAATACCTTCT-1_1",1,27,79,10457,16603
"2908","GCCCTAGCCGTCGCGA-1_1",1,54,16,17264,7459
"2909","GCCCTGAGGATGGGCT-1_1",1,68,74,20805,15869
"2910","GCCGAAATTCCTACGT-1_1",1,35,45,12472,11669
"2911","GCCGACCCACGACTGC-1_1",1,62,30,19285,9488
"2912","GCCGATTGGCCAAGCT-1_1",1,41,61,13989,13989
"2914","GCCGCATTAGTCCGGC-1_1",1,35,17,12468,7608
"2916","GCCGCTTGTGAGAAAC-1_1",1,36,40,12724,10944
"2918","GCCGGGTTAGGGTCGC-1_1",1,41,59,13988,13699
"2924","GCCTAGCGATCTGACC-1_1",1,20,42,8686,11238
"2925","GCCTATAGTGTCAGGG-1_1",1,29,91,10964,18343
"2928","GCCTATTCCGATATAG-1_1",1,24,30,9694,9496
"2929","GCCTATTTGCTACACA-1_1",1,8,50,5658,12401
"2931","GCCTCATCTGGAAATA-1_1",1,41,95,13993,18921
"2932","GCCTCCGACAATTCAC-1_1",1,60,98,18789,19352
"2933","GCCTCTATACATAGCA-1_1",1,55,75,17524,16017
"2940","GCGAAACTTAACTGGA-1_1",1,44,82,14748,17034
"2941","GCGAAGAATCTGACGG-1_1",1,66,84,20301,17320
"2942","GCGAAGCCATACCCGT-1_1",1,31,61,11465,13991
"2945","GCGACCCAACCATCTG-1_1",1,59,33,18528,9923
"2946","GCGACGATAGTTGTAC-1_1",1,48,54,15754,12972
"2950","GCGAGAGTTGCGTCCA-1_1",1,33,107,11975,20663
"2951","GCGAGCGCATGCTCCC-1_1",1,37,109,12985,20952
"2952","GCGAGGCCCGAGCAGA-1_1",1,37,47,12977,11959
"2954","GCGAGTTCTGCAAAGA-1_1",1,35,63,12474,14280
"2956","GCGATTCTGGAAGCAG-1_1",1,10,74,6166,15882
"2957","GCGATTGTTAACGTTA-1_1",1,37,77,12981,16311
"2958","GCGCAAATATATTCAA-1_1",1,58,28,18275,9198
"2959","GCGCAAGAGCGCGCTG-1_1",1,40,100,13741,19646
"2960","GCGCATCCAGTCAGCA-1_1",1,29,95,10964,18924
"2961","GCGCCGTTCCACGATA-1_1",1,41,65,13989,14569
"2962","GCGCCTCCCACTCCGA-1_1",1,48,110,15762,21095
"2964","GCGCGGTCTAGTAACT-1_1",1,68,60,20803,13838
"2968","GCGCTAATTGAATAGA-1_1",1,34,70,12223,15296
"2969","GCGCTATGCCGAGGCA-1_1",1,43,47,14492,11958
"2971","GCGCTGATCCAGACTC-1_1",1,17,87,7935,17766
"2972","GCGCTGCTTTGCATTT-1_1",1,28,94,10712,18779
"2974","GCGCTTAAATAATTGG-1_1",1,57,89,18031,18047
"2975","GCGGACCGCGTTGTGG-1_1",1,51,43,16510,11376
"2976","GCGGAGAAACTTCGCA-1_1",1,55,33,17518,9924
"2977","GCGGAGAGGGAGAACG-1_1",1,46,78,15253,16454
"2979","GCGGCAAAGTATTGCC-1_1",1,59,27,18527,9053
"2980","GCGGCTCTGACGTACC-1_1",1,38,38,13228,10653
"2982","GCGGGAACCAGGCCCT-1_1",1,18,48,8182,12109
"2988","GCGGTCCCTAGACGCA-1_1",1,13,45,6919,11674
"2990","GCGGTGAACTGCGCTC-1_1",1,20,94,8693,18781
"2992","GCGGTTCCCTATCATG-1_1",1,47,49,15501,12247
"2993","GCGTAAATGGCCATAA-1_1",1,34,102,12227,19938
"2996","GCGTCGAAATGTCGGT-1_1",1,17,65,7932,14575
"2997","GCGTCGCCAGGGTGAT-1_1",1,54,62,17270,14131
"3001","GCGTGGTACTGGGTTA-1_1",1,35,95,12479,18922
"3003","GCGTTATATTTGGAAC-1_1",1,31,13,11458,7029
"3004","GCGTTCGGAGACCGGG-1_1",1,19,103,8441,20086
"3006","GCTAAACCTGAGGTGA-1_1",1,23,23,9441,8481
"3007","GCTAACTGAAGTCTGA-1_1",1,58,88,18283,17902
"3009","GCTAAGTAAAGGCGAT-1_1",1,27,13,10449,7030
"3010","GCTAAGTAGTTTCTCT-1_1",1,34,80,12224,16747
"3011","GCTAATACCGAATGCC-1_1",1,21,47,8939,11963
"3014","GCTACAGTACGGACCG-1_1",1,40,14,13730,7172
"3015","GCTACGACTTATTGGG-1_1",1,43,69,14494,15149
"3016","GCTACTATAGTAGAGT-1_1",1,50,94,16264,18774
"3018","GCTAGACCGTCTACTG-1_1",1,42,104,14247,20226
"3019","GCTAGAGTAGAGATGT-1_1",1,56,96,17779,19062
"3024","GCTAGCTTGAATAGCT-1_1",1,52,44,16763,11521
"3025","GCTAGGCACCACGGAG-1_1",1,54,84,17273,17322
"3026","GCTAGTAGAGCTTGTA-1_1",1,39,65,13484,14570
"3027","GCTAGTTTCATTGAGG-1_1",1,17,37,7928,10513
"3029","GCTATACGTCTCGGAC-1_1",1,52,88,16768,17903
"3031","GCTATCGCGGCGCAAC-1_1",1,20,24,8683,8627
"3034","GCTCAATCCGTTTATT-1_1",1,53,35,17014,10215
"3035","GCTCAATGTAATACCG-1_1",1,62,58,19288,13549
"3036","GCTCATTACTGCATGT-1_1",1,13,93,6926,18637
"3039","GCTCCATGCAAAGCAA-1_1",1,69,55,21055,13112
"3040","GCTCCCAGTCGGTCCA-1_1",1,43,109,14500,20951
"3041","GCTCCGCTCGCTTCAG-1_1",1,42,112,14248,21386
"3043","GCTCCTGACATACTGG-1_1",1,56,32,17771,9779
"3047","GCTCGGAATTTAAAGC-1_1",1,22,84,9196,17330
"3048","GCTCTAAACCCTGACG-1_1",1,24,58,9697,13558
"3049","GCTCTATGTTACGTGC-1_1",1,26,40,10200,10946
"3050","GCTCTCGGGTACCGAA-1_1",1,26,58,10202,13557
"3051","GCTCTTTCCGCTAGTG-1_1",1,64,54,19793,12968
"3054","GCTGAATCTTCCAATC-1_1",1,59,23,18527,8473
"3056","GCTGAGGCGTGAGTAT-1_1",1,40,64,13737,14424
"3057","GCTGCACGGTTTCTTA-1_1",1,41,73,13990,15730
"3061","GCTGCTACTGCGTAGC-1_1",1,51,75,16514,16017
"3062","GCTGCTCTCCGGACAC-1_1",1,31,63,11465,14281
"3065","GCTGGCATATTCACCT-1_1",1,31,31,11461,9640
"3066","GCTGGCGGCGCATGCT-1_1",1,54,64,17270,14421
"3071","GCTGTATTACTGGCCC-1_1",1,46,38,15248,10652
"3073","GCTGTTGCTACCGAAC-1_1",1,39,95,13488,18921
"3074","GCTTAATGTAACTAAC-1_1",1,42,84,14244,17325
"3075","GCTTACGTAGTTAGTA-1_1",1,36,112,12733,21388
"3077","GCTTATGAAGCAGGAA-1_1",1,35,89,12478,18052
"3082","GCTTCCGTCCCTAGAC-1_1",1,29,77,10962,16313
"3085","GCTTGATGATAATCAG-1_1",1,22,36,9190,10367
"3087","GCTTGGATCGATTAGG-1_1",1,31,97,11469,19213
"3090","GCTTTCAGAGGAGGTG-1_1",1,33,95,11974,18923
"3094","GGAAACCTTGTTGAAT-1_1",1,20,106,8694,20521
"3098","GGAAAGTGCCCATGCC-1_1",1,20,90,8692,18200
"3100","GGAACCGTGTAAATTG-1_1",1,49,47,16006,11956
"3101","GGAACCTTGACTCTGC-1_1",1,59,21,18526,8183
"3106","GGAAGCTCGCTTACAG-1_1",1,11,83,6420,17187
"3109","GGAATGCGCTAGCGTG-1_1",1,32,82,11720,17037
"3113","GGACACAAGTTTACAC-1_1",1,47,111,15509,21240
"3115","GGACCAACAGGATAAC-1_1",1,51,67,16513,14857
"3117","GGACCTCTAGGCCGCC-1_1",1,58,30,18275,9488
"3124","GGACTCGACAGCGCAT-1_1",1,68,46,20801,11807
"3125","GGACTCGTGAGTGGTC-1_1",1,64,38,19791,10648
"3128","GGAGAAGTCATTGGCA-1_1",1,23,41,9443,11092
"3132","GGAGACGACACCTTTG-1_1",1,43,67,14494,14859
"3133","GGAGCAACATTTCAAG-1_1",1,57,103,18032,20078
"3134","GGAGCACCAAGAACTA-1_1",1,26,82,10205,17039
"3135","GGAGCGAGGCCTACTT-1_1",1,67,69,20552,15143
"3140","GGAGGGCTTGGTTGGC-1_1",1,32,78,11719,16457
"3143","GGAGTGCCGCCCTGGA-1_1",1,19,53,8435,12834
"3145","GGATACTCATGAATTG-1_1",1,9,45,5910,11675
"3148","GGATCATCCCGTACGC-1_1",1,17,101,7936,19797
"3150","GGATCCGGAATATACT-1_1",1,34,82,12225,17037
"3152","GGATCTTACTGCCCTT-1_1",1,65,35,20043,10212
"3153","GGATCTTGACTCAACC-1_1",1,51,17,16507,7604
"3154","GGATGAAGATCGCTGA-1_1",1,42,94,14245,18776
"3155","GGATGACGCGAGTTTA-1_1",1,37,45,12977,11669
"3156","GGATGCTGGCGTTCCT-1_1",1,39,19,13478,7897
"3158","GGATGTCCTTACCGCA-1_1",1,35,91,12478,18342
"3161","GGATTCAGTACGGTGG-1_1",1,19,33,8432,9932
"3162","GGATTCCGCTATACCC-1_1",1,19,81,8439,16895
"3164","GGATTGCTGTGACTCC-1_1",1,60,84,18787,17321
"3165","GGATTTCACTTCTATA-1_1",1,31,83,11468,17182
"3166","GGCAAAGGCGCCAATA-1_1",1,54,34,17266,10070
"3167","GGCAAATTACTTTACT-1_1",1,41,53,13988,12829
"3169","GGCAAGCCCATAGTGG-1_1",1,67,61,20551,13983
"3170","GGCAAGGCGAAATAGC-1_1",1,45,69,14999,15149
"3171","GGCAATAGTCAATGAG-1_1",1,30,70,11213,15297
"3174","GGCACTCCACTGGGCA-1_1",1,34,46,12220,11815
"3177","GGCAGCAAACCTATGC-1_1",1,51,103,16518,20079
"3179","GGCATACAGGTAGCGG-1_1",1,34,32,12218,9784
"3180","GGCATATCGGTTCTGC-1_1",1,17,83,7934,17186
"3192","GGCCCTCACCCACTTA-1_1",1,37,23,12974,8478
"3193","GGCCGAGACTCTGGTG-1_1",1,62,32,19285,9778
"3195","GGCCGGCGTCTGCTAT-1_1",1,65,79,20048,16594
"3196","GGCCGTTTGGGTTTCA-1_1",1,59,45,18530,11664
"3199","GGCCTTTGCAACTGGC-1_1",1,36,8,12720,6302
"3200","GGCGAAATCTAACTTG-1_1",1,43,87,14497,17760
"3205","GGCGCAGGACATCTTC-1_1",1,37,27,12975,9058
"3206","GGCGCATGAATTGATG-1_1",1,42,54,14240,12973
"3207","GGCGCGGAGATCTTTC-1_1",1,58,86,18283,17611
"3208","GGCGCGTTCGAGTTTA-1_1",1,47,59,15503,13698
"3210","GGCGCTTCATTCCCTG-1_1",1,67,71,20552,15434
"3211","GGCGGAGTAATATTAG-1_1",1,32,46,11715,11815
"3213","GGCGGTAGGATCATTG-1_1",1,31,69,11466,15152
"3216","GGCGTAGGGAAAGCTG-1_1",1,64,82,19796,17030
"3217","GGCGTCCTATCCGCTG-1_1",1,31,33,11461,9930
"3218","GGCTAAAGGGCGGGTC-1_1",1,19,99,8441,19506
"3221","GGCTATTAAGTTGTAT-1_1",1,33,41,11967,11090
"3222","GGCTCCTCCACCTGTT-1_1",1,59,35,18528,10213
"3223","GGCTCGCGTTGAGGTA-1_1",1,31,93,11469,18633
"3224","GGCTCGTGCCACCAGC-1_1",1,20,38,8685,10658
"3225","GGCTCTGCTCCAACGC-1_1",1,26,72,10204,15588
"3226","GGCTGAAATAGCAAAG-1_1",1,49,79,16010,16598
"3237","GGGAACGGGAGGTTAG-1_1",1,39,37,13481,10508
"3238","GGGAACGGTTTCAGAT-1_1",1,64,32,19790,9777
"3239","GGGAAGACGGTCTGTC-1_1",1,64,76,19796,16160
"3240","GGGAAGGGCTTTCTCA-1_1",1,63,87,19545,17755
"3243","GGGACAGAGTTACTCC-1_1",1,57,19,18021,7893
"3245","GGGACTGCATAGATAG-1_1",1,32,60,11717,13846
"3246","GGGAGAACTCACAGTA-1_1",1,32,64,11717,14426
"3248","GGGAGGATGCCCGAAA-1_1",1,37,51,12978,12539
"3249","GGGAGTAATGGCTGGC-1_1",1,10,42,6162,11240
"3250","GGGAGTTAATGAGGCG-1_1",1,33,75,11971,16022
"3255","GGGATGGTCGTAACCG-1_1",1,47,43,15501,11377
"3257","GGGATTTACCGCACCT-1_1",1,42,90,14245,18195
"3258","GGGCAACCGCACGTGC-1_1",1,55,19,17517,7894
"3268","GGGCCCGTCTTAAACA-1_1",1,42,52,14240,12683
"3269","GGGCCCTACGAAAGGG-1_1",1,38,16,13225,7462
"3271","GGGCCGGCCGAAGTAC-1_1",1,36,84,12730,17326
"3272","GGGCCTAAATGGGCTA-1_1",1,45,9,14991,6445
"3276","GGGCGATATGTGTGAA-1_1",1,28,58,10707,13557
"3279","GGGCGGCAAATGAATT-1_1",1,49,45,16006,11666
"3280","GGGCGGGTTCCCTACG-1_1",1,43,37,14490,10507
"3281","GGGCGGTCCTATTGTC-1_1",1,14,28,7170,9208
"3282","GGGCGTACATTTATAT-1_1",1,24,54,9697,12977
"3283","GGGCGTCACCACGTAA-1_1",1,48,50,15754,12392
"3284","GGGCGTCCACTGGCTC-1_1",1,16,84,7682,17331
"3285","GGGCGTGGTTTCCCAG-1_1",1,61,81,19039,16886
"3289","GGGCTCATCGAACCCA-1_1",1,25,89,9954,18054
"3290","GGGCTGCCTAGGGCGA-1_1",1,33,69,11970,15151
"3295","GGGTACTTCATGAACT-1_1",1,37,39,12976,10799
"3296","GGGTATGTATGCACTT-1_1",1,28,28,10703,9205
"3297","GGGTATTCTAGCAAAC-1_1",1,55,15,17516,7313
"3298","GGGTCACCGTGACGGT-1_1",1,35,47,12472,11960
"3301","GGGTCAGGAGCTAGAT-1_1",1,65,55,20045,13113
"3304","GGGTCGTGGCAAGTGT-1_1",1,25,107,9956,20665
"3306","GGGTGACACCTTAACT-1_1",1,46,56,15250,13263
"3307","GGGTGCATATGAAAGC-1_1",1,30,112,11219,21389
"3309","GGGTGTTTCAGCTATG-1_1",1,16,68,7680,15010
"3310","GGGTTAACATTTGAGT-1_1",1,54,50,17268,12390
"3312","GGGTTTAGGATAGGAT-1_1",1,43,107,14499,20661
"3315","GGTAAATGTGCGTTAC-1_1",1,11,81,6419,16897
"3317","GGTAACCGGGAGGATA-1_1",1,57,27,18022,9054
"3318","GGTAACTATGTATCTG-1_1",1,12,44,6667,11530
"3319","GGTACAAACATGCTAT-1_1",1,40,54,13735,12974
"3321","GGTACATCTGGGACGA-1_1",1,38,18,13226,7752
"3322","GGTACCATTAAGACGG-1_1",1,29,105,10966,20374
"3325","GGTAGAAGACCGCCTG-1_1",1,53,71,17019,15437
"3326","GGTAGACCGTTGGGCG-1_1",1,53,53,17016,12826
"3328","GGTAGTGCTCGCACCA-1_1",1,34,72,12223,15586
"3329","GGTATAGTGACACATA-1_1",1,34,114,12229,21678
"3332","GGTATTGCCGAGTTTA-1_1",1,33,53,11968,12830
"3333","GGTCAAGACTACTTCG-1_1",1,53,105,17023,20369
"3335","GGTCAGTGGGTCCCAC-1_1",1,48,62,15755,14132
"3340","GGTCGGATAAACGGCG-1_1",1,23,97,9450,19215
"3341","GGTCGGCCAGGAGCTT-1_1",1,32,84,11720,17327
"3342","GGTCGGTAATTAGACA-1_1",1,12,36,6666,10369
"3344","GGTCGTAAGCTCGCAC-1_1",1,49,19,16002,7895
"3347","GGTCTCTGAATGGACT-1_1",1,52,34,16761,10070
"3348","GGTCTGAGAATCTGGA-1_1",1,30,80,11215,16748
"3349","GGTCTTGAGCGCTCTT-1_1",1,65,65,20047,14564
"3353","GGTGAAGTACAGGGAT-1_1",1,47,37,15500,10506
"3355","GGTGAGATGCAGATAA-1_1",1,16,36,7675,10368
"3356","GGTGATAAGGAGCAGT-1_1",1,37,79,12981,16601
"3360","GGTGCATAAATGATTA-1_1",1,67,47,20549,11952
"3361","GGTGCGGATAAGTGGC-1_1",1,16,46,7677,11819
"3362","GGTGCTGATCACAAAG-1_1",1,27,21,10450,8190
"3363","GGTGCTGGTACACATT-1_1",1,42,46,14239,11813
"3365","GGTGGACTGCTCTGGC-1_1",1,55,85,17525,17467
"3368","GGTGTAAATCGATTGT-1_1",1,69,65,21056,14563
"3369","GGTGTAGGTAAGTAAA-1_1",1,70,50,21307,12387
"3372","GGTTACCACCCTCGGG-1_1",1,45,33,14994,9927
"3375","GGTTAGCTATATGTCT-1_1",1,47,87,15506,17759
"3376","GGTTAGGCTTGGAGAA-1_1",1,28,36,10704,10366
"3378","GGTTAGTTACGGCGCC-1_1",1,27,23,10450,8480
"3384","GGTTCGGATTATACTA-1_1",1,39,7,13477,6157
"3385","GGTTCTACTCGTCTGA-1_1",1,39,105,13490,20372
"3388","GGTTGTGTAGCCTGGC-1_1",1,33,13,11963,7028
"3391","GGTTTACAATCTCAAT-1_1",1,25,73,9952,15733
"3392","GGTTTAGCCTTTCTTG-1_1",1,46,102,15256,19935
"3395","GGTTTGAGTGCTGGAA-1_1",1,12,42,6667,11240
"3404","GTAACTTGCGGCAGTC-1_1",1,10,40,6162,10950
"3405","GTAAGCGGGCAGTCAG-1_1",1,23,63,9446,14283
"3406","GTAAGGATTTGTCGGA-1_1",1,10,68,6165,15011
"3407","GTAAGTAACAGTCTGG-1_1",1,40,82,13739,17035
"3408","GTAAGTAGGGTATACC-1_1",1,26,36,10199,10366
"3410","GTAATAAAGGGCTCCC-1_1",1,31,103,11470,20084
"3411","GTAATCTGATTCTTCG-1_1",1,50,44,16258,11521
"3412","GTACACTTACCTGAAG-1_1",1,36,64,12727,14425
"3413","GTACAGAGGCAAGGGT-1_1",1,37,83,12982,17181
"3415","GTACGAGATTGCGACA-1_1",1,21,57,8940,13413
"3416","GTACGCTTCATTGCAC-1_1",1,46,72,15252,15583
"3418","GTACGTTTGCCCGTCA-1_1",1,44,68,14747,15004
"3419","GTACTAAGATTTGGAG-1_1",1,27,55,10454,13122
"3421","GTACTCCCTTATCGCT-1_1",1,36,28,12722,9203
"3422","GTACTCCTGGGTATGC-1_1",1,26,102,10208,19940
"3424","GTACTGCATGAAGCGT-1_1",1,11,39,6414,10805
"3425","GTACTGGAGTTAGACC-1_1",1,33,81,11972,16892
"3426","GTACTTGGGCACTTCT-1_1",1,17,33,7927,9933
"3428","GTAGACAACCGATGAA-1_1",1,7,55,5406,13126
"3430","GTAGACGTCGTTACAT-1_1",1,13,39,6919,10804
"3431","GTAGAGGGAGACAAGT-1_1",1,51,31,16509,9635
"3432","GTAGCCAAACATGGGA-1_1",1,50,70,16261,15292
"3434","GTAGCGGCTATACACT-1_1",1,39,69,13485,15150
"3436","GTAGCTCCGGGAGGCT-1_1",1,65,37,20043,10502
"3437","GTAGCTTCCTCTTGTT-1_1",1,31,89,11468,18053
"3438","GTAGGTGATCCGTGTA-1_1",1,17,79,7933,16605
"3439","GTAGTCGCGGGAATCA-1_1",1,49,81,16010,16888
"3440","GTAGTCTACGATATTG-1_1",1,63,77,19543,16305
"3443","GTAGTTCGAAGGCGAA-1_1",1,65,39,20043,10792
"3446","GTATAGGACTCAGTAG-1_1",1,20,58,8688,13559
"3449","GTATCAAACGTTAGCT-1_1",1,55,97,17527,19208
"3451","GTATCAGCTTGGGTTC-1_1",1,20,34,8685,10077
"3452","GTATCCTTTGGTAACC-1_1",1,64,92,19798,18480
"3454","GTATCTCAGTCTTGAC-1_1",1,58,22,18274,8328
"3458","GTATCTTTCATAACCA-1_1",1,46,66,15251,14713
"3459","GTATGAAATTTCACTC-1_1",1,52,22,16760,8329
"3461","GTATGTGGGTCTAGTT-1_1",1,38,92,13235,18486
"3462","GTATTAAGGCGTCTAA-1_1",1,20,26,8684,8917
"3464","GTATTCTGAGAAACGA-1_1",1,48,38,15752,10651
"3467","GTCAAAGAAGTGGTGT-1_1",1,56,18,17769,7748
"3468","GTCAAAGTTTACATAG-1_1",1,13,29,6917,9354
"3470","GTCAAGCGGACTCGGG-1_1",1,39,77,13486,16310
"3473","GTCACAAAGTTTCCAA-1_1",1,9,61,5912,13996
"3476","GTCACTCTCCAAATCT-1_1",1,23,31,9442,9641
"3477","GTCAGAATAGTCTATG-1_1",1,30,32,11208,9785
"3479","GTCAGTTGTGCTCGTT-1_1",1,9,71,5913,15447
"3480","GTCAGTTTGGTAGTCG-1_1",1,29,13,10954,7029
"3483","GTCATGCACCTCCGTT-1_1",1,29,61,10960,13992
"3485","GTCATGGACATGACTA-1_1",1,26,62,10203,14137
"3486","GTCATTAGAGCGAACG-1_1",1,37,67,12980,14860
"3487","GTCATTGCATTGACCC-1_1",1,31,17,11459,7609
"3488","GTCCAATATTTAGCCT-1_1",1,65,53,20045,12823
"3491","GTCCATTACTGCTACG-1_1",1,42,106,14247,20516
"3492","GTCCCAACGTAAAGTA-1_1",1,33,73,11971,15731
"3496","GTCCGGACCTGAAATT-1_1",1,54,88,17273,17902
"3497","GTCCGGCTGAATTGCG-1_1",1,28,52,10706,12686
"3498","GTCCGGGTTCACATTA-1_1",1,69,71,21057,15433
"3501","GTCCTACGAATAGTCT-1_1",1,53,91,17021,18338
"3506","GTCCTTCTAGTGGGTT-1_1",1,10,82,6167,17042
"3511","GTCGCGTAACCCGTTG-1_1",1,39,75,13486,16020
"3513","GTCGGATATCTCAGAC-1_1",1,32,36,11714,10365
"3514","GTCGGATGTAGCGCGC-1_1",1,17,77,7933,16315
"3518","GTCGTACCATCTCGGG-1_1",1,46,62,15251,14133
"3519","GTCGTACCTACGATTG-1_1",1,37,9,12972,6447
"3520","GTCGTATTGGCGTACA-1_1",1,19,95,8440,18926
"3523","GTCGTGTCTGGTCATC-1_1",1,28,110,10714,21100
"3524","GTCGTTATTCGCTTAT-1_1",1,46,76,15252,16164
"3526","GTCTACTCAATTACAA-1_1",1,37,13,12973,7027
"3529","GTCTATCTGAGTTTCT-1_1",1,40,42,13734,11233
"3531","GTCTATTGGTTCCGGT-1_1",1,50,90,16264,18193
"3540","GTCTGGGCGGTCGAGA-1_1",1,46,44,15248,11522
"3543","GTCTTAGTACAGCCGG-1_1",1,12,78,6671,16462
"3546","GTCTTGTAGCTATTCA-1_1",1,44,112,14752,21386
"3547","GTGAAACGGCGCCACC-1_1",1,24,88,9701,17909
"3548","GTGAAACGTGCTCCAC-1_1",1,11,37,6414,10515
"3549","GTGAACTCCCATTCGA-1_1",1,30,104,11218,20229
"3550","GTGAAGATTTCAAGTG-1_1",1,21,103,8946,20086
"3553","GTGACAGCTTCCCACT-1_1",1,64,74,19795,15869
"3554","GTGACCGCACACTACG-1_1",1,39,91,13488,18341
"3556","GTGACGAGGGTGACCC-1_1",1,32,114,11724,21679
"3557","GTGACGCAGGTTTCAT-1_1",1,65,75,20048,16014
"3558","GTGACTTCAGTAGTGC-1_1",1,46,50,15249,12392
"3560","GTGAGCGTGCTGCACT-1_1",1,33,25,11965,8769
"3561","GTGAGGACACTTAAGG-1_1",1,41,77,13991,16310
"3562","GTGAGGAGCGGTTGAG-1_1",1,13,87,6925,17767
"3565","GTGAGTGGTACAACGC-1_1",1,52,56,16764,13261
"3567","GTGATCACTAACGCCT-1_1",1,47,97,15508,19210
"3568","GTGATCATAGATCTGC-1_1",1,45,57,14998,13408
"3569","GTGATCCTTGTCATGA-1_1",1,62,84,19292,17320
"3571","GTGATTCGCCGCTCAA-1_1",1,48,40,15753,10941
"3573","GTGCAACAAATGTGGC-1_1",1,14,62,7174,14140
"3574","GTGCACCAGCTTCAAC-1_1",1,66,54,20297,12968
"3575","GTGCACGAAAGTGACT-1_1",1,17,71,7932,15445
"3578","GTGCCATCACACGGTG-1_1",1,42,34,14237,10072
"3579","GTGCCCGTTCGGATTC-1_1",1,39,85,13487,17471
"3580","GTGCCGCTTCAAAGGT-1_1",1,44,44,14744,11522
"3584","GTGCGAAATCGAACAC-1_1",1,45,43,14996,11377
"3589","GTGCGGGTCTCCAAAT-1_1",1,20,56,8688,13268
"3590","GTGCGTGTATATGAGC-1_1",1,41,83,13991,17180
"3592","GTGCTCAAGTACTGTC-1_1",1,34,52,12221,12685
"3593","GTGCTGCAGATAAGGA-1_1",1,37,7,12972,6157
"3596","GTGGAACCTACATGCG-1_1",1,15,81,7429,16896
"3597","GTGGACCAACCCGATT-1_1",1,45,29,14994,9346
"3598","GTGGACGCATTTGTCC-1_1",1,56,64,17775,14421
"3599","GTGGACGTGCTGAGAC-1_1",1,17,39,7928,10803
"3602","GTGGAGTCGGCGGTTG-1_1",1,54,38,17267,10650
"3603","GTGGCAAACAGCGGCA-1_1",1,50,20,16255,8040
"3607","GTGGCGGTCCCAGCGT-1_1",1,40,20,13731,8042
"3611","GTGGGAAGACTGAATC-1_1",1,45,15,14992,7316
"3612","GTGGGCTTAGACACAC-1_1",1,29,39,10957,10801
"3618","GTGGTGGCCAAGTGAA-1_1",1,45,79,15000,16599
"3619","GTGGTTACTTCTTTCG-1_1",1,31,105,11470,20374
"3620","GTGGTTTCCGCCTTTC-1_1",1,42,32,14237,9782
"3621","GTGTACCTTGGCTACG-1_1",1,26,78,10205,16458
"3625","GTGTCAGTGTACGTGG-1_1",1,68,42,20801,11227
"3627","GTGTCGTATAGCGTTC-1_1",1,54,76,17272,16162
"3629","GTGTGAATAACTTAGG-1_1",1,33,83,11972,17182
"3632","GTGTTACTATGCGTCC-1_1",1,41,75,13990,16020
"3633","GTTAAAGTAGGACTGG-1_1",1,49,83,16011,17178
"3634","GTTAACATCACTTAAA-1_1",1,55,73,17524,15726
"3635","GTTAACTATGTTGTCA-1_1",1,43,111,14500,21241
"3639","GTTAATGTCTATCTTA-1_1",1,30,12,11206,6884
"3640","GTTACAATTGGTGACG-1_1",1,37,33,12975,9928
"3642","GTTACCTACAACTTGC-1_1",1,47,67,15504,14858
"3645","GTTACTTTGGGCCTAG-1_1",1,43,51,14492,12538
"3647","GTTAGCCCATGACATC-1_1",1,67,75,20553,16014
"3648","GTTAGCCGTAAATCAA-1_1",1,30,110,11219,21099
"3649","GTTAGGCTACCCGTTT-1_1",1,54,14,17264,7168
"3650","GTTATAATACGGTGAA-1_1",1,53,107,17023,20659
"3652","GTTATATTATCTCCCT-1_1",1,48,56,15755,13262
"3659","GTTCACAGGAGTCTAG-1_1",1,32,34,11713,10075
"3661","GTTCATCGTTTGGCTG-1_1",1,33,105,11975,20373
"3663","GTTCCAGTCTGACCAT-1_1",1,17,53,7930,12834
"3667","GTTCGCCATAAGTGCC-1_1",1,37,53,12978,12829
"3670","GTTCGGATCGGGAACA-1_1",1,44,110,14752,21096
"3671","GTTCGGGCGTACCATT-1_1",1,32,108,11723,20809
"3673","GTTCGTCTAAAGAACT-1_1",1,51,89,16516,18048
"3678","GTTGAACCGGTTCCAT-1_1",1,42,40,14238,10943
"3679","GTTGAGTCCCGCCGGT-1_1",1,52,78,16767,16452
"3680","GTTGCACGGAGTTTCG-1_1",1,24,48,9696,12107
"3686","GTTGGATTCAGTGGCT-1_1",1,16,96,7683,19072
"3687","GTTGGATTGAGAACAC-1_1",1,32,88,11721,17907
"3688","GTTGGATTTGCGTTGG-1_1",1,36,50,12725,12395
"3689","GTTGGTCATGCTATCC-1_1",1,55,63,17522,14276
"3691","GTTGTCGTGTTAGTTG-1_1",1,15,47,7424,11964
"3694","GTTTACGTTCCATCTG-1_1",1,48,64,15756,14423
"3697","GTTTCATATCGTCGCT-1_1",1,39,27,13479,9058
"3698","GTTTCCTGGAGGGTGA-1_1",1,25,49,9949,12252
"3700","GTTTCTGCAGTCTCCC-1_1",1,40,72,13738,15585
"3702","GTTTGACCAAATCCTA-1_1",1,30,58,11212,13556
"3704","GTTTGGCCCAAGTTAT-1_1",1,42,80,14243,16745
"3705","GTTTGGCCGCTCAGCG-1_1",1,12,32,6665,9789
"3707","GTTTGGGCTTGTGAGC-1_1",1,51,65,16513,14567
"3708","GTTTGGGTTTCGCCCG-1_1",1,63,91,19545,18336
"3709","GTTTGGTAGGGTCAAC-1_1",1,53,59,17017,13696
"3710","GTTTGGTGATCGGTGC-1_1",1,66,38,20295,10647
"3712","TAAACCCAGGAGGGCA-1_1",1,54,36,17266,10360
"3715","TAAAGAGCCCGAAACC-1_1",1,10,46,6162,11820
"3717","TAAAGCGTTAGGAGAA-1_1",1,28,88,10711,17908
"3718","TAAAGCTGCAATAGGG-1_1",1,17,97,7936,19216
"3722","TAAATGAATCCGTTTC-1_1",1,23,29,9441,9351
"3727","TAACAAAGGGAGAAGC-1_1",1,21,35,8937,10222
"3728","TAACAATATTTGTTGC-1_1",1,28,16,10702,7465
"3729","TAACAGCGTTTGTGCT-1_1",1,63,37,19538,10503
"3731","TAACATACAATGTGGG-1_1",1,38,70,13233,15295
"3732","TAACATACACGCGATC-1_1",1,55,25,17517,8764
"3733","TAACCGCCCGCAGTGC-1_1",1,9,49,5910,12256
"3735","TAACCTACCGTCCGAG-1_1",1,33,101,11975,19793
"3737","TAACGCTTTGAGAGCG-1_1",1,27,29,10451,9350
"3738","TAACTATCGAAGGTCC-1_1",1,24,34,9694,10076
"3739","TAACTATTACGCCAAA-1_1",1,29,107,10966,20664
"3740","TAACTCATCCGCGCGG-1_1",1,43,49,14492,12248
"3741","TAACTCCATGGAGGCT-1_1",1,19,27,8431,9062
"3745","TAAGCAGGCGACACGC-1_1",1,35,19,12469,7898
"3748","TAAGGAACTTGTGGGA-1_1",1,16,40,7676,10949
"3749","TAAGGCAACATAAGAT-1_1",1,25,71,9952,15443
"3752","TAAGGCTGAATCCCTC-1_1",1,45,97,15003,19210
"3753","TAAGGGCCTGTCCGAT-1_1",1,57,95,18031,18917
"3754","TAAGGGCTGGGAGAGG-1_1",1,34,18,12216,7753
"3756","TAAGTAACATCTTGAC-1_1",1,46,40,15248,10942
"3757","TAAGTCGCCGAGTATC-1_1",1,54,32,17266,9779
"3760","TAAGTTGCGACGTAGG-1_1",1,53,95,17022,18918
"3761","TAATAAACAAGGAGAT-1_1",1,17,91,7935,18346
"3762","TAATACACAGTAGTAT-1_1",1,20,64,8689,14429
"3764","TAATAGAACAGAGTTA-1_1",1,50,38,16257,10651
"3766","TAATAGGTCACCAGAA-1_1",1,61,21,19031,8182
"3767","TAATAGTGACGACCAG-1_1",1,27,83,10458,17183
"3768","TAATATTGAAATTCGC-1_1",1,17,47,7929,11964
"3771","TAATCGATCCGTACGT-1_1",1,25,93,9954,18634
"3776","TAATTAGGACATCCGT-1_1",1,42,108,14247,20806
"3786","TACAAGTCTCGTGCAT-1_1",1,31,27,11460,9059
"3791","TACAGAAACGGTGGGC-1_1",1,59,85,18535,17466
"3792","TACATAGGCATACACC-1_1",1,40,60,13736,13844
"3793","TACATCCCTATCCCTG-1_1",1,44,14,14740,7171
"3797","TACATTTCTAACGTGC-1_1",1,39,55,13483,13119
"3799","TACCAATAAAGTACCA-1_1",1,55,83,17525,17177
"3800","TACCAGAAGTAGGTTC-1_1",1,49,51,16006,12537
"3801","TACCAGCTAGGTTTAA-1_1",1,11,65,6417,14576
"3807","TACCGCGGACTTGCAG-1_1",1,33,97,11974,19213
"3808","TACCGGCTCACTGCCC-1_1",1,47,65,15503,14568
"3809","TACCGGTCGTTTCCAT-1_1",1,44,34,14742,10072
"3810","TACCGTAGGTTAACTA-1_1",1,59,57,18531,13405
"3811","TACCGTGCCTCGGACC-1_1",1,51,69,16514,15147
"3815","TACCTCACGCTTGTAC-1_1",1,16,56,7678,13269
"3816","TACCTCAGTTGTCTGT-1_1",1,60,50,18783,12389
"3819","TACCTGCTGCACTGTG-1_1",1,28,22,10702,8335
"3820","TACCTTAAGATTTCCC-1_1",1,49,29,16004,9345
"3821","TACGAACACGACTTCA-1_1",1,31,53,11464,12831
"3822","TACGACGCTTGCTGCG-1_1",1,46,54,15250,12972
"3823","TACGACTGCCTCTTAG-1_1",1,44,66,14746,14714
"3824","TACGAGAACTTCACGT-1_1",1,35,39,12471,10799
"3826","TACGATGTTGATCATC-1_1",1,35,35,12471,10219
"3827","TACGCAGTTCTTTCCT-1_1",1,41,51,13987,12538
"3828","TACGCCATATTCTAAT-1_1",1,40,58,13736,13554
"3829","TACGCCGAGGGTACCC-1_1",1,56,34,17771,10069
"3831","TACGCCTCCATTCCGA-1_1",1,55,59,17522,13696
"3832","TACGCTATAGAAACCT-1_1",1,34,104,12227,20228
"3838","TACGGAAGCCAAACCA-1_1",1,69,73,21057,15723
"3840","TACGGGATGCTAGCAG-1_1",1,21,83,8944,17185
"3843","TACGTACTAGTGCTGA-1_1",1,62,42,19286,11228
"3845","TACGTGCACTATGCTG-1_1",1,21,33,8937,9932
"3847","TACGTTTACCGGCAAT-1_1",1,40,32,13732,9783
"3852","TACTCCTCTAGTTGAC-1_1",1,64,36,19790,10357
"3853","TACTCGGCACGCCGGG-1_1",1,36,16,12721,7463
"3855","TACTCTCCGAACAAAT-1_1",1,21,81,8943,16895
"3860","TACTGCAATCAATTAC-1_1",1,22,102,9198,19941
"3862","TACTGGACAGCTCGGC-1_1",1,35,25,12469,8768
"3865","TACTTGTTAGTAGTCC-1_1",1,37,87,12982,17761
"3866","TACTTTACTGAGCCGG-1_1",1,30,96,11217,19068
"3867","TACTTTCCGCACGCCA-1_1",1,47,19,15497,7895
"3870","TAGAAAGGTGGCGCTA-1_1",1,31,81,11467,16892
"3871","TAGAAATTCACGTATA-1_1",1,36,10,12720,6592
"3875","TAGAATTAAGGGCAAC-1_1",1,10,76,6166,16172
"3876","TAGACGAAACGCCAAT-1_1",1,63,73,19543,15725
"3877","TAGACGCCCGTACCGG-1_1",1,32,90,11721,18198
"3878","TAGACTACCTAGCGTT-1_1",1,38,104,13237,20227
"3880","TAGAGATCATGCAACT-1_1",1,44,26,14741,8911
"3883","TAGAGGTTCTACTTGT-1_1",1,54,96,17274,19063
"3884","TAGAGTCTAAGCGAAC-1_1",1,29,55,10959,13121
"3886","TAGATATGGACTGGAA-1_1",1,49,53,16007,12827
"3887","TAGATCCGAAGTCGCA-1_1",1,10,72,6166,15592
"3888","TAGATGGTTCCTTACT-1_1",1,59,97,18536,19207
"3890","TAGATTCCTGGTTATT-1_1",1,32,20,11712,8044
"3892","TAGCAACCTGTCACAA-1_1",1,22,26,9189,8916
"3898","TAGCCATTTCAAAGTC-1_1",1,43,89,14497,18050
"3899","TAGCCGGCGGTCAGCG-1_1",1,33,85,11973,17472
"3900","TAGCGTCCCTCGATTG-1_1",1,45,109,15004,20951
"3903","TAGCGTTGGGTCTTAC-1_1",1,38,68,13232,15005
"3904","TAGCTAAGTCCGGGAG-1_1",1,29,57,10959,13412
"3905","TAGCTAGAAGGCATGA-1_1",1,51,51,16511,12536
"3909","TAGCTCGCCTGATAAC-1_1",1,50,58,16260,13552
"3910","TAGCTGATGTGAAGCG-1_1",1,42,10,14234,6591
"3914","TAGGCATGTTACGCCA-1_1",1,23,85,9449,17474
"3919","TAGGGAGCTTGGGATG-1_1",1,36,96,12731,19067
"3920","TAGGGTGTTTCAAGAG-1_1",1,22,54,9192,12978
"3921","TAGGTCCAAGTAAGGA-1_1",1,29,23,10955,8480
"3922","TAGGTCGCCGGAACTG-1_1",1,32,100,11722,19648
"3923","TAGGTGACGATAACCT-1_1",1,61,79,19039,16595
"3924","TAGGTGAGCCCTACTC-1_1",1,29,33,10956,9930
"3925","TAGGTGCTCGCCTAGC-1_1",1,40,86,13739,17616
"3927","TAGGTTCGAGTTCGTC-1_1",1,35,67,12475,14861
"3930","TAGTACCTTAGTGGTC-1_1",1,21,21,8935,8191
"3931","TAGTAGCTTATACCAG-1_1",1,61,43,19034,11373
"3934","TAGTCCGCAGAGAATG-1_1",1,39,53,13483,12829
"3937","TAGTCGATCACGGGTT-1_1",1,48,96,15760,19064
"3939","TAGTCTAACAACGAGA-1_1",1,40,34,13733,10073
"3941","TAGTCTGTGACGTTGC-1_1",1,23,103,9451,20085
"3945","TAGTGCCCTCCAGAGT-1_1",1,32,52,11716,12686
"3949","TAGTTAAGATAGGATA-1_1",1,12,82,6672,17042
"3950","TAGTTTATTCTTGCTT-1_1",1,13,57,6921,13415
"3952","TATAAATCCACAAGCT-1_1",1,20,44,8686,11528
"3953","TATAAGTGAGGATAGC-1_1",1,21,39,8938,10802
"3954","TATACACAGACGCCTT-1_1",1,50,60,16260,13842
"3955","TATACACGCAAAGTAT-1_1",1,18,36,8180,10368
"3959","TATAGAGTCGCTTGAA-1_1",1,64,46,19792,11808
"3960","TATAGATGGTCGCAGT-1_1",1,40,102,13742,19936
"3963","TATAGGGTACTCATGA-1_1",1,36,20,12721,8043
"3965","TATATAGGGCTTTACG-1_1",1,63,33,19538,9922
"3966","TATATATCGAGAAATG-1_1",1,60,28,18780,9198
"3972","TATATTCGCGTCGATA-1_1",1,8,62,5660,14142
"3976","TATCACCCAACCGACC-1_1",1,24,100,9703,19650
"3977","TATCACTTCGAGTAAC-1_1",1,17,99,7936,19506
"3980","TATCCATATCATGCGA-1_1",1,18,52,8182,12689
"3983","TATCCGCACCGTCGGG-1_1",1,59,53,18531,12824
"3984","TATCCTATCAACTGGT-1_1",1,69,59,21055,13693
"3985","TATCCTGCATGGGAAT-1_1",1,14,54,7173,12980
"3986","TATCGATCTATGCATA-1_1",1,22,88,9197,17910
"3987","TATCGATGATTAAACG-1_1",1,23,49,9444,12252
"3988","TATCTACAGAGGTAAT-1_1",1,30,24,11207,8624
"3989","TATCTACCACAGCGGG-1_1",1,42,60,14241,13844
"3990","TATCTAGCCTAAAGGA-1_1",1,34,12,12215,6883
"3992","TATCTTGCAATACAAC-1_1",1,56,16,17769,7458
"3994","TATGAAGACAGGTGCG-1_1",1,29,21,10955,8190
"3998","TATGATCTTCTCTTTA-1_1",1,58,90,18283,18192
"4000","TATGCTCCCTACTTAC-1_1",1,25,61,9950,13993
"4002","TATGGATGTGCTACGC-1_1",1,26,54,10202,12977
"4004","TATGGCCCGGCCTCGC-1_1",1,30,30,11208,9495
"4006","TATGGGACCGAGCAGG-1_1",1,36,56,12726,13265
"4007","TATGGGTACGTATCGT-1_1",1,32,58,11717,13556
"4008","TATGGTCTGAGTAACA-1_1",1,36,58,12726,13555
"4009","TATGGTTAGTGGGAGA-1_1",1,41,105,13994,20371
"4010","TATGTAAAGTGCTTAA-1_1",1,66,44,20296,11517
"4012","TATGTCAAGACCGACT-1_1",1,20,92,8692,18490
"4013","TATGTCTCATTGTGCC-1_1",1,30,82,11215,17038
"4017","TATTATGTTTGCCTGC-1_1",1,57,17,18021,7603
"4018","TATTCAATTCTAATCC-1_1",1,34,74,12224,15876
"4019","TATTCCACTCAGCTCG-1_1",1,49,57,16007,13407
"4022","TATTCCTCCGCCCACT-1_1",1,48,32,15752,9781
"4023","TATTCGTGCCAGAATA-1_1",1,34,64,12222,14426
"4026","TATTTAGTCTAGATCG-1_1",1,18,58,8183,13559
"4027","TATTTATACCGAGTAG-1_1",1,16,78,7681,16461
"4029","TATTTGTTACCCTTTA-1_1",1,24,46,9696,11817
"4030","TCAAACAACCGCGTCG-1_1",1,24,60,9698,13848
"4032","TCAAACTTAGATTGTT-1_1",1,31,65,11465,14571
"4038","TCAACAAAGATAATTC-1_1",1,53,29,17013,9345
"4039","TCAACACATTGGGTAA-1_1",1,11,35,6413,10224
"4040","TCAACATAGCGCCCTA-1_1",1,58,44,18277,11519
"4042","TCAACCATGTTCGGGC-1_1",1,25,51,9949,12542
"4044","TCAACGCAGGAAATAA-1_1",1,49,31,16004,9636
"4045","TCAACGCGACCGGCAG-1_1",1,39,23,13479,8477
"4046","TCAACTAACGTATAAC-1_1",1,31,19,11459,7899
"4048","TCAAGAAATACTAGCT-1_1",1,34,108,12228,20808
"4051","TCAAGGTTACTACACC-1_1",1,47,103,15508,20080
"4053","TCAATACGCCGTCATG-1_1",1,63,61,19541,13984
"4057","TCACAAACCGAGGTAC-1_1",1,61,95,19041,18916
"4059","TCACAGCAAACTCGAA-1_1",1,51,49,16511,12246
"4061","TCACAGGGAATCGCAA-1_1",1,47,79,15505,16599
"4062","TCACAGGTTATTGGGC-1_1",1,32,48,11715,12105
"4063","TCACATCTTATCTGAT-1_1",1,28,20,10702,8045
"4064","TCACCCTCTTAAGATT-1_1",1,45,59,14998,13698
"4065","TCACCGCTCGGCACTC-1_1",1,30,92,11216,18488
"4066","TCACGATGTCCGTGGA-1_1",1,52,28,16761,9200
"4068","TCACGCATTGTAGATC-1_1",1,33,49,11968,12250
"4070","TCACGGTCATCGCACA-1_1",1,23,45,9443,11672
"4071","TCACGTGCCCGATTCA-1_1",1,38,62,13232,14135
"4076","TCACTCGTGCAACGGC-1_1",1,15,93,7431,18637
"4078","TCAGAACCTCCACAGG-1_1",1,30,106,11218,20519
"4080","TCAGACGCTATAGAAG-1_1",1,48,72,15757,15583
"4085","TCAGCAAATGCATCTC-1_1",1,31,73,11466,15732
"4086","TCAGCAGTAGGCCCTG-1_1",1,61,41,19034,11083
"4093","TCAGGGTGTAACGTAA-1_1",1,28,72,10709,15588
"4094","TCAGGTTCTTTGAGAA-1_1",1,30,42,11210,11235
"4095","TCAGTACTGACCCGCG-1_1",1,26,34,10199,10076
"4096","TCAGTAGGGACTATAA-1_1",1,46,48,15249,12102
"4097","TCAGTGTATACGTCAT-1_1",1,58,36,18276,10359
"4100","TCATACTTACAGATCC-1_1",1,22,24,9188,8626
"4101","TCATATGAGCTTTGTT-1_1",1,64,62,19794,14129
"4102","TCATCACTCGAGCTCG-1_1",1,17,29,7927,9353
"4104","TCATCCCAGAGGGTGG-1_1",1,12,70,6670,15301
"4107","TCATCGATGGTCCCAA-1_1",1,57,29,18023,9344
"4109","TCATGCAGGTTCTCAT-1_1",1,18,84,8187,17330
"4115","TCCAACTTTAAATTCT-1_1",1,40,40,13733,10943
"4116","TCCAAGCCTAGACACA-1_1",1,67,79,20553,16594
"4119","TCCACAATGGTTTACG-1_1",1,30,36,11209,10365
"4120","TCCACATCGTATATTG-1_1",1,69,67,21056,14853
"4122","TCCACCTCTAGCCTTT-1_1",1,61,53,19035,12824
"4123","TCCACTTTATCTAGGT-1_1",1,31,79,11467,16602
"4124","TCCAGAGCACCGGTTC-1_1",1,40,70,13737,15295
"4128","TCCAGGCGAGTACGGT-1_1",1,31,57,11464,13411
"4136","TCCCAAAGACGAAGGA-1_1",1,26,60,10203,13847
"4140","TCCCACTCTCTTCCGG-1_1",1,31,107,11471,20664
"4142","TCCCAGCTTTAGTCTG-1_1",1,34,56,12221,13265
"4143","TCCCAGGCTTAGCTAA-1_1",1,30,48,11211,12106
"4145","TCCCGCGTACTCCTGG-1_1",1,27,69,10456,15153
"4146","TCCCGGGTGTGCTGCT-1_1",1,34,34,12218,10074
"4148","TCCCGTCAGTCCCGCA-1_1",1,23,75,9447,16024
"4150","TCCCGTGTGCAATTTG-1_1",1,44,80,14748,16744
"4154","TCCCTGGCGTATTAAC-1_1",1,58,18,18274,7748
"4155","TCCCTGGCTCGCTGGA-1_1",1,33,27,11965,9059
"4156","TCCCTTAGATTACTCG-1_1",1,18,86,8187,17621
"4159","TCCGAACTTGGCTTAC-1_1",1,33,19,11964,7899
"4161","TCCGAATGGTCCTGAG-1_1",1,31,113,11471,21534
"4164","TCCGATAATTGCCATA-1_1",1,18,64,8184,14429
"4165","TCCGATGACTGAGCTC-1_1",1,22,76,9195,16169
"4166","TCCGATGGTGCGACAT-1_1",1,25,53,9949,12832
"4167","TCCGATTACATTGCCG-1_1",1,32,32,11713,9784
"4170","TCCGCGGCAGCATCTG-1_1",1,34,84,12225,17327
"4173","TCCGCTGTCATCCCGG-1_1",1,47,81,15506,16889
"4174","TCCGCTTATCCCATTA-1_1",1,50,64,16260,14422
"4176","TCCGGCCTAGCGTACA-1_1",1,28,98,10712,19359
"4181","TCCGGTTCGTCCGGTC-1_1",1,51,53,16511,12826
"4183","TCCGTTAAGCTAATAT-1_1",1,52,100,16770,19644
"4184","TCCGTTTAGCCTTGAA-1_1",1,29,89,10964,18053
"4186","TCCTAAATTGGGAAGC-1_1",1,56,70,17776,15291
"4187","TCCTAACCGTCGGGCA-1_1",1,62,46,19287,11808
"4188","TCCTACATCCACGGCC-1_1",1,46,84,15254,17324
"4189","TCCTAGCAAAGAAGCT-1_1",1,41,41,13986,11088
"4192","TCCTCGGGCTGGGCTT-1_1",1,40,76,13738,16165
"4193","TCCTCTACGAGATGGC-1_1",1,26,32,10199,9786
"4194","TCCTCTCCAGTTGTCC-1_1",1,30,20,11207,8044
"4197","TCCTGCCAACTGGAGA-1_1",1,12,90,6673,18202
"4198","TCCTGCGTTGATACTC-1_1",1,38,30,13227,9493
"4200","TCCTTACGACGGTCCG-1_1",1,49,95,16012,18919
"4202","TCCTTCAGTGGTCGAA-1_1",1,15,69,7427,15155
"4203","TCCTTGTCCTTTAATT-1_1",1,69,69,21057,15143
"4204","TCCTTTAAATCCGCTT-1_1",1,56,92,17779,18482
"4205","TCCTTTCTTACGCTTA-1_1",1,30,62,11212,14137
"4206","TCGAAATTTAGGACCA-1_1",1,29,45,10958,11671
"4207","TCGAAGAACCGAGCAC-1_1",1,45,99,15003,19500
"4208","TCGAATATCCCGCAGG-1_1",1,58,32,18275,9779
"4213","TCGAGACCAACACCGT-1_1",1,37,55,12978,13120
"4214","TCGAGCCAGGCAGGCC-1_1",1,57,37,18024,10504
"4217","TCGATAGGCTAGTCGC-1_1",1,8,48,5658,12111
"4220","TCGCAAAGATGCATTT-1_1",1,47,75,15505,16018
"4221","TCGCACCAGGAGGCAG-1_1",1,50,80,16263,16743
"4224","TCGCATCCCTAAGTGT-1_1",1,15,31,7422,9643
"4229","TCGCCGAAGTTGCGTC-1_1",1,45,37,14995,10507
"4230","TCGCCGACATATTCGC-1_1",1,66,86,20302,17610
"4234","TCGCCGGTCGATCCGT-1_1",1,19,61,8436,13994
"4238","TCGCGTAGCAGTGTCC-1_1",1,57,99,18032,19497
"4239","TCGCGTCCAGAAGGTC-1_1",1,31,29,11460,9350
"4240","TCGCTAAACCGCTATC-1_1",1,19,89,8440,18055
"4241","TCGCTACTGGCTTTGA-1_1",1,65,73,20048,15724
"4242","TCGCTCGATATATTCC-1_1",1,29,63,10960,14282
"4243","TCGCTCGGCACCAGCG-1_1",1,24,108,9704,20810
"4244","TCGCTGCCAATGCTGT-1_1",1,68,80,20806,16739
"4245","TCGCTGGGCGGATTGT-1_1",1,28,74,10709,15878
"4246","TCGCTGTGCGTAAATC-1_1",1,17,41,7929,11093
"4248","TCGCTTTAAACGTTTG-1_1",1,25,87,9954,17764
"4250","TCGGAATGCGCTCTGA-1_1",1,30,28,11208,9205
"4251","TCGGACGCCCAGCCCA-1_1",1,33,79,11972,16602
"4252","TCGGAGAGTATCGGGA-1_1",1,45,23,14993,8476
"4253","TCGGAGTACATGAGTA-1_1",1,32,74,11719,15877
"4257","TCGGCGAACCCAAACC-1_1",1,49,105,16013,20370
"4259","TCGGCGTACTGCACAA-1_1",1,49,13,16001,7025
"4261","TCGGCTTGTATCGACG-1_1",1,58,96,18284,19062
"4262","TCGGGAACGTGCCTAG-1_1",1,31,109,11471,20954
"4263","TCGGGAGACAGCGTAC-1_1",1,59,71,18533,15435
"4264","TCGGGATTCAAACATA-1_1",1,39,15,13478,7317
"4266","TCGGGCCGTCGTGGTA-1_1",1,40,88,13740,17906
"4267","TCGGGTGAAACTGCTA-1_1",1,10,56,6164,13271
"4268","TCGGTCCCGACAATAG-1_1",1,57,23,18022,8473
"4273","TCGTAAGACGACATTG-1_1",1,27,77,10457,16313
"4275","TCGTACCGACGTCAAG-1_1",1,68,56,20803,13258
"4276","TCGTATAGTGCAATTA-1_1",1,12,56,6668,13270
"4278","TCGTATTACCCATTGC-1_1",1,37,25,12974,8768
"4280","TCGTCAAGTACGCGCA-1_1",1,56,38,17771,10649
"4282","TCGTCCGCTGGCGTCT-1_1",1,22,40,9190,10947
"4284","TCGTCTTAGGCGTTAA-1_1",1,53,83,17020,17177
"4285","TCGTGTACTATGGATG-1_1",1,47,77,15505,16308
"4287","TCGTGTCACGCTGACA-1_1",1,43,23,14488,8476
"4289","TCGTTAGGAGTCCCTA-1_1",1,52,54,16764,12971
"4290","TCGTTCGTTATTATGT-1_1",1,10,62,6164,14141
"4292","TCGTTGCTATCCGGTC-1_1",1,54,46,17268,11810
"4298","TCTAATACTGCCTCAG-1_1",1,57,25,18022,8763
"4302","TCTACCGTCCACAAGC-1_1",1,27,67,10456,14862
"4305","TCTAGCAATCTCCGCC-1_1",1,46,30,15246,9491
"4306","TCTAGCATCTTCGATG-1_1",1,23,43,9443,11382
"4307","TCTAGCATGCCCAGAA-1_1",1,48,66,15756,14713
"4308","TCTAGGTGGCGACGCT-1_1",1,29,99,10965,19504
"4309","TCTAGTGATATCGTGG-1_1",1,44,98,14751,19355
"4312","TCTATCATGCAGTTAC-1_1",1,18,40,8181,10948
"4314","TCTATCGGTCGCAACA-1_1",1,22,64,9193,14428
"4316","TCTATTACGCTGGCGA-1_1",1,14,34,7170,10079
"4317","TCTATTACTAGAGGAT-1_1",1,41,15,13983,7317
"4320","TCTCATGAGATAGGGT-1_1",1,49,87,16011,17759
"4322","TCTCCACAAGTTGAAT-1_1",1,61,93,19041,18626
"4325","TCTCGACGTATCGCCG-1_1",1,45,113,15005,21531
"4329","TCTCTAATAGCTGGTA-1_1",1,20,52,8687,12688
"4331","TCTCTTACCGCGAACC-1_1",1,65,43,20044,11373
"4332","TCTGAACCGGTCGGCT-1_1",1,21,37,8938,10512
"4333","TCTGAACTCGTACCCG-1_1",1,47,95,15507,18919
"4335","TCTGAATTCCGTACAA-1_1",1,34,94,12226,18777
"4345","TCTGCCAGAAACTGCA-1_1",1,41,79,13991,16600
"4353","TCTGGGTAGCGCTCAT-1_1",1,40,36,13733,10363
"4354","TCTGTCATACAAGAGC-1_1",1,10,44,6162,11530
"4357","TCTGTGCCATCATAGT-1_1",1,32,80,11720,16747
"4359","TCTGTTACCCAGCATA-1_1",1,51,35,16509,10215
"4362","TCTTACAGAGGTACCG-1_1",1,15,45,7424,11674
"4363","TCTTACCGGAACTCGT-1_1",1,21,91,8945,18345
"4364","TCTTACGGCATCCGAC-1_1",1,25,29,9946,9351
"4365","TCTTACTTATGCCTCT-1_1",1,45,93,15002,18630
"4366","TCTTAGAGCTCCAATT-1_1",1,40,108,13742,20807
"4367","TCTTAGAGTGAACTCT-1_1",1,43,99,14498,19501
"4369","TCTTCCCATGGGCACA-1_1",1,32,96,11722,19068
"4370","TCTTCGAATAGACGTT-1_1",1,39,71,13485,15440
"4371","TCTTCGATACCAATAA-1_1",1,32,66,11718,14716
"4373","TCTTCTATAACCCGCC-1_1",1,45,107,15004,20661
"4374","TCTTGATGCGTAGCGA-1_1",1,32,68,11718,15006
"4375","TCTTGCTCCCGATACT-1_1",1,65,67,20047,14854
"4376","TCTTGGTAACACCAAA-1_1",1,21,65,8941,14574
"4386","TGAAACTTATGCAAGC-1_1",1,11,73,6418,15736
"4387","TGAAAGGACCTGACTC-1_1",1,35,83,12477,17182
"4388","TGAACAAGCAGGGACT-1_1",1,66,36,20295,10357
"4394","TGAATACCGACGCGTA-1_1",1,66,82,20301,17029
"4398","TGAATGTCAGCCGGCC-1_1",1,47,109,15509,20950
"4406","TGACATCGAGCGGACC-1_1",1,35,101,12479,19793
"4407","TGACATGTAACGTGAC-1_1",1,69,63,21056,14273
"4408","TGACCAAATCTTAAAC-1_1",1,66,62,20299,14128
"4411","TGACCCACGTTAGACA-1_1",1,33,47,11968,11960
"4413","TGACGAATATTTCCCT-1_1",1,44,22,14741,8331
"4414","TGACGATGCACTAGAA-1_1",1,37,95,12983,18922
"4415","TGACTATAATCCTTTC-1_1",1,46,68,15251,15003
"4418","TGAGAATGCTTTACCG-1_1",1,18,54,8183,12979
"4420","TGAGAGATTTACCACG-1_1",1,41,91,13992,18341
"4421","TGAGATCAAATACTCA-1_1",1,7,63,5407,14287
"4422","TGAGATTAGGCCCTAA-1_1",1,16,94,7683,18781
"4424","TGAGCCATACAGTCTC-1_1",1,42,38,14238,10653
"4425","TGAGCGGAAAGTGTTC-1_1",1,55,65,17523,14566
"4432","TGAGTAAATTAGCGTA-1_1",1,47,57,15502,13407
"4433","TGAGTGCCTCTTAAAT-1_1",1,45,41,14996,11087
"4434","TGAGTGGTCCGTGACG-1_1",1,30,84,11215,17328
"4436","TGAGTTAAAGACATTC-1_1",1,48,112,15762,21385
"4438","TGATAGCGGGATTCTA-1_1",1,28,12,10701,6884
"4440","TGATCAGGGAACTGCT-1_1",1,42,24,14236,8622
"4441","TGATCCCAGCATTAGT-1_1",1,27,107,10461,20665
"4442","TGATCGGTTTGACCCT-1_1",1,28,54,10707,12977
"4443","TGATCTACGCTGATCT-1_1",1,16,100,7684,19652
"4445","TGATCTCCGGCGCCAG-1_1",1,28,50,10706,12396
"4452","TGATTCCCGGTTACCT-1_1",1,64,50,19792,12388
"4453","TGATTCGTCTATCACT-1_1",1,31,41,11462,11090
"4454","TGATTCTGTCGCCGGT-1_1",1,48,44,15753,11521
"4455","TGATTTATTAGCTGTG-1_1",1,38,34,13228,10073
"4456","TGATTTCCTCCTGACG-1_1",1,16,34,7675,10078
"4460","TGCAACCCATCTGCGG-1_1",1,60,90,18788,18191
"4462","TGCAAGAATGACGTAA-1_1",1,30,60,11212,13846
"4463","TGCAATCTAACACGGT-1_1",1,62,90,19293,18191
"4468","TGCAGAACTATATCGT-1_1",1,42,22,14236,8332
"4469","TGCAGAGTACCGAGCA-1_1",1,38,46,13229,11814
"4470","TGCAGATCGTCCTAGG-1_1",1,42,18,14235,7751
"4471","TGCAGCTACGTACTTC-1_1",1,42,16,14235,7461
"4472","TGCAGGATCGGCAAAG-1_1",1,24,74,9700,15879
"4475","TGCAGTTTCCTCCCAT-1_1",1,40,90,13740,18196
"4476","TGCATATGTCTGTCAC-1_1",1,35,85,12477,17472
"4479","TGCATGGATCGGATCT-1_1",1,19,67,8437,14864
"4481","TGCATGTGACCCATAG-1_1",1,68,38,20800,10647
"4482","TGCATGTGGTAATCTA-1_1",1,29,81,10962,16893
"4483","TGCCAAAGTCAGACTT-1_1",1,43,19,14488,7896
"4484","TGCCAATGGGTACTCT-1_1",1,54,52,17269,12681
"4486","TGCCACCTGGCGAAAC-1_1",1,20,76,8690,16170
"4487","TGCCAGTACGTGGAGA-1_1",1,51,71,16514,15437
"4489","TGCCATTACTAAAGAA-1_1",1,21,87,8944,17765
"4491","TGCCCGTACCGTTAAA-1_1",1,45,75,15000,16019
"4494","TGCCGGATGTACGAGC-1_1",1,62,34,19285,10068
"4499","TGCCTAATTGAAGATT-1_1",1,55,105,17528,20368
"4501","TGCCTGATCAAACGAT-1_1",1,20,70,8689,15299
"4503","TGCCTTGGCCAGGCAA-1_1",1,52,82,16768,17033
"4504","TGCGAATATGGGATTT-1_1",1,45,13,14992,7025
"4505","TGCGACACCCTAGTGC-1_1",1,46,46,15249,11812
"4506","TGCGACGGCCGAACGT-1_1",1,60,32,18780,9778
"4508","TGCGAGAATATTACCC-1_1",1,50,40,16257,10941
"4512","TGCGCAAAGCATTTGG-1_1",1,31,67,11465,14862
"4514","TGCGCGATTAACGGAG-1_1",1,27,41,10452,11091
"4515","TGCGGACTTGACTCCG-1_1",1,68,76,20805,16159
"4516","TGCGGAGTAAAGGTGC-1_1",1,22,70,9194,15299
"4517","TGCGGCATAGTTCAAC-1_1",1,12,54,6668,12980
"4520","TGCGGTGAAATTTCAT-1_1",1,12,66,6670,14721
"4521","TGCGTAAGAACCTGAT-1_1",1,43,43,14491,11378
"4523","TGCGTCATGACTGAGC-1_1",1,53,21,17012,8184
"4525","TGCGTTTGTTGACACT-1_1",1,42,76,14243,16165
"4526","TGCTAAGTGTCTATTT-1_1",1,52,90,16769,18193
"4531","TGCTCCACAGTTCTTA-1_1",1,45,95,15003,18920
"4533","TGCTCGGTGGGTCACC-1_1",1,66,72,20300,15579
"4535","TGCTCTTGAGAGTTTG-1_1",1,64,70,19795,15289
"4537","TGCTGGTTGGACAATT-1_1",1,21,41,8938,11092
"4538","TGCTGTTGAAGAACTC-1_1",1,38,66,13232,14715
"4539","TGCTTAGAGAGAATGC-1_1",1,62,26,19284,8907
"4540","TGCTTCCCAAGCAGTA-1_1",1,62,66,19289,14709
"4543","TGGAACCACTGACACA-1_1",1,24,102,9703,19940
"4544","TGGAAGAAGGGAACGT-1_1",1,39,35,13480,10218
"4545","TGGAAGACGAACACCA-1_1",1,14,46,7172,11819
"4546","TGGAAGGATAAAGATG-1_1",1,20,68,8689,15009
"4547","TGGAATATCCTTGACC-1_1",1,23,107,9451,20666
"4550","TGGACCAATCTAAGAT-1_1",1,62,80,19291,16740
"4552","TGGACGCAATCCAGCC-1_1",1,58,20,18274,8038
"4554","TGGACTGTTCGCTCAA-1_1",1,37,73,12981,15731
"4558","TGGAGTGATGCGATGA-1_1",1,29,41,10957,11091
"4561","TGGCAAACTAAATTAC-1_1",1,50,78,16262,16453
"4562","TGGCAACTCGCGCGCC-1_1",1,22,86,9196,17620
"4564","TGGCAATGGGACGGCG-1_1",1,54,106,17276,20513
"4566","TGGCAGATTACGATCA-1_1",1,44,58,14745,13553
"4567","TGGCAGCAGTAATAGT-1_1",1,39,61,13484,13989
"4569","TGGCCAAACTGAAGTA-1_1",1,28,76,10709,16168
"4570","TGGCCAATTTGGTACT-1_1",1,49,11,16001,6734
"4571","TGGCCGTATATTGACC-1_1",1,26,38,10200,10656
"4573","TGGCGATCAAGTTATG-1_1",1,51,55,16512,13116
"4576","TGGCTATGTGACATAC-1_1",1,60,82,18787,17031
"4577","TGGCTCTTGTCGCGTA-1_1",1,42,12,14235,6881
"4580","TGGCTTTGGGTAGACA-1_1",1,19,51,8435,12543
"4581","TGGGAAATGCCTTTCC-1_1",1,23,27,9441,9061
"4584","TGGGCAATAGTTGGGT-1_1",1,46,108,15257,20805
"4585","TGGGCACAAACAGAAC-1_1",1,8,46,5658,11821
"4586","TGGGCACGTTCTATGG-1_1",1,15,73,7428,15736
"4588","TGGGCCACAAGAGCGC-1_1",1,18,72,8185,15590
"4589","TGGGCCCATACTAATT-1_1",1,47,89,15507,18049
"4591","TGGGCGATACAATAAG-1_1",1,68,62,20803,14128
"4592","TGGGTAAGGTTCCCGC-1_1",1,13,79,6924,16606
"4599","TGGTAAGCAGGATTGA-1_1",1,41,11,13982,6736
"4601","TGGTAGAATATATGGG-1_1",1,48,100,15760,19644
"4602","TGGTATCGCATCCCAA-1_1",1,8,68,5660,15012
"4603","TGGTATCGGTCTGTAT-1_1",1,7,59,5407,13707
"4604","TGGTCCCACGCTACGG-1_1",1,52,74,16767,15872
"4610","TGGTCTGTTGGGCGTA-1_1",1,37,29,12975,9348
"4611","TGGTGATCGTATTTGT-1_1",1,26,16,10197,7465
"4617","TGGTTCAACGGGTAAT-1_1",1,50,74,16262,15873
"4618","TGGTTCGTAGCAAAGG-1_1",1,23,55,9445,13123
"4623","TGTAATGACCACAATA-1_1",1,36,14,12720,7173
"4626","TGTACCTACACGAGGG-1_1",1,59,91,18536,18336
"4627","TGTACGAACAAATCCG-1_1",1,38,58,13231,13555
"4635","TGTAGGAGAAATTTCC-1_1",1,34,86,12225,17617
"4636","TGTAGTGATCTATAAT-1_1",1,35,33,12471,9929
"4637","TGTATAACAGATCCTG-1_1",1,29,79,10962,16603
"4640","TGTATCCTTATTCCAT-1_1",1,10,50,6163,12400
"4641","TGTATGGCGCAGACAG-1_1",1,43,93,14498,18630
"4645","TGTCCCGACATAGCAC-1_1",1,11,57,6416,13416
"4647","TGTCCGTGGCGCCTTT-1_1",1,30,18,11207,7754
"4648","TGTCCTAAGTCACCGC-1_1",1,34,30,12218,9494
"4652","TGTCTACAGTTTCTGT-1_1",1,11,53,6416,12835
"4653","TGTGACTACGCCAGTC-1_1",1,21,73,8942,15734
"4658","TGTGCCGGTGCCGGAA-1_1",1,53,97,17022,19208
"4659","TGTGCTTTACGTAAGA-1_1",1,36,18,12721,7753
"4662","TGTGGCAAAGCGTATG-1_1",1,29,87,10963,17763
"4663","TGTGGCGGGCTTCTGG-1_1",1,65,59,20046,13693
"4666","TGTGGTTGCTAAAGCT-1_1",1,65,49,20044,12243
"4669","TGTGTCGCGAGTTGCA-1_1",1,24,36,9695,10367
"4671","TGTGTTCGTATCCAAG-1_1",1,31,21,11459,8189
"4673","TGTTATTGTATGTGGC-1_1",1,44,86,14749,17615
"4675","TGTTCCGCTTCCATGA-1_1",1,36,44,12724,11524
"4677","TGTTCGTATTGCGGTG-1_1",1,49,61,16008,13987
"4680","TGTTCTTCCATTGACT-1_1",1,33,43,11967,11380
"4684","TGTTGTCAAGAAGTCT-1_1",1,24,82,9701,17039
"4685","TGTTTAATACTTCATC-1_1",1,9,77,5914,16317
"4686","TGTTTCGGTACTTCTC-1_1",1,18,56,8183,13269
"4691","TTAAACCTGGTTCCTT-1_1",1,26,12,10196,6885
"4692","TTAAACTCGAATTCAT-1_1",1,31,95,11469,18923
"4695","TTAACACCTCGAACAT-1_1",1,24,22,9693,8336
"4696","TTAACCAACCCTCCCT-1_1",1,19,55,8435,13124
"4699","TTAACGTCGCAAGACC-1_1",1,10,54,6163,12981
"4703","TTAACTTCAGGTAGGA-1_1",1,46,26,15246,8911
"4706","TTAAGATAGGATTGAC-1_1",1,43,101,14499,19791
"4707","TTAAGCCGACAACTTC-1_1",1,13,77,6924,16316
"4708","TTAAGCGCCTGACCCA-1_1",1,30,44,11210,11526
"4710","TTAAGGCCCGTACTTT-1_1",1,59,25,18527,8763
"4714","TTAATGTAGACCAGGT-1_1",1,30,68,11213,15007
"4716","TTAATTGCTTTGGGTG-1_1",1,62,76,19291,16160
"4717","TTAATTTCAGACGCGG-1_1",1,17,69,7932,15155
"4718","TTACAACTACGCATCC-1_1",1,24,52,9697,12687
"4720","TTACAGACCTAAATGA-1_1",1,26,96,10207,19069
"4721","TTACATCGTGGCCTGG-1_1",1,20,36,8685,10367
"4722","TTACATGCCACAACTA-1_1",1,41,103,13994,20081
"4723","TTACCATTGATTACCC-1_1",1,34,28,12217,9204
"4724","TTACCCATTGCCGGGT-1_1",1,17,85,7934,17476
"4725","TTACCCTAACAGTCCT-1_1",1,24,24,9693,8626
"4726","TTACCCTAGGGATTGG-1_1",1,60,58,18784,13549
"4732","TTACTAAAGGACTTTA-1_1",1,48,78,15758,16453
"4733","TTACTATCGGCTTCTC-1_1",1,34,16,12216,7463
"4734","TTACTCCGGCCGGGAA-1_1",1,34,78,12224,16456
"4735","TTACTCTGGTACGTAC-1_1",1,43,31,14489,9637
"4736","TTACTGGGATATTTCA-1_1",1,44,54,14745,12973
"4739","TTAGAAGAACATGACT-1_1",1,52,64,16765,14422
"4740","TTAGAATAAGGGTCGG-1_1",1,61,45,19034,11664
"4741","TTAGACACGATCGTTG-1_1",1,16,86,7682,17621
"4742","TTAGACGAGTCACCTC-1_1",1,48,80,15758,16743
"4745","TTAGAGTTTAGAAGGA-1_1",1,46,86,15254,17614
"4747","TTAGCAACATGGATGT-1_1",1,20,28,8684,9207
"4751","TTAGCTAATACGATCT-1_1",1,22,98,9198,19360
"4752","TTAGCTCTGTAATCCG-1_1",1,31,15,11459,7319
"4753","TTAGCTGATTTGCCGT-1_1",1,38,94,13236,18776
"4755","TTAGGTCATAACCGAC-1_1",1,58,38,18276,10649
"4757","TTAGTAAACCTGCTCT-1_1",1,62,94,19293,18771
"4758","TTAGTAGGGCGGCGGG-1_1",1,34,26,12217,8914
"4759","TTAGTTATTCGTGGCA-1_1",1,47,91,15507,18339
"4762","TTATAGGTAATTGTCT-1_1",1,61,73,19038,15725
"4764","TTATATACGCTGTCAC-1_1",1,38,74,13233,15875
"4765","TTATATTTGGCAATCC-1_1",1,26,64,10203,14428
"4767","TTATCCAATCGAACTC-1_1",1,13,33,6918,9934
"4768","TTATCCGGGATCTATA-1_1",1,51,87,16516,17758
"4769","TTATCCTCAAGGAATA-1_1",1,52,18,16759,7749
"4770","TTATCGCCTGCGAAGC-1_1",1,27,17,10449,7610
"4772","TTATCTGTATCATAAC-1_1",1,22,60,9193,13848
"4773","TTATGAATGAAAGGGA-1_1",1,41,63,13989,14279
"4774","TTATGACAAACTGGAT-1_1",1,27,35,10452,10221
"4775","TTATGATCTTAACGAA-1_1",1,38,82,13234,17036
"4778","TTATTAGAGCGTGTTC-1_1",1,46,70,15252,15293
"4779","TTATTAGGGAAGCATC-1_1",1,15,59,7426,13705
"4783","TTCAAAGTCTCTAGCC-1_1",1,35,75,12476,16021
"4784","TTCAACGACCCGACCG-1_1",1,20,48,8687,12108
"4785","TTCAAGCCGAGCTGAG-1_1",1,13,75,6923,16026
"4786","TTCAATACTCTGAATC-1_1",1,38,86,13235,17616
"4790","TTCACTCGAGCACCTA-1_1",1,55,69,17523,15146
"4791","TTCACTTCCTAGAACG-1_1",1,67,51,20549,12533
"4793","TTCAGCCCTGGTCCAC-1_1",1,47,85,15506,17469
"4794","TTCAGCTGGCGTGCCC-1_1",1,55,95,17527,18918
"4795","TTCAGGCGTCAAAGCC-1_1",1,40,16,13730,7462
"4800","TTCATGGCGCAACAGG-1_1",1,19,75,8438,16025
"4801","TTCCAATCAGAGCTAG-1_1",1,23,95,9450,18925
"4802","TTCCAATCTGGCTATC-1_1",1,48,46,15753,11812
"4803","TTCCACACAGATTTGA-1_1",1,50,46,16258,11811
"4805","TTCCAGACGAGATTTA-1_1",1,39,111,13490,21242
"4811","TTCCCGGCGCCAATAG-1_1",1,46,12,15244,6880
"4812","TTCCGCAGAGAAATAT-1_1",1,21,101,8946,19796
"4813","TTCCGCGTGAGGCGAT-1_1",1,46,64,15251,14423
"4814","TTCCGGCCTTGAGGCT-1_1",1,54,44,17267,11520
"4816","TTCCGGTATCTGTGTC-1_1",1,41,115,13996,21822
"4817","TTCCGGTTACCCACTT-1_1",1,45,87,15002,17759
"4818","TTCCTCGAGGGTGTCT-1_1",1,21,49,8939,12253
"4819","TTCCTCGGACTAACCA-1_1",1,50,86,16263,17613
"4820","TTCCTCTGCCCGAATA-1_1",1,35,15,12468,7318
"4823","TTCGACAGAGCCCGTG-1_1",1,52,68,16766,15002
"4824","TTCGACGGGAAGGGCG-1_1",1,24,44,9696,11527
"4826","TTCGCACTCGCGTGCT-1_1",1,25,45,9948,11672
"4827","TTCGCACTGTACGACA-1_1",1,61,59,19036,13694
"4830","TTCGCGCGCCATACGA-1_1",1,59,47,18530,11954
"4832","TTCGCTATCTGACGTG-1_1",1,20,100,8693,19651
"4835","TTCGGCAACCCGCTGA-1_1",1,16,88,7682,17911
"4836","TTCGGCTAGAGATGGT-1_1",1,18,24,8179,8627
"4837","TTCGGGACTAATCGCG-1_1",1,36,72,12728,15586
"4838","TTCGGGCGCTAGTCTT-1_1",1,55,37,17519,10505
"4840","TTCGGTACTGTAGAGG-1_1",1,67,63,20551,14273
"4842","TTCGTAATCCCAGCGG-1_1",1,12,86,6672,17622
"4843","TTCGTACTCCAGAACG-1_1",1,29,29,10956,9350
"4846","TTCGTTCAACGAAGTT-1_1",1,23,105,9451,20375
"4847","TTCTAACCGAAGCTTA-1_1",1,34,90,12226,18197
"4850","TTCTACTTGCGAGGGC-1_1",1,22,32,9189,9787
"4851","TTCTAGAAAGTCTTAT-1_1",1,60,46,18782,11809
"4852","TTCTAGGCCAATTGTG-1_1",1,22,44,9191,11527
"4858","TTCTGCCGCGCCTAGA-1_1",1,49,69,16009,15148
"4859","TTCTGCGAGCGCCCTT-1_1",1,33,17,11964,7608
"4860","TTCTGCGGGTTAGCGG-1_1",1,40,80,13739,16745
"4861","TTCTGCTAGACTCCAA-1_1",1,28,106,10713,20519
"4863","TTCTTAGTGAACGGTG-1_1",1,18,34,8180,10078
"4864","TTCTTAGTGGCTCAGA-1_1",1,17,61,7931,13994
"4868","TTCTTGAGCCGCGCTA-1_1",1,47,41,15500,11087
"4870","TTCTTGGACGATCTGC-1_1",1,52,32,16761,9780
"4871","TTCTTGGAGTAATGAG-1_1",1,21,79,8943,16605
"4872","TTCTTGTAACCTAATG-1_1",1,23,35,9442,10222
"4874","TTCTTTGGTCGCGACG-1_1",1,24,104,9703,20230
"4877","TTGAACGAATCCTTTG-1_1",1,19,21,8431,8192
"4878","TTGAACGACGTGCTGA-1_1",1,60,88,18788,17901
"4879","TTGAAGAATTCCCAGG-1_1",1,32,50,11716,12395
"4882","TTGAATATGGACTTTC-1_1",1,34,76,12224,16166
"4883","TTGAATCGTTGTATAA-1_1",1,48,10,15749,6590
"4885","TTGACAGGAGCTCCCG-1_1",1,47,99,15508,19500
"4886","TTGACATGAACGTGGA-1_1",1,44,32,14742,9782
"4887","TTGACCAGGAACAACT-1_1",1,64,80,19796,16740
"4888","TTGACCATGTTCTCCG-1_1",1,24,78,9700,16459
"4889","TTGACCGTGTTAATGA-1_1",1,50,34,16257,10070
"4890","TTGACGATTCAGCACG-1_1",1,9,51,5911,12546
"4891","TTGACGCTCCATGAGC-1_1",1,41,101,13994,19791
"4892","TTGACTACCATATGGT-1_1",1,43,41,14491,11087
"4893","TTGACTATTGTCCGGC-1_1",1,46,104,15256,20225
"4895","TTGAGAGTACTGCTAA-1_1",1,44,38,14743,10652
"4902","TTGATCTAACTTTGTC-1_1",1,29,47,10958,11961
"4904","TTGATGTGTAGTCCCG-1_1",1,24,90,9702,18199
"4905","TTGATTAGCTGTTTCT-1_1",1,48,34,15752,10071
"4906","TTGATTATGCAGATGA-1_1",1,27,33,10451,9931
"4908","TTGCACAATTCAGAAA-1_1",1,43,57,14493,13408
"4909","TTGCACGGAGCAGCAC-1_1",1,21,59,8940,13703
"4911","TTGCATGCTGATCACG-1_1",1,41,35,13985,10218
"4912","TTGCCAAGCAGAACCC-1_1",1,44,114,14753,21676
"4913","TTGCCATAGCCCGCTC-1_1",1,54,24,17265,8619
"4914","TTGCCCTGATCACGGG-1_1",1,36,34,12723,10074
"4916","TTGCCGCTTTCTAGTA-1_1",1,62,78,19291,16450
"4924","TTGCGGCATCAGAAAG-1_1",1,53,45,17015,11665
"4927","TTGCGTCGGCCAACCG-1_1",1,51,41,16510,11086
"4928","TTGCGTGAACGCTTAG-1_1",1,14,96,7179,19072
"4932","TTGCTCCCATACCGGA-1_1",1,22,72,9195,15589
"4933","TTGCTGAAGGAACCAC-1_1",1,19,57,8435,13414
"4934","TTGCTGATCATGTTCG-1_1",1,33,57,11969,13411
"4937","TTGGAAGAATACAGTC-1_1",1,50,24,16255,8620
"4938","TTGGACATGTGGCTTA-1_1",1,41,29,13984,9347
"4939","TTGGACCATCTGGCAA-1_1",1,51,105,16518,20369
"4940","TTGGACCTATAACAGT-1_1",1,56,86,17778,17612
"4941","TTGGAGTCTCCCTTCT-1_1",1,8,44,5657,11531
"4942","TTGGATATCGTCTACG-1_1",1,48,52,15754,12682
"4943","TTGGATCGACTTCTGG-1_1",1,10,60,6164,13851
"4944","TTGGATTGGGTACCAC-1_1",1,17,55,7930,13124
"4947","TTGGCCTAGAATTTCG-1_1",1,16,82,7681,17041
"4950","TTGGCTCGCATGAGAC-1_1",1,23,37,9442,10512
"4951","TTGGGAAGACGAGCCG-1_1",1,68,64,20804,14418
"4952","TTGGGACACTGCCCGC-1_1",1,28,70,10709,15297
"4953","TTGGGACGTAAGAGTT-1_1",1,51,109,16519,20949
"4954","TTGGGCGGCGGTTGCC-1_1",1,30,76,11214,16167
"4957","TTGGTCACACTCGTAA-1_1",1,48,48,15754,12102
"4960","TTGGTTGCGGTGCGCG-1_1",1,53,23,17012,8474
"4962","TTGTAAGGACCTAAGT-1_1",1,46,32,15247,9781
"4963","TTGTAAGGCCAGTTGG-1_1",1,27,81,10458,16893
"4964","TTGTAATCCGTACTCG-1_1",1,35,55,12473,13120
"4966","TTGTATCACACAGAAT-1_1",1,12,74,6671,15881
"4968","TTGTCGTTCAGTTACC-1_1",1,22,58,9193,13558
"4970","TTGTGAACCTAATCCG-1_1",1,56,90,17778,18192
"4971","TTGTGAGGCATGACGC-1_1",1,43,13,14487,7026
"4973","TTGTGCAGCCACGTCA-1_1",1,60,74,18786,15870
"4976","TTGTGGCCCTGACAGT-1_1",1,18,60,8183,13849
"4977","TTGTGGTAGGAGGGAT-1_1",1,50,28,16256,9200
"4980","TTGTGTATGCCACCAA-1_1",1,56,60,17774,13841
"4981","TTGTGTTTCCCGAAAG-1_1",1,51,59,16512,13697
"4982","TTGTTAGCAAATTCGA-1_1",1,22,42,9191,11237
"4983","TTGTTCAGTGTGCTAC-1_1",1,24,64,9698,14428
"4986","TTGTTGTGTGTCAAGA-1_1",1,31,77,11467,16312
"4987","TTGTTTCACATCCAGG-1_1",1,58,42,18277,11229
"4988","TTGTTTCATTAGTCTA-1_1",1,60,30,18780,9488
"4989","TTGTTTCCATACAACT-1_1",1,45,27,14994,9056
