GTAGACAACCGATGAA-1_1	3.877090	3.434166	-0.118104	3.014734	1.103682	1.867266	1.654076	1.965764	1.708706	4.383517	0.698008	-2.278092	0.301870	-2.568861	1.326593	0.168509	-0.788561	2.574751	1.435169	-0.168376	1.065143	0.939027	-1.587879	2.271269	-0.452413	0.246193	0.174440	-3.866336	0.325607	-1.993997	0.066615	0.938918
ACAGATTAGGTTAGTG-1_1	2.163819	-0.274737	-0.332804	1.998481	0.852132	2.245030	1.935533	1.940393	0.934357	2.145682	0.642669	-1.255168	0.914457	-1.569985	1.505350	0.199258	-0.644491	1.131840	0.241438	-0.616997	1.119990	1.714999	-2.007223	1.951982	-0.031195	0.118113	-0.329125	-1.628160	0.193678	-1.425545	0.922590	1.000573
TGGTATCGGTCTGTAT-1_1	1.290836	-0.799624	0.113337	1.063967	0.914454	1.249304	1.963753	1.368185	0.449702	0.812906	-0.003675	-0.647694	0.499471	-0.890654	0.778024	0.397666	-0.539108	0.435225	0.148660	-0.601860	0.642049	0.966984	-1.146031	1.480851	0.075091	-0.135479	-0.322134	-0.970894	-0.464971	-1.184235	0.715179	0.674128
ATTATCTCGACAGATC-1_1	1.679605	-0.507429	-0.015581	1.393201	0.636844	1.664153	1.742391	1.404192	0.757911	1.514302	0.245317	-0.819510	0.597210	-1.104523	0.991660	0.317659	-0.350328	0.643565	0.199097	-0.544612	0.783179	1.250271	-1.540942	1.540949	-0.114426	-0.140024	-0.282862	-1.144502	-0.002663	-1.092761	0.800493	0.674583
TGAGATCAAATACTCA-1_1	2.470170	-0.536190	0.087384	1.782066	0.737913	2.190698	2.328684	1.802458	1.104443	2.201265	0.114428	-1.141997	0.810110	-1.700974	1.285502	0.420704	-0.261885	0.829522	0.148074	-0.747324	0.976700	1.443131	-1.984512	1.887832	-0.308888	-0.317577	-0.485570	-1.407612	0.074796	-1.265945	0.975851	0.754459
CAACTTGTAGTGGGCA-1_1	2.901422	0.295970	0.225264	2.141230	1.203916	2.487217	3.003289	2.009009	1.078566	2.432337	-0.362545	-1.412219	0.566207	-2.046219	1.513712	0.414343	-0.773859	1.733062	-0.338766	-0.707861	0.820497	1.036556	-1.628122	2.475302	-0.261749	0.102651	-0.634326	-2.298755	-0.107675	-1.860214	0.522206	0.808301
AATATCAAGGTCGGAT-1_1	1.553860	0.238543	-0.148732	1.475873	0.784506	1.838862	1.604793	1.494654	0.557468	1.565482	0.309458	-0.916867	0.456601	-1.037422	1.077560	0.145674	-0.812043	1.286183	0.031207	-0.401260	0.725375	1.056944	-1.217971	1.809823	0.129629	0.268622	-0.350420	-1.607987	0.010122	-1.489496	0.476701	0.802885
ACTCAGACCTGCTTCT-1_1	5.060195	3.063455	0.384365	3.673953	1.579732	1.536464	3.199839	1.737726	2.252027	5.113259	-0.313806	-2.372000	0.180469	-3.722597	1.478591	-0.131786	-0.730062	3.012542	1.535815	-0.521860	0.873572	0.598271	-1.264869	2.181970	-0.786589	-0.369200	0.117637	-4.285899	-0.088575	-1.851390	0.118119	0.913084
TTGGAGTCTCCCTTCT-1_1	3.041717	-0.387449	0.308275	1.976914	1.233188	1.821145	3.020248	1.590948	1.117152	2.418597	-0.748944	-1.023029	0.518398	-1.874902	1.338904	0.031736	-0.603105	1.109370	0.308725	-0.914397	0.441733	1.101920	-1.251343	2.110018	-0.430335	-0.553152	-0.372991	-2.020195	-0.149221	-1.742547	0.641362	1.298416
GGATACTCATGAATTG-1_1	3.681266	-0.816674	0.136333	2.742691	2.401332	2.342524	4.796685	2.599915	0.859802	2.149532	-0.918742	-1.282888	1.098624	-2.379311	1.738261	0.614982	-1.347646	1.256667	-0.009191	-1.356582	1.025403	1.136754	-1.511267	3.183469	-0.301321	-0.474799	-0.437158	-2.658650	-0.809071	-2.976510	0.878576	1.835336
TGGGCACAAACAGAAC-1_1	2.976006	-1.421825	0.806902	2.428691	2.038787	2.328367	4.682654	2.688887	0.988478	2.449428	-1.033129	-1.388190	0.552956	-1.909137	1.314950	0.533317	-1.377639	1.254858	0.430567	-1.786061	0.408790	1.564058	-1.766273	3.412858	0.132027	-0.459320	-0.703445	-2.498538	-0.600293	-2.678447	0.907034	1.857533
GAGCCACGGTAGTAGG-1_1	4.410450	2.114238	0.810150	4.072136	1.523284	2.553922	3.212995	3.389813	1.898097	5.124838	-0.822384	-2.522864	0.099902	-2.701643	2.389089	-0.335622	-1.415479	3.917312	1.158535	-0.768148	0.269110	1.511555	-1.256206	4.269217	0.042488	0.263539	-0.769244	-5.001246	0.351064	-2.592110	-0.551247	1.502104
TCGATAGGCTAGTCGC-1_1	0.486899	-0.294845	0.425416	1.482260	1.015337	1.777338	1.713396	2.370757	0.099168	1.061790	0.340259	-1.397548	-0.121783	0.006496	1.219041	0.229613	-1.469563	1.628519	0.443853	-0.794623	0.375619	1.607177	-1.282486	2.943369	1.120784	0.988016	-0.694622	-2.296714	-0.388004	-2.076625	0.364015	0.847775
TAACCGCCCGCAGTGC-1_1	3.812194	0.177266	1.673136	3.300316	1.315769	2.747356	4.196439	3.340219	2.004363	4.568272	-1.320207	-2.390772	-0.186954	-2.293862	2.194351	0.167532	-1.265154	3.106945	0.807148	-1.501266	0.214753	2.088001	-1.945342	4.540830	0.212082	0.242197	-1.232502	-4.056495	0.295962	-2.748833	-0.022519	1.514954
GCCTATTTGCTACACA-1_1	4.193123	-1.085989	0.710997	3.316808	2.443565	3.041360	5.476339	3.472024	1.175585	2.937547	-0.872802	-2.118017	0.817766	-2.578506	2.008035	0.426851	-1.674601	2.114141	0.239458	-1.715289	0.880297	2.039778	-2.238278	4.252506	-0.019086	-0.413477	-0.878361	-3.571308	-0.840439	-3.167842	0.997731	1.999481
TTGACGATTCAGCACG-1_1	4.437678	-0.311815	1.001426	2.993223	2.192024	2.656540	5.274794	2.898870	1.526491	3.392792	-1.392527	-1.997773	0.346882	-2.688380	2.080295	0.314867	-1.506352	2.369066	0.039010	-1.559634	0.552420	1.460159	-1.604670	3.909584	-0.259145	-0.338681	-0.922706	-3.705253	-0.537686	-2.871969	0.482755	1.553570
ACCGAAAGGGCCCTGC-1_1	3.217617	-0.807448	1.087906	2.131982	1.487977	1.995499	3.944096	2.087311	1.435494	2.866318	-1.088104	-1.407512	0.081166	-1.887973	1.308885	0.245992	-0.882976	1.507637	0.454742	-1.446924	0.286194	1.403533	-1.582404	2.832977	-0.118483	-0.471515	-0.823358	-2.473713	-0.205254	-2.183906	0.539650	1.522094
ACGTTCCGCGCTCCGT-1_1	1.558786	-0.656713	0.206715	2.037734	1.022087	2.523047	2.246140	2.416295	0.452053	1.810150	0.391966	-1.334185	0.296901	-0.660629	1.437777	0.077634	-1.141518	1.441826	0.477108	-0.986872	0.590311	1.931165	-1.871699	2.938631	0.547296	0.438399	-0.606970	-2.200677	-0.260495	-2.050876	0.941464	1.293080
ATACCAGGCTAATAGA-1_1	1.683732	-0.484426	0.233193	1.510755	0.914628	1.694207	2.157443	1.819593	0.586501	1.533986	0.059458	-1.063018	0.551695	-1.246618	1.042432	0.363704	-0.683391	0.864596	0.252446	-0.747885	0.656417	1.150027	-1.267947	2.027743	0.098513	-0.099442	-0.441765	-1.409708	-0.307032	-1.455727	0.679547	0.763240
CGGCTTTGTATGATAA-1_1	1.590283	-0.603878	0.073836	1.612285	0.984614	1.952318	2.052248	2.228748	0.605235	1.371853	0.508659	-1.278111	0.612768	-1.016957	1.265439	0.495998	-0.836137	1.036557	0.170887	-0.735081	1.031853	1.674982	-1.838521	2.264998	0.385333	0.343420	-0.509779	-1.672716	-0.235683	-1.570120	0.810898	0.680295
CTTGACCCGAAAGATA-1_1	1.170774	-0.275415	0.193727	1.154107	0.524015	1.375571	1.510969	1.236178	0.562285	1.215456	0.066223	-0.821662	0.269454	-0.820616	0.837489	0.248537	-0.403495	0.747627	0.081307	-0.483647	0.470722	0.930559	-1.170077	1.470133	0.082038	0.125156	-0.397240	-1.113984	-0.025531	-0.899819	0.464252	0.490429
CGCAGAAACATTTGCG-1_1	1.023197	-1.124300	-0.130178	1.740812	0.746230	2.201617	1.767228	2.140375	0.705701	1.367937	0.933003	-1.359606	0.459266	-0.296968	1.600416	0.213007	-1.031012	0.955457	0.551135	-0.742238	1.091184	2.405941	-2.483670	2.336104	0.672724	0.823572	-0.557307	-1.734012	-0.114655	-1.618611	1.279667	0.885924
GACCCGTCGCCGGCTA-1_1	0.650578	-0.958180	0.000870	1.059601	0.692626	1.401588	1.398353	1.575272	0.405975	0.560008	0.574308	-0.937780	0.270478	-0.214512	0.920885	0.352237	-0.718008	0.654414	0.224037	-0.531067	0.871452	1.598581	-1.772984	1.609467	0.613954	0.545364	-0.447309	-1.217017	-0.358526	-1.183643	0.916332	0.440789
AATCGGGACACTACGA-1_1	1.577318	-0.692097	-0.284619	1.536700	0.693585	1.963677	1.570725	1.677567	0.870883	1.534044	0.856553	-1.001193	0.717691	-0.818659	1.295422	0.317317	-0.673753	0.864271	0.309496	-0.419347	1.202773	1.986146	-2.231391	1.741495	0.140918	0.348567	-0.413516	-1.355980	0.081617	-1.444812	1.082990	0.704144
GTCACAAAGTTTCCAA-1_1	1.553091	-0.619977	0.067240	1.654297	0.438593	2.239705	1.852614	1.735255	0.943776	2.055552	0.674410	-1.406984	0.460944	-0.915715	1.406429	0.232834	-0.610658	1.075341	0.371280	-0.720027	0.900866	1.879657	-2.206931	2.031833	0.166258	0.315577	-0.514481	-1.416643	0.079617	-1.389965	1.105969	0.782935
TATATTCGCGTCGATA-1_1	1.475385	-0.636621	0.177541	1.004836	0.840467	1.089919	1.933505	1.227062	0.613850	1.096250	-0.189811	-0.580940	0.444143	-1.046712	0.664115	0.360724	-0.427362	0.453571	0.179113	-0.642311	0.590631	0.712497	-0.974398	1.285779	-0.064960	-0.362367	-0.287890	-0.873638	-0.336176	-1.093159	0.594464	0.630725
CCTCCCGACAATCCCT-1_1	1.817500	0.068885	0.230036	1.131471	0.591880	1.372174	1.586227	1.430098	0.825261	1.561728	-0.024037	-0.953531	0.339923	-1.279874	0.959207	0.320301	-0.268254	0.784035	-0.034453	-0.478912	0.718269	0.650558	-1.055116	1.412733	-0.148285	-0.162255	-0.449372	-1.166866	-0.005805	-0.875807	0.339664	0.259724
CGACATGCGATCTTCT-1_1	1.569226	-0.567281	0.149895	1.107112	0.884490	1.151266	1.868278	1.213461	0.539671	1.046602	-0.137706	-0.613817	0.475112	-1.080071	0.713799	0.270910	-0.426745	0.473727	0.153489	-0.505285	0.525479	0.821888	-1.012732	1.353067	-0.118066	-0.298734	-0.337781	-0.997052	-0.307574	-1.138552	0.543043	0.673923
AACACGACTGTACTGA-1_1	2.002256	-0.410085	0.361929	1.655516	0.924623	2.002510	2.366419	2.016360	0.841343	1.558281	0.148145	-1.276138	0.429740	-1.260907	1.141078	0.502172	-0.632636	1.156116	-0.082060	-0.592100	0.925921	1.349223	-1.844861	2.241129	0.080237	0.119850	-0.746444	-1.671513	-0.202170	-1.393039	0.611134	0.535269
CCCAACCACACTAACA-1_1	3.791291	-1.580454	0.633462	2.105225	2.536241	2.051313	4.828108	2.699623	1.177955	1.852434	-0.833776	-1.118884	0.744337	-2.521142	1.104877	0.928582	-1.019250	0.657765	-0.013308	-1.544827	1.196415	1.098657	-1.954220	2.787537	-0.299934	-1.041952	-0.862992	-1.909602	-1.058782	-2.536384	0.998427	1.343062
CACCGCCGACCAGCGA-1_1	6.478378	5.227527	1.419646	4.765269	1.742567	3.180774	2.686394	3.465034	2.327294	6.638378	0.698437	-4.862750	-0.621930	-4.118241	2.051208	0.217132	-1.349141	4.808987	1.435215	-0.091404	1.345988	1.936037	-2.948226	4.796725	-0.371375	1.330662	-0.843627	-6.544500	0.710458	-3.555121	-0.671955	0.626108
TGGTATCGCATCCCAA-1_1	2.175768	-1.438820	0.406316	1.999417	1.347380	2.414745	3.399199	2.655755	0.739423	1.452867	0.081227	-1.539336	0.730935	-1.269901	1.459494	0.666039	-0.930694	1.042630	0.143811	-1.132931	1.103465	2.047339	-2.397006	2.879102	0.312711	0.130252	-0.756225	-1.956873	-0.726559	-1.919264	1.213476	0.997731
CAGAGTGATTTAACGT-1_1	0.187181	-0.510961	1.672866	3.163494	3.066060	4.999094	3.095448	7.102807	0.110240	0.979577	2.217039	-5.297589	-1.522161	1.250129	3.081372	0.528005	-4.964175	5.778222	0.113371	-1.192683	2.334821	4.946043	-5.324613	7.741791	4.994720	4.588376	-3.386629	-7.133159	-1.601330	-5.919579	0.650158	1.113385
AACCCTGGTGGAACCA-1_1	3.507523	-0.625056	0.445001	2.890806	1.418239	3.388729	3.804472	3.454854	1.329892	2.936203	0.383112	-2.321902	0.961138	-2.428040	1.965718	0.775664	-0.917064	1.840496	-0.031472	-1.253291	1.584276	2.224305	-2.984445	3.566239	0.068639	0.016982	-1.048255	-2.647688	-0.253879	-2.163824	1.144555	0.932937
GTCAGTTGTGCTCGTT-1_1	-0.728815	-0.758212	1.210210	3.669581	4.911446	5.311575	2.838164	8.898779	-0.803340	-1.115255	3.844153	-6.352456	-1.768301	1.604332	3.388566	0.439730	-7.121426	6.850070	-0.074683	-1.234464	4.238166	6.045424	-6.683340	8.469987	7.442968	6.416282	-3.929000	-8.747203	-2.817444	-7.388909	0.953940	0.784891
ATTGACGTAACTCGGT-1_1	3.514953	0.948638	0.889453	3.124414	1.078946	3.711855	3.246882	3.498940	1.476488	3.609849	0.022824	-2.769656	0.223590	-2.257279	2.127300	0.527690	-0.960665	3.021682	-0.568137	-0.856514	1.023164	1.814247	-2.807155	4.083486	0.212368	0.854512	-1.570345	-3.593364	0.566535	-2.016162	0.046638	0.535717
GATGTCGGTCAACTGC-1_1	0.001807	0.079311	1.170985	2.351245	3.290849	6.128968	3.954159	7.523082	1.097938	0.766806	2.750388	-6.541427	-1.411900	0.897044	3.635173	2.082952	-5.445315	6.984600	-1.721449	-1.053821	3.738879	4.892039	-7.127046	7.639383	6.189043	6.468369	-4.961430	-7.542006	-1.707587	-6.395454	1.463908	-0.719003
AGGGCAGCGGCGTGGT-1_1	0.727071	0.621903	0.566040	1.361424	1.069106	2.468740	1.447598	2.842164	0.849080	1.230720	1.121320	-2.363393	-0.578999	-0.269046	1.498186	0.826143	-1.668013	2.806335	-0.608371	-0.277715	1.306380	1.722682	-2.573007	3.108217	1.701024	2.035549	-1.802857	-2.894311	-0.043348	-2.073064	0.205864	-0.287399
ACATCGTTAACCTAGT-1_1	0.426831	0.582264	2.888833	3.731749	3.686064	7.639935	4.638585	9.504884	1.463905	1.760526	2.579400	-8.059454	-2.375169	1.096139	4.244172	2.016600	-6.697386	8.290044	-1.364096	-1.353799	4.288207	6.195213	-8.252292	10.294952	7.158885	7.479762	-5.592159	-10.041406	-1.683863	-7.868255	0.544177	-0.115393
TGTTTAATACTTCATC-1_1	3.481069	4.616733	1.096584	2.691984	1.476739	3.012689	1.499127	2.959092	1.446009	4.143460	1.577403	-4.336215	-0.930634	-2.234810	1.518106	1.005421	-1.907029	4.210133	0.273464	0.284557	1.488029	1.228827	-2.490057	4.217393	0.747255	2.146714	-1.280716	-5.035694	0.467809	-3.692032	-0.495918	-0.334881
CATATTATTTGCCCTA-1_1	2.654965	0.410429	0.068448	2.257154	1.608686	2.638066	3.072057	2.675073	0.701738	2.041600	0.348106	-1.808406	0.589087	-1.781565	1.572924	0.511162	-1.415391	2.258977	-0.393380	-0.735665	1.179019	1.300582	-1.761615	2.973309	0.256410	0.441139	-0.752907	-2.711018	-0.497666	-2.315876	0.493590	0.816200
ACGAGATATTTGCTTA-1_1	2.907145	-0.768859	0.306966	2.238776	1.656284	2.696750	3.776593	2.633052	0.892573	1.929521	0.051874	-1.706421	0.778322	-1.982534	1.593904	0.740275	-1.036606	1.729416	-0.373682	-1.069271	1.174639	1.677431	-2.303147	2.893109	0.063475	0.091912	-0.880920	-2.281436	-0.646946	-2.076238	1.004453	0.948508
AACGTGATGAAGGACA-1_1	1.609575	0.221293	-0.494686	1.585002	0.916830	1.862139	1.196772	1.737268	0.488207	1.564243	1.089116	-1.126345	0.596330	-0.978607	1.179549	0.063571	-1.063087	1.569792	0.091446	-0.253693	1.103010	1.481010	-1.557565	1.767502	0.306168	0.420233	-0.418975	-1.663416	0.023429	-1.643816	0.629868	0.707598
GAGGGCATCGCGTATC-1_1	2.277925	1.092419	1.187294	2.517286	1.917887	2.915619	1.987967	3.737743	0.672679	1.953526	1.067927	-3.974211	-0.625711	-0.773865	2.180708	0.846894	-2.748111	3.780866	0.181418	0.112015	1.494149	3.057502	-3.210923	5.030334	1.983901	3.014559	-2.586063	-4.598717	-0.301090	-3.904344	-0.111082	0.380681
CTTGTGAGTCTTTGAC-1_1	1.612344	2.301798	0.902081	1.352210	1.059299	2.040874	0.743846	1.936226	0.841020	2.095976	1.031455	-2.947829	-0.941120	-1.126482	1.119752	0.838904	-1.590639	2.929686	-0.135509	0.387684	1.106919	1.413478	-2.101610	2.979317	1.328379	2.401502	-1.887785	-3.179260	0.497863	-2.604937	-0.224291	-0.496577
TCAACACATTGGGTAA-1_1	0.858949	-0.552771	2.455231	2.587591	2.635201	3.800428	3.323910	5.028644	0.316489	1.173168	0.248469	-4.739940	-1.676208	1.314992	2.385113	0.268042	-4.339148	4.756599	0.731434	-0.704048	1.238295	4.584392	-4.316423	7.310753	3.767398	3.887014	-3.115310	-6.410273	-1.001039	-5.899119	-0.078009	1.484922
ACTGTATACGCGAGCA-1_1	0.257979	0.977525	0.468050	1.926684	2.890858	2.904294	1.515018	4.432430	0.153810	0.486965	1.858052	-3.368589	-1.078734	-0.161291	1.761936	0.795138	-3.940632	4.462991	-0.200019	-0.103375	2.153506	2.447980	-2.901127	4.769831	3.625867	3.334752	-2.659518	-4.776453	-1.281843	-4.421006	0.201103	0.334374
GTGAAACGTGCTCCAC-1_1	4.233068	4.853361	1.020647	3.212230	1.377662	1.462786	1.725130	1.643828	1.686960	4.918308	0.544078	-3.350734	-0.744405	-2.942098	0.989052	0.285830	-1.076273	3.481170	1.713682	0.143597	0.717661	0.880069	-1.498774	3.002851	-0.271717	1.090453	0.042333	-4.985542	0.396321	-2.839434	-0.618207	0.442739
CGAGTGCTATAGTTCG-1_1	1.257187	1.806949	0.819631	1.125007	0.711692	1.885623	1.008082	1.683874	0.871743	2.064546	0.491518	-2.141544	-0.629969	-0.702074	1.125951	0.603522	-1.261193	2.506696	-0.197085	0.058238	0.582829	1.024565	-1.522682	2.631088	0.800427	1.617741	-1.213257	-2.628577	0.457653	-2.245085	-0.352756	-0.090717
GTACTGCATGAAGCGT-1_1	9.616964	22.447092	3.561797	4.644364	7.105678	-6.467533	4.872016	-2.147450	1.385296	17.810417	-1.047256	-9.407014	-4.567043	-9.098666	-5.322587	0.494075	-3.033069	7.309814	10.350722	-3.116871	0.013511	-2.862045	1.491032	1.180042	-3.050799	-0.710500	3.926381	-11.726992	-2.037164	-3.882288	1.132607	1.641607
GTAACTTGCGGCAGTC-1_1	1.886030	1.124281	0.120077	1.896672	0.633443	1.865339	1.644497	1.367461	0.978949	2.419143	-0.060151	-1.209963	0.200708	-1.388407	1.185498	0.131734	-0.676696	1.709001	-0.001626	-0.258306	0.354813	0.759365	-1.140791	1.928071	-0.131791	0.482646	-0.395975	-2.150943	0.397727	-1.296914	0.002890	0.584998
GAATCGCCGGACACGG-1_1	0.647762	-1.483423	-1.083705	1.952736	2.150897	1.686623	2.176197	2.375792	-0.156596	-0.683287	2.154873	-0.888030	-0.072594	-0.810172	1.421535	2.425726	-1.866611	2.246972	-0.528291	-0.265972	2.167944	2.923834	-2.914143	2.422250	2.348697	3.024228	-2.148708	-1.989040	-0.973801	-2.795499	2.706542	0.379256
GGGAGTAATGGCTGGC-1_1	9.722062	15.358152	1.332132	5.346422	4.606821	-2.532852	5.346730	-1.510104	2.756716	14.703433	-0.570042	-6.631362	-1.364532	-8.583965	-2.119938	0.045892	-1.918297	6.334113	7.268943	-2.498935	1.184134	-1.214678	0.049191	0.576709	-2.892012	-0.856335	3.749129	-9.421015	-1.291389	-3.353177	1.929874	2.853111
CATGAACCGACATTTG-1_1	-10.403102	-13.132439	-11.091249	-0.862788	-0.844504	-2.374234	-3.304881	-7.982709	-3.954973	-7.353858	0.779127	6.586337	-5.275963	11.474154	9.024965	2.885213	-2.951903	-8.604317	-1.303440	5.192606	2.342344	6.607752	-11.229612	-7.135630	12.405477	9.320236	-3.284386	-2.490942	-2.595391	-3.019592	17.432072	8.903096
TCTGTCATACAAGAGC-1_1	3.794578	-1.615511	0.031590	3.599840	2.661051	4.034995	5.215533	2.983534	1.033980	3.280126	-0.534772	-1.636881	1.297874	-2.139580	2.234247	0.201764	-2.067238	2.271096	0.826733	-1.720455	0.671130	3.228629	-2.964390	4.379560	0.255509	0.190487	-0.644097	-3.636805	-0.724557	-4.479607	1.761225	3.816474
TAAAGAGCCCGAAACC-1_1	-1.715584	-4.819505	-2.697359	1.685663	1.867221	2.724861	2.455315	0.867119	0.887602	1.243455	1.806602	0.542732	-0.301077	2.060511	3.683830	-0.188734	-3.367979	-0.820977	2.279814	-0.947920	0.016685	4.324483	-4.133012	2.434392	3.444047	2.284719	0.375509	-2.752479	-2.337927	-4.314722	6.085819	6.389260
AAAGACCCAAGTCGCG-1_1	0.631239	-3.564001	-1.078820	1.250701	0.973408	4.998272	2.300455	1.459372	2.055737	4.132944	0.568677	-0.589901	-0.341150	1.954965	3.404027	-0.693771	-3.224041	0.295622	1.853922	-1.327500	-1.417072	3.954208	-4.842737	3.335027	1.999047	2.551624	-0.298585	-3.010141	-1.157006	-4.740902	4.932999	7.612714
TGTATCCTTATTCCAT-1_1	-0.570256	-2.283444	0.474782	1.899202	0.535367	4.360898	2.280219	2.503271	0.858357	2.518620	0.990913	-2.403431	-0.300283	1.864627	2.834141	0.532528	-3.293536	1.598570	1.461080	-1.370082	-0.763181	4.741216	-3.872154	3.902796	2.009852	2.553470	-1.393628	-2.764939	-1.058866	-3.932410	2.861309	3.610886
AAAGTCACTGATGTAA-1_1	10.887789	8.456250	1.073379	7.551721	3.626190	1.057765	6.520712	1.523784	3.859986	12.753120	-1.225506	-5.641611	-0.143383	-8.076485	1.433981	-1.069167	-1.769875	6.148372	5.203686	-2.030963	0.966076	1.151982	-1.611854	3.274001	-2.274177	-1.163312	1.423570	-9.423248	-0.347650	-3.556585	1.195861	3.140895
TGTCTACAGTTTCTGT-1_1	5.172207	0.755041	0.555937	5.425437	2.026820	5.612073	5.453498	3.673682	2.188394	6.730794	-1.091765	-3.124256	0.734033	-3.259495	3.777210	-0.559073	-2.314909	4.545078	0.661716	-1.385497	-0.208533	3.291287	-3.278719	6.201655	-0.197592	1.050653	-1.340006	-5.752178	0.924003	-4.706341	0.924804	3.468807
TTAACGTCGCAAGACC-1_1	4.928177	-1.325619	1.952870	3.923871	3.086304	3.688828	7.726604	4.220806	1.714662	3.952165	-1.918570	-2.970583	0.274676	-2.826038	2.460749	1.071391	-2.380435	2.976659	-0.049247	-2.443480	0.359743	2.445827	-2.794092	6.039423	0.245156	0.126992	-1.725831	-4.955606	-0.681899	-4.096614	0.626327	2.003126
CTATGTCTATTGAAAC-1_1	6.266574	3.550097	1.173174	5.212135	1.519528	2.699783	4.021966	2.676210	2.953398	7.296855	-0.768146	-3.198023	-0.165529	-4.227283	2.165799	-0.345113	-0.989191	4.525523	1.998819	-0.930301	0.578351	1.819525	-2.154117	4.037310	-0.664029	0.098540	-0.309039	-6.105860	0.712006	-2.733083	-0.210398	1.468136
TCGGGTGAAACTGCTA-1_1	2.473994	-1.388134	-0.951682	3.701976	4.635274	2.839286	4.382306	5.657062	-1.342506	0.199818	1.687065	-2.218577	1.024553	-1.033530	1.888327	0.324183	-4.425676	3.219443	0.547237	-1.856339	2.287424	2.839066	-2.164179	5.377667	2.234739	0.979059	-0.949350	-4.224411	-2.669733	-5.052203	1.386572	2.005425
TGTCCCGACATAGCAC-1_1	2.561073	-0.702963	0.606793	2.158581	1.378166	2.239301	3.386464	2.397250	0.911555	1.925770	-0.191732	-1.570299	0.408121	-1.548353	1.341850	0.430819	-0.999312	1.499819	0.058488	-0.927632	0.773193	1.611717	-1.986473	2.930990	0.107674	-0.011212	-0.891805	-2.280384	-0.408799	-1.926623	0.674103	0.991963
ACAGCATAGAGCCAGT-1_1	2.265247	-1.089020	0.969576	2.445965	1.749421	2.681852	4.209675	3.365612	0.639722	1.818942	-0.310831	-2.195489	0.250178	-1.070665	1.642143	0.583973	-1.692593	2.037780	0.160497	-1.459170	0.757828	2.233435	-2.378857	4.098387	0.795916	0.628470	-1.156496	-3.127868	-0.773033	-2.752150	0.684338	1.329072
ATATTCCCACAGGTCA-1_1	4.353565	-0.455062	0.858448	2.855120	1.955320	2.919581	4.903178	2.969983	1.602119	2.890334	-0.866134	-2.094750	0.577135	-2.836663	1.949450	0.658600	-0.986250	2.005514	-0.466222	-1.211719	1.101107	1.414784	-2.302102	3.495276	-0.366815	-0.314482	-1.200599	-3.084792	-0.520980	-2.185580	0.675990	0.945740
TTGGATCGACTTCTGG-1_1	2.410946	-0.792750	0.565851	2.141418	1.091662	2.513157	3.219886	2.470800	1.003648	2.147516	-0.113125	-1.701044	0.566899	-1.725290	1.498524	0.557071	-0.698938	1.288895	0.044000	-1.083282	0.847699	1.611620	-2.157693	2.790041	0.108209	0.041096	-0.858247	-1.981795	-0.321773	-1.623132	0.930972	0.858029
CACCATCGGAGGAGAC-1_1	4.531167	0.701571	1.098683	3.278920	2.074503	3.844598	4.608645	4.063605	1.409149	3.348164	-0.098140	-3.187530	0.330032	-2.861155	2.272053	0.992729	-1.603680	3.410480	-0.870337	-0.972942	1.519897	1.812563	-2.863950	4.743077	0.105994	0.690636	-1.812667	-4.064986	-0.503722	-3.137633	0.241776	0.535329
TCGTTCGTTATTATGT-1_1	3.523577	0.494598	0.530486	2.405104	0.914764	2.802359	2.740983	2.492955	1.522800	3.076708	-0.018828	-1.896605	0.409818	-2.197784	1.664302	0.391081	-0.503081	2.059889	-0.375817	-0.588108	1.144712	1.407251	-2.334296	2.750207	-0.342932	0.059307	-1.138569	-2.512407	0.303931	-1.554566	0.335657	0.381033
CTTAACTTCGAAGTAC-1_1	5.056149	-0.134156	2.343254	4.420794	2.504859	5.096158	6.353603	5.435720	1.562253	4.320250	-0.256016	-4.842802	-0.261518	-1.697288	3.024428	0.975927	-2.915885	4.922348	-0.078260	-1.347099	1.093556	4.414130	-4.851170	7.785530	1.033236	1.944709	-2.945432	-6.482073	-0.316225	-5.207825	0.158134	1.606849
GCACAAGTGTCGGAAG-1_1	3.856045	0.977913	1.053281	3.170728	0.979714	3.665319	3.447973	3.108835	1.921067	4.171897	-0.249868	-2.684548	0.062584	-2.268200	2.220716	0.336025	-1.053425	3.327371	-0.289955	-0.689430	0.931632	2.007381	-2.857327	4.100689	0.030850	0.773763	-1.625832	-3.733659	0.580967	-2.351380	0.083354	0.778398
TACCAGCTAGGTTTAA-1_1	4.409628	-1.565529	2.584987	6.608345	2.700315	6.553748	5.556783	8.236466	0.557694	5.502814	1.766366	-7.717046	-0.991841	0.616705	5.273704	-1.229605	-5.206762	5.896063	2.923423	-2.523283	0.896611	8.503035	-6.958583	11.255619	3.046701	3.794349	-3.320088	-9.217992	-0.336134	-7.452075	1.087715	3.829915
ACGTACAGATTTCTCT-1_1	2.768861	-1.181403	2.904102	4.074838	1.799645	4.206951	5.098344	5.297860	0.731937	3.745476	-0.252279	-5.233136	-1.458607	1.378377	3.279760	-0.326281	-3.715190	4.055239	1.769146	-1.958418	-0.250854	5.768107	-4.586774	8.527276	2.160263	2.850563	-2.567120	-7.143152	0.145614	-5.562230	0.019367	2.455063
AATTTGGTTCCAAAGA-1_1	-16.340153	-16.818815	19.557262	7.874178	-0.861092	19.021551	11.778337	17.527834	3.566660	2.432831	9.949456	-27.795586	-19.213106	26.997513	18.552114	-4.653649	-19.387144	3.198668	3.480007	-6.175948	-3.259123	34.060928	-35.954327	25.487305	23.168457	27.972525	-2.913732	-29.266085	5.424322	-14.102809	4.110756	3.139359
GTAAGGATTTGTCGGA-1_1	-0.307826	-2.968567	11.432465	9.094951	2.397329	10.664176	5.985391	13.485564	0.748182	6.229010	2.233888	-15.973754	-8.196837	6.517826	7.725867	-4.125147	-9.912692	8.040595	5.338086	-3.660264	1.155717	14.690573	-14.654276	18.889923	11.414924	10.238211	-4.926352	-19.460314	2.851328	-11.311348	-2.341086	2.508567
CATCATCTACCCGGAC-1_1	-16.398365	-15.380986	16.871994	4.414722	2.680422	8.514634	3.982533	9.161324	-4.843536	-13.763057	15.330549	-17.051123	-9.951614	9.784735	7.614691	-7.335636	-9.571026	0.437889	2.091729	3.323119	5.718850	23.606054	-38.176636	9.864553	28.303709	21.563747	-2.118211	-14.449856	-0.070792	-11.753653	2.931014	-7.949277
ACGATGGATCCGATGC-1_1	-8.431386	-9.175039	9.547246	4.588756	3.158669	7.026762	3.140414	7.866356	-2.363400	-7.748702	11.217178	-11.799843	-4.477802	3.966733	5.319620	-3.390566	-7.813072	4.714374	1.944903	1.563220	5.353909	16.526129	-26.343998	7.842806	19.292133	14.357107	-3.960708	-10.645316	-2.210929	-10.315326	3.321064	-4.454721
CACTCAGCTCTTGAGG-1_1	-16.620975	-14.327263	11.308562	3.606425	2.468083	5.726871	1.012151	3.937143	-5.737459	-12.854852	15.205728	-11.265348	-6.240721	7.639463	5.734396	-6.899320	-7.836412	-2.735596	3.784194	3.907335	3.897444	18.629431	-31.014263	4.258066	24.260365	16.921955	0.365768	-8.038404	-0.185104	-9.368756	5.382094	-7.036365
TAGATCCGAAGTCGCA-1_1	-1.266002	-4.482181	6.755819	6.444907	4.094157	9.420633	5.888055	13.027713	-0.544217	-0.152049	3.829702	-10.895520	-4.120195	4.461110	5.758826	-1.203640	-9.017097	8.050208	1.457420	-2.389332	4.388822	12.717851	-14.243690	14.413191	11.239114	9.916417	-5.420155	-14.297744	-2.499903	-10.472833	0.621118	1.736892
TGAAACTTATGCAAGC-1_1	-5.393265	-9.419953	12.305789	7.023857	7.946763	10.061316	6.831838	16.546398	-4.121556	-11.014015	11.664189	-17.384378	-5.708749	4.616601	7.415976	-3.604504	-13.942142	8.396590	2.436590	0.488916	11.169640	22.144552	-29.832897	17.176695	23.909653	19.321802	-7.832079	-19.693314	-5.536246	-16.656019	1.270225	-2.983932
GCGATTCTGGAAGCAG-1_1	5.578777	9.019653	6.441768	6.851668	3.160670	4.282950	0.256094	6.940787	2.446960	11.041711	0.451531	-10.950934	-4.892662	-1.594757	4.246860	-0.416048	-5.499720	8.084115	4.529802	0.710779	-0.996137	6.753222	-4.414857	12.997334	2.412821	6.076046	-3.675241	-12.436879	4.013425	-9.787210	-4.692791	1.381550
CAAACTATTGAGCTTC-1_1	13.755191	21.336950	5.438054	8.077571	5.843068	-0.405335	3.229129	1.435460	4.972460	17.258028	2.091301	-13.902443	-5.616880	-9.456053	0.622060	1.440728	-3.664607	10.279208	10.065130	1.014260	1.401816	2.815390	-3.955211	7.990678	-0.908008	4.709709	1.424440	-17.187361	0.473277	-10.269661	-2.345103	1.142583
TAGAATTAAGGGCAAC-1_1	12.892897	25.362747	5.081795	5.796260	8.010366	-5.265265	4.262615	-1.651373	2.461577	20.429234	-0.147038	-13.745192	-6.200996	-10.630819	-3.668446	1.127928	-3.291479	8.715368	11.147701	-1.925778	0.458807	-0.244740	-0.367879	4.563047	-2.840422	1.423131	4.036583	-15.442734	-1.710045	-7.483611	-0.432058	1.621690
CGAAACATAGATGGCA-1_1	-0.206581	-5.711975	0.954092	2.493201	4.361278	5.613593	7.095015	9.705993	-1.855147	-3.441627	7.906629	-8.799537	0.485202	1.879652	6.652778	0.594413	-6.269154	5.987838	0.636538	-3.119262	4.758629	12.003593	-14.207094	10.514895	9.376337	8.423987	-3.570312	-6.700717	-4.282606	-9.743038	5.182795	1.365535
GATGGTGCCCTAGGCA-1_1	3.135305	-0.169229	0.703659	2.729323	2.215585	3.486328	3.691721	3.917610	0.590708	2.059491	0.973356	-3.097278	0.139205	-1.633582	1.927734	1.036158	-2.053003	3.546536	-0.667478	-1.045871	1.542013	2.518628	-3.162834	4.430197	1.072562	1.222589	-1.802288	-3.840802	-0.924885	-3.169082	0.771352	0.682376
CCCGCAGGGCCCAAAG-1_1	-15.469314	-18.304426	5.355092	-0.424890	2.789869	-0.197866	0.520046	1.784532	-9.861416	-16.542347	19.246265	-10.376117	-2.546863	5.376609	6.301848	-0.082522	-4.525593	-4.773584	6.454621	1.353302	5.357775	21.924984	-32.900642	1.769780	25.801428	16.903563	-1.145750	0.630723	-3.185263	-12.070046	13.543403	-8.230265
ACAGCGCACCCGCAGC-1_1	3.001518	-4.288232	-0.875397	2.359050	2.953080	2.886303	5.770661	5.167164	-0.859320	-1.069713	4.237115	-3.856433	2.373723	-1.451435	3.812237	1.369614	-2.488264	2.096477	0.965552	-2.179742	3.772994	7.816141	-8.121836	5.601700	3.354573	3.314074	-1.198441	-2.504278	-2.184059	-5.660376	4.198020	2.076988
GGTAAATGTGCGTTAC-1_1	-17.291550	-17.697552	7.667868	0.064739	2.227349	2.094678	-0.104418	1.165307	-7.330240	-14.034158	17.968000	-9.683104	-3.103708	8.591613	6.196456	-3.317270	-5.652615	-6.449337	6.504430	2.513235	3.116651	20.276171	-31.871332	1.307248	23.519485	15.154876	1.925793	-1.529281	-0.742526	-11.399586	10.671780	-7.453712
GTCCTTCTAGTGGGTT-1_1	-1.129923	-5.329029	-1.956858	1.358360	1.868495	0.739406	1.918012	1.622486	-0.897783	-2.841357	4.813376	-1.020136	1.078169	1.256306	2.379850	1.275540	-2.111970	-0.326771	2.454832	-0.250959	2.165682	7.058499	-6.361272	2.096427	3.993255	3.025028	-0.865331	-0.574294	-2.774810	-4.229319	5.740977	1.496077
GGAAGCTCGCTTACAG-1_1	-8.704507	-13.129560	0.287621	0.296612	0.467839	0.444136	-2.676834	-1.818481	-4.308735	-7.536728	9.813436	-3.950126	0.772611	5.667112	3.365809	2.620606	-4.114953	-4.960505	5.514097	0.700879	2.488221	14.741190	-17.869495	-3.216861	12.139287	7.100539	1.244395	2.254787	-3.676443	-6.647622	11.773091	-1.801878
CACCGATACACCGAGC-1_1	1.280757	-3.388072	-1.275149	2.609967	2.537522	2.839148	4.102616	3.393239	-0.029169	0.556450	2.161563	-1.818413	1.795227	-0.460131	3.039892	0.685726	-2.944522	1.177971	1.633249	-1.646603	1.979131	5.327652	-4.176432	4.012676	1.776602	1.855818	-0.076125	-2.470545	-1.823527	-4.653980	3.321964	3.419456
CAGCCGGGCCCTCTAT-1_1	-7.944098	-11.927874	-1.031380	0.390026	0.190796	0.547837	-3.079084	-2.742545	-3.248871	-6.146680	7.737825	-2.402511	0.961775	5.422151	2.510514	3.259228	-3.958159	-5.051951	5.002051	0.918873	1.251415	12.714210	-14.497414	-4.218988	9.638671	5.574059	0.910464	2.784018	-4.183074	-4.978951	11.741175	-0.426534
CGGAGCTTATAACACC-1_1	1.664132	-3.918493	-1.598116	3.035228	2.535600	2.998924	4.193792	3.186985	0.448074	1.315820	2.184656	-1.378164	2.388872	-0.405521	3.139012	1.059746	-2.942699	0.462619	2.198817	-1.834443	2.369529	5.530822	-3.973768	3.654001	1.018488	0.874328	0.674789	-2.338688	-1.917611	-5.162050	3.783802	4.260433
ATTACAACTACCGGCC-1_1	-6.149954	-10.284422	-3.873518	1.270460	0.716061	0.300452	-0.858106	-1.855329	-2.476378	-5.459584	6.502148	-0.420565	0.597442	4.418549	2.638383	3.451622	-3.194870	-4.006784	4.604810	0.760472	0.838626	11.452140	-10.632627	-2.043557	7.591512	4.895991	-1.850838	2.148700	-5.110045	-4.172633	12.735981	1.501132
ACTGTGCTAGTAGATC-1_1	-10.935363	-12.356747	-0.019865	-1.452302	1.725876	-2.560701	-0.543739	-1.396944	-8.760362	-15.299824	8.403574	-4.507396	-3.983869	5.992721	4.239241	1.415205	-2.031922	-4.320766	0.338426	3.490873	4.030064	12.795522	-18.891735	-1.646522	16.423969	13.694560	-4.117821	0.807452	-1.133325	-3.804402	9.520588	-6.527342
GTTTGGCCGCTCAGCG-1_1	-11.576166	-11.834990	-1.259995	-0.595432	2.047202	-0.907290	-0.681383	-2.495209	-6.419096	-11.447090	7.161017	-1.410719	-5.298872	6.124015	5.008855	-2.920936	-2.682058	-5.133946	0.922624	4.137392	3.002153	8.981398	-16.887897	-1.634867	16.268259	11.001887	-1.168335	-2.193688	-0.523056	-3.710762	9.856548	-2.981976
TTATCCAATCGAACTC-1_1	-8.390662	-9.391551	1.054692	0.582736	3.080667	0.527110	2.156696	1.317457	-5.656694	-11.254584	7.882511	-4.212848	-3.272765	3.524891	4.339910	-1.554244	-3.057894	-0.553691	0.886844	2.539164	3.858543	10.547833	-16.799377	2.281404	14.291696	11.531754	-3.642703	-2.640545	-1.047611	-5.188254	6.644432	-4.597061
CCGTACCCAAGCGCCA-1_1	0.014261	-1.096850	2.615273	1.705226	2.027175	3.338970	2.590365	5.039539	-0.212937	-0.859065	1.914938	-5.169336	-1.225173	1.335837	2.729146	0.343646	-3.709451	3.521185	0.209342	-0.419835	2.249896	5.218781	-6.574317	6.082852	5.028214	5.023978	-3.126368	-5.588867	-0.981784	-4.884852	0.151131	-0.033049
CATACAAAGCCGAACC-1_1	-0.814169	-2.451269	-0.865295	2.167143	4.227067	2.239665	3.571584	5.459552	-1.692852	-3.881948	3.877389	-3.140454	-0.319495	0.641180	2.086658	1.384891	-4.663414	4.259434	-0.169053	-0.288550	3.615531	5.550857	-5.838215	5.725074	6.160694	5.810841	-3.422432	-4.661281	-2.987858	-5.487593	2.681698	0.113269
GGTCGGTAATTAGACA-1_1	0.069491	0.469662	0.990409	1.322958	1.426537	3.245785	1.915234	3.627640	1.089720	1.112285	1.173454	-3.311271	-0.996618	0.286267	2.033091	1.159379	-2.690779	3.691609	-0.798317	-0.314473	1.679107	2.644970	-3.848300	4.150928	2.966477	3.616596	-2.905894	-3.991074	-0.320142	-3.233721	0.342027	-0.412463
AGCGGGAAGGGTCCAT-1_1	10.125115	18.291094	2.884997	5.140956	5.700497	-3.406517	3.881173	-0.875595	2.300760	15.188382	-0.086304	-9.605610	-3.575006	-8.299808	-2.255097	0.404863	-2.492874	7.134460	8.283963	-1.480508	0.560310	-0.587103	-0.153581	2.718951	-2.092211	0.612442	3.271080	-11.637304	-1.495953	-5.117753	0.199680	1.902125
GCCCACCAAGGCTGTC-1_1	3.351492	-0.562013	0.267701	2.730468	2.131267	3.047805	4.441914	3.320366	0.732985	1.882108	-0.014010	-1.898267	0.901966	-2.335835	1.839434	1.047734	-1.337427	2.226054	-0.596753	-1.173015	1.485055	1.841791	-2.427130	3.638459	0.301372	0.527034	-1.169480	-2.907774	-0.729332	-2.600046	0.946477	1.088599
GTAGACGTCGTTACAT-1_1	1.484408	-1.384423	-1.614534	3.069621	3.523849	2.387288	4.196875	3.788085	-0.718162	-0.186281	1.769218	-0.707300	1.375192	-1.102382	2.362512	2.046581	-3.093020	2.280380	0.112372	-1.066130	2.673629	3.058154	-2.060328	4.335279	1.970047	2.671157	-1.027331	-3.092348	-1.203237	-4.705852	2.148332	2.304817
GAGCATCATCCCTGGG-1_1	2.034419	-1.431790	-1.736479	2.917468	2.399221	1.991233	3.773918	2.483907	0.071900	0.297429	1.496912	-0.519179	1.872172	-1.407140	2.649725	1.963784	-1.562058	1.294522	0.257558	-0.576230	3.048338	3.028635	-2.555424	2.962405	0.813161	2.573516	-0.909832	-1.808810	-0.286994	-4.083148	2.331225	2.525104
AGGTAACCTCCTATTC-1_1	-10.379676	-10.585611	-7.525331	-1.013710	-0.932370	-1.681129	-3.493093	-6.627482	-5.270878	-8.793594	0.584915	3.571352	-3.961615	8.510690	5.335366	3.292770	-2.414209	-6.696022	-1.065779	3.858293	1.025633	6.164704	-10.262528	-6.727797	11.748536	9.046824	-3.978604	0.224403	-2.473765	-1.644287	13.652262	3.019996
GGTTTGAGTGCTGGAA-1_1	-11.304118	-12.522724	-9.545803	-1.673931	-1.389718	-3.563089	-4.832853	-8.004482	-6.992953	-10.877690	1.103189	4.947672	-4.212764	10.093788	6.965191	4.257008	-1.612561	-9.043225	-1.190401	4.827319	2.584807	7.161667	-11.930630	-8.361152	13.493547	10.147820	-3.935151	0.844496	-1.948651	-2.690039	15.757518	4.053478
GGTAACTATGTATCTG-1_1	-3.287872	-4.370142	-1.850069	0.253069	0.345999	0.575216	-0.666309	-1.459956	-0.998423	-2.235170	1.296115	0.418058	-1.197813	2.879235	1.889288	0.310785	-1.864944	-1.601515	0.349435	1.140031	0.505347	3.464821	-4.918164	-1.491508	4.265504	2.715895	-0.806536	-1.040773	-1.247162	-1.173287	4.871410	1.139593
TGCGGCATAGTTCAAC-1_1	3.876195	-0.012812	1.700318	4.220300	1.584416	4.952224	5.232800	4.219754	1.715031	5.130265	-0.962211	-3.471570	0.150512	-1.983779	3.046185	0.523938	-2.008323	4.066148	0.265021	-1.684500	0.052372	3.330851	-3.526782	6.334023	0.600637	1.501655	-2.024870	-5.185831	0.397886	-4.062704	0.592866	1.942552
CCGCCGGTCAACACAC-1_1	4.607330	0.743770	0.835197	4.709544	2.683065	4.296956	4.568516	4.548714	0.639222	4.764687	-0.143487	-3.793176	0.303874	-2.009922	3.124670	-0.165508	-2.938933	4.522414	0.789945	-1.496055	0.045459	3.205760	-2.362027	6.617325	0.678985	1.059130	-1.267330	-6.137859	0.050847	-4.943098	0.174491	2.679435
TCGTATAGTGCAATTA-1_1	2.891442	0.148039	0.275891	1.933510	1.186079	1.578213	2.707134	1.511201	1.145693	2.319920	-0.554881	-1.020819	0.336407	-1.788478	1.279013	0.086421	-0.671504	1.336707	0.179431	-0.620155	0.505160	0.838078	-1.043896	2.004181	-0.432488	-0.401361	-0.374564	-2.145962	-0.116526	-1.512435	0.335429	0.886560
TAGTTTATTCTTGCTT-1_1	4.572095	-0.303734	0.495269	3.682090	1.649495	4.073700	4.340472	3.773586	1.416696	3.715788	0.113403	-2.715635	0.961831	-2.824736	2.241729	0.500928	-1.056579	2.710755	-0.287660	-1.313683	1.422043	2.520615	-3.408138	4.185874	-0.183743	0.068104	-1.258940	-3.525548	-0.158557	-2.585293	1.036635	1.299771
GATATCTCATGCAATA-1_1	7.856631	5.139141	0.437525	5.899148	2.150844	2.944880	4.479173	2.900367	3.386166	7.961630	0.088896	-4.112933	0.382001	-5.696191	2.143093	-0.022756	-0.757422	4.413979	2.435380	-0.815887	1.612573	1.326404	-2.823756	3.486333	-1.176071	-0.291300	0.393904	-6.794789	0.228231	-2.591711	0.415117	1.560780
CGTTTAAGCGGAGCAC-1_1	-3.441988	-5.984637	-1.871054	3.053002	3.811488	1.999247	2.876650	4.124681	-2.610667	-5.914620	8.225241	-3.498121	0.413739	1.436543	2.691140	0.513824	-4.540383	2.303668	2.552809	0.114352	4.438257	9.224093	-10.489991	4.332489	9.206655	7.546693	-3.204735	-2.854705	-4.001966	-6.098386	6.944069	-1.051636
CATGCTGGCTCCAATT-1_1	5.764511	0.421653	0.964280	4.141523	2.503380	4.563457	5.239355	4.818458	1.027267	3.010081	0.997100	-4.336353	0.545105	-3.406094	2.645024	1.315447	-2.054328	4.660090	-0.880458	-0.479310	2.518789	4.022885	-5.229850	6.054302	0.942599	2.276150	-3.080648	-4.865993	-0.588754	-4.151409	0.825144	0.787427
GAAACAGCCATGCAGT-1_1	-12.310963	-15.089934	5.359466	1.070351	2.654055	2.022811	1.191628	3.519829	-8.247639	-13.300136	16.085585	-11.475691	-2.744439	3.197058	6.592199	1.025553	-5.099661	-0.141503	4.006179	-0.660604	5.850825	19.452135	-30.630011	2.804923	24.077856	16.341539	-3.646269	-1.729090	-3.778521	-10.582846	11.698146	-7.773572
AGTTTCGCAGGTCGGA-1_1	1.330334	-0.346152	2.993174	2.506182	4.001699	6.025175	5.219544	8.547313	0.611023	-0.004556	3.365879	-8.639402	-1.519934	1.002378	4.794427	2.454074	-6.349867	7.546337	-0.846983	-0.873378	3.968789	7.708054	-9.953570	10.478230	7.425735	8.180873	-6.175439	-8.942553	-2.085768	-8.800521	0.929912	-0.261871
CTCATGGCTCACAATC-1_1	-4.508305	-6.807479	2.814308	2.294660	4.554446	3.972370	5.118453	8.541867	-3.998087	-8.428522	9.211788	-8.408254	-1.283134	3.108749	5.080322	-0.784687	-6.797349	4.386455	1.260671	-0.926968	5.708693	12.923893	-16.816994	8.991668	13.988460	11.853452	-4.470520	-7.703110	-4.661376	-9.693243	4.470411	-2.340400
AACCGTTGTGTTTGCT-1_1	0.657084	-3.375648	3.064918	3.158687	3.773231	4.660009	4.478538	8.805350	-1.484427	-1.933924	4.880933	-8.022041	-1.254457	1.371370	4.429720	0.282105	-5.459409	5.369765	1.006537	-1.853651	3.752365	9.152658	-10.490401	9.637255	7.607068	6.457061	-3.753778	-7.685104	-3.074623	-7.736485	1.881108	0.656158
ACCCTTCATCTGCGAA-1_1	-9.588605	-11.516035	1.993778	0.108704	0.274354	1.351196	-1.715275	-0.922343	-4.496889	-7.676629	8.178675	-6.118551	-1.769779	4.800343	3.826889	2.784861	-4.038008	-2.436954	2.528900	-0.047440	1.803005	12.778772	-18.196241	-2.312078	13.849500	9.435242	-1.339966	0.690899	-3.476841	-4.783228	10.026642	-3.566138
TGCGGTGAAATTTCAT-1_1	-13.013583	-12.606952	5.327871	3.444514	-0.706730	7.818702	1.318501	2.120715	0.792701	-3.348688	10.472585	-10.502941	-4.418286	9.602573	7.728954	-0.966986	-7.627482	-1.342315	3.426261	-1.057371	0.346087	15.639802	-21.623407	2.807852	14.185576	13.336245	0.346010	-4.827308	-1.927323	-5.622538	10.604918	-2.311443
CAAATTGTCAGCAAGC-1_1	-14.799589	-18.033018	3.907527	-1.066416	-0.315958	2.219665	-2.477083	-0.555664	-5.814427	-10.646797	13.800088	-9.875735	-1.802150	10.453453	6.621309	2.264892	-6.049384	-6.123338	5.359718	-0.514058	2.496229	20.693182	-27.943338	-2.440033	18.839808	13.419013	0.952009	1.252976	-3.466353	-8.405278	14.484344	-5.056340
GAGGTACATCCATCTT-1_1	-5.023195	-5.278740	6.474753	3.320604	-0.526084	6.949109	3.479508	6.186275	1.345491	1.875720	3.381963	-9.585993	-6.360150	8.719410	6.679506	-1.939034	-6.623408	1.714581	1.481935	-1.984577	-1.140875	11.557238	-12.084609	8.825136	7.764607	9.230349	-1.038629	-10.382386	2.224689	-4.924253	1.291461	1.394443
AAATGGCATGTCTTGT-1_1	-12.451774	-13.051480	5.531662	1.821481	0.959727	4.664033	0.166648	0.756107	-2.957893	-7.677344	9.828550	-7.552030	-4.067900	8.074751	6.195716	-2.835237	-5.489267	-3.146720	2.639274	1.396793	2.078075	13.893078	-22.088232	0.749514	15.783041	11.334811	1.773281	-4.503729	-0.142262	-6.449962	7.303312	-4.184600
TCATCCCAGAGGGTGG-1_1	-17.032696	-14.998979	12.426901	4.127800	2.563617	6.693874	1.729910	4.762215	-5.439620	-13.210238	15.110470	-12.277987	-7.102611	8.709219	6.387404	-7.293314	-8.606318	-2.135360	3.524950	4.024567	4.095273	20.084059	-32.779896	5.343299	25.226545	18.267202	0.186036	-9.690333	-0.317010	-10.058769	5.174070	-6.787746
CGTAGCGAATTGTCAG-1_1	-18.686192	-16.584053	9.582780	1.143429	2.647862	4.131155	0.232143	2.145360	-7.054492	-14.411269	17.331978	-10.709625	-5.094866	8.377167	6.327844	-6.158756	-6.895497	-5.433763	5.049118	3.827997	3.331701	18.999088	-32.475769	2.384391	24.991362	16.762548	1.533769	-4.454228	-0.006790	-10.576188	8.241469	-7.691968
CCTAGTTAGTCGCATG-1_1	-13.626231	-11.661372	8.055957	2.441030	2.347641	4.492314	0.503011	2.489189	-4.696942	-10.495927	11.944139	-8.692396	-4.546634	6.217558	4.785650	-4.847198	-6.517005	-1.832769	2.947894	3.071747	2.988902	14.561198	-24.836443	2.612557	19.494005	13.636167	0.081856	-5.802734	-0.582542	-8.063615	5.162001	-5.407729
GAAACTCTAATGAAGG-1_1	4.648790	-2.128950	1.241119	4.414678	4.960937	4.486339	5.390157	9.693035	-2.110924	-1.709428	6.200557	-9.206984	0.528622	-1.191527	5.215929	0.488642	-5.473058	6.607044	0.936849	-1.335386	5.134485	10.118775	-11.135674	10.550322	6.720433	6.426264	-4.389600	-7.742757	-3.553155	-8.733625	2.366430	1.305001
TTGTATCACACAGAAT-1_1	6.909523	1.608756	1.045960	5.243529	2.968704	6.717020	4.382111	8.617739	0.545154	4.873442	5.160828	-9.072929	0.891914	-2.835605	5.928855	-0.074156	-4.324967	7.877679	0.289323	-1.052987	3.542254	7.748779	-9.036736	9.795466	3.204982	4.481336	-3.985121	-7.526451	-0.413387	-7.577351	1.023917	1.641778
TTCAAGCCGAGCTGAG-1_1	-14.090067	-18.263866	2.666608	0.518332	0.525330	1.927593	-2.710250	-0.976830	-6.295585	-10.719369	13.642280	-8.992746	-1.964993	6.830751	5.992368	4.616107	-5.817986	-3.936919	5.070834	-1.027734	2.327379	20.386065	-27.799318	-3.340350	20.721870	13.030139	-1.156710	1.653529	-6.588696	-8.424531	16.636366	-4.329971
AGGTACGATATTGCCA-1_1	-10.754737	-14.225600	1.489103	0.797166	1.739125	0.510309	-0.734964	0.385491	-6.710167	-10.939516	12.980454	-7.409937	-1.038411	3.679516	4.373060	2.948602	-4.114786	-2.268676	5.026035	-0.473572	4.160046	16.677671	-23.338680	-0.669991	18.371317	12.186026	-2.325133	1.723402	-4.947084	-7.993714	13.550299	-5.050938
TTAAGCCGACAACTTC-1_1	-13.592610	-16.915289	3.838631	0.594623	1.969467	2.091403	-1.814621	-0.329809	-6.167552	-10.908825	14.699150	-6.283355	-0.406815	8.079782	5.464287	-2.311931	-5.228442	-6.428720	7.039983	1.372206	3.609147	18.066061	-26.201700	-1.436456	18.429180	9.841219	3.631970	-0.483806	-2.189524	-10.440887	11.396748	-4.298730
GTCTTAGTACAGCCGG-1_1	-12.623055	-14.438897	4.448539	0.429915	1.969953	1.967418	-0.802318	0.164541	-5.333323	-10.246851	13.382533	-5.681268	-1.227690	7.338953	4.907627	-3.419337	-4.540800	-5.997035	5.744406	2.233025	2.563329	15.537813	-23.415367	-0.103616	16.524506	9.584042	3.210666	-1.345460	-0.803968	-8.994052	8.642363	-4.249204
CTACGCCATTTCCGAT-1_1	-13.258829	-14.741631	4.616826	0.307794	2.284709	1.570529	-0.863614	0.030908	-6.208132	-11.796353	12.897149	-5.344177	-2.249773	8.107846	5.243441	-4.216093	-4.492819	-6.235229	4.761576	3.241024	2.925365	15.637294	-24.137959	-0.223404	17.610117	10.244016	2.728068	-2.586213	0.018542	-8.747462	7.763648	-5.066301
TAGTTAAGATAGGATA-1_1	-8.141788	-10.607261	2.201802	0.999248	1.251969	1.585979	-1.151075	-0.139328	-3.554486	-6.725599	8.555925	-3.404378	-0.771383	5.756452	3.963798	-2.084307	-3.376826	-4.047798	3.843192	1.302358	2.351270	11.357800	-16.013561	-0.759882	11.125528	5.943184	2.468432	-1.740200	-0.809135	-6.075695	6.520055	-2.477669
CAAACTACGATAGAGA-1_1	-5.505495	-7.747411	-0.070790	1.166544	0.267682	1.451494	-1.954526	-1.448952	-1.597824	-2.853439	4.921634	-1.182483	0.078688	4.627750	2.768021	-0.527358	-2.782726	-3.538886	3.545341	0.461618	1.278451	7.733922	-9.787847	-2.133298	6.419983	2.446080	2.498285	-0.538536	-1.365779	-3.904664	6.326800	0.248488
TTCGTAATCCCAGCGG-1_1	-8.161713	-10.259321	0.118469	0.915560	0.052988	1.651167	-2.894469	-2.606812	-2.465373	-4.178854	5.769275	-1.722849	-0.546809	6.000716	3.432237	0.012780	-3.481488	-4.837023	4.011229	0.771005	1.012320	9.718579	-12.747421	-3.652552	8.892892	3.475511	2.584497	0.022269	-1.998714	-4.442637	8.562151	-0.006682
GTGAGGAGCGGTTGAG-1_1	-4.576329	-6.866873	-0.386141	0.153211	-0.045754	0.812262	-1.793418	-1.255981	-1.513193	-2.827803	3.658612	-0.930541	-0.459995	4.674253	3.023416	-0.429933	-2.229713	-3.435975	2.117657	0.618100	0.964801	6.737114	-8.379548	-1.952660	5.365081	2.427324	2.002790	-0.801123	-0.974006	-2.891935	5.345650	0.404329
CAATCCCTATACCAGC-1_1	-5.383076	-9.887217	-1.744736	-1.373289	-0.322514	-1.541127	-2.726248	-2.603559	-4.336506	-6.741591	5.785162	-2.400685	0.962865	3.954984	1.722686	5.267192	-2.325803	-4.304096	3.197793	0.510810	1.246227	11.258923	-11.976454	-4.121171	8.108090	5.475120	-0.807454	4.199841	-4.212899	-3.673494	10.480591	-0.824196
AGGGAAACGAGGTACT-1_1	-8.056481	-11.624230	0.329927	-0.628977	0.549577	-0.979943	-2.258281	-1.959633	-5.288954	-8.439156	8.012166	-3.525234	-0.880885	3.910435	3.281939	2.507109	-2.308985	-4.439803	3.409468	1.013609	2.325022	12.119415	-15.852583	-3.042423	12.255718	6.912149	0.359919	2.236972	-3.118674	-5.158629	9.885530	-2.491281
TCCTGCCAACTGGAGA-1_1	-2.084672	-4.764396	-1.773298	-0.060069	0.532362	-0.679086	0.455512	-0.198171	-2.097502	-4.187964	3.692072	-0.784706	0.899087	1.911144	1.487077	2.623951	-1.247369	-1.058562	1.375894	0.505438	1.315735	5.950918	-5.736934	-0.327890	3.723731	4.388731	-2.094937	1.467371	-2.291542	-2.643569	5.613374	0.177393
AATTTGGGACATAGTA-1_1	-4.547111	-8.738057	-2.779024	0.581964	1.566427	-0.945142	0.940782	0.038010	-3.577610	-6.918530	7.215464	-1.593225	0.244271	2.331144	3.044446	3.060988	-2.000847	-1.587910	3.226450	0.248925	2.089697	10.615399	-10.843345	0.351041	8.365400	6.620461	-2.798556	1.653483	-4.541054	-4.962297	10.226828	0.098878
GCTCATTACTGCATGT-1_1	3.026991	-0.457386	-1.226820	1.432518	0.673031	1.408467	1.641615	1.170604	0.490404	1.393476	1.751946	-1.097122	1.320194	-1.854287	1.274003	1.543504	-0.343770	0.574673	0.198493	-0.350601	2.343411	2.700980	-2.472709	1.404397	-0.092941	1.021967	-0.583355	-0.518159	0.372412	-1.744642	1.937381	0.241739
CTGAGCAAGTAACAAG-1_1	1.887014	2.235665	-0.597693	1.779701	0.761260	0.897648	0.852371	0.966807	0.560336	2.136705	0.576021	-1.265566	0.403015	-1.354926	0.629981	-0.012691	-0.688619	1.403701	0.991142	0.062985	0.601704	0.143690	-0.373294	1.107747	-0.130168	0.076432	0.424425	-2.167979	-0.068936	-1.215606	0.148771	0.723478
ACGGAATTTAGCAAAT-1_1	3.070513	4.288010	0.695550	2.103908	1.090311	0.766308	1.020699	0.750796	0.912092	3.190836	0.862478	-2.934333	-0.691289	-2.289961	0.316185	0.568240	-0.832327	2.297519	1.500946	0.495990	0.867111	0.575585	-1.218626	1.992618	-0.075844	1.382405	-0.038164	-3.574211	0.173633	-2.261251	-0.284162	0.060350
GGGCGGTCCTATTGTC-1_1	1.694799	0.399133	0.110655	1.388009	0.921625	1.402060	1.401477	1.684533	0.314461	0.844978	0.783834	-1.623944	0.077363	-1.212175	1.068063	0.478679	-0.855504	1.798405	-0.246399	0.087207	1.044829	1.559274	-1.973448	2.093374	0.743410	1.353097	-1.308218	-1.699758	0.004553	-1.444483	0.278098	0.129693
ATGTTACGAGCAATAC-1_1	-1.663697	-3.637490	0.089394	1.190707	2.669797	1.460134	2.966477	3.112339	-1.502756	-3.842426	4.058223	-2.362859	-0.226397	0.993616	2.483011	0.082751	-2.885900	2.020079	0.688878	-0.075520	1.790875	5.788568	-6.836667	4.024196	5.472089	4.995081	-1.992635	-2.693229	-2.408051	-4.509797	3.088826	0.101294
AACCATGGGATCGCTA-1_1	-7.142129	-8.910527	0.044172	0.980669	1.979016	0.380863	0.427138	-0.228252	-4.347307	-8.423965	5.963902	-2.566732	-2.500226	2.912989	3.605346	0.076680	-2.474886	-1.232844	1.223494	1.792581	2.338418	9.198614	-13.324958	-0.065797	11.504974	8.020892	-2.414141	-1.357399	-2.252886	-3.919100	7.380186	-2.696455
TCGCATCCCTAAGTGT-1_1	-11.213436	-11.388879	1.586448	0.196126	2.410034	0.669284	0.441657	-0.251441	-5.812220	-11.191788	8.436708	-4.337399	-4.589067	4.918005	4.851156	-2.241971	-3.194227	-2.768086	1.136750	2.881170	3.356284	10.593076	-18.607958	0.193828	16.309153	11.595579	-1.839708	-2.375789	-0.685508	-4.863674	8.073855	-4.788211
ACTTAGTACGACAAGA-1_1	-11.731226	-13.932569	-2.379509	-0.667998	1.753672	-1.559960	-1.210849	-3.067351	-8.079913	-13.723569	6.721364	-1.619954	-5.345332	6.921154	6.221261	-0.130456	-2.698112	-5.159417	-0.058066	4.180315	3.575140	11.781688	-18.723871	-3.038125	17.459688	12.162637	-3.298187	-1.651739	-1.805115	-3.919379	12.017019	-2.989976
GAGCTCTCGGACCTAA-1_1	1.808077	0.450563	-0.020159	1.832152	2.391968	3.016139	2.841141	4.183674	0.247918	-0.145806	2.942296	-3.942921	-0.364636	-1.093963	2.328928	1.694414	-2.936747	4.642649	-1.261883	0.056695	3.112034	3.887907	-5.227069	4.753941	3.555846	4.517742	-3.330467	-3.935982	-0.807463	-4.010886	1.272109	-0.515985
TCTATTACGCTGGCGA-1_1	2.531985	-0.367004	-0.198915	2.457746	2.798952	3.387346	4.402650	4.583803	0.118645	-0.618601	2.682492	-3.774216	-0.070432	-1.679591	2.331957	2.246716	-2.905636	4.729887	-1.654563	-0.199100	3.649545	4.550936	-5.963047	5.296079	3.646085	4.964310	-3.701043	-4.081226	-1.117451	-4.148238	1.934024	-0.445877
AGATACGACTTCATAT-1_1	-1.325555	0.222536	3.153529	2.146630	2.066462	5.477719	2.827664	5.650963	1.672739	1.588693	0.963731	-5.797212	-2.529040	1.611098	3.034611	0.808722	-5.005346	5.889164	-0.567204	-0.016877	2.111383	4.614727	-6.668831	7.145574	5.957581	6.522283	-4.703576	-7.460837	0.121914	-5.833378	-0.329390	-0.281891
CGCTATACCGCCCACT-1_1	0.947176	1.754537	2.335411	2.646029	2.235079	5.419838	3.629005	6.036129	1.815537	3.468914	0.449696	-5.579968	-1.793129	0.731760	3.829777	1.671941	-4.494428	6.651727	-0.551823	-0.787867	1.094566	4.053186	-4.873620	8.360672	4.079614	5.540617	-4.383121	-7.448472	0.097453	-6.427348	-0.330647	0.643915
CAGTGTCCGCAGAATG-1_1	5.653807	9.018769	2.055443	4.439863	2.026534	4.118070	2.564113	3.264578	2.562671	7.425337	2.313514	-6.259561	-1.904073	-4.872318	1.328697	2.492284	-2.362522	5.996393	0.562946	0.711182	2.638365	1.694780	-3.839916	6.238711	0.530772	4.308738	-1.698290	-7.971852	1.419298	-5.405366	-1.033803	-1.567135
CCATCCATACCAAGTC-1_1	0.884116	0.142271	0.174534	1.274887	1.430666	2.180768	1.985120	2.434678	0.395719	0.789136	0.659365	-1.709435	-0.115386	-0.566836	1.335793	0.714905	-1.673731	2.376319	-0.584049	-0.484159	1.059148	1.519515	-1.996153	2.703260	1.355664	1.639941	-1.293540	-2.508546	-0.526955	-2.248505	0.494685	0.337177
AACCCAGAGACGGAGA-1_1	3.057725	-0.811004	-0.495954	2.973566	2.376974	3.016972	4.362228	3.260938	0.243176	1.694726	0.262515	-1.499130	1.575547	-1.860050	2.190823	0.892234	-1.897569	2.035078	-0.039409	-1.241179	1.701911	2.461148	-2.187208	3.736231	0.437531	0.931689	-0.635615	-3.013170	-0.807777	-3.619888	1.298469	2.136357
GAAGAACGGTGCAGGT-1_1	-1.730876	-5.906544	-4.273566	2.681223	2.436084	0.974515	3.621551	0.641189	-1.186096	-3.287392	2.949459	1.202573	0.794324	1.826835	3.295029	2.839543	-2.703923	-0.816735	1.472294	1.081684	2.875512	6.391383	-5.244705	1.936691	4.173957	5.117770	-3.321597	-1.389720	-2.554499	-4.872500	7.548168	4.064463
GATAAATCGGTGGATG-1_1	-6.663122	-9.819164	-7.138873	2.212159	2.163371	0.751100	1.295821	-2.039896	-0.386360	-3.126022	5.159379	3.829350	-2.911437	5.651649	6.360670	-1.304206	-3.390642	-3.528276	3.231739	2.290523	2.308169	7.067921	-9.835171	0.553846	10.022247	5.406300	-1.245466	-4.062669	-3.607791	-5.827793	13.500050	7.148133
CAGCTCGTGCTTGTGT-1_1	-16.846512	-17.751913	-12.575217	-0.122778	-0.307842	-0.563819	-6.940003	-12.494629	-3.609452	-6.613369	1.002444	10.459669	-9.080654	17.378408	11.850160	-5.559573	-6.935041	-13.548053	0.573348	9.121692	2.488751	6.110799	-17.121391	-10.434356	19.391176	9.572120	3.062953	-9.438897	-0.610708	-3.344268	20.323912	11.758619
GAGTACGGGTATACAA-1_1	-17.452600	-17.905190	-9.687816	0.807703	0.042006	2.578043	-6.087011	-11.189770	-1.852142	-3.260205	3.411697	7.776540	-8.431451	16.483770	10.837931	-8.490613	-8.583714	-12.767673	3.721695	7.068923	1.643106	7.020604	-19.041264	-8.478779	19.809593	8.034210	6.709230	-9.926118	-0.730680	-4.653140	19.859138	11.142760
AACGATAGAAGGGCCG-1_1	-1.374270	-3.418821	-0.382401	1.533717	1.707770	2.812723	2.084432	2.442826	0.240145	-0.982510	2.952270	-2.101987	-0.081740	1.260464	2.264927	0.383734	-2.930434	1.780766	0.603287	-0.505464	1.648222	4.817702	-5.546567	2.628914	3.651169	3.436891	-1.479192	-2.311910	-1.789362	-3.519949	3.553589	0.933409
TATCCTGCATGGGAAT-1_1	0.658477	-0.603148	1.220919	2.495198	1.784419	4.067895	2.868305	5.136222	0.732363	2.018771	1.291934	-4.166662	-1.010216	0.835082	3.293049	0.501719	-3.135176	4.337781	0.184010	-1.128752	0.877663	4.327887	-4.648721	6.269548	2.951427	3.871532	-2.796912	-5.043368	-0.540025	-4.474833	0.827357	1.106812
AGGCCCATTGTACAGG-1_1	2.526973	-0.498294	-0.936423	2.128506	1.030220	2.467143	2.065006	2.375731	0.723389	1.982913	2.165084	-2.030084	1.135279	-1.842638	1.851050	1.175173	-1.219986	1.732912	0.095498	-0.689511	2.372117	3.076677	-3.092156	2.337547	0.680715	1.547588	-1.077394	-1.518840	0.158177	-2.082956	1.918821	0.446181
CCGGCGCATATTGGAT-1_1	4.026090	-1.528782	-0.928216	3.634866	2.186319	4.094937	4.291144	3.515661	1.095490	3.277833	1.444823	-2.020260	1.948699	-2.560133	2.574785	0.471827	-1.780258	2.072981	0.598342	-1.585086	2.112702	3.566727	-3.544508	3.732898	-0.004908	-0.155334	-0.128094	-2.924710	-0.686639	-3.485138	2.484688	2.552855
ATCTGTAATTGTACCC-1_1	-6.970066	-10.689870	-0.593266	-1.003949	-0.604238	-0.118109	-2.875904	-2.492108	-3.945085	-5.716905	6.793417	-3.881070	0.823504	4.691133	2.074544	5.142410	-3.362203	-4.115076	3.913231	-0.468644	1.289488	12.192063	-14.148032	-4.253893	9.509091	5.850433	-0.326966	4.012279	-4.230281	-4.640730	11.278732	-0.909358
GAGCGAGGGAGTACCG-1_1	-10.031340	-13.079214	2.374272	0.078482	1.524629	0.235960	-1.031936	-0.021486	-6.137943	-9.620387	12.404465	-6.113757	-0.343569	4.197696	3.831383	0.779713	-3.464247	-3.881675	5.613036	0.265310	4.117502	14.941216	-21.364546	-0.752880	16.205084	9.262299	0.582675	1.462483	-2.713357	-8.520205	10.580640	-4.307292
CTTCTTACGTCGTATA-1_1	-10.227077	-11.472377	3.798249	-0.127713	1.442906	0.647023	-0.545478	0.246528	-5.418000	-9.183625	11.074506	-5.927213	-1.452252	4.596334	3.637163	-0.732019	-3.232626	-3.767402	4.232252	1.071762	2.723108	12.965601	-20.019697	-0.062677	15.208320	9.164637	0.728492	0.045796	-1.355839	-7.359446	7.807197	-4.597854
GAAGTGCTGGATAGCT-1_1	-9.790344	-12.061779	3.274825	0.339068	0.885719	2.001650	-1.153045	0.472255	-4.146326	-7.204361	10.516734	-6.324357	-1.011879	5.750858	4.701023	-0.603862	-3.947753	-3.487665	4.330908	-0.235135	2.947594	13.484435	-19.733601	-0.573456	13.929457	8.169986	1.689120	-0.575444	-1.779481	-7.190159	8.555243	-3.614986
GTGCAACAAATGTGGC-1_1	-14.705972	-16.958458	4.491095	-0.542289	1.395534	0.179778	-1.389274	-0.258595	-7.948239	-12.903097	15.720831	-9.218364	-1.969840	6.628265	5.022495	1.326848	-4.390492	-5.287173	6.383864	0.278128	4.189449	19.273739	-28.473560	-1.073766	21.822968	13.591660	0.392739	2.114730	-3.016062	-10.152509	13.428138	-6.728480
CATGCGTTAGACAGAA-1_1	-15.225639	-17.200909	5.068339	-0.383413	1.956043	0.990859	-1.222076	-0.311791	-7.972259	-13.132426	15.946746	-8.218552	-1.777835	6.927941	5.201325	-1.081994	-4.723809	-6.109429	6.553084	1.415165	3.947257	18.711018	-28.820673	-0.960194	21.879766	12.635888	1.748838	0.739836	-2.168981	-10.753878	11.994629	-6.264314
ACACACTTTCTACACG-1_1	-11.128087	-13.809235	2.300003	2.123621	2.542927	1.957390	-0.282449	1.120919	-5.671227	-10.006095	13.010836	-6.919631	-1.241067	4.059971	4.446770	0.792933	-4.822035	-1.435896	5.028955	-0.315306	3.910412	15.877851	-23.272703	0.104967	18.250645	11.499793	-1.556613	-0.467132	-4.514177	-8.448938	12.089781	-4.819268
AGCCCTAAGCGAAGTT-1_1	-11.479580	-15.051737	2.734450	1.723271	3.687455	1.703866	2.130260	3.694612	-7.959376	-13.704128	16.357410	-9.509406	-1.286701	3.329492	6.066786	0.731060	-5.588854	0.291879	5.090087	-0.366042	6.189284	19.641977	-28.508102	3.451750	22.539158	16.036736	-4.315336	-1.423833	-5.165591	-11.064766	13.030231	-6.470398
ATTAATTCGGTCACTC-1_1	-10.577964	-13.783965	1.033574	-1.838482	0.159484	-0.707114	-1.703366	-1.302286	-7.329860	-10.962677	10.625514	-7.495480	-1.061395	5.181970	3.985036	4.596480	-3.483572	-4.027528	3.824763	-0.388863	3.365082	15.821074	-21.487223	-2.615316	16.464594	11.678891	-2.142523	3.819717	-4.126753	-6.310673	13.076829	-4.805368
AACAGGAAATCGAATA-1_1	-10.993164	-15.729637	1.848255	-3.110188	0.545834	-3.303041	-1.331172	-0.272582	-9.563084	-14.741925	13.722395	-8.862243	-1.553523	5.479204	4.847442	4.939755	-2.464986	-5.268188	4.357089	0.284718	5.166753	19.315365	-25.472017	-1.243124	19.567131	14.189614	-2.082956	4.375223	-3.538249	-8.247828	13.394452	-6.882240
ACGTTTAGTTGTGATC-1_1	-10.381219	-14.308431	1.423977	-1.592930	0.462509	-0.289947	-1.918873	-0.853325	-6.348060	-10.465418	11.041882	-6.380108	-0.562355	7.069964	4.621403	1.988131	-3.484008	-5.477759	4.539186	0.287822	3.135570	16.052389	-21.168018	-2.174350	14.826018	10.061072	0.590949	2.340473	-2.941755	-6.982483	11.635984	-4.182548
TCCTTCAGTGGTCGAA-1_1	-12.426348	-15.932098	3.530424	-2.086755	0.784776	-1.196526	-1.558014	-0.134427	-7.859117	-13.011086	13.497686	-8.420010	-2.291738	6.915769	5.541646	1.635208	-3.088634	-5.796100	4.408680	0.645784	4.161602	18.066675	-25.499060	-1.171636	19.038946	12.677833	0.585042	1.944030	-2.248513	-8.354000	11.522603	-6.385746
CGAACGCCCAGTGCCG-1_1	-12.380676	-14.314095	3.132603	0.278514	0.537142	2.549188	-2.125994	-0.999928	-4.357814	-7.951009	10.886406	-6.581890	-1.445231	7.510557	4.892390	0.015034	-4.844179	-4.863562	4.797271	0.084160	2.087614	14.854300	-21.603666	-2.388503	15.308556	9.217320	1.956460	0.283362	-2.537094	-6.972208	11.001050	-3.612401
CCTCGAAGTGGACGGG-1_1	-11.760249	-15.759316	1.595292	1.534796	0.994443	3.275760	-0.997519	0.582462	-4.206667	-8.737498	12.164349	-7.752478	-1.373735	7.136018	6.482600	2.341558	-6.144911	-2.387048	4.436964	-1.081064	2.272014	18.264318	-23.783615	-0.967280	16.830774	12.051089	-1.262606	-0.685862	-5.694856	-7.315024	14.320127	-3.094498
CTCTGTTTGAGGATTC-1_1	-1.554580	-5.845748	-0.872506	2.279598	4.210658	2.369174	5.213846	6.797755	-3.454322	-6.216967	8.981933	-5.481071	1.074302	1.267726	4.252577	0.575322	-5.019933	3.294927	2.081219	-1.269398	5.300812	10.859809	-11.800246	7.653009	9.344442	7.919703	-3.161008	-4.002230	-4.390043	-7.972713	5.836725	-0.554782
TGGGCACGTTCTATGG-1_1	-6.983386	-11.329914	-0.081951	1.698383	2.058018	1.616974	1.168177	2.473870	-4.107034	-7.327827	12.416988	-5.852909	0.891618	2.639008	4.029332	1.494220	-3.904761	-0.968179	5.526968	-1.594305	4.054401	14.572601	-18.312893	1.969608	13.269021	9.279948	-2.041954	0.873811	-4.811227	-7.909249	12.138316	-2.654808
ACTATTCGTCCGTGGT-1_1	-10.365926	-13.255738	1.677883	0.843865	1.238496	1.322478	-0.992592	0.228753	-5.416776	-9.114413	11.310280	-7.003492	-1.267784	4.407739	4.476143	2.609494	-4.364854	-2.050833	4.162306	-0.757261	2.985312	15.354737	-21.378244	-1.042516	16.427034	10.906084	-1.764741	0.872517	-4.713817	-6.897908	12.297129	-4.102047
CCTCTGGCCTAGACGG-1_1	-10.102914	-14.145378	1.140917	0.054008	-0.039706	2.091290	-2.918863	-1.550248	-4.119609	-6.650943	9.850921	-5.775052	0.314841	6.844096	4.313999	2.859253	-4.861698	-4.535763	5.168789	-0.921289	1.847572	15.435063	-19.947815	-3.697640	13.306522	7.536384	1.183114	1.881033	-4.449727	-6.869870	12.839526	-1.853798
CCATAAACAACCCGAC-1_1	-12.655480	-16.577192	3.051137	0.915536	0.621310	3.410815	-2.833835	-0.668299	-4.224864	-7.788342	12.204875	-6.820186	-0.572128	8.836600	6.163954	-0.128306	-5.729743	-5.347146	5.904581	-0.544829	2.446374	17.558367	-24.170023	-2.813957	16.141853	8.692782	3.278658	-0.571821	-3.592467	-8.573170	12.494175	-2.874978
AAATAACCATACGGGA-1_1	-7.484915	-9.424328	0.436393	0.478115	0.636249	0.748049	-1.916848	-1.438245	-3.103438	-5.186320	6.111530	-1.650589	-1.389589	5.782183	3.942862	-1.906062	-2.511379	-4.611217	3.236814	1.115166	1.961573	8.828658	-12.659550	-1.921977	9.384846	4.021943	2.766431	-1.330133	-0.619870	-4.657603	6.651558	-0.902858
AGTTACTCTATCGTGG-1_1	-6.092981	-7.236894	0.435876	0.481232	0.543773	0.847858	-1.386948	-1.202074	-2.289839	-3.949623	4.784607	-1.280559	-1.166810	4.710413	2.892015	-1.835583	-2.140490	-3.641620	2.551731	1.022371	1.407502	6.553555	-9.923801	-1.440038	7.406421	3.434797	2.222100	-1.199079	-0.276274	-3.519767	5.151696	-0.751827
CGTTAGCTCACAACTG-1_1	-7.789992	-9.481617	1.245750	0.017265	0.771836	0.083488	-1.534871	-1.375597	-4.066131	-6.721323	6.816225	-3.003855	-1.428179	3.754797	2.958744	0.166945	-2.106596	-3.668025	2.837376	1.009719	1.764540	9.268117	-13.513931	-2.000376	10.703609	5.657311	1.001118	0.628018	-1.664070	-4.440145	7.198169	-2.449035
GAATGTATGGCAGGTC-1_1	-7.312806	-9.762300	0.786296	-0.054398	0.815817	0.359731	-1.614626	-1.210474	-3.846479	-6.395752	7.629584	-3.222911	-0.157407	3.790919	2.692641	0.529299	-2.530134	-3.786078	3.857519	0.726925	2.314583	9.958160	-13.850636	-1.993938	10.173828	5.572124	1.277997	1.403211	-1.957065	-5.089577	7.988341	-2.173257
GCAACCACCAGACCGG-1_1	-2.375211	-6.334555	-1.785862	0.696629	1.345948	0.338675	0.713952	1.132760	-1.749749	-4.143890	5.895659	-1.746027	1.004169	1.667278	2.044439	1.605322	-1.911566	-0.868027	2.697779	-0.186177	2.105794	8.015355	-8.281034	0.857992	5.468279	4.372119	-1.541664	0.598827	-3.179336	-3.861712	7.161169	-0.248114
TCACTCGTGCAACGGC-1_1	-1.336588	-4.178418	-1.705758	1.606711	2.492061	0.513573	2.164648	2.427350	-1.933439	-4.081914	5.196224	-1.269829	0.977849	0.723149	1.823963	0.414481	-2.444203	0.630416	2.034610	0.096440	2.828705	6.195418	-5.940071	2.945422	4.892635	4.085903	-1.461983	-1.156511	-2.696857	-4.129601	4.499882	0.028809
AAACAGAGCGACTCCT-1_1	5.940903	5.692705	-0.449963	3.437269	1.319929	1.346663	2.638940	1.247823	2.500910	5.568150	1.259782	-2.925957	0.310019	-4.164773	0.754096	1.543031	-0.342650	2.752856	2.324560	0.050974	2.540331	1.227934	-2.361971	1.852611	-0.849528	0.964306	0.600401	-4.687195	0.433177	-2.393557	0.769969	0.503587
CAGCCTCTCCTCAAGA-1_1	7.659171	9.318163	0.190413	4.493083	2.454180	0.468055	3.324179	0.615065	2.953198	8.522833	1.029280	-4.749350	-0.339529	-5.844409	0.063431	1.012450	-0.885972	4.241846	4.114114	-0.335278	2.047355	0.363369	-1.824712	1.717170	-1.408664	0.440175	1.916716	-6.900370	-0.186881	-3.286778	1.014984	1.328755
TTGCGTGAACGCTTAG-1_1	2.863968	0.716309	-0.040657	1.762645	0.614616	2.367407	1.753034	2.031465	1.006916	2.307854	0.762365	-1.919375	0.464414	-1.906834	1.339838	1.001624	-0.419465	1.647759	-0.727487	-0.521216	1.600163	1.470463	-2.226784	1.992798	-0.050655	0.846993	-0.979748	-1.849501	0.438212	-1.221760	0.610033	-0.301851
CCGCCTGCGAATTGGT-1_1	1.650222	-0.271191	0.094157	1.203272	0.836197	1.731585	1.874974	1.635135	0.717080	1.251115	0.428701	-1.089083	0.436979	-1.133542	0.959903	0.717904	-0.590259	1.112914	-0.231882	-0.508545	1.049562	1.235965	-1.707392	1.720267	0.183943	0.306255	-0.607137	-1.343583	-0.178111	-1.355365	0.728987	0.290769
CGGTGGGCTCCAGCCT-1_1	-0.818745	-1.196223	-0.058366	1.044135	0.933427	2.424834	1.500836	2.263946	0.283626	0.454694	1.463174	-2.009173	-0.206517	0.667625	1.616661	0.689657	-2.247671	1.538506	0.280220	-1.061386	1.017549	2.408144	-2.559186	2.397702	2.207705	2.089720	-0.923712	-1.917049	-1.103702	-2.348140	1.944283	0.650985
AGAATTGTTTGACATA-1_1	0.007053	-0.395119	-0.021449	0.589001	0.791874	0.857267	1.079161	1.150292	-0.009332	0.146948	0.316116	-0.602703	-0.016115	-0.023356	0.566821	0.294992	-0.988948	0.769132	0.039299	-0.452156	0.436244	0.744699	-0.761233	1.325849	0.815742	0.621786	-0.354761	-1.025884	-0.495602	-1.133913	0.447241	0.352250
AAATGCTCGTTACGTT-1_1	1.678408	1.760196	-0.092315	1.264652	0.531617	0.684932	0.807060	0.604435	0.717568	1.871933	0.311600	-0.957139	0.070031	-1.251340	0.426600	0.161493	-0.347454	1.076486	0.627970	-0.007748	0.515478	0.223342	-0.540346	0.858589	-0.238718	0.146219	0.238708	-1.680324	0.102795	-0.948033	0.049547	0.313092
CACCTAATAGAGTCGT-1_1	1.537260	1.004628	0.147450	1.374892	1.159512	1.549351	1.623925	1.875879	0.414083	1.342067	0.293572	-1.507899	0.088396	-1.050597	1.000180	0.403088	-1.183049	1.887741	-0.184914	-0.209229	0.684121	0.573866	-0.907747	2.146134	0.428151	0.612555	-0.634982	-2.178577	-0.407002	-1.830539	-0.026254	0.347631
CATTTCTAGCAGACTA-1_1	9.134138	20.324709	3.741181	3.649608	6.799491	-6.357584	3.829057	-2.150567	0.995240	15.721707	-1.169913	-9.218969	-4.899227	-8.023967	-4.992516	0.508241	-2.531731	5.760087	9.539827	-2.486190	0.123982	-1.949411	0.667606	1.572819	-2.954477	-0.259288	3.107789	-10.402679	-1.872381	-4.004350	1.048345	0.880121
CCGAAAGTGGTGAGCA-1_1	3.271471	2.735095	1.315148	2.479037	1.922009	2.992277	1.893281	3.116222	0.803640	3.212661	0.832366	-4.247531	-0.775853	-1.482424	1.915000	0.696306	-2.369195	4.125306	0.286555	0.183325	0.948139	2.055412	-2.446686	4.844796	1.144050	2.304660	-1.837239	-4.947025	0.107080	-4.371928	-0.367930	0.474720
AGTCAGCCACCGCCTG-1_1	5.069321	2.833770	1.528447	3.724617	2.026457	3.636249	2.174381	3.661811	0.995469	4.531249	0.696380	-5.321311	-0.308473	-2.415677	2.631586	0.169962	-2.382851	4.413045	0.713293	0.323666	0.992308	3.134353	-3.336639	5.592349	0.564265	2.568616	-2.308805	-5.670231	0.560395	-4.705163	-0.506047	0.929305
TCATCACTCGAGCTCG-1_1	-0.610530	-2.522003	3.145437	3.332089	5.484110	4.334349	3.689888	8.067019	-1.955741	-2.963991	2.507450	-6.396918	-2.518854	2.373719	3.007355	-0.801597	-7.540756	5.698917	1.620548	-1.297526	3.928236	8.043040	-8.056675	9.587445	7.959860	6.823221	-4.130788	-8.842799	-3.332954	-9.105681	0.528660	1.708391
CTCAGGACTCACCTGT-1_1	-8.477304	-9.725901	2.432302	0.956052	1.951585	1.568825	0.353525	0.975624	-4.223630	-8.730453	8.114284	-5.364771	-2.833825	2.976808	4.049918	-0.504831	-3.288731	-0.879140	1.338175	1.455465	3.275028	10.379009	-16.975092	0.644311	13.762463	10.177835	-1.835778	-1.942250	-1.537199	-4.632655	6.793508	-4.655838
CGGTGTACTTGATCCC-1_1	-1.817507	-2.028679	3.468206	2.871153	2.864789	4.463514	2.630168	6.537868	-0.441619	-0.468062	1.559416	-5.854503	-2.743786	2.886048	3.387154	-0.570286	-5.664457	4.957552	1.162697	-0.959853	1.609066	6.821254	-7.104235	8.183414	7.020650	6.337530	-3.348267	-8.086362	-1.344003	-6.862715	0.091646	1.406297
CCTACGGCTCAGTCGA-1_1	-1.474358	-3.474066	2.433439	2.297949	5.019867	3.816134	4.299132	7.757716	-2.118597	-3.822257	3.337499	-5.845622	-1.734811	2.555762	3.582874	0.260901	-6.840459	5.076413	0.821697	-1.669790	3.324482	8.291952	-8.772238	8.830647	8.281712	7.243133	-3.651819	-7.702164	-3.979854	-8.837225	1.613995	1.233581
GTACTTGGGCACTTCT-1_1	-1.559040	-3.103373	1.067294	1.197463	2.641433	3.618342	3.490237	5.279323	-0.052839	-1.429004	3.171983	-4.718453	-1.183895	1.757445	3.706372	1.218858	-4.194549	4.524454	-0.289631	-1.367417	1.899145	6.570004	-8.012406	5.883122	5.907061	6.253971	-3.840483	-4.682305	-2.253039	-5.612532	2.710445	0.583999
TGATTTCCTCCTGACG-1_1	-1.575305	-0.042923	3.817809	2.617200	1.658773	5.806702	2.765291	6.959867	1.220860	2.457762	0.611996	-7.755552	-3.024380	3.532216	4.953516	0.598139	-5.322067	5.767139	0.205780	-1.080403	0.675023	6.079093	-7.207098	8.926269	6.270804	7.517964	-4.303314	-8.830170	0.756692	-6.112859	-0.582705	0.370023
CCTCACCAATCTTGAC-1_1	-4.888272	-9.498034	-3.226512	0.594379	2.486434	0.663372	3.098981	1.353419	-4.036611	-9.061555	6.922130	-2.821271	0.440670	4.034167	4.023068	3.916553	-3.838343	0.897564	1.119723	0.621095	3.365590	11.963793	-13.263239	1.545682	9.426663	11.009841	-6.545284	0.194754	-4.790130	-5.746336	10.873583	-0.243818
GGTGAGATGCAGATAA-1_1	-0.153693	1.705033	1.879908	2.204304	3.040185	5.815952	3.152682	6.153035	2.132051	2.343572	1.761732	-5.830576	-2.106369	0.173169	3.511500	1.876978	-5.395968	7.353972	-1.354573	0.275814	2.606679	4.218791	-6.352691	7.572709	5.697725	6.701266	-5.516391	-7.749256	-0.417573	-6.580936	0.081947	-0.469150
GCTAGTTTCATTGAGG-1_1	0.892908	-3.187500	-1.806952	1.787348	2.541605	1.213382	3.607876	2.839206	-1.315550	-2.727256	3.285778	-1.638670	1.006920	-0.492962	2.217066	2.180530	-1.766726	1.913681	0.094545	-0.465416	3.488518	5.010261	-5.258918	3.163271	3.285882	4.636350	-2.779439	-1.287355	-1.511494	-4.011638	3.987125	0.726079
AGGACATCGCACGTCG-1_1	4.500021	6.142478	0.771670	3.568176	1.514997	2.025804	2.162982	1.707608	1.803040	5.396696	0.870973	-3.604062	-0.735703	-3.713907	0.986407	0.971415	-1.265919	3.808778	1.302847	0.357323	1.163124	0.780447	-1.821852	3.417152	-0.373364	2.017288	-0.124340	-5.380532	0.633365	-3.261271	-0.581020	0.114433
GTGGACGTGCTGAGAC-1_1	6.228672	3.190353	-0.891654	4.588492	1.787618	3.240876	4.015805	2.782230	2.084864	5.142819	0.388389	-2.374017	1.125384	-4.754805	1.925263	0.952271	-0.430013	3.076521	0.059942	-0.523174	1.972426	0.968591	-2.372967	2.897394	-1.262453	0.097217	-0.132823	-4.270268	0.368020	-1.916910	0.833180	0.710679
TAAGGAACTTGTGGGA-1_1	5.167986	-1.619006	-0.127518	4.138730	2.982388	3.307449	6.624485	3.234597	1.488955	3.059611	-1.000428	-1.556611	2.045003	-3.465292	2.739024	1.171054	-1.232735	1.150861	0.045256	-1.849851	1.922320	2.034765	-2.748128	3.909006	-0.838848	-0.592215	-0.410558	-3.271141	-0.743046	-3.749108	1.646183	2.646995
TCGCTGTGCGTAAATC-1_1	4.406285	2.798224	-1.512118	3.907128	1.405725	3.049388	2.468115	2.405647	1.236955	4.322624	0.474912	-1.884281	1.477034	-3.130271	2.114200	0.051203	-1.125266	2.601656	0.342889	-0.245385	1.257572	1.012031	-1.489833	2.603899	-0.848512	0.421674	0.155530	-3.646100	0.435614	-2.378075	0.565530	1.636638
GCATCCCTAACTTTGA-1_1	-11.608714	-12.395452	-6.949414	1.008113	0.925159	1.279742	-1.981685	-5.835676	-1.535535	-4.194184	3.244730	4.029494	-5.309642	9.060551	6.721018	-1.824350	-5.079227	-6.137453	2.128923	3.687418	0.230106	6.818707	-12.548263	-4.155981	13.365671	6.946426	-0.319722	-4.409006	-3.749713	-3.476646	15.561678	6.570977
CACCCACACGTCACCC-1_1	-4.874585	-7.023920	-5.519559	1.566157	1.475030	0.699269	1.058906	-1.636747	0.055917	-1.632784	3.413434	3.116660	-1.616278	4.713955	4.565078	-0.413975	-2.969213	-2.764827	2.742011	1.402165	0.902897	5.280152	-6.346079	0.480400	6.418212	3.630598	-0.746341	-2.688178	-3.156408	-4.378887	10.030828	6.307000
CCCTCATTCTGGAATT-1_1	-12.086706	-12.169100	-4.088953	1.629945	0.915581	2.427860	-2.829009	-5.677152	-2.126482	-3.471481	4.390319	2.870278	-5.252175	9.448000	6.618949	-5.714508	-5.447960	-6.820161	3.195967	3.686387	1.999496	6.138480	-14.940178	-4.103744	14.808562	6.167073	3.839255	-6.226941	-0.539974	-4.637369	12.374866	4.694199
AGGGCGTGATCGGCTA-1_1	-12.331933	-13.208013	-5.820779	1.034559	0.535940	2.916686	-3.268784	-7.547765	-0.278759	-1.575994	2.539936	5.363372	-6.779453	11.695414	7.510606	-6.159346	-6.330313	-8.409043	2.695545	4.677172	0.402770	5.289494	-14.301981	-5.073111	14.431094	6.543662	4.598214	-7.665379	-0.689199	-4.273350	14.206521	9.192233
TAATATTGAAATTCGC-1_1	-10.994350	-10.527678	-3.701714	1.407006	0.314480	4.331528	-1.898199	-5.813068	0.646464	-0.456580	2.215800	3.090222	-5.177400	9.651538	5.680447	-4.820522	-6.314883	-5.784255	2.398038	3.145123	-1.083571	4.250808	-12.053691	-3.646451	11.639658	6.820668	3.119307	-5.982252	-1.183782	-3.142837	12.107658	7.281127
ACCAAGAACGCGTGTC-1_1	-7.225170	-7.068385	-0.763672	0.715932	-0.729144	6.561420	0.586651	-0.090577	3.133742	2.937814	2.141773	-2.353902	-3.785337	8.651695	7.411260	-2.036839	-7.087496	-1.440925	1.186771	0.788200	-3.257846	6.143621	-10.334998	2.412901	7.304415	9.383603	1.685734	-6.524903	-0.760555	-2.949087	8.237104	7.131298
GATGCTACAAGCGCCT-1_1	-2.531097	-4.069613	-1.684541	1.125438	1.004465	3.695933	1.963772	0.961944	0.774772	1.049961	1.444482	-0.383052	-0.678473	3.440256	3.445791	-0.833006	-3.600006	-0.129342	1.514199	-0.465984	-0.735257	3.882412	-4.815829	2.517771	3.735875	3.680044	-0.405466	-3.073364	-1.617222	-3.413243	5.202098	4.875703
GTTCCAGTCTGACCAT-1_1	1.413891	-3.748492	-1.311615	2.848793	2.900975	3.853969	4.582064	4.906540	-0.257465	0.586961	2.997576	-2.806402	1.881950	-0.402756	3.349319	1.266534	-3.536971	1.908288	1.164295	-2.398522	3.034238	5.956595	-4.952200	4.879058	2.621462	2.575188	-0.604628	-3.160990	-2.167659	-5.186725	3.996642	2.462731
ATGATCGGGAATAGAC-1_1	3.261070	-4.023396	-2.789276	2.950660	3.027645	2.131468	4.404395	3.781766	-0.559919	-0.483669	4.538990	-2.160604	3.040200	-2.257779	2.570721	2.307061	-2.512779	1.150606	1.635697	-1.388096	4.961341	7.040521	-5.921375	3.573427	2.316632	2.434135	-0.666552	-1.435401	-1.881919	-5.128202	5.038093	2.018047
TTGGATTGGGTACCAC-1_1	-6.962640	-14.432978	-1.770924	-2.860597	-0.810754	-3.496327	-3.440264	-2.402966	-7.632892	-10.507291	10.465954	-5.927078	1.874751	4.944419	2.961346	9.234265	-3.043784	-5.415827	5.417769	-0.688996	4.113888	18.737928	-20.003849	-4.536537	13.669083	9.383845	-1.918936	7.028522	-5.862689	-7.286218	15.470754	-2.539798
TACCTCACGCTTGTAC-1_1	-6.941880	-13.780959	-1.629439	-2.636614	-1.190304	-2.655314	-3.709397	-2.750823	-6.413389	-8.812065	9.293871	-5.552993	1.559683	5.024076	2.836945	8.984563	-3.188734	-5.439270	4.963039	-0.778190	3.292041	17.362860	-18.433369	-5.006955	12.311576	8.257808	-1.361337	6.711975	-5.597670	-6.403838	14.890828	-1.701902
CGTCTGGAAGGGCCCG-1_1	-7.233664	-8.363400	2.667412	0.682199	0.933546	1.467996	-0.979399	0.069664	-2.732749	-5.451405	6.845579	-3.769850	-1.318948	4.382030	3.235157	-1.146193	-2.947708	-2.459127	2.462558	0.746228	1.559258	9.048256	-13.667977	-0.588561	9.848620	5.783231	1.418973	-1.499726	-0.915098	-4.599170	4.987595	-2.607287
ACGTGCGCCTCGTGCA-1_1	-6.974900	-8.466247	1.937399	-0.138143	0.581950	0.234987	-1.446894	-0.790598	-3.270036	-5.890305	6.337338	-3.284478	-1.307641	4.004920	2.781086	-0.024264	-2.138417	-3.267277	2.419044	0.904150	1.558707	8.748204	-12.726452	-1.484555	9.482500	5.387346	1.350234	0.048031	-1.075922	-4.157022	5.629683	-2.520232
AGAGCGGGCTAATCAT-1_1	-16.743816	-17.901728	5.845471	-0.669109	1.750450	1.169118	-1.138473	-0.455730	-7.835648	-13.437816	16.472752	-8.715513	-2.637042	7.673063	5.672781	-1.682581	-4.618843	-6.994252	6.590222	1.579787	3.072394	18.919434	-29.656544	-0.837215	22.515629	13.322473	2.319134	0.881115	-1.950045	-10.594062	12.304124	-6.499466
GCGTCGAAATGTCGGT-1_1	-7.176085	-8.129930	2.287399	-0.665493	0.910180	-0.068785	-0.197653	0.191202	-4.309870	-7.090530	7.828164	-4.544991	-1.304748	2.996224	2.738572	-0.086011	-1.879904	-2.727125	2.644970	0.645840	2.310644	9.108138	-14.056243	0.073607	10.977796	7.088828	-0.007940	0.615657	-0.932907	-4.843226	5.817443	-3.602472
AACTGATATTAGGCCT-1_1	-7.104393	-7.875302	3.309578	1.464443	2.820053	2.400794	2.353206	3.512002	-4.073135	-9.161498	8.094705	-7.610218	-2.798308	3.428189	4.759914	0.082266	-5.252295	3.145824	0.421976	1.179589	4.370586	12.285365	-19.022120	4.013521	15.326689	12.716348	-4.524654	-5.063344	-2.296432	-7.051000	4.997850	-4.397708
CGAGCTGGGCTTTAGG-1_1	-10.819286	-14.168011	2.287594	-0.952085	2.037858	-1.885663	0.503523	1.809443	-9.502807	-15.163383	13.796110	-9.777755	-3.062158	2.779851	5.282146	3.919943	-2.910924	-1.192144	2.680608	-0.176401	5.900428	17.860235	-25.935556	1.150964	21.772932	16.448072	-5.125951	1.590890	-4.296185	-7.659481	12.401481	-8.240840
GGGTGTTTCAGCTATG-1_1	-10.610707	-14.466866	1.095908	-4.049979	0.585686	-4.136270	-0.620960	-0.322281	-10.490139	-15.890826	12.563554	-8.944048	-2.125725	4.754095	4.422589	5.242418	-1.713357	-4.758566	3.014959	0.437134	5.387358	17.667547	-23.915628	-0.932986	19.283213	15.286832	-3.756590	5.107981	-3.213032	-6.795224	12.809582	-7.734336
TTAATTTCAGACGCGG-1_1	-13.895948	-16.461029	4.377184	-3.360604	1.762393	-2.647501	0.013823	0.569583	-11.056442	-17.470758	15.939373	-9.833895	-3.031384	5.840717	5.492365	0.882287	-2.608859	-5.912000	4.189088	1.855886	5.788997	19.169123	-29.084261	0.498617	23.260796	16.277225	-1.387333	2.396259	-1.343743	-9.569498	11.194187	-9.057903
ACTGCCGTCGTAACTC-1_1	-14.267680	-19.090679	2.906342	-2.535904	0.812472	-2.153096	-1.405400	-0.093330	-10.661020	-16.464947	16.760386	-11.143832	-2.223047	6.445605	6.267576	5.000338	-3.864640	-5.434570	5.414739	-0.218793	5.985986	22.869781	-31.315701	-1.325049	24.335056	17.021656	-2.298834	4.101487	-4.504986	-10.090082	16.330713	-8.065288
GTGCACGAAAGTGACT-1_1	-14.745818	-18.773600	1.698468	-0.776616	1.536438	-0.775117	-2.076068	-1.739222	-9.294669	-14.992099	14.770906	-8.133198	-2.297163	5.303344	5.449337	3.821915	-4.094367	-5.290529	5.297230	0.723415	3.939658	19.819185	-28.185230	-3.106460	22.831764	14.593708	-1.637711	3.578812	-5.794471	-8.613699	16.783268	-6.122652
ATCTCCCTGCAATCTA-1_1	-1.563961	-7.191698	-1.968079	2.835870	4.956286	3.361557	6.342393	6.907852	-2.981521	-5.346836	7.598060	-4.426955	1.993863	1.495322	4.956304	0.557413	-5.530884	2.632643	2.543662	-2.264186	4.549515	10.769965	-10.553924	7.708616	8.306897	7.010277	-2.401745	-4.035438	-5.328528	-8.463070	7.171856	1.681433
ACGCCAGATGATTTCT-1_1	-11.474406	-16.861511	-0.234866	-0.337553	2.214242	-1.863108	-0.658364	0.147249	-9.441334	-15.546976	14.336587	-7.950992	-2.050551	2.877280	5.326321	5.545453	-3.633602	-2.520626	3.819231	0.274637	5.033841	19.657518	-26.142986	-1.117784	21.814934	15.726187	-5.012014	3.111882	-7.043578	-7.720392	16.542362	-6.170712
AGCTATTTAATCCAAC-1_1	-10.463278	-17.536800	-1.732624	-1.572894	-0.139346	-1.913837	-3.643187	-3.271159	-7.895809	-12.867928	11.562736	-5.787043	0.637564	6.495314	4.068919	8.044426	-4.685168	-6.160742	5.226239	1.092478	3.279520	20.533339	-23.256664	-5.406239	16.656227	12.217771	-2.438969	5.643045	-6.712630	-6.764627	17.843975	-3.208589
CTGCGTTACGATATAA-1_1	-7.446333	-9.378301	-0.328582	0.493258	0.522499	0.838825	-2.276105	-1.999542	-2.548820	-4.343821	6.097269	-0.914772	-0.974683	6.203023	3.746703	-2.118408	-2.849890	-5.255182	3.923133	1.352977	1.885161	8.388356	-12.199687	-2.280391	8.862204	3.654373	3.441204	-1.169683	-0.593496	-4.709850	7.308856	0.136398
TAATAAACAAGGAGAT-1_1	-9.052000	-14.498575	0.603487	-1.880922	0.608875	-1.709272	-2.622250	-1.579203	-6.704907	-10.864860	10.985328	-4.690747	0.416955	6.815645	4.206229	1.993699	-2.904620	-6.692007	5.199088	1.262425	3.797082	16.297760	-20.113733	-2.890438	13.685863	8.387270	2.065745	2.929101	-2.494076	-7.547067	11.093649	-3.403136
AACCTTTACGACGTCT-1_1	-11.063638	-15.417486	1.346178	-1.483399	1.552861	-2.090617	-1.607947	-1.064471	-8.602380	-13.480494	13.209890	-6.377684	-0.962318	4.543849	4.211462	2.451798	-2.679890	-5.390059	5.199654	1.204531	4.887195	17.016865	-23.524385	-1.930337	18.533749	11.572432	-0.274679	3.403865	-3.346263	-8.386428	12.702721	-5.598373
AGTCCCGCCTTTAATT-1_1	-11.735814	-16.991259	0.861021	-3.017066	1.847777	-4.853892	-0.492305	-0.120703	-11.521975	-18.482874	15.038528	-8.398184	-2.832078	3.435343	5.356108	4.709661	-1.368079	-5.125402	3.676235	1.484239	5.891540	19.652218	-26.745790	-0.555122	22.462095	16.550552	-3.616038	4.691100	-4.528268	-8.007393	14.691941	-8.147403
TGAGATTAGGCCCTAA-1_1	3.255818	-4.610393	-2.063399	1.703836	2.931755	1.033402	4.383837	4.730358	-2.125345	-3.360917	6.133828	-3.138057	2.717614	-1.849976	2.728198	2.188920	-1.514364	1.558100	1.446132	-1.390676	5.256577	8.506788	-8.899335	4.543863	4.268061	3.860197	-2.136669	-0.955938	-2.081894	-5.494170	5.410947	0.222184
AGTGTATTGCGCATTG-1_1	2.246369	-1.337358	-0.980916	0.913718	0.941208	1.124170	1.766119	1.877732	-0.108747	0.092724	2.526348	-1.770854	1.150710	-1.455711	1.490258	1.436680	-0.485241	0.917151	0.211556	-0.735351	2.458184	3.416599	-3.732633	1.721456	1.095805	1.633437	-0.972201	-0.422628	-0.354081	-2.205360	2.439132	-0.003010
GTTGGATTCAGTGGCT-1_1	1.726223	0.100511	-0.279314	1.798979	1.466902	2.399199	2.218225	2.432974	0.518044	1.384753	1.270448	-1.708722	0.257067	-1.327968	1.456355	0.973245	-1.442232	2.396204	-0.502473	-0.613847	1.483400	1.741351	-2.100508	2.637361	1.003032	1.286416	-1.113606	-2.286558	-0.194290	-2.002314	0.989837	0.346658
TAAAGCTGCAATAGGG-1_1	1.062458	-0.609686	-0.408165	1.358310	0.876715	1.670921	1.399182	1.735543	0.596760	0.705164	1.244992	-1.337187	0.259839	-0.818043	1.099617	0.746611	-0.873375	1.330437	-0.118766	-0.330510	1.543849	1.867633	-2.348755	1.632587	0.931866	1.216195	-1.028083	-1.342412	-0.142444	-1.246246	1.287006	0.090022
AGTAGGAAGGAAGTTG-1_1	0.685703	-0.105535	-0.105726	0.856481	1.017523	1.354862	1.319060	1.535894	0.180606	0.501328	0.612410	-0.933686	0.173723	-0.398154	0.820953	0.422393	-1.141014	1.302389	-0.164433	-0.355191	0.830515	1.051685	-1.162583	1.646966	0.751360	0.714328	-0.549551	-1.480349	-0.468547	-1.584346	0.519137	0.376381
TATCACTTCGAGTAAC-1_1	1.491950	-0.123789	-0.214645	1.378485	1.350352	1.453480	1.822865	2.032875	0.160918	0.868404	0.615089	-0.961503	0.594767	-1.043457	0.901066	0.398175	-1.148461	1.184419	0.065528	-0.553059	1.037173	0.997254	-1.001314	1.959269	0.417965	0.066971	-0.319984	-1.600722	-0.619602	-1.767551	0.549886	0.620943
TGATCTACGCTGATCT-1_1	2.700069	0.289875	1.249429	2.850562	0.888986	2.641299	2.913567	2.750065	1.434528	3.895588	-0.742585	-2.033869	-0.137078	-1.557734	1.822956	0.067284	-1.076692	2.670856	0.814627	-1.196729	-0.016723	1.910032	-1.679124	3.921657	0.384234	0.436372	-0.981311	-3.373662	0.491042	-2.377822	0.067524	1.463315
GGATCATCCCGTACGC-1_1	0.729397	-0.576985	-0.084253	0.936206	0.750347	1.189770	1.388830	1.274823	0.166391	0.611528	0.283380	-0.676920	0.380993	-0.350626	0.750791	0.176538	-0.797111	0.696709	0.275844	-0.482743	0.577106	1.164116	-1.075918	1.463783	0.408255	0.271950	-0.233281	-1.106987	-0.439221	-1.371963	0.671663	0.755544
AGCCCTTCTAATCCGA-1_1	1.754969	-0.870699	0.100990	1.445989	1.446520	1.306328	2.667260	1.738461	0.361772	1.127049	-0.254169	-0.753001	0.618970	-1.194807	0.838855	0.351712	-0.984787	0.627408	0.278223	-0.930010	0.552601	0.954481	-1.002963	1.974375	0.122509	-0.325302	-0.278821	-1.370652	-0.605130	-1.757187	0.664814	1.076045
TTGAACGAATCCTTTG-1_1	1.478977	1.393355	0.006766	1.159393	0.584969	0.549149	0.807502	0.533602	0.613392	1.606186	0.154257	-0.904029	0.049896	-1.144753	0.444169	0.025615	-0.384317	0.963681	0.560844	-0.000782	0.325667	0.129219	-0.384404	0.776194	-0.203645	0.066973	0.140732	-1.498999	0.007895	-0.842039	0.002236	0.299694
GAAATACTAAACGTTT-1_1	1.691000	1.694800	-0.252960	1.767095	0.604032	1.263835	1.120089	1.142248	0.717748	2.264480	0.172904	-1.134925	0.342449	-1.281919	0.861233	-0.084275	-0.706184	1.512362	0.508120	-0.171996	0.376359	0.313499	-0.514412	1.371961	-0.106298	0.189290	0.141536	-2.083554	0.128045	-1.153430	-0.027206	0.639251
CCCGCGCAATGCACCC-1_1	2.744632	0.370865	-0.057634	2.363672	2.147686	2.028934	3.688708	2.683186	0.514375	1.713230	-0.172028	-1.510195	0.741712	-1.941314	1.384721	0.736449	-1.526802	1.886411	-0.312042	-0.899646	1.003354	0.539439	-1.122799	2.928438	0.124163	0.021976	-0.384014	-2.676511	-0.936406	-2.393705	0.386976	0.917615
TTCGGCTAGAGATGGT-1_1	2.393919	1.603769	0.221398	1.663255	1.447666	1.851014	2.121824	2.120586	0.630584	1.848170	0.309954	-2.045790	0.130417	-1.609319	1.201168	0.551280	-1.281389	2.160490	-0.270384	-0.185178	0.891969	0.366135	-1.030851	2.428582	0.157002	0.540721	-0.676404	-2.628594	-0.542891	-2.153558	-0.020726	0.264372
GACACGAGTTAGAGGA-1_1	0.888174	1.512587	1.063838	2.007035	2.925027	3.361945	1.660162	4.444705	0.458876	0.916376	1.862781	-4.297922	-1.343854	-0.507861	1.924318	0.993815	-4.048454	4.890477	-0.240196	0.185622	2.400136	2.792077	-3.486664	5.164727	3.669633	3.848012	-3.049330	-5.428786	-1.210478	-4.976989	0.119943	0.234649
GAGGTCCCAAAGATCT-1_1	2.432357	4.926045	3.151941	2.229631	2.009417	1.933582	0.201898	2.579114	0.918995	4.661462	0.464199	-5.865028	-2.618441	-1.160096	1.591973	0.365411	-2.759352	3.877041	1.669373	0.572526	0.216123	2.940679	-2.638013	5.667332	1.602352	3.681558	-2.082792	-5.957505	1.344758	-5.085994	-1.931762	0.077673
TAACTCCATGGAGGCT-1_1	0.267908	3.776547	5.153247	2.487534	2.808903	5.033417	1.450319	4.990621	1.849872	4.140819	0.709095	-8.723235	-4.338217	0.439181	2.789320	0.351834	-5.307558	6.514420	0.634703	0.834855	1.648637	5.049909	-6.980513	8.128862	5.720660	7.292269	-4.832389	-9.450450	1.345246	-7.139079	-1.934380	-0.584796
CTTGTTTATGTAGCCA-1_1	1.865242	4.718750	5.874901	5.504634	2.622353	3.998596	1.887785	6.668990	2.080888	8.645876	-0.989457	-9.279774	-5.215822	1.722413	4.926818	-0.953438	-5.793921	6.091918	4.122613	-0.552693	-2.762515	6.953316	-4.350619	12.419124	3.383152	5.523276	-3.081187	-11.395436	3.900016	-8.277970	-3.856608	2.383793
GATGGCGCACACATTA-1_1	-1.269256	-2.850002	1.480129	2.329418	3.863633	5.242532	4.460680	8.783450	-0.541032	-1.155362	4.438365	-7.129166	-1.374508	2.341941	5.161079	0.913277	-5.935900	6.571461	0.184111	-1.990386	2.783125	8.216872	-9.561843	9.568418	7.785870	7.650304	-4.551374	-7.413342	-2.526014	-7.966334	2.479098	1.122825
ATAATAGTGTAGGGAC-1_1	-2.375069	-2.795584	7.860438	5.776128	2.308703	10.001440	6.224284	11.831888	1.443211	5.309849	-0.368302	-13.302185	-6.334890	8.096558	8.527450	-0.604387	-9.651556	8.711548	2.550764	-3.568285	-1.136410	12.458530	-11.947927	16.818781	9.743738	11.231071	-5.623514	-16.411770	1.589005	-10.835697	-0.717913	3.505969
CGCTATTCAATGTATG-1_1	-12.105440	-16.804083	0.816142	-3.158996	0.825497	-2.962337	-1.942466	-1.371603	-10.370760	-17.949280	11.385116	-8.289585	-3.086604	7.170988	5.114295	5.524569	-3.842533	-5.090765	1.232269	2.950089	4.904451	19.670349	-26.164831	-2.935422	20.366175	17.577541	-4.752299	2.781414	-3.502831	-5.372894	13.509634	-8.111742
ATATTGCTGTCAAAGT-1_1	-9.416407	-12.288309	-1.498457	-0.070139	1.187988	-0.139535	-1.260129	-2.100094	-6.440576	-11.565779	6.242764	-3.449567	-2.672590	5.179999	4.047595	3.052882	-3.539991	-2.958990	0.723138	2.322832	1.897530	12.600525	-16.687057	-3.034185	13.916622	11.050779	-4.382430	0.551628	-4.099349	-2.787799	11.692714	-3.562957
GGATTCAGTACGGTGG-1_1	-9.404716	-14.858540	-1.514197	-3.426923	0.389985	-4.671207	-2.133759	-2.267929	-9.950854	-17.278137	8.761826	-5.205273	-2.249520	7.411993	4.923750	6.177474	-2.183037	-5.988502	0.219496	3.791098	4.792625	17.129047	-20.845007	-3.643013	15.947712	15.265154	-4.727477	3.385027	-2.617614	-4.036769	12.087355	-6.009551
TTCTTAGTGAACGGTG-1_1	-8.854322	-14.604428	-2.352895	-3.444251	-0.501734	-3.819240	-2.843902	-3.083088	-9.193634	-15.462708	7.283437	-5.629754	-1.325807	6.859292	4.154066	9.135540	-2.864308	-5.021688	0.214876	2.240885	2.976587	17.047642	-19.802956	-5.190100	14.825601	14.776386	-5.989788	5.005581	-5.301215	-2.911528	14.311864	-4.837396
AATGGTTCTCACAAGC-1_1	-11.301992	-16.489101	-4.010546	-3.321656	-0.215363	-5.438770	-4.797497	-5.290885	-9.570423	-14.994455	6.956439	0.705107	-2.985861	14.003330	8.168350	1.062902	-1.675968	-11.342665	1.100806	5.122964	5.556784	14.915820	-19.907429	-6.639781	14.959818	10.355915	1.236757	-0.203165	0.879974	-6.574363	11.882588	-0.410956
TATACACGCAAAGTAT-1_1	-9.788937	-16.550352	-3.650437	-3.336082	-0.038739	-5.659307	-3.695751	-4.803474	-11.569293	-18.700129	7.515401	-3.978322	-1.483431	7.316855	4.271221	10.193306	-2.532418	-6.286157	0.149653	3.911723	3.815660	18.594345	-21.403877	-7.020868	17.030922	15.561171	-6.811331	5.635972	-5.594120	-3.658503	15.939228	-4.894342
CTTCATAGCTCAAGAA-1_1	-8.487853	-14.943398	-3.753653	-4.288067	-0.064923	-6.916592	-2.753246	-3.255154	-11.627604	-18.981283	8.861499	-2.954468	0.685211	9.390429	4.892807	7.654759	-0.820625	-8.173112	1.292312	3.952666	6.308164	17.320505	-19.699802	-4.950817	13.975515	14.849957	-4.324876	6.126545	-1.802317	-6.269880	12.739749	-4.646781
CAACGGTTCTTGATAC-1_1	-5.350469	-9.257706	-6.938559	1.809124	2.323817	-2.470804	2.706149	-1.290987	-5.079937	-9.984677	6.496353	2.508793	0.547210	5.061076	4.840968	3.434321	-1.562522	-2.672874	2.602009	3.047260	4.700773	9.570854	-9.755037	0.559704	8.708649	9.754033	-6.111681	0.767589	-3.352598	-6.403027	12.116384	2.933709
ACACCCGAGAAATCCG-1_1	-11.804997	-16.416714	-8.140168	-3.029082	-0.110275	-6.672717	-3.126685	-5.235044	-12.098138	-19.974049	7.872981	0.716926	-0.596796	12.637014	7.664268	6.563628	-0.791224	-10.040318	0.867089	4.815819	6.036508	15.640544	-19.130375	-6.329931	15.418944	16.467730	-5.953335	4.987424	-2.244205	-6.159735	17.018559	-1.495167
TCTATCATGCAGTTAC-1_1	3.568981	-1.718751	-1.991113	3.304172	2.639189	2.168952	4.658567	2.768933	-0.026866	-0.020131	1.836957	-1.243020	1.909971	-2.586721	2.506836	2.579476	-1.215962	2.019531	-0.479068	-0.383213	3.782745	3.951140	-3.998907	3.179701	1.051267	3.357265	-2.018729	-1.830125	-0.285988	-3.687653	2.965070	1.693725
CCCGCCATGCTCCCGT-1_1	-0.957857	-7.316772	-4.002373	1.679819	2.700612	-1.351421	4.202623	1.707472	-3.869687	-8.022335	5.999344	0.111094	2.327509	2.518935	3.121548	4.983466	-1.669577	-0.584754	1.716662	1.633025	5.142336	9.692505	-8.581554	2.818973	5.508982	8.384034	-5.420208	0.584160	-3.000863	-7.089527	8.022355	1.908799
CGCTTCCACTGAAATC-1_1	4.659387	5.521066	-2.027162	5.264918	1.897821	3.657908	2.972521	3.152838	2.084221	6.491731	1.252566	-2.303066	1.446726	-3.846917	2.486724	0.283256	-2.075761	4.122543	1.521229	-0.317984	1.397852	0.343002	-0.946105	3.482747	-0.608424	0.336412	0.937759	-5.718590	0.383391	-3.034436	0.417731	1.958998
CACTGTCCAAGTGAGA-1_1	4.312365	5.801031	-0.755992	3.987567	1.315577	1.830921	2.768083	1.766442	2.181613	5.312699	0.993033	-1.953083	0.102621	-4.037162	1.009905	1.581602	-0.803036	3.233466	1.564744	0.150756	1.728697	0.339497	-1.189609	2.625554	-0.445019	1.363519	0.274804	-4.692104	0.765203	-1.895081	0.166170	0.296369
ATTACTAGCCTCTTGC-1_1	5.097782	-2.468386	-1.109055	5.359486	3.889402	4.753983	7.074009	4.837551	0.964854	3.327168	0.539263	-1.922395	3.018976	-3.155431	3.747869	1.197280	-2.627803	2.211603	1.087631	-2.408598	2.782018	4.426172	-3.886289	5.644175	0.105272	0.162028	0.042725	-4.522457	-1.333191	-5.940175	2.821207	4.751247
CATAGTAGCATAGTAG-1_1	4.607906	4.077509	-0.377592	3.975400	1.345049	2.312563	2.732440	2.281740	2.163187	5.363310	0.455047	-2.329236	0.422231	-3.480914	1.614044	0.327689	-0.771301	3.294894	1.293665	-0.563947	1.143010	0.643625	-1.546211	2.581033	-0.622390	0.141892	0.501742	-4.654776	0.403166	-1.917032	0.168507	1.086496
CAACTCCTTGATCCCG-1_1	-1.232943	-5.042319	-3.230086	4.000971	3.823829	4.670074	4.972954	4.303663	-0.459358	0.113537	3.049825	-1.352803	1.812913	1.844165	5.139724	-0.635012	-5.464885	1.192611	3.068273	-1.389783	1.726032	6.881659	-4.897346	5.837969	3.834294	3.729201	-0.607816	-4.528973	-2.916844	-6.588815	5.795450	5.975769
AAGTAGAAGACCGGGT-1_1	3.856824	2.158905	0.351724	3.953000	1.099253	4.356118	3.227380	3.112806	2.198061	5.305163	0.219036	-2.843241	0.403370	-2.701161	2.877985	0.438504	-1.636782	3.559453	-0.220566	-0.743438	0.997968	2.040452	-2.698160	4.298057	-0.090043	1.458454	-1.179964	-4.455263	1.178753	-2.595953	0.047998	1.030150
GCGGGAACCAGGCCCT-1_1	0.026351	-2.769148	-1.783638	3.453770	2.633836	5.405216	4.053347	4.437409	-0.092241	1.675146	2.063626	-2.577086	1.279222	1.210929	4.542151	-0.880613	-5.000551	2.781239	1.781802	-1.359940	0.594059	5.813127	-4.260325	5.754332	2.656894	3.624158	-1.268050	-4.434663	-1.773841	-5.513562	3.821259	4.853747
ATTAGATTGATAGCGG-1_1	2.830564	-0.803536	0.145235	2.459853	1.455182	2.884356	3.550986	2.470602	0.884733	2.108280	-0.220346	-1.409544	0.881017	-1.737348	1.617829	0.355073	-0.961366	1.633005	-0.043744	-0.962294	0.898334	1.923884	-2.367384	2.963149	0.030928	0.106382	-0.752598	-2.418308	-0.357499	-2.114414	1.061180	1.479751
CTCGGTCCGTAGCCTG-1_1	1.953949	-1.814608	0.286786	2.885688	1.330354	5.176825	4.524811	3.619547	1.156137	3.324694	0.347761	-2.797914	0.669304	-0.600918	3.263483	0.287087	-2.613052	2.528378	0.542449	-1.793578	0.527558	4.199834	-4.219792	4.855971	1.142046	2.116544	-1.725586	-3.401122	-0.654235	-3.889191	2.509458	3.095081
TGGCTTTGGGTAGACA-1_1	5.093589	-2.092771	0.198972	4.038815	2.702626	4.827868	6.441481	4.736671	1.465754	3.151247	0.389215	-2.766838	1.917135	-3.209536	2.715034	1.297238	-1.726730	2.416577	-0.254812	-1.965433	2.513505	3.813303	-4.635818	4.938728	0.094132	0.134213	-1.244229	-3.736200	-1.192189	-3.716185	2.283086	1.901534
TATCCATATCATGCGA-1_1	5.407963	-2.467913	-0.552001	4.939163	2.845696	5.616988	6.729822	4.541357	1.590919	4.517325	0.967605	-3.024137	2.228321	-3.408965	3.423535	0.547269	-2.262304	2.929566	0.666159	-2.397929	2.184868	4.751888	-4.979259	5.348786	0.032287	-0.109836	-0.564023	-4.143050	-1.060438	-4.584901	3.235030	3.687510
GGAGTGCCGCCCTGGA-1_1	-5.548359	-10.357687	-1.738350	2.201313	2.671714	1.512464	1.907253	2.168387	-2.603134	-6.242780	10.770905	-3.349552	1.191104	1.874083	3.094349	1.610706	-3.687770	-0.617215	5.194364	-0.775023	3.425540	12.774764	-14.562449	2.115481	10.682353	7.552695	-2.356792	0.657207	-5.384223	-7.318137	11.842602	-0.679658
TGAGAATGCTTTACCG-1_1	-7.309459	-11.086543	0.656528	-0.378083	0.440295	-0.066268	-1.919428	-0.898730	-4.890167	-7.143339	8.990684	-4.894143	0.547791	4.124673	3.018480	3.008752	-3.225075	-3.258028	4.495330	-0.470896	3.214035	13.095260	-16.798719	-2.237455	12.029965	6.998888	0.073770	2.333392	-3.293470	-6.442309	10.120049	-2.574709
TTAACCAACCCTCCCT-1_1	-9.208177	-11.545466	2.272971	0.165538	0.705697	1.142411	-2.014077	-1.001246	-4.348917	-6.870119	9.235299	-4.976028	-0.312286	5.203586	3.289711	0.853841	-3.602517	-3.865288	4.621665	0.002984	2.308009	12.533083	-17.896273	-2.227578	12.808717	6.825882	1.561813	1.045048	-2.443868	-6.702456	9.135014	-2.829038
TCCGATAATTGCCATA-1_1	-11.213531	-14.777791	3.233873	-1.801370	1.086824	-1.664414	-1.652771	-0.455900	-7.825025	-12.354874	12.796070	-7.109602	-1.704879	5.545040	4.720487	1.423708	-2.580620	-5.491166	4.592490	0.848748	4.197432	16.648203	-23.714680	-1.382894	18.120506	10.875767	1.037561	2.007577	-2.215296	-8.513222	10.422990	-5.688158
CATTACGTCGGCCCGT-1_1	-11.236053	-17.123857	0.762265	-3.624405	0.334014	-4.574721	-2.810721	-2.231506	-10.964931	-16.205322	12.599287	-8.091151	-1.815332	4.711097	4.541515	7.545562	-2.255545	-5.671903	3.596334	0.809468	4.868509	19.959244	-25.982235	-3.926584	20.888332	14.188838	-2.835856	5.757024	-5.214524	-7.667685	15.124214	-6.500349
CAAGCACCAAATGCCT-1_1	-14.640697	-17.141018	3.118500	-1.621621	1.085443	-0.426141	-0.719346	0.018838	-9.040740	-14.475008	14.891554	-10.322620	-3.062431	5.971706	5.980605	3.090358	-3.775186	-4.437690	4.504920	-0.470811	3.990713	19.268492	-28.314335	-0.854323	22.489161	15.950349	-2.301874	3.019272	-4.457656	-8.344001	15.013094	-7.297538
TGCATGGATCGGATCT-1_1	-7.451176	-11.119506	0.734693	1.116416	2.560912	0.752646	2.284544	3.072753	-5.397815	-10.335244	10.667893	-7.248195	-2.082469	2.393829	5.153058	2.600885	-3.664965	1.390365	1.968805	-0.849001	4.383092	14.610529	-19.792036	2.971351	16.028572	13.067780	-5.176759	-1.207097	-4.870097	-6.609991	10.532929	-4.517606
GAAATCGCGCGCAACT-1_1	-14.461249	-18.095942	2.984291	-4.522197	1.613415	-4.731465	0.253173	0.679572	-13.794271	-20.824121	17.169037	-12.396180	-4.029665	4.453704	5.966746	4.785103	-1.716929	-4.919581	3.507215	0.562133	7.784006	21.431963	-31.917467	0.358756	27.041149	20.396128	-4.949742	5.190055	-3.207370	-9.290037	15.048606	-11.397595
CTGAAAGAGATCCGAC-1_1	-9.551593	-14.744159	-0.300725	-2.889365	-0.374678	-2.718805	-2.866243	-2.558153	-8.335817	-12.814697	9.193528	-6.604480	-1.297624	5.239402	3.949294	7.467180	-2.889903	-4.884521	2.461728	0.703341	2.832899	17.040262	-21.114981	-4.418849	16.160906	12.196245	-3.231839	4.902359	-5.269359	-5.033812	14.083343	-4.514934
CACCTCGATGGTGGAC-1_1	-12.083842	-14.695035	2.836695	-1.426171	1.337148	-1.683354	-1.263802	-0.790706	-8.516152	-13.076982	13.086930	-7.702785	-2.125932	4.164915	4.006113	2.706541	-2.635922	-4.470040	4.601631	0.577981	4.241859	16.320066	-24.212883	-1.508745	19.799162	12.437162	-1.068190	3.143005	-3.239383	-8.144491	12.134487	-6.452496
ATTTGTTCCAGGGCTC-1_1	-10.882934	-13.306939	-1.309785	0.059464	-0.344846	1.419631	-3.032945	-3.733746	-4.205039	-7.454998	6.524002	-3.478043	-1.413429	6.448555	3.666878	3.976295	-4.280819	-4.987946	3.129628	0.562206	-0.230273	12.674942	-15.857160	-5.345782	12.017098	7.985384	-1.322039	2.768297	-5.313399	-3.058745	14.048386	-1.063561
TGGGCCACAAGAGCGC-1_1	-2.699939	-10.517221	-3.053369	2.573620	4.337323	1.259048	5.127373	5.059374	-3.482674	-8.063293	11.265514	-4.113192	1.211691	1.024156	4.590081	2.866239	-4.157543	1.488658	3.604812	-1.449148	5.590798	14.267020	-14.377341	5.872588	10.777997	9.467189	-4.137630	-1.137172	-6.318516	-8.249234	11.799849	-0.286368
CCTTCTTGATCCAGTG-1_1	4.557322	2.485139	0.120109	3.169282	1.108228	3.163255	2.486600	2.605477	1.200178	3.853375	1.122233	-3.370458	0.349270	-2.920009	1.709118	1.012013	-0.810504	2.813979	-0.227160	-0.317433	1.804545	1.967654	-3.018079	3.210062	-0.232478	1.561859	-1.272925	-3.566543	0.739527	-2.094536	0.451606	0.031141
CCTCGCCAGCAAATTA-1_1	-11.285266	-16.219925	-1.720261	-0.561030	1.122120	-1.005731	-1.945523	-2.154785	-7.754219	-13.525998	11.103705	-5.501521	-0.973793	5.267180	4.436892	5.592537	-4.156755	-4.414448	3.867059	1.128672	2.361119	17.748411	-21.947895	-3.571069	17.254723	13.343377	-3.833693	3.921736	-7.052238	-5.364698	16.765299	-3.980458
TTCATGGCGCAACAGG-1_1	-4.567440	-9.055634	-2.955563	2.468019	3.839998	1.794325	4.315146	3.379043	-3.034939	-6.677803	8.311912	-2.214730	0.675203	2.624031	4.218682	1.151025	-4.339958	0.411468	3.904116	-0.729693	3.047814	11.406437	-11.067020	4.935225	9.145645	7.807250	-3.427806	-1.604512	-5.548883	-6.952329	10.106356	0.928912
ATATCTCCCTCGTTAA-1_1	-7.736578	-13.720675	-0.670894	-1.500370	-1.052310	0.253507	-4.077787	-2.696387	-4.009176	-6.697923	7.302380	-4.150501	0.901560	7.394321	4.139016	4.982386	-4.066057	-5.818857	3.929823	-0.138328	1.148240	15.280877	-16.845442	-5.318533	9.896194	6.226201	1.291851	3.135765	-4.665557	-5.098250	12.534257	-0.470682
TCGCTAAACCGCTATC-1_1	-6.807185	-14.622869	-0.873392	-3.644277	-0.569489	-3.842171	-3.464452	-1.804047	-7.494530	-11.216626	10.217850	-5.147233	1.537165	7.037941	4.132894	6.060732	-2.408760	-6.930149	4.865040	0.255940	3.941839	18.442690	-19.695721	-3.842633	12.330112	8.421362	0.809569	5.182736	-3.946279	-7.390414	12.542837	-2.732938
CACATTCTTTCGATGG-1_1	-7.054718	-11.565804	1.677268	-2.034994	0.565214	-1.018692	-1.311565	0.497631	-5.120625	-8.573663	9.809187	-4.753187	0.175416	6.483966	4.656964	-0.414089	-1.985266	-5.685662	4.156759	0.433312	3.361694	13.572659	-17.154135	-0.424256	10.767283	6.632426	2.945093	0.965530	-0.926605	-6.979407	7.205412	-3.051690
GATATGCGGTAGCCAA-1_1	-11.675223	-17.382393	2.265645	-3.849586	1.430120	-5.232196	-1.125917	0.112707	-11.793584	-18.366251	15.943805	-9.078999	-1.886666	5.647946	5.359187	3.917551	-1.736930	-6.419826	4.755770	1.510110	7.118732	21.278839	-28.422390	-0.557081	22.349464	15.779559	-1.476053	4.305286	-2.593107	-9.835729	12.990007	-8.703920
CGTTTCACTTCGGGCG-1_1	-11.217582	-17.909029	1.135035	-3.967743	1.928356	-6.520855	-1.177468	-0.227658	-13.265320	-20.332333	16.417425	-8.782209	-1.561316	4.578911	4.857544	5.375762	-1.482812	-6.097835	4.774590	1.984152	8.080937	22.169409	-29.143696	-0.940252	23.695124	16.804062	-3.010278	5.242236	-3.468688	-10.079451	14.226208	-9.291939
CCAATTACGGGTCGAG-1_1	-10.316340	-14.929257	-2.516261	-2.425151	0.723832	-4.161259	-2.048208	-3.202193	-9.822177	-15.273588	9.421648	-3.854924	-1.554609	5.706804	4.398958	5.382823	-1.475644	-6.292727	2.788147	2.067231	3.506396	15.712460	-19.453962	-4.068650	16.149796	12.109385	-3.520344	5.048147	-4.524513	-5.139189	14.579331	-4.165454
GCAGGTAGAGTATGGT-1_1	-3.111171	-10.682429	-3.045401	-0.747761	1.378418	-2.334688	0.690735	1.273126	-5.387933	-9.332530	9.565354	-3.486078	1.099368	1.422526	3.764580	4.929389	-1.257062	-2.242614	3.133324	-0.119990	4.206653	13.702866	-14.157333	0.612174	10.006734	8.569950	-3.289573	3.148418	-5.105466	-5.893492	11.810719	-1.420753
GTCGTATTGGCGTACA-1_1	2.580620	-1.259841	-0.847402	1.615098	1.042714	1.718162	2.728304	1.709936	0.518383	1.185171	1.201180	-1.215678	1.553916	-1.798955	1.710821	1.213109	-0.412323	0.701136	0.219762	-0.710927	1.986392	2.714216	-2.822193	1.813898	0.068078	0.907279	-0.476424	-0.717610	-0.112090	-2.174297	1.955594	1.155791
GAAATTAGCACGGATA-1_1	4.811673	-0.266741	-0.638645	2.701071	1.390266	2.680246	3.557305	2.491915	1.469537	2.316319	0.616483	-1.399774	1.572777	-3.266681	1.786264	1.768340	0.077498	1.116026	-0.801922	-0.344174	2.752414	2.160472	-3.148782	2.312150	-0.847914	0.458946	-1.146102	-1.717476	0.506741	-1.588247	1.398673	0.111566
AATGCACCAAGCAATG-1_1	4.540442	-1.411653	-0.410186	2.854213	2.252746	3.332016	5.040222	3.416665	1.132441	2.374846	0.506719	-1.801204	1.880996	-3.282710	2.149575	1.806336	-0.911000	1.136201	-0.343808	-1.625812	2.534929	2.402807	-2.952528	3.268814	-0.362350	-0.182058	-0.599343	-2.216059	-0.800876	-2.739956	2.166569	1.080792
AGGACGCTCGATGTTG-1_1	1.585741	-0.528583	-1.080075	1.972743	1.927373	1.295868	2.387664	2.111564	-0.274760	0.140666	1.004294	-0.669231	1.209346	-1.098499	1.357407	0.751269	-1.439287	1.213250	0.098337	-0.455439	1.900940	1.454802	-1.173676	2.052843	0.660024	0.896884	-0.353669	-1.602569	-0.756750	-2.686465	1.095472	1.498167
GGCTAAAGGGCGGGTC-1_1	2.363125	-0.557480	-0.001060	1.655837	1.595255	1.559445	3.211617	1.795999	0.665631	1.237826	-0.413852	-0.788093	0.848962	-1.687289	1.140491	0.775193	-0.817676	0.684262	-0.305882	-0.815002	1.055790	0.539018	-1.143800	1.952753	-0.202939	-0.301541	-0.379192	-1.436606	-0.589503	-1.706232	0.649498	0.697179
CATCTATCCCGTGTCT-1_1	1.201838	-0.356054	-0.015433	0.983477	0.816772	1.030239	1.551931	1.099653	0.352119	0.732646	0.070142	-0.460618	0.466180	-0.777262	0.706832	0.348222	-0.463086	0.566537	0.052752	-0.369765	0.615852	0.719173	-0.854470	1.244606	-0.022143	-0.054795	-0.228862	-0.934246	-0.274089	-1.188014	0.465112	0.657348
CAGTAACTATTTATTG-1_1	2.172913	-0.897369	0.245849	1.453530	1.530093	1.192763	3.107638	1.824712	0.648876	1.322178	-0.587582	-0.746127	0.559528	-1.390994	0.824626	0.525810	-0.848098	0.569540	0.103740	-1.131235	0.743134	0.605969	-1.039411	1.900827	-0.022752	-0.561312	-0.352203	-1.322987	-0.553518	-1.637629	0.567358	0.936532
CATATACTACTGATAA-1_1	1.715324	-0.831066	0.082074	1.298295	1.426592	1.201105	2.602917	1.537423	0.399872	0.836115	-0.153148	-0.621527	0.545965	-1.093880	0.757972	0.485955	-0.896224	0.527721	0.070981	-0.760416	0.688530	0.848727	-1.046356	1.791573	0.066598	-0.291446	-0.322095	-1.246376	-0.585096	-1.563336	0.613635	0.866450
GCGTTCGGAGACCGGG-1_1	1.416117	-0.410771	0.043182	1.045476	0.923352	0.885875	1.853711	1.087568	0.443600	0.865851	-0.218861	-0.463519	0.460091	-0.992869	0.721861	0.317525	-0.469957	0.357291	0.070633	-0.510402	0.533776	0.474867	-0.663798	1.228184	-0.118753	-0.273201	-0.189474	-0.922538	-0.281801	-1.055333	0.411778	0.596894
AAGTTCAGTCTGCGTA-1_1	2.619138	-1.181296	-0.214616	2.349531	2.771131	1.680185	4.206622	3.208312	0.133506	1.095847	-0.199571	-1.066666	1.058360	-1.663979	1.289523	0.782102	-2.009774	0.961836	0.182430	-1.627807	1.488286	1.001475	-1.261466	3.095612	0.339033	-0.369614	-0.354665	-1.996032	-1.365830	-2.941937	0.902334	1.304924
CGAAGCTATAAATTCA-1_1	0.725554	-0.172789	0.016936	0.674401	0.388037	0.830238	0.846913	0.585355	0.374786	0.869070	0.016207	-0.308937	0.217421	-0.499244	0.479345	0.073367	-0.289694	0.391491	0.267336	-0.241651	0.206966	0.572899	-0.601964	0.841474	-0.011213	-0.061472	-0.129544	-0.619695	-0.006565	-0.842534	0.360784	0.627706
TAGTACCTTAGTGGTC-1_1	2.469188	0.833287	-0.142024	1.615281	0.902566	0.868912	1.975007	0.977509	1.050264	2.023900	-0.126784	-0.675028	0.538184	-1.806512	0.855639	0.098643	-0.267973	1.128266	0.451188	-0.399486	0.764527	0.084618	-0.562939	0.823438	-0.594706	-0.708434	0.085659	-1.536731	-0.206208	-0.912944	0.364977	0.609508
CTGGCGGGAATAAGTA-1_1	3.948795	7.968431	0.739951	2.595262	2.469412	-0.887059	2.153159	0.004734	0.698188	6.011942	0.424965	-3.833251	-1.016517	-3.804104	-0.892403	0.281142	-1.368058	3.483675	3.116584	-0.620132	0.580121	-0.877878	0.294849	1.243677	-0.834685	0.055601	1.443833	-4.925798	-0.664740	-2.081062	0.115213	0.868020
AGTGTGGTCTATTGTG-1_1	5.189552	5.578845	1.161468	3.279635	1.993701	0.122604	2.869204	0.992376	1.814332	6.021860	-0.179248	-3.378219	-0.642522	-4.184766	0.384629	-0.073794	-0.998329	3.695736	2.630138	-0.633387	0.791047	0.016151	-0.541305	1.849657	-0.787533	-0.142029	0.472165	-4.965131	-0.359729	-2.078700	-0.055632	0.801272
GCTATCGCGGCGCAAC-1_1	2.955941	5.993335	2.067653	2.235383	1.792326	2.057994	1.253939	2.240929	1.469215	4.920798	1.081210	-4.951976	-1.993594	-2.171659	1.063499	1.262734	-2.018449	4.143455	1.122181	0.293642	1.028951	1.486297	-2.370481	4.725211	0.926863	2.855535	-1.223243	-5.705603	0.709980	-4.332187	-1.184179	-0.519439
CAGTAATCCCTCCCAG-1_1	2.167584	4.220356	1.795932	1.930022	1.443685	1.802096	1.024327	2.347140	1.057527	4.035230	0.411417	-3.993897	-1.577480	-1.192580	1.369257	0.643195	-1.961126	3.613622	1.082231	0.137482	0.317550	1.652822	-1.687722	4.544874	0.957956	2.330143	-1.295826	-4.665979	0.716209	-3.936759	-1.193608	0.193533
GTATTAAGGCGTCTAA-1_1	1.821893	5.999888	5.262927	3.173816	3.162457	4.371994	1.863407	5.142317	2.106933	6.715271	-0.345798	-8.742209	-4.382694	-0.455212	3.321951	0.656070	-5.216873	7.356516	1.625511	0.431318	0.316926	5.067807	-5.171985	10.098166	4.141791	6.753703	-4.423783	-9.971358	1.879457	-8.440897	-2.985068	0.655110
CTAATTTCAACAACAC-1_1	4.960292	9.978253	2.078574	3.989717	2.892544	0.832476	0.984775	2.378510	1.674122	7.880884	1.210013	-6.224158	-2.474354	-3.439713	1.055348	0.651512	-2.589287	5.243551	3.855480	0.555359	0.380713	1.258663	-1.082336	5.581304	0.173526	2.398507	0.318039	-8.408549	0.620690	-5.430655	-2.172884	0.352758
TTAGCAACATGGATGT-1_1	-0.044194	-0.229232	2.016652	1.392578	2.380553	3.829384	2.669051	5.335878	0.477300	-0.085914	2.315487	-5.712849	-1.263406	0.944731	3.215834	1.235838	-4.229471	4.817901	-0.406638	-0.284053	2.363214	4.972120	-6.677067	6.429652	5.356069	5.859320	-4.142615	-5.773194	-0.955727	-5.562587	0.514836	-0.306942
ATGCTCAGTGTTGCAT-1_1	1.140286	0.203335	0.183765	1.715827	1.867090	3.027716	2.212651	4.761627	-0.106077	0.031639	3.744323	-4.604941	-0.382767	-0.390597	2.886533	1.083968	-3.006629	4.755561	-0.681284	-0.387273	2.862290	4.894890	-6.154475	5.196928	4.290097	5.096118	-3.603011	-3.934139	-0.468989	-4.141985	1.295747	-0.613873
GATGTTTGTGCGAGAT-1_1	-9.451690	-13.780974	0.164183	-1.643244	1.292673	-2.351320	-1.655796	-1.292127	-8.240036	-14.800812	9.666087	-5.469654	-1.754225	5.766156	3.654246	3.787068	-3.483212	-4.316039	1.793481	3.310389	4.297077	16.184055	-20.988066	-2.414969	16.200191	13.741871	-3.440697	1.793708	-2.741997	-4.854035	10.963096	-6.260845
CACTTCGCCACAGGCT-1_1	-10.044392	-14.551362	-0.371016	-2.439708	1.190613	-3.428809	-2.045797	-2.302015	-9.258884	-15.563282	10.036393	-5.133869	-1.553556	5.270178	3.342754	4.579418	-2.746454	-5.340083	2.457602	3.124215	3.934560	16.314390	-21.148697	-3.369482	16.833481	13.345197	-3.073378	3.737438	-3.540029	-5.205648	12.336039	-5.969406
CTGTATGGTGTAGAAA-1_1	-11.782983	-15.195099	-1.621930	-0.888161	1.012950	-1.566302	-3.522828	-4.287156	-7.926555	-12.789738	7.745890	-1.581079	-2.685089	9.072401	4.977238	0.092095	-3.629547	-7.771633	3.050175	4.085112	3.572424	14.530597	-19.489075	-5.098949	15.712608	9.044278	0.380875	-0.024955	-1.297535	-5.255005	11.733211	-2.911389
TACGTGCACTATGCTG-1_1	-7.692847	-12.871593	-1.736899	-2.182967	0.823140	-3.624538	-2.524367	-2.716324	-8.265134	-13.654888	7.423366	-2.223801	-0.542186	7.171732	3.637636	3.094837	-2.021774	-6.381779	2.011169	3.662391	4.184775	14.237504	-16.873314	-3.899613	12.326364	9.662972	-1.449833	2.370305	-1.485055	-4.860650	9.804070	-3.826771
GTATCAGCTTGGGTTC-1_1	-9.783089	-14.534672	-2.287866	-3.446405	0.573474	-4.410865	-2.960323	-2.094909	-7.795443	-12.827621	8.764008	-0.199369	-2.535883	13.388875	8.384966	-3.357388	-1.155518	-10.702970	2.110225	4.115605	6.321037	13.311269	-18.949226	-2.728310	13.273517	8.958650	3.889605	-2.108349	2.826849	-7.726460	8.437890	-1.031709
TAACAAAGGGAGAAGC-1_1	-13.116235	-19.033022	-4.692958	-5.019563	0.539302	-7.509950	-4.577043	-4.568338	-9.972648	-17.824881	11.770812	1.765600	-2.087344	19.056850	9.933112	-3.021515	-1.743780	-15.915025	3.525888	7.425710	7.860367	17.061258	-23.749992	-4.862229	16.064095	13.491433	5.056340	-0.814548	3.832643	-9.876081	12.404204	-0.002660
TTACATCGTGGCCTGG-1_1	-8.902008	-16.674805	-1.731023	-4.467762	0.623931	-7.122660	-2.284492	-0.611826	-10.796894	-18.520540	12.017127	-2.767194	-0.127191	14.111058	8.453768	0.670538	-0.147292	-11.483631	2.939501	4.493366	9.182644	19.406166	-22.280073	-1.864043	13.475048	12.347278	1.749427	1.505788	3.018661	-9.724217	8.881849	-4.415967
TCTGAACCGGTCGGCT-1_1	-12.083410	-19.818272	-3.416675	-6.059242	1.224282	-8.627874	-2.862553	-1.361057	-11.574174	-20.441116	15.200513	-0.235424	-0.952554	20.129295	11.570462	-4.600469	-0.320419	-16.586193	4.139462	6.754469	10.815610	19.771496	-26.656580	-1.670978	16.316458	14.710399	5.931077	-0.742092	5.942803	-12.913674	10.608924	-1.928067
GGCTCGTGCCACCAGC-1_1	-10.435094	-19.179716	-3.649037	-5.281172	0.150010	-9.482000	-3.360186	-3.526119	-13.810423	-23.368214	12.124506	-2.740268	0.469855	14.179536	7.538666	6.542005	-0.285908	-12.324479	2.323512	6.013317	8.882616	22.195120	-24.467236	-5.237118	15.828262	16.700829	-2.196381	5.794446	0.514726	-8.923797	13.509668	-5.164427
TATAAGTGAGGATAGC-1_1	-13.209414	-18.355213	-3.491985	-4.860820	1.351347	-7.108316	-3.184735	-3.150472	-9.963583	-18.600433	13.592163	0.649014	-1.111341	18.452995	8.759519	-4.311500	-1.680565	-15.505080	4.945784	7.315284	7.650299	17.347223	-23.999279	-2.781559	15.751767	14.185157	5.080549	-0.113780	4.017126	-10.345923	11.484184	-1.836540
GCCCGCGCGTTTGACA-1_1	-10.235476	-14.423214	-4.813943	-3.295970	0.219656	-5.921054	-2.664570	-4.045362	-10.270047	-17.284492	8.313550	-0.433721	-0.288857	11.007071	5.652078	4.088440	-0.765345	-9.563218	1.876690	4.696562	5.600533	14.349941	-17.731537	-4.820763	13.288333	13.452204	-2.776068	4.388764	-0.412479	-6.138504	12.777854	-2.686117
TGCTGGTTGGACAATT-1_1	-12.144933	-18.264595	-3.315132	-4.902446	1.162528	-8.569759	-1.068983	-2.067005	-13.215444	-24.627758	14.257597	-3.791636	0.542808	14.539697	6.885973	4.771445	-0.860714	-11.586397	2.873657	6.367507	8.131994	21.308823	-24.542601	-2.553957	15.894072	20.457550	-3.711016	6.213556	0.614591	-8.335036	13.762227	-6.687435
GCCTAGCGATCTGACC-1_1	-5.004686	-9.404116	-5.047041	-0.478268	1.268286	-2.845594	0.398557	-1.009884	-5.929759	-10.978477	6.164102	-0.050669	1.405047	6.661569	4.935515	3.970363	-1.366815	-3.219971	1.611997	1.955048	4.029167	10.438824	-11.636559	-1.177885	7.924317	10.330186	-4.711296	1.987947	-3.097553	-5.217109	10.683803	0.297651
CCATGCTCTGCAGGAA-1_1	-1.375623	-4.996072	-2.101056	0.479843	1.754831	-0.241630	2.153894	1.870324	-2.585330	-5.650053	4.755545	-1.585670	1.006157	1.748212	2.710327	1.636927	-1.251236	0.262939	1.144078	0.438534	3.248224	6.814765	-7.439294	2.176432	4.830978	6.127563	-3.310124	0.039558	-2.125346	-3.815713	5.366068	-0.472786
TATAAATCCACAAGCT-1_1	2.853313	0.140637	-1.043710	2.044943	1.390964	1.828957	1.786594	2.023981	0.607909	0.942928	1.828229	-1.346262	0.491599	-2.188699	1.088554	1.999231	-0.756193	2.012375	-0.746197	-0.010287	2.670415	2.177110	-2.631956	2.008410	0.745614	1.893643	-1.791876	-1.589937	0.348859	-1.548362	1.650242	-0.542164
CGCTCGACATAATGAT-1_1	1.866578	0.214317	-1.043003	1.923497	0.968414	1.732128	1.314214	1.589890	0.456154	1.397798	1.290722	-0.792485	0.715610	-1.513582	1.453145	0.976358	-0.716672	1.273167	-0.060048	-0.247094	1.724162	1.599900	-1.601358	1.681614	0.416517	1.350653	-0.910437	-1.356223	0.597062	-1.491960	1.237812	0.425430
CCAATTGAATGTTAAT-1_1	1.956825	0.203237	-0.147038	1.996462	1.392584	2.530477	2.208747	2.615045	0.848100	1.538542	1.013911	-1.682993	0.246738	-1.466213	1.595229	1.029886	-1.185422	2.273554	-0.537271	-0.449273	1.533389	1.814573	-2.405395	2.801211	0.902597	1.400284	-1.305046	-2.462442	0.173317	-1.789665	0.817004	0.236208
GCTAATACCGAATGCC-1_1	1.334058	0.346555	0.119857	1.491458	0.781345	2.139065	1.529600	1.934037	0.876036	1.785334	0.813623	-1.452760	0.122572	-1.009873	1.372162	0.582787	-0.967642	1.810247	-0.218912	-0.414113	0.951907	1.415436	-1.840001	2.218655	0.582245	0.971836	-0.939078	-1.885458	0.303759	-1.440009	0.470273	0.284586
TTCAACGACCCGACCG-1_1	3.460370	-0.231529	-0.106572	2.262921	1.278331	2.387306	3.081706	1.761789	1.249645	2.586087	-0.476207	-0.943207	0.978323	-2.250705	1.589082	0.278023	-0.436699	1.195785	-0.032517	-0.730360	0.951095	1.183578	-1.712101	2.092070	-0.724363	-0.525239	-0.331744	-2.008053	-0.067684	-1.857288	0.921191	1.235238
TTCCTCGAGGGTGTCT-1_1	2.340506	-0.877404	-0.513842	2.571259	1.636540	2.803260	3.191678	2.790442	0.499931	1.847554	0.574220	-1.402094	1.293526	-1.417784	2.061069	0.431567	-1.310295	1.439214	0.320019	-1.220809	1.396255	2.201503	-2.180142	2.970056	0.347601	0.434497	-0.232942	-2.388566	-0.410251	-2.635330	1.395893	1.900845
CAACGACCCGTTTACA-1_1	3.775742	-1.255189	0.778622	2.646297	2.009549	3.445380	5.070954	3.137046	1.308887	2.551212	-0.528694	-1.982123	0.962963	-2.526972	1.813759	1.142758	-1.122132	1.888594	-0.351208	-1.450770	1.248294	2.144096	-2.954447	3.728840	-0.058934	0.016446	-1.203826	-2.703166	-0.880947	-2.925711	1.354092	1.424793
CTTGTACTTGTTGACT-1_1	4.142583	0.285488	-0.225774	2.648784	1.567316	2.644628	3.325342	2.138748	1.418425	3.118202	-0.331849	-1.284081	1.002547	-2.663498	1.753806	0.250285	-0.609571	1.689914	-0.076920	-0.742537	1.050595	1.100017	-1.794199	2.355496	-0.868761	-0.692828	-0.307118	-2.570290	-0.185306	-2.030469	0.863949	1.186552
TCTCTAATAGCTGGTA-1_1	3.799620	-1.462362	-0.187447	2.836488	2.457100	3.463126	5.046393	3.853595	0.630233	1.629560	1.129492	-2.569737	1.373642	-2.506430	2.161225	1.434863	-1.732985	2.502903	-0.565930	-1.424280	2.429127	3.215472	-3.812870	3.977408	0.764556	0.954210	-1.259803	-2.880890	-1.223092	-3.271380	1.997708	1.163522
ATTATGCCATAGGGAG-1_1	6.170323	-1.118080	-0.380941	4.630021	2.544391	5.281395	5.906435	4.488603	1.881173	4.388200	0.581324	-2.864979	2.036399	-4.052292	3.080018	0.695931	-1.294249	2.810125	-0.383701	-1.703958	2.464858	3.432763	-4.644967	4.552014	-0.569399	-0.338729	-1.021758	-3.941671	-0.452133	-3.326969	2.198944	2.126889
GACAACGCAGCTTACG-1_1	-9.539763	-13.343679	0.980903	1.416831	1.559649	1.512057	-0.966460	0.240669	-4.651999	-8.325204	11.892344	-5.722752	-0.320850	3.768347	4.077706	1.863545	-4.182165	-2.826763	5.272811	-0.200537	3.288778	15.045338	-20.311087	-0.891919	15.167725	9.416666	-0.725369	1.141491	-4.500875	-7.406446	12.647612	-3.154502
AGATGACTCGCCCACG-1_1	-5.454417	-12.384255	-2.937118	1.856361	3.019839	0.572362	2.340195	2.921351	-3.858664	-8.012566	13.217649	-4.209952	1.954231	1.880970	3.722970	3.171776	-3.746406	-0.782669	6.256348	-1.566185	4.514474	16.076269	-17.207632	2.713906	12.437259	9.082146	-3.330168	1.870646	-7.045438	-8.937900	14.788857	-0.784145
GTGCGGGTCTCCAAAT-1_1	-12.357789	-15.122434	2.656382	0.007741	1.620470	1.168224	-1.887882	-1.033949	-5.371036	-9.802855	13.388303	-4.937343	0.325740	8.070519	3.992520	-2.000702	-4.367669	-7.211997	7.434071	1.689355	3.140870	15.959140	-22.332962	-1.698941	15.135285	8.418002	3.875747	1.285860	-1.379388	-9.259956	10.935767	-3.672848
GTACGAGATTGCGACA-1_1	-10.467819	-15.518112	0.400099	-0.986633	0.803973	-0.884999	-2.269635	-1.415332	-6.836775	-11.022979	12.213099	-5.736118	0.104261	5.697576	4.419017	3.366639	-3.498643	-5.540424	5.754578	0.240031	3.184632	17.360378	-21.981407	-2.805592	15.936646	9.977551	0.227815	3.621541	-4.788438	-7.858168	14.112847	-3.474143
GTATAGGACTCAGTAG-1_1	-12.815895	-17.544065	1.845413	-0.299739	0.272665	2.313728	-2.944800	-1.207797	-5.476014	-9.053855	13.217829	-7.227160	0.569660	9.391250	5.783227	1.559095	-5.637404	-6.462525	7.037093	-0.855926	2.821758	19.255087	-25.087860	-3.314598	16.419479	9.556671	2.536226	1.941304	-4.320750	-9.180444	14.847086	-2.944846
TTGCACGGAGCAGCAC-1_1	-16.978542	-24.259083	0.773104	-3.262866	1.628591	-3.667888	-2.868962	-2.197110	-14.086555	-21.365669	20.127287	-10.675776	-0.246586	8.706612	5.915639	6.549515	-4.963124	-8.381624	8.349433	0.960585	7.405886	28.169647	-36.861523	-4.007683	28.242006	19.133410	-2.299544	7.123134	-6.390259	-12.758468	21.886934	-8.737625
ATACTAGCATGACCCT-1_1	-10.889835	-19.207298	-1.964404	-4.506983	-1.197150	-4.487598	-4.450137	-3.846255	-10.799363	-15.314640	12.298583	-8.178407	0.693191	7.205963	4.369140	11.895968	-3.686289	-7.158242	5.181322	-0.546960	3.804356	23.470558	-26.437714	-6.626010	18.998882	13.932584	-3.584352	8.984706	-8.030643	-7.701800	20.224609	-4.240526
ACATAATAAGGCGGTG-1_1	-8.265124	-15.032372	-2.537808	-3.170938	-0.448666	-4.189524	-3.428195	-3.582394	-8.923555	-13.569756	9.008534	-5.143521	0.334942	5.021959	2.689404	9.861440	-2.799183	-5.478768	3.393552	1.015805	2.608907	18.090797	-19.898005	-5.621102	14.892224	11.862297	-4.282873	7.092691	-6.833298	-4.986371	16.323753	-3.633411
TAATACACAGTAGTAT-1_1	-10.497612	-15.419754	-0.598700	-3.216582	0.176381	-3.205035	-1.580255	-1.592953	-9.493333	-15.409291	10.850213	-7.618864	-1.901537	5.450359	4.533103	6.939018	-2.754406	-4.872849	2.337496	1.160362	3.695356	18.142265	-22.793541	-2.797196	17.950706	15.253881	-4.864285	4.976649	-5.106872	-4.993721	14.968289	-6.206883
TCTTGGTAACACCAAA-1_1	-3.690080	-10.688350	-4.354947	2.379841	3.310246	-1.117223	2.948290	1.569811	-4.035274	-8.550250	9.461532	-0.551759	1.123399	2.400301	3.297136	3.973110	-2.998719	-1.278769	4.438546	0.735516	4.081350	13.779408	-12.295697	2.579183	9.720185	7.660333	-4.239890	0.321472	-5.839481	-7.776198	12.321021	1.170397
AACTGGGTCCCGACGT-1_1	-8.608121	-14.916061	-3.434747	-1.589113	1.102469	-3.242438	-0.696107	-1.058448	-9.087813	-14.725634	11.451262	-5.398722	0.257020	4.215795	4.101456	7.650563	-2.532664	-3.635343	3.496079	0.240345	3.599207	17.694725	-20.281967	-2.372596	15.833758	14.248437	-6.036986	5.699303	-7.468779	-5.808001	17.075211	-4.027198
ATCACTTCATCCTCGC-1_1	0.688575	-1.839642	-0.488142	2.347569	2.363885	3.940862	3.431959	5.617308	-0.305942	-0.046879	4.991830	-5.294250	-0.054447	-0.375329	3.880192	1.379609	-3.670410	4.886670	-0.180483	-1.647366	3.476024	6.430064	-7.445992	5.788185	5.038013	5.737597	-3.470598	-3.820994	-1.303531	-4.816683	3.448746	0.170324
TGGAAGGATAAAGATG-1_1	-9.816689	-15.547346	-2.734099	-3.383025	-0.098825	-3.446254	-1.536044	-2.060828	-10.039136	-15.563823	10.220520	-7.259582	-0.944733	5.125805	4.723453	9.060842	-2.446576	-4.391246	2.178854	0.140589	3.633171	17.969049	-21.737991	-3.662038	17.088863	15.661704	-6.572757	6.646610	-6.872177	-4.585349	17.329372	-5.143292
CATGATGCACAATTCT-1_1	1.978341	-3.563910	-1.037389	2.949380	2.564676	3.717789	4.872691	3.467542	0.413276	1.392499	1.540706	-2.009866	1.847805	-0.446470	3.371339	0.840804	-3.392943	1.594461	1.433139	-1.596982	1.465227	5.928326	-4.723223	4.480245	1.314370	1.852939	-0.437380	-3.052629	-2.013910	-5.190012	3.491030	4.326704
TGCCTGATCAAACGAT-1_1	-11.097183	-17.205242	-2.602386	-1.921327	-0.723522	0.205581	-2.586773	-2.247729	-6.595054	-11.308010	10.096690	-7.159835	-0.604626	7.471576	5.524712	7.969710	-4.753381	-5.017530	3.423589	-1.138049	1.047390	19.097067	-21.806904	-4.698962	15.217765	13.172965	-4.042757	5.208459	-8.365294	-4.362062	19.333712	-2.526537
ATAGGGATATCCTTGA-1_1	6.522350	-7.275602	-1.520655	6.489214	6.473550	3.922623	11.051185	3.550601	0.989672	4.953580	0.973159	-0.811972	2.331349	-1.651675	4.294420	-0.103881	-5.284323	0.009119	5.522355	-5.010297	1.887556	8.841736	-6.511552	7.587393	-0.381105	-0.356307	0.469484	-6.059719	-2.232194	-12.103101	5.961935	13.258612
CACCTAATCAGTTTAC-1_1	6.455534	-2.870703	-0.460100	4.651299	3.675614	4.902542	7.909842	5.432554	0.777221	2.770171	1.635197	-3.401807	2.823223	-3.992328	3.456091	1.510962	-2.341815	3.249979	0.207583	-2.146640	3.311660	5.953521	-6.338449	6.174045	0.648862	0.831362	-1.370191	-4.066165	-1.698877	-5.565012	3.165052	3.085400
TGTGACTACGCCAGTC-1_1	4.062369	-2.560715	0.724881	2.902385	3.609939	2.399590	6.684928	3.279157	0.257996	1.145378	0.138421	-2.263862	0.586754	-1.751868	1.868836	0.537972	-2.861263	1.619278	0.610200	-1.986341	1.179278	3.598682	-3.460186	4.856846	0.599853	0.173211	-1.051057	-3.576940	-1.708180	-4.588415	1.477976	2.635550
CCCGACCATAGTCCGC-1_1	7.066333	-3.172029	0.274847	4.630707	4.328950	4.214431	9.020628	5.337502	0.703766	2.077992	1.039636	-3.526851	2.416472	-4.452372	3.144414	1.563736	-2.604377	2.654673	0.286735	-2.079077	3.233081	5.535401	-6.008945	6.480535	0.488463	0.370102	-1.783406	-4.241891	-2.273455	-5.634535	2.808772	2.828939
CGCGCCCGACTTAATA-1_1	0.805835	-1.980092	1.336586	1.590263	2.180959	2.694937	3.351795	5.368829	-0.571421	-1.483115	4.076483	-5.440029	-0.402657	0.068900	3.176957	0.968200	-2.869990	3.714006	0.029489	-0.950547	2.982427	6.178407	-7.949087	5.929967	5.055471	4.890573	-3.027535	-4.000748	-1.472379	-4.611494	1.781886	-0.449931
TGCCACCTGGCGAAAC-1_1	2.558084	-4.948261	1.541524	3.823172	5.803158	2.905096	6.498451	9.104762	-3.942922	-5.373199	5.428977	-7.573659	0.470928	0.022456	4.479947	0.301510	-5.615488	3.958748	2.176764	-2.064381	5.039691	10.973185	-11.069530	10.295877	7.741884	7.078589	-4.076422	-6.752930	-5.413854	-8.962625	3.327284	1.180612
CTGCCAAGGTTGGAAG-1_1	-12.227297	-14.700080	3.001260	-0.041689	1.773134	-0.021341	0.461693	1.556375	-7.491180	-13.178989	14.158711	-9.179289	-3.185998	4.256194	5.871536	1.679609	-3.554309	-2.542521	3.683521	0.123359	4.406245	17.371855	-25.372591	1.270106	20.500250	15.213276	-2.828627	0.642392	-3.659847	-7.536886	12.391957	-7.015736
TTCTTGGAGTAATGAG-1_1	-7.894124	-11.542513	-0.672369	1.981785	2.324524	2.407390	1.662199	1.753455	-3.497229	-8.026383	10.367137	-4.834260	-0.095097	3.956075	4.409729	1.186044	-4.665307	-0.600593	4.063309	-0.368293	2.737223	13.852128	-17.261440	1.655156	12.764661	10.358819	-3.117701	-0.486885	-5.230380	-6.387330	12.012105	-2.124136
TACTCTCCGAACAAAT-1_1	-11.477226	-16.603642	-2.594800	0.265639	1.049552	1.942080	-0.375049	-0.852542	-5.378024	-11.810030	10.474699	-6.101912	-0.543248	8.146622	6.023426	5.101055	-6.221280	-3.204602	3.794292	0.084826	1.170679	18.993805	-21.820364	-1.922798	15.244909	14.525982	-4.837387	2.008966	-8.118143	-5.148919	18.191832	-2.224991
TACGGGATGCTAGCAG-1_1	-5.975905	-12.505898	-3.054095	1.646183	1.474036	1.712023	0.944457	1.014356	-1.884692	-5.367554	10.958381	-3.431514	1.631826	3.652043	4.049644	3.875668	-4.240076	-2.428989	5.881321	-1.178558	1.877389	15.198515	-14.980390	0.676192	9.594019	7.307963	-1.842437	2.165969	-6.955495	-6.944085	15.059034	1.437847
AGCTGAAGTAAACCAA-1_1	-7.842602	-13.038620	-1.186887	-1.200608	-0.859233	-0.649385	-3.369115	-2.892944	-4.656490	-7.748563	7.781786	-4.196479	0.779410	5.950871	3.069896	6.357931	-3.856188	-5.172296	4.160160	0.224986	1.193136	15.191508	-16.502197	-4.813840	10.782247	7.851468	-0.840974	4.411998	-5.249112	-4.696308	13.601757	-1.189758
CATGGGTCGGGTGTGG-1_1	-6.800437	-11.866753	-2.518961	0.483761	0.761341	0.913926	-0.544071	-0.127960	-3.432369	-6.644356	9.418633	-3.891295	1.221715	4.350253	3.420610	4.014915	-3.783582	-2.969598	4.701310	-1.153580	1.561905	13.901610	-14.860656	-1.296318	10.013358	7.805037	-2.077517	3.002973	-6.302798	-5.227319	14.079491	-0.557550
CACCCACGAGGCAATT-1_1	-8.204636	-15.910763	-2.233207	-3.441034	-1.640692	-3.607357	-4.577432	-4.214751	-7.694614	-11.348284	8.959141	-5.380521	1.017018	6.175498	3.159821	10.748346	-3.315700	-6.790292	4.314911	0.336002	2.159554	19.274242	-20.037786	-6.758935	13.570972	10.150680	-2.290536	7.728302	-6.821340	-5.513572	17.051046	-2.049422
TGCCATTACTAAAGAA-1_1	-9.179669	-14.351564	-1.352785	0.294471	0.994113	0.472161	-0.949456	-0.021967	-5.531463	-9.226682	12.301342	-6.193539	0.771716	4.473416	3.846222	5.174451	-4.458752	-3.054088	5.533047	-1.438931	2.894847	17.285549	-20.453691	-1.593441	14.900583	10.665957	-2.962719	3.707260	-6.972928	-7.151366	16.221260	-2.547482
CCGTTACGTTAGAACA-1_1	-7.792156	-17.899309	-2.486721	-4.643517	-1.249108	-5.867078	-4.136183	-2.965334	-10.778586	-14.664482	12.744024	-7.770051	1.964956	5.357076	3.741409	12.715671	-2.810206	-6.722758	5.847104	-0.574565	5.770319	23.588293	-24.971384	-5.565366	17.540283	12.717020	-3.510920	9.477325	-7.218916	-8.611695	19.159115	-4.112385
GCCAGGAGTAACCGAT-1_1	-7.430041	-12.498439	-1.705823	0.007633	1.454414	-0.840524	-0.433193	0.221447	-6.034390	-10.650012	10.044413	-5.066034	-0.154753	3.905951	3.802121	4.700323	-3.463731	-2.057119	3.278709	-0.139261	2.890123	15.421702	-18.043180	-0.908481	13.701560	11.096399	-4.020896	2.290386	-6.116222	-5.410926	13.314602	-3.215347
GGAAAGTGCCCATGCC-1_1	-10.138881	-20.088102	-2.216313	-5.527586	-0.081618	-7.811868	-3.119665	-2.474221	-14.103424	-20.785669	14.623192	-9.085174	-0.424690	5.250720	5.097900	12.410476	-2.045999	-6.869945	4.163999	0.971108	6.729193	25.602589	-29.240316	-4.484424	22.755938	17.814316	-5.839535	9.091294	-7.482409	-8.393246	19.902388	-7.276263
TCTTACCGGAACTCGT-1_1	-6.275737	-12.119134	-3.839067	1.346260	1.436486	-0.255918	-0.063477	-0.683110	-3.225610	-6.697606	9.847866	-1.692653	1.064201	3.336892	3.236765	4.256538	-3.305547	-3.596004	5.895943	0.051278	2.067349	14.384103	-13.840856	-0.752058	10.022141	6.383090	-1.979555	2.870400	-6.382018	-6.492093	14.730757	1.298499
TATGTCAAGACCGACT-1_1	-8.289304	-16.707117	-4.122793	-3.360170	0.138182	-6.216630	-2.290895	-3.008379	-11.152319	-17.508160	11.017786	-4.731379	0.371831	4.550004	4.681092	10.665668	-1.059494	-6.053413	2.747554	1.803297	4.659155	19.167837	-21.272255	-4.798633	16.476429	14.957593	-5.955925	8.008543	-7.066124	-5.981962	17.929312	-3.957132
CCTAACTAAGGCTCTA-1_1	6.398406	-3.018698	-1.994352	5.393482	3.413543	4.981607	7.126445	4.354038	1.603664	3.966814	1.206747	-2.275312	3.653313	-4.114928	4.306257	1.746688	-1.977259	2.116482	1.106583	-1.806672	3.730094	6.074251	-5.780160	5.110885	-0.415061	1.305965	-0.871529	-3.434468	-0.652494	-6.037381	4.069874	4.870668
GCGGTGAACTGCGCTC-1_1	4.460305	-3.224532	-1.484178	4.051838	3.049322	3.616470	6.360950	4.510555	0.362517	1.695668	2.112599	-2.318381	3.101560	-2.791252	3.448964	2.360828	-1.897107	1.500200	0.794980	-2.071384	3.912180	5.517920	-4.924046	4.798085	0.747612	1.664998	-0.569144	-2.676494	-1.125256	-5.065340	3.624742	3.064280
CCTCGCGCGATATAGG-1_1	5.365211	-0.330450	-0.031870	3.547101	1.746361	3.721220	4.730941	3.033218	1.873372	4.256783	-0.756673	-2.030580	1.640559	-3.838022	2.452590	0.567721	-0.458907	1.707231	-0.152863	-1.545797	1.356875	1.819773	-2.748323	3.111614	-1.076821	-0.712039	-0.457625	-3.013970	-0.117384	-2.323926	1.440305	1.482381
ATCGGCAAGCAGTCCA-1_1	4.399414	-1.174922	0.105260	3.846909	2.322149	4.735615	5.817635	4.036246	1.539419	3.900348	0.052116	-2.378295	1.704337	-3.390524	2.827297	1.043601	-1.734116	2.346646	0.010121	-2.001337	1.770908	2.995479	-3.466291	4.617457	0.055253	0.222316	-0.921156	-3.540648	-0.601114	-3.521121	2.032877	2.057523
AGATCGTGCATAAGAT-1_1	3.979703	0.008568	0.258005	2.373833	1.657041	2.172670	3.761536	2.387484	1.538473	2.598322	-0.684855	-1.333524	0.778691	-2.815371	1.612421	0.540901	-0.469827	1.402730	-0.173055	-0.929196	1.177646	0.657489	-1.483164	2.313152	-0.638263	-0.834430	-0.495356	-2.364367	-0.545106	-1.499192	0.693825	0.762119
ATTCAGGACCTATTTC-1_1	2.344300	-0.673600	0.101164	1.527763	1.238433	1.579339	2.803972	1.664281	0.734021	1.213620	-0.279434	-0.748550	0.797145	-1.652110	1.036500	0.738916	-0.375891	0.567474	-0.236028	-0.704285	1.008345	0.790903	-1.357415	1.715178	-0.313635	-0.342977	-0.458405	-1.242739	-0.402808	-1.338719	0.760304	0.606294
AGCTAGAAGCAGAAGT-1_1	4.104183	7.060808	0.704356	2.450947	2.056575	-0.873078	2.371418	-0.417586	1.187245	6.483848	-0.004847	-3.219385	-0.801604	-3.735209	-0.804214	0.080119	-1.025076	3.147769	3.087095	-1.165930	0.592398	-0.612421	0.189964	0.656002	-1.071318	-0.393816	1.661352	-4.447674	-0.493901	-1.538392	0.608358	1.208520
TTCGCTATCTGACGTG-1_1	3.211986	-0.352377	0.089752	2.021186	1.875414	1.455052	3.821817	2.216142	0.982672	1.731349	-0.615000	-0.957299	0.818276	-2.184492	1.208702	0.741058	-0.778697	0.961124	-0.135773	-1.103761	1.191106	0.230436	-1.069260	2.080221	-0.395110	-0.888922	-0.308179	-1.822775	-0.739038	-1.597580	0.613349	0.761105
TTCCGCAGAGAAATAT-1_1	3.323054	2.413282	-0.015541	2.665823	1.040884	1.374914	2.186642	1.672001	1.507530	3.586054	0.076592	-1.682088	0.238602	-2.454808	1.086349	-0.077212	-0.601417	2.329122	0.947410	-0.465511	0.773355	0.205156	-0.797811	1.704228	-0.379473	-0.397588	0.213921	-3.111454	-0.114711	-1.209941	0.082991	0.671904
CAGTACATTCTCTAAA-1_1	1.849611	-0.379471	0.070480	1.429783	1.360601	1.338223	2.571346	1.868415	0.436641	1.151579	-0.249875	-0.902763	0.607920	-1.307452	0.876350	0.482887	-0.956238	0.863440	-0.048492	-0.785163	0.791677	0.579090	-0.918222	1.930638	0.105504	-0.230186	-0.352549	-1.414273	-0.610079	-1.554129	0.458932	0.623705
GTGAAGATTTCAAGTG-1_1	2.764688	0.240892	0.013971	1.987001	1.604337	1.647921	3.064723	2.065747	0.807958	1.887475	-0.383596	-1.146262	0.615680	-1.853660	1.210826	0.418327	-0.926238	1.434208	0.019681	-0.835221	0.792325	0.417376	-0.838987	2.178940	-0.155134	-0.510239	-0.187010	-2.218850	-0.660658	-1.647783	0.456634	0.825958
AACGCATGATCTGGGT-1_1	3.021526	0.081687	-0.014315	1.939945	1.814095	1.453066	3.450888	2.117951	0.930442	1.630413	-0.373556	-0.975963	0.743279	-2.190361	1.167462	0.691049	-0.797198	1.129697	-0.181153	-0.858415	1.159873	0.056378	-0.895046	1.942032	-0.372332	-0.792107	-0.253351	-1.839460	-0.793565	-1.476179	0.538561	0.620850
CCCAGAGGAGGGCGTA-1_1	1.768987	0.456172	0.238965	1.385191	0.716485	1.403718	1.761582	1.475741	0.717469	1.699809	-0.195244	-1.014761	0.240590	-1.183976	0.958501	0.190113	-0.559806	1.243064	0.061443	-0.494603	0.485636	0.531413	-0.761851	1.691327	0.007953	-0.022953	-0.359485	-1.664535	-0.086546	-1.108321	0.158474	0.478834
GGAAACCTTGTTGAAT-1_1	1.154763	0.010240	0.114206	1.060290	0.691193	1.141473	1.442336	1.090261	0.412127	1.117653	-0.137046	-0.644509	0.295252	-0.811875	0.762659	0.178563	-0.577159	0.780140	0.103526	-0.381435	0.318683	0.630036	-0.653003	1.419966	0.047783	0.066234	-0.258890	-1.198328	-0.098906	-1.132406	0.252356	0.581155
CCGAAGTATATTGTTC-1_1	2.208821	3.026070	0.323328	2.081004	0.761935	1.119972	1.008827	1.589027	1.009403	2.969629	0.419567	-1.927145	-0.232734	-1.613402	0.822515	0.153829	-0.824739	2.298136	0.909410	-0.027488	0.477224	0.305936	-0.631380	2.034144	0.064508	0.574031	0.050637	-3.078428	0.236183	-1.583242	-0.504805	0.315132
GCTAAACCTGAGGTGA-1_1	3.271002	2.467636	-1.027950	3.811563	1.131287	4.410517	1.780082	3.498847	1.110670	5.208290	1.380671	-2.653227	1.208182	-2.205662	3.033547	-0.672173	-2.352420	3.376042	0.710452	-0.881347	0.977405	2.022507	-1.774522	3.922395	0.285607	1.118209	-0.559059	-4.039322	0.916282	-3.128193	0.658893	2.017520
TCATACTTACAGATCC-1_1	7.391030	13.274444	2.428873	4.386600	4.121149	-2.027094	2.929904	0.036727	2.023948	12.209646	-0.642074	-7.040985	-2.769017	-5.981616	-0.699224	0.026075	-2.218720	6.132079	6.135665	-1.487124	-0.194020	0.315173	0.181315	3.246932	-1.298867	0.768811	2.102536	-9.434434	-0.427829	-4.404537	-0.688429	1.811098
CGAGCACTTCAAGTTT-1_1	1.243888	-0.523187	-0.764761	2.874516	0.960009	6.551167	3.240736	3.811943	1.820490	4.655202	2.355428	-3.746866	0.670992	-0.041928	4.641804	0.350119	-4.309623	3.679516	0.329254	-1.208578	1.112620	5.261497	-5.002250	5.130756	1.781517	3.886002	-2.220833	-4.108662	0.034670	-4.466077	3.129281	2.934041
TAGCAACCTGTCACAA-1_1	4.532387	8.274544	1.733530	3.666271	2.081989	1.522312	1.557768	2.655798	1.988852	6.959861	1.104939	-5.161168	-1.806357	-3.190310	1.223569	0.940809	-2.107643	4.989115	2.539996	0.124595	0.887449	0.955963	-1.270396	4.971138	0.209709	2.056129	0.168274	-7.260399	0.623803	-4.409186	-1.692799	0.026493
TGGGAAATGCCTTTCC-1_1	1.747726	4.292512	0.672452	2.673564	1.519569	3.252775	1.375943	3.914184	1.137416	3.970436	1.396208	-3.946072	-0.681520	-1.014790	1.997761	0.641795	-2.889444	5.084114	0.463279	0.175988	0.907205	1.196079	-1.767934	4.993073	1.929447	2.459081	-1.730502	-5.489386	0.424488	-4.112308	-0.904557	0.193600
AGACCATGGGATACAA-1_1	9.081580	16.296375	2.674611	5.467296	4.459662	-0.377230	3.224124	0.885122	2.772642	12.772772	1.550750	-9.069934	-3.163988	-7.195638	-0.569306	1.017063	-2.638397	7.540071	6.547280	-0.100874	1.461511	0.307884	-1.652261	4.753194	-0.977299	2.063628	2.062522	-11.890166	-0.638846	-6.412525	-0.993304	0.935740
TAAATGAATCCGTTTC-1_1	2.597031	5.536982	1.479149	2.941358	1.909139	4.398384	2.307541	4.316391	2.063086	5.127376	1.602132	-5.161592	-1.380615	-1.933965	2.350168	1.503310	-3.218914	6.302752	-0.144784	0.244623	1.578319	1.650513	-3.204719	6.127429	2.237602	3.673456	-2.460655	-6.822104	0.789910	-5.244793	-0.911811	-0.400991
ACAACGGTCCCTGCGA-1_1	4.182317	2.744027	-0.297117	3.984973	1.869646	3.991750	2.377466	4.479104	1.103364	3.338028	2.221450	-4.123018	-0.274991	-3.048600	2.711661	1.778043	-2.301630	4.938877	-1.286868	0.141089	2.887643	2.952405	-3.561761	5.121854	1.654227	4.028396	-3.338035	-4.780325	1.069933	-2.633924	0.209138	-0.642224
GTCACTCTCCAAATCT-1_1	5.091966	6.804735	0.438544	4.621459	1.909938	3.861546	2.616324	3.714740	1.857760	6.623031	1.742004	-4.921856	-0.203293	-3.699343	2.161154	0.889469	-2.418862	5.472464	0.881409	0.051758	1.522617	1.446102	-2.629263	5.001388	0.164797	2.554476	-0.844810	-6.867120	0.802683	-4.261073	-0.761557	0.272615
TTCTACTTGCGAGGGC-1_1	-8.009706	-12.787279	-2.329481	-1.383637	1.173263	-3.054578	-1.712600	-2.228256	-8.207210	-14.124069	7.554477	-2.842453	-1.311005	5.503854	3.820383	4.219744	-2.296369	-4.650977	1.239077	3.336964	3.605136	14.139776	-17.120001	-3.251079	13.555466	11.609166	-4.047294	2.351650	-3.273365	-3.842793	11.479435	-4.114303
CGCAATTACTTTCGGT-1_1	0.514052	-3.120380	-2.197596	1.125613	1.387373	1.328607	2.693751	1.739656	-1.230804	-2.288206	3.590013	-1.463249	0.842663	-0.286746	1.713461	2.866650	-1.668094	1.386473	0.076587	0.365208	3.126441	5.416024	-5.402258	2.163457	3.025010	5.350689	-4.096358	-0.219886	-1.266278	-3.135506	4.932196	-0.137961
CTGTTCATCTCACGGG-1_1	-6.229265	-12.838119	-3.089527	-3.119471	-0.166352	-5.158296	-2.837074	-3.009031	-8.713578	-14.390935	6.882750	-2.499304	0.738269	7.404756	3.880817	7.095094	-1.454613	-6.323411	1.281486	3.057585	4.205896	15.202966	-16.184917	-4.773004	10.894970	11.152932	-3.252121	4.688962	-2.930856	-4.444627	11.265470	-3.035784
TTCTTGTAACCTAATG-1_1	-9.649248	-13.603004	-6.082565	-2.206466	-0.022856	-4.630329	-1.955094	-3.721106	-9.805800	-16.812286	6.172737	-0.959257	-0.804823	9.326357	5.972143	7.175328	-1.311086	-6.340486	-0.439722	3.348696	4.148889	13.702219	-16.314514	-5.056937	13.054152	15.108592	-6.981091	4.445462	-3.373494	-4.102410	14.643600	-2.141892
GCTTGATGATAATCAG-1_1	-13.093375	-20.437059	-2.858232	-5.619456	1.427416	-8.569954	-2.566287	-2.504453	-12.742901	-23.867556	15.199488	-2.105678	-0.554331	17.452723	8.362185	-0.123466	-1.322192	-14.888995	3.912456	7.963008	9.139957	21.917326	-26.931984	-2.903336	17.329136	18.123360	1.461526	2.776124	3.236789	-10.146387	12.655776	-5.636518
TTGGCTCGCATGAGAC-1_1	-10.210177	-16.235146	-5.866766	-2.902301	1.391058	-7.965917	-1.071125	-2.958331	-12.850873	-22.237814	11.471375	-1.318943	1.149806	11.502363	6.323713	6.290848	-0.149561	-9.217611	2.563010	5.109931	7.181358	18.124390	-20.322033	-3.553021	14.471990	17.441439	-5.991869	6.292795	-1.905048	-7.335564	15.119571	-4.267647
GCCCAGTTGGTATGCC-1_1	-18.359835	-24.421362	-0.469409	-7.893741	3.522688	-11.554916	-0.610371	-1.033268	-17.621967	-32.971481	23.002373	-4.424474	-1.321763	20.617224	9.350266	-3.948582	-0.842990	-18.646893	5.995543	11.160644	12.768659	26.755278	-36.382095	0.172105	24.706450	25.427231	1.998333	3.440798	6.867171	-14.861683	12.598307	-10.569925
ATTCCTCCGCCAGTGC-1_1	-11.991696	-17.953735	-6.510994	-4.200874	1.103006	-10.197664	-0.298831	-2.458967	-15.228468	-26.686646	13.478846	-3.014748	0.397660	13.136646	8.415094	8.664662	0.891268	-9.925236	1.176870	5.298788	9.427521	20.233284	-23.372004	-3.104639	16.985500	22.867168	-8.695162	8.030683	-1.411819	-8.103112	16.854303	-5.709172
TCGTCCGCTGGCGTCT-1_1	-9.575426	-12.640396	-2.278806	-3.251024	1.859810	-6.573296	-0.541179	-1.741662	-9.840714	-17.723154	10.837614	-0.955470	-0.462800	10.569984	4.902699	-0.317039	-0.115376	-9.189717	2.702947	5.674860	6.587166	13.095537	-17.661652	-1.179257	12.811233	13.763024	-0.762067	2.716966	2.282274	-7.112181	8.507540	-4.537088
GGAGAAGTCATTGGCA-1_1	-2.868292	-7.417054	-3.981876	0.404842	1.696722	-1.941830	2.167403	0.510420	-4.297506	-8.286253	5.864620	-0.051847	1.366612	3.969434	4.433071	3.155998	-0.996419	-1.367998	1.670653	1.303162	4.200472	9.120684	-9.166076	1.139400	6.200234	7.841375	-4.170308	0.904756	-2.498323	-5.851258	8.130033	1.218323
TTGTTAGCAAATTCGA-1_1	-6.237775	-10.790662	-5.294216	-1.438669	0.826630	-4.587324	-0.511046	-1.657266	-7.925229	-13.916376	7.403323	-0.695250	1.424772	7.391090	4.926573	5.428854	-0.511820	-5.075911	1.570529	2.441180	4.729719	12.029660	-13.243714	-2.325416	9.222979	12.097682	-5.169445	4.281433	-2.756108	-5.122880	11.794268	-1.360142
TCTAGCATCTTCGATG-1_1	2.648934	-1.952969	-2.407609	2.049882	1.640160	0.787377	1.999045	1.794168	-0.485281	-1.157493	2.990768	-0.657172	1.643113	-1.001720	1.655251	2.192179	-0.337081	0.686447	0.127814	0.195914	4.031326	3.763568	-3.866208	1.562201	1.014081	2.675998	-1.603649	-0.507524	-0.114468	-2.901455	3.258248	0.405331
TTCTAGGCCAATTGTG-1_1	1.998525	-1.973257	-1.914489	0.732186	0.853229	-0.636687	1.036202	1.230539	-1.273359	-1.900885	3.292248	-0.477615	1.742326	-0.513300	1.184883	2.180656	0.314025	-0.251931	0.743570	0.004583	3.717973	3.764494	-3.625177	0.996741	1.193243	2.342118	-1.269857	0.751700	-0.123300	-3.026451	2.933819	-0.051958
TCACGGTCATCGCACA-1_1	1.289232	-0.584827	0.072376	1.132113	0.659896	1.623276	1.757845	1.509521	0.641050	1.092973	0.300842	-0.933609	0.459067	-0.784477	1.007356	0.667909	-0.481934	0.733929	-0.021487	-0.603566	0.894705	1.401223	-1.695138	1.641835	0.245558	0.427145	-0.497139	-1.215273	-0.048658	-1.150315	0.809086	0.374045
ATGAAGCCAAGGAGCC-1_1	3.499873	0.907527	-0.489257	2.178412	0.867308	1.701911	1.927817	1.516408	1.576874	2.901124	0.069448	-0.799305	0.856781	-2.331343	1.343421	0.386476	-0.053843	1.078809	0.239507	-0.406053	1.237716	0.797295	-1.345952	1.299239	-0.925366	-0.614539	0.127152	-1.979979	0.272597	-0.891532	0.530846	0.599084
AATGACTGTCAGCCGG-1_1	0.562272	-1.301877	0.020891	0.696846	0.475684	1.551862	1.272896	1.610078	0.600130	0.607244	0.885745	-1.322799	0.258626	0.060735	1.153587	0.698026	-0.676573	0.611487	0.204282	-0.686395	1.105357	2.067505	-2.454776	1.513186	0.719098	0.909441	-0.700963	-0.977814	-0.391019	-1.405609	1.402316	0.245143
CCAAACAGAACCCTCG-1_1	0.540107	-0.726827	-0.282621	1.812192	1.290681	2.577000	1.880986	2.911951	0.448655	0.921990	1.695704	-2.158390	-0.013982	-0.471037	1.862852	0.810260	-1.838478	2.206959	-0.045098	-0.900953	1.646920	2.561946	-2.898734	2.921448	1.921932	2.245654	-1.498614	-2.374349	-0.394920	-2.098496	1.602309	0.285747
TATCGATGATTAAACG-1_1	1.496547	0.341902	-0.670464	1.585013	1.399570	1.730525	1.299461	2.120835	0.359472	0.933806	1.390662	-1.062907	0.398348	-1.240783	1.124694	0.787833	-1.216154	1.798261	-0.214353	-0.190631	1.546627	1.408735	-1.514634	2.058661	0.834553	0.962690	-0.706522	-1.883108	-0.027092	-1.725605	0.789728	0.255972
GAACACACATCAACCA-1_1	1.570467	-1.501575	-0.095088	1.891715	1.645316	2.958093	3.578521	3.012897	0.434901	1.522421	0.805980	-1.783085	0.992401	-0.998393	1.966959	1.098035	-1.751096	1.367954	0.236997	-1.740044	1.461861	2.600281	-2.405972	3.292886	0.947828	0.833530	-0.318579	-2.297508	-0.974086	-2.859598	1.839302	1.334706
CCCGTCAGCGTCTGAC-1_1	2.638828	-0.286555	0.080231	2.410730	1.487282	2.415386	3.136866	2.285421	0.712162	2.226660	-0.328876	-1.342306	0.860643	-1.819339	1.561666	0.265549	-1.090195	1.520955	0.124162	-0.947637	0.665176	1.428226	-1.488316	2.779038	0.004523	0.027891	-0.452323	-2.440347	-0.258251	-2.121476	0.688552	1.311249
AGCATCGTCGATAATT-1_1	3.987777	1.689617	-0.392285	3.146887	1.397875	2.545411	3.237540	2.206525	1.799409	3.802921	-0.250079	-1.810303	1.016725	-3.086619	1.844386	0.103446	-0.778229	2.229578	0.224011	-0.493199	1.080100	0.622890	-1.630623	2.210555	-0.705271	-0.238943	-0.178039	-3.128944	-0.075351	-1.714923	0.467758	1.089629
GACTAAGATCATGCAC-1_1	2.952472	0.562128	0.142250	2.300585	1.565031	3.024483	2.948912	3.097082	0.821451	2.367640	0.552659	-1.824694	0.573915	-1.993341	1.720646	0.855605	-1.231681	2.313484	-0.529830	-0.902600	1.412409	1.446481	-1.969253	3.307164	0.244011	0.451719	-0.838768	-2.852249	-0.163616	-2.368420	0.547025	0.527243
TAGGGTGTTTCAAGAG-1_1	3.313764	1.725823	0.706413	2.551468	1.474520	4.296913	3.232684	3.723836	1.720832	3.316703	0.867830	-3.228657	-0.245405	-2.425086	2.231999	1.326355	-1.623306	4.268443	-1.566260	-0.532957	1.921671	1.834118	-3.563696	4.230849	0.939138	2.010224	-2.330738	-3.974834	0.217745	-2.910904	0.352664	-0.231026
TGGTTCGTAGCAAAGG-1_1	1.192400	1.702442	-0.459740	2.402777	3.146309	3.085233	2.143790	4.697745	-0.102860	1.201582	2.660231	-2.707479	-0.296321	-0.961354	1.791492	1.035021	-3.673066	4.956022	-0.490000	-0.458671	1.995528	1.860746	-1.976100	4.812414	2.747606	2.194928	-1.514476	-4.807568	-1.198358	-4.390740	0.364693	0.541631
CTGTTCACTGCCTGTG-1_1	3.498863	-1.183414	0.225746	4.174659	2.897030	5.866061	5.727469	6.407317	1.308281	2.932147	2.920878	-5.108037	0.663983	-2.383780	3.928347	1.711300	-3.387401	5.349112	-0.822441	-1.779521	3.354511	5.587152	-6.813586	6.779150	2.861631	3.758954	-3.105889	-5.229948	-0.915823	-4.825140	2.530800	1.033373
ATGTGCATCCGACGCA-1_1	-0.250764	-1.789792	1.129265	2.499082	2.449187	4.675256	3.909988	6.796237	-0.090826	1.192140	1.767977	-4.633730	-0.748835	1.777560	3.157814	0.965252	-4.306341	4.595648	0.630963	-2.352386	1.715019	4.857415	-4.739125	7.366518	4.346537	3.878319	-2.671758	-5.655536	-1.787186	-5.660956	1.715883	1.436178
TTGTCGTTCAGTTACC-1_1	-1.765535	-6.628966	-2.182420	1.590147	2.637903	1.154591	2.781856	3.011734	-2.112845	-4.803856	7.354072	-2.946051	0.966516	0.939630	2.631884	1.971918	-2.762009	1.215825	2.324348	-0.955773	3.760679	9.138342	-9.749756	3.065045	6.944033	5.957714	-2.951175	-0.519059	-3.772912	-5.185778	7.878884	-0.379364
CGGGATCAATGTAAGA-1_1	0.628285	-1.779805	1.070597	2.353356	2.204950	5.024786	4.614382	5.734863	0.500460	1.306067	1.525875	-4.476202	-0.378666	0.796897	3.284588	1.461608	-3.702569	4.163203	-0.494587	-2.035910	1.985898	4.752154	-5.312696	6.430165	3.504826	4.071374	-2.890284	-5.068187	-1.548993	-4.761339	1.961438	0.708823
TTATCTGTATCATAAC-1_1	-2.217060	-8.175522	-2.626403	0.925682	2.501625	-0.180876	2.852155	2.321778	-3.042100	-6.228289	8.214241	-2.310865	1.504607	1.464689	2.827568	3.203229	-2.583226	-0.137089	3.277680	-0.574943	3.508674	10.973814	-10.533549	2.787509	7.410794	6.627422	-2.937463	0.689917	-4.637238	-6.432463	9.313022	0.410319
ATCGACTCTTTCCGTT-1_1	4.469984	4.322729	-0.193523	4.296994	1.326614	4.406797	2.872842	3.466064	1.991539	5.730218	1.306404	-3.605828	0.395859	-3.260992	2.664775	0.936442	-1.938063	4.264291	-0.250114	-0.489356	1.639716	1.713381	-2.751776	4.351144	-0.072900	2.196894	-1.084877	-5.172697	1.141684	-2.886655	-0.046991	0.519085
CTCATTTGATGGGCGG-1_1	2.134051	-4.122935	-2.407450	2.837823	3.136792	0.825604	4.611940	3.196205	-1.258816	-2.372267	3.933340	-1.248464	2.482207	-1.159676	2.751118	2.832221	-1.905770	0.720048	1.384401	-0.880947	4.590052	6.375960	-5.353634	3.699001	2.615714	3.690131	-1.115879	-1.180229	-1.825331	-5.444183	4.476843	2.316369
GTAAGCGGGCAGTCAG-1_1	2.518124	1.753505	1.610218	3.303773	0.594379	4.657408	2.814259	3.863655	2.271384	5.941113	0.475437	-3.857251	-0.564210	-1.761788	3.508745	0.768597	-2.136093	4.313603	0.303650	-1.100648	0.124983	3.058928	-3.199565	5.786381	0.824204	2.742768	-2.241921	-4.459115	1.443543	-3.695807	0.079348	1.039804
TCTATCGGTCGCAACA-1_1	2.602769	-3.696196	-2.029225	3.654238	4.372453	4.019259	5.866899	5.949716	-0.751824	0.003619	3.859254	-2.996003	2.322209	-1.449136	3.281990	2.164533	-4.342823	2.934244	0.823404	-2.309270	4.285161	6.459055	-5.076625	5.923727	3.050300	2.806658	-0.733283	-4.014413	-2.805338	-6.291296	4.325571	2.618076
AACGCGGTCTCCAGCC-1_1	1.458040	-0.385794	1.875268	2.776877	0.776867	5.480601	3.782421	4.988504	2.031708	4.368484	0.980877	-4.756938	-0.965910	-0.340704	3.897504	1.167137	-2.425544	4.319242	-0.055524	-1.717368	0.686963	4.340619	-5.333709	6.423324	2.148951	3.683604	-3.233763	-4.618690	0.372740	-3.766300	1.379504	0.878085
ATTAATACTACGCGGG-1_1	3.298346	-1.582745	0.938304	3.602283	1.908596	5.521165	5.865686	5.011198	1.460340	3.836469	0.959669	-4.096667	0.662812	-2.042953	3.427088	1.267052	-2.282648	3.754606	-0.361246	-2.408747	1.716406	4.251902	-5.079134	5.825099	1.295192	1.962080	-1.987616	-4.185356	-0.779096	-3.854055	2.191381	1.644770
CTTTAACTTTCAAAGG-1_1	2.464617	0.378575	1.231899	2.516750	0.857294	4.253251	3.681196	3.257136	1.775854	4.051246	0.199977	-3.315051	-0.060259	-1.471686	2.816555	0.925006	-1.684449	3.535593	-0.477647	-1.179108	0.699371	2.811370	-3.574356	4.554077	0.786661	2.238936	-2.050823	-3.569072	0.503583	-3.033539	0.670298	0.796537
CGTACCTGATAGGCCT-1_1	4.239304	-1.238731	0.134923	3.638838	1.826138	3.766602	4.969730	2.584587	1.267389	4.053233	-0.774293	-1.992833	1.254649	-2.407878	2.394717	-0.035820	-1.473549	2.011026	0.688234	-1.757956	0.316545	2.975547	-2.797514	4.003168	-0.432955	-0.156411	-0.385489	-3.470446	-0.148695	-3.492325	1.675194	2.961913
GAATGTTGGGTAATCT-1_1	3.938773	1.334029	1.401828	5.140128	0.871666	5.547472	3.683767	4.512014	2.584376	7.821129	0.246475	-4.486084	0.066245	-2.878183	4.209435	-0.168875	-2.226571	4.849758	1.158473	-1.629802	-0.181154	3.822224	-3.658523	6.622371	0.553846	2.115934	-2.087161	-5.335776	1.790510	-4.063321	0.566320	2.212810
TGCGGAGTAAAGGTGC-1_1	4.390385	-5.877179	-1.485143	4.300013	3.607930	6.044880	8.319239	5.837172	0.992946	2.479041	2.885940	-3.891931	3.655076	-1.684410	5.614532	2.136403	-4.334312	2.184893	1.877709	-2.785864	3.361475	10.059419	-8.906116	7.094388	1.819119	3.273360	-1.194356	-4.012801	-2.493941	-7.886137	5.941671	5.734689
CCTGAATATTTACATA-1_1	1.600283	0.460969	1.768799	3.308819	0.319435	4.652762	2.447319	4.375034	1.598481	5.422019	0.474648	-4.464312	-0.931178	0.275513	3.792718	0.029694	-2.514868	4.169084	1.290525	-1.391476	-0.756849	4.100156	-3.657989	6.510968	1.515409	2.898959	-2.458852	-4.918488	1.098786	-3.964560	0.546051	1.848239
TTGCTCCCATACCGGA-1_1	5.675436	-1.070035	2.718777	6.858401	2.263630	7.796451	8.127750	6.601703	2.608030	8.465965	-1.406000	-6.130374	-0.316922	-1.566166	5.568882	-0.198320	-3.822807	6.166698	1.497439	-3.075532	-1.041958	6.724773	-6.244012	10.698745	1.205471	2.925650	-3.251408	-8.776681	1.024892	-6.926644	1.438337	4.345298
CCTCTAATCTGCCAAG-1_1	4.780726	2.524494	2.537983	6.228312	1.693763	5.021578	3.737793	5.322082	2.675130	9.174770	-0.742456	-5.071501	-1.052511	-1.881215	4.685814	-1.191948	-3.870585	6.881344	2.900430	-0.812281	-1.675775	5.119739	-3.132206	9.453187	1.064828	2.780203	-2.848172	-8.331011	2.362576	-6.717313	-1.138312	3.730971
AGGTTGAGGCACGCTT-1_1	3.521970	-2.544420	1.121727	4.294733	3.230357	4.660708	5.980381	6.662909	-0.642078	1.533194	1.893433	-5.221359	0.562786	-0.512775	3.576577	-0.077221	-3.949678	3.952984	1.288816	-2.354282	1.975299	6.467107	-6.034368	8.015036	2.943354	2.543506	-2.183774	-6.027429	-2.160629	-6.060683	1.908703	2.774725
TCCCGTCAGTCCCGCA-1_1	1.488880	-3.117996	-1.045589	2.967442	1.407383	4.188504	2.853684	3.910226	1.266944	2.053816	4.046549	-3.459145	0.883146	-0.696432	3.575162	1.473668	-2.589098	2.315522	0.795564	-1.658090	3.112156	6.309245	-6.545773	3.777928	2.491700	3.236950	-1.728406	-2.490543	-0.772545	-3.640196	4.434760	1.193907
TCCGATGACTGAGCTC-1_1	-7.896440	-11.325241	-0.360011	-0.178721	-0.188558	0.878111	-1.909787	-1.479528	-3.771101	-6.669505	7.796041	-4.613941	0.118381	4.907334	3.169143	4.032436	-3.769331	-3.567861	3.769757	-0.176428	1.260295	12.873682	-15.534336	-2.811163	10.689468	7.969153	-1.297940	2.735654	-4.426370	-4.347601	11.964253	-1.782295
CAGCCTCCTGCAGAGG-1_1	-10.218528	-15.437426	-0.503926	-0.962815	-0.688520	0.213257	-4.452257	-4.017566	-4.978051	-8.166628	8.834503	-4.183329	0.655342	7.261082	3.543296	5.261890	-4.573092	-6.715369	5.235019	0.671156	1.248817	16.300560	-19.149490	-6.336794	12.665246	7.480142	1.179714	4.297284	-5.113808	-5.864491	14.689156	-1.093804
CTTAGCCTTCCACATG-1_1	-11.761521	-14.146830	2.141775	0.349084	1.090319	1.118141	-2.128464	-1.704324	-5.133280	-9.025443	11.134996	-5.098761	-1.040174	5.908737	3.948630	0.253419	-3.968969	-5.339870	5.356617	1.076941	2.573344	14.224255	-20.477371	-2.669095	15.362411	8.691433	1.864092	1.432447	-2.684869	-7.085859	11.307531	-3.553794
ATTAATGAACCAGTCG-1_1	-4.475076	-5.833841	0.669303	0.551650	-0.578785	2.328432	-0.954781	-0.248194	0.024518	-1.229243	3.622946	-2.897662	-0.375682	4.152856	2.732494	0.978896	-2.816223	-1.689353	1.798315	-0.724125	-0.336870	6.663093	-7.870057	-0.985900	4.294594	3.502565	0.570848	-0.345788	-1.867557	-1.979771	5.544356	0.052945
ACGATACATAGAACTA-1_1	-11.239979	-13.950740	1.252455	0.658872	-0.621662	3.617659	-3.606419	-2.736963	-2.456549	-5.253155	7.599571	-4.842287	-0.610300	8.223991	4.440781	2.251160	-5.745163	-4.959626	4.072846	-0.118406	-0.169399	13.920338	-18.119938	-5.031086	11.668520	7.085287	1.677720	0.809315	-4.308496	-4.719296	12.374871	-0.892067
ATACGGGTTTCGATTG-1_1	-8.159203	-11.733062	-0.102743	0.126190	-0.502251	1.832145	-3.161473	-2.529434	-2.416974	-4.564699	6.984758	-3.230430	0.769396	6.299695	3.150791	2.640541	-4.185282	-4.989732	4.601108	-0.021275	0.469096	12.163895	-14.389464	-4.306520	8.786323	4.981101	1.795886	2.264519	-3.809853	-4.661908	11.206657	-0.128568
GCTCGGAATTTAAAGC-1_1	-11.235587	-15.280630	-0.528735	0.387489	-0.243015	1.612308	-4.299117	-3.934707	-3.978033	-7.036568	8.794016	-3.438234	0.419233	8.002531	3.709033	3.422102	-5.176109	-6.610731	5.855497	0.658696	0.876940	15.464386	-18.638449	-6.046030	12.482787	6.563673	1.735166	2.844844	-4.901538	-5.952735	14.530555	-0.551911
TGGCAACTCGCGCGCC-1_1	-11.092149	-16.335672	0.642197	-0.986493	-0.408264	0.233395	-4.296201	-3.254054	-5.709579	-9.009580	10.251186	-5.473326	0.253960	7.583944	4.276441	4.851948	-4.768892	-6.345454	5.428833	0.119140	1.918308	17.748962	-21.848648	-5.722458	14.858634	8.416597	1.399925	3.583761	-5.116878	-7.181027	14.578106	-2.023607
ATCAGTAGGCAGGGAT-1_1	-7.120168	-9.956850	1.311405	-0.061136	-0.353029	2.255819	-2.226042	-0.790243	-2.206603	-3.625161	6.376370	-4.332162	-0.071230	5.493471	3.932040	1.083652	-3.447329	-3.361324	3.271938	-1.152420	1.039630	10.469934	-13.855999	-2.534306	8.648922	4.485586	2.036729	0.428502	-2.727720	-4.672753	8.181161	-0.825311
TATCGATCTATGCATA-1_1	-8.488294	-14.711609	-0.785024	-2.602260	-0.871633	-2.240975	-3.445853	-2.530034	-7.189503	-9.922992	10.185634	-6.594814	0.739885	5.158307	3.457984	8.394813	-3.362387	-5.113705	4.778146	-0.978166	3.352622	17.913897	-20.655094	-4.777255	14.636301	9.619374	-1.699085	6.211363	-5.804402	-6.834028	15.317988	-2.727934
CGACTCAGGATGTTAT-1_1	-8.147121	-13.296245	0.129026	-1.670359	0.025921	-1.173966	-2.753804	-1.769138	-6.339346	-8.723308	9.903840	-5.437738	0.776341	4.737350	3.555171	4.569669	-2.910537	-4.753576	5.037147	-0.742123	3.317535	15.263883	-18.993990	-3.538195	13.471675	7.565110	0.377493	4.213919	-4.320094	-7.192632	12.426732	-2.548324
GCCATATTGCACACAG-1_1	-10.291887	-15.280736	0.546027	-1.378803	-0.771515	-0.095304	-3.473757	-2.423829	-5.744845	-8.605148	10.237942	-6.752143	-0.231327	6.018564	4.245848	6.422585	-4.208951	-5.043828	4.716532	-0.928114	2.143143	17.344639	-21.339663	-4.711589	15.096648	9.369869	-0.539160	4.306423	-5.625579	-6.626827	14.971604	-2.440760
AATTCATAAGGGATCT-1_1	-1.817480	-8.536597	-2.569787	0.305434	1.344838	-0.797977	0.296668	1.852758	-3.356080	-5.397403	9.346645	-2.920259	2.556259	1.482521	2.500626	2.955267	-1.703637	-1.933216	4.645998	-1.290308	4.014672	11.763018	-11.620813	0.987434	7.342220	4.764086	-1.178134	2.342403	-4.114070	-6.155080	9.923961	-0.646255
CGGTAGAGGTGCAGGT-1_1	2.506033	-4.324192	-2.448495	1.129270	0.771939	2.053320	2.778607	2.268864	-0.195752	0.441647	4.591170	-2.951375	2.398989	-1.721177	3.036052	2.668766	-1.354279	0.022090	1.442130	-1.628347	3.379433	7.295333	-6.666552	1.876160	1.894469	2.968246	-1.093441	0.599651	-1.534913	-3.879284	6.333762	1.623576
AATGATGATACGCTAT-1_1	9.245851	11.900667	0.598369	5.517443	2.954956	-0.104926	4.132614	0.283834	4.160503	11.351426	0.865801	-5.727356	-0.657615	-7.060693	0.054058	1.117620	-1.228898	5.434939	5.925903	-0.641237	2.219882	0.485492	-1.849762	1.826745	-1.646870	0.465439	2.695588	-8.985397	-0.147194	-3.981784	0.970642	1.797290
CTTGTGCTCACCGATT-1_1	6.030210	3.904947	-0.552543	4.815358	1.457373	3.118760	3.555654	2.762892	3.028511	6.836044	0.183376	-2.636286	1.159851	-4.378883	2.318238	0.256074	-0.721427	3.290349	1.617569	-0.987018	1.581481	1.275543	-2.274491	2.844105	-1.135818	-0.327177	0.799211	-5.231317	0.533676	-2.236686	0.593065	1.670830
TTCCAATCAGAGCTAG-1_1	5.033934	0.580300	0.126375	3.682538	2.042403	2.876606	4.674859	3.108783	1.865571	3.939964	-0.990315	-1.973639	1.160819	-3.645412	2.173512	0.252067	-0.863572	2.208873	0.206808	-1.185578	1.130995	0.946565	-1.740487	3.153205	-0.723105	-0.808501	-0.449421	-3.592825	-0.523060	-2.074360	0.688191	1.421773
CGATGGACCCTACGCC-1_1	7.391270	6.417642	0.732600	4.995470	2.365210	1.406200	4.428328	2.023627	3.457791	7.961870	-0.038309	-4.033099	-0.108164	-5.769920	1.383822	0.264939	-0.977740	4.465173	2.925169	-0.748688	1.630180	0.295726	-1.695575	2.518499	-1.134609	-0.377001	0.751861	-6.606344	-0.372461	-2.561289	0.210209	0.982538
GGTCGGATAAACGGCG-1_1	5.129702	4.254872	-0.006418	3.960725	1.609240	1.319008	3.021336	1.692355	2.254506	6.027865	-0.071529	-2.583034	0.330801	-3.742189	1.231617	-0.252998	-0.908326	3.339559	2.301972	-0.771900	0.915810	0.432862	-0.914818	2.000111	-0.769744	-0.629102	0.828661	-4.837888	-0.126873	-1.872234	0.323986	1.384897
TTAGCTAATACGATCT-1_1	2.153163	0.155866	-0.286821	1.778070	1.482241	1.721231	2.408722	1.952162	0.349455	1.367825	0.177750	-1.090092	0.749190	-1.391982	1.083352	0.238175	-1.114918	1.379443	0.063678	-0.571926	0.855336	0.821652	-0.959599	2.082291	0.028157	-0.175277	-0.121020	-1.994018	-0.693823	-1.973536	0.566705	1.028318
CTCGATATTTGCGAGC-1_1	5.597001	8.331504	0.733572	4.128807	2.652951	-0.527819	3.020374	0.233172	1.660520	8.681041	-0.359382	-4.310582	-0.685807	-4.716118	-0.177465	-0.483314	-1.606718	4.451081	4.251572	-1.268949	0.255657	-0.126847	0.139489	1.739617	-1.082198	-0.290629	1.760437	-6.436430	-0.431830	-2.407654	0.454145	2.127396
ATTACTTACTGGGCAT-1_1	2.100878	0.172800	0.160790	1.742837	1.233075	1.688299	2.396820	2.015286	0.633928	1.630897	-0.191361	-1.110649	0.500452	-1.520733	1.140897	0.345538	-0.817364	1.224198	0.030978	-0.681604	0.662490	0.659542	-0.896617	2.166745	0.043894	-0.127222	-0.388681	-1.943905	-0.354253	-1.477302	0.332925	0.703892
CTAGCCGATGTTATGA-1_1	10.494541	15.377995	2.359790	6.131775	5.466378	-3.988439	5.695803	-0.532574	1.917655	16.169350	-2.199065	-7.318344	-2.461178	-8.464642	-2.333382	-1.317343	-2.668919	6.400916	8.675334	-3.233893	0.006276	-0.843793	0.583581	1.787668	-3.286917	-1.155122	2.312810	-10.384358	-1.437518	-3.464751	1.579440	3.256178
TACTGCAATCAATTAC-1_1	2.828624	1.371737	-0.142456	2.603840	0.835746	1.612306	2.085415	1.578491	1.346250	3.362615	-0.305048	-1.138846	0.487393	-1.990337	1.343669	-0.302689	-0.640361	2.028220	0.833008	-0.533361	0.409953	0.635694	-0.769424	1.811738	-0.336749	-0.343715	0.023871	-2.707630	0.148170	-1.213520	0.148952	1.064170
TAGTCTGTGACGTTGC-1_1	13.824142	32.494205	5.843615	5.241561	11.209011	-12.667818	6.348186	-3.249104	1.506159	26.022196	-4.162933	-12.976586	-8.099257	-12.086229	-9.359135	-1.029466	-4.672503	8.363553	16.897940	-5.322839	-0.931337	-4.276266	3.175725	1.003000	-5.587214	-2.663026	4.105096	-15.901608	-2.939420	-4.852368	2.373042	2.039995
CTCGTTTCTAATGTTT-1_1	1.401006	0.835363	0.026518	1.638901	0.730509	1.267388	1.350904	1.472725	0.427070	1.731049	-0.049918	-1.011704	0.244646	-0.926899	0.872723	-0.069015	-0.763822	1.392268	0.419381	-0.397124	0.184107	0.476881	-0.440431	1.778328	0.162282	0.067511	-0.130332	-1.944919	-0.027300	-1.183680	-0.012258	0.746295
TTCGTTCAACGAAGTT-1_1	3.143539	3.285064	0.280221	3.666138	1.134993	1.430769	1.331968	2.281436	1.360330	4.799420	0.063878	-2.322612	-0.101417	-1.900561	1.665653	-0.746750	-1.456061	3.448326	2.232424	-0.209748	-0.122717	1.054631	-0.455664	3.186564	0.203507	0.411536	-0.035536	-4.666537	0.588848	-2.257806	-0.712900	1.494045
CTGAATTTATTGCCAG-1_1	2.819456	-0.012864	0.383640	1.974401	1.221866	1.578950	2.961014	1.831816	1.067823	2.234762	-0.705232	-1.094414	0.403977	-1.814140	1.213059	0.182961	-0.626183	1.367410	0.231389	-0.897357	0.537399	0.739544	-0.972469	2.108059	-0.244916	-0.518379	-0.351418	-2.188401	-0.294697	-1.403328	0.381515	0.898235
TGGAATATCCTTGACC-1_1	2.578268	2.417417	0.244141	3.014579	0.923603	1.567527	1.285407	2.200442	1.065679	3.771519	0.000774	-1.986367	0.024758	-1.598412	1.492523	-0.557622	-1.194839	2.828777	1.500990	-0.168213	0.013104	0.937692	-0.629928	2.892421	0.204373	0.376809	-0.291282	-3.713045	0.449889	-1.957229	-0.543756	1.226520
CAGATCATTTAAAGTC-1_1	1.575518	0.104719	0.228962	1.226660	0.571875	1.167553	1.476192	1.111901	0.676676	1.568416	-0.240467	-0.786794	0.185937	-0.982375	0.878621	0.057182	-0.387345	0.984435	0.174269	-0.448855	0.293800	0.650881	-0.746668	1.414656	-0.079745	-0.099577	-0.292933	-1.350254	0.033408	-0.950083	0.225451	0.566736
TTAACACCTCGAACAT-1_1	2.735149	0.282035	0.280741	2.186772	1.089478	1.944939	2.499101	1.954132	0.886534	2.410526	-0.438172	-1.337294	0.398795	-1.653205	1.371654	0.126408	-0.678706	1.687267	0.102796	-0.817391	0.436488	0.962647	-1.124631	2.369014	-0.167290	-0.154274	-0.367225	-2.405178	-0.054134	-1.525656	0.306604	0.941116
GATTCCTATACGGCGC-1_1	2.549870	0.483121	0.463441	1.797906	1.499877	1.599660	2.995468	2.196322	0.830134	1.961594	-0.546233	-1.446705	0.201586	-1.607563	1.234464	0.408787	-1.099171	1.863960	-0.095546	-0.800412	0.569545	0.448210	-0.808299	2.502069	0.076077	-0.079233	-0.557215	-2.453259	-0.576021	-1.822412	0.074283	0.666733
TTACCCTAACAGTCCT-1_1	-9.985352	-13.048348	-3.033880	1.301558	0.060236	2.780301	-3.047029	-4.176579	-2.492643	-5.956741	4.794492	-0.964207	-1.801093	7.900614	3.887517	2.631277	-5.931490	-4.931661	2.119451	2.411423	0.241789	11.886879	-14.515320	-5.604350	10.804856	7.208561	-1.573320	-0.466720	-4.189605	-2.596102	13.782265	1.204569
ACCCACCTACATGCTC-1_1	4.239063	3.276412	1.731843	4.097118	2.534904	5.063254	3.992110	5.832331	1.126726	5.288330	0.115190	-5.138276	-0.342006	-1.680645	3.572199	1.078555	-3.838858	6.262751	-0.089660	-0.865241	0.775474	2.949235	-2.489475	8.150597	1.603763	3.029563	-2.379091	-7.390277	0.302271	-6.364011	-1.126454	1.305891
AAAGGGCAGCTTGAAT-1_1	0.420478	-1.434756	0.122101	2.912014	2.243060	7.032415	4.661113	6.753846	0.258943	2.973141	1.964194	-5.479402	0.140847	1.933658	5.260999	0.536677	-5.763407	5.213013	0.514407	-2.241903	1.027737	6.472414	-5.763384	8.145340	3.983911	5.382794	-3.204048	-6.435566	-1.465829	-6.903286	2.863759	3.358055
CACACAGGGATAGATT-1_1	5.324343	10.965629	2.024295	4.089920	2.812455	1.258334	1.666243	2.485726	1.976632	8.180913	1.712404	-6.513817	-2.351148	-4.026984	0.726491	1.224301	-2.469450	5.633662	3.572177	0.465932	1.204735	0.738996	-1.434460	5.511533	0.142925	2.396305	0.640062	-8.817314	0.320708	-5.438005	-1.970583	-0.157180
AGAGCGTACAAGCTCG-1_1	11.509800	28.191893	6.005809	4.835458	8.729354	-7.178054	4.348287	-2.190306	1.976334	21.447226	-0.810452	-13.270670	-7.296987	-10.321501	-5.776682	1.601447	-3.823730	8.646610	12.544896	-2.739876	0.120054	-1.559984	0.650307	4.266963	-2.945829	1.042381	3.956296	-15.893147	-1.576831	-7.172487	-0.601097	0.492115
TCTTACGGCATCCGAC-1_1	2.921374	3.645047	0.709517	2.879442	2.385751	3.569787	2.364781	4.673721	0.650840	3.500823	1.045104	-4.444586	-0.400546	-1.200177	2.482562	0.874449	-3.407983	5.181929	0.113733	-0.207673	1.103601	1.384447	-1.540511	5.872833	1.760527	2.231671	-1.676726	-5.972403	-0.460304	-5.035925	-0.725767	0.742904
GCCTATTCCGATATAG-1_1	1.033959	2.877696	0.425915	2.292701	2.610304	3.735688	1.746898	4.891341	0.764520	2.313445	2.073656	-3.904360	-0.957475	-0.838151	2.147826	1.000938	-3.790889	5.674012	-0.399094	-0.042491	1.858813	1.769845	-2.576257	5.438192	3.287422	3.003683	-2.550103	-5.683215	-0.616384	-4.754088	-0.249899	0.228065
GAAAGTGACTAACTGC-1_1	5.519417	13.808418	2.299642	3.557948	3.830306	-1.393834	1.765716	0.918666	1.701879	10.228681	0.972616	-6.964586	-3.133792	-4.637795	-1.155979	0.951864	-2.428439	5.601164	5.699880	-0.492456	0.425773	-0.301219	-0.081260	3.901412	-0.391452	1.138054	1.842459	-9.312625	-0.391797	-4.666132	-1.327538	0.332384
CCGGAATGGTTTCAGT-1_1	3.553740	1.888012	0.943339	2.822051	2.052130	3.453526	4.042128	3.523680	1.199776	3.541956	-0.380751	-2.914884	0.103519	-2.097285	2.300465	1.023643	-2.213430	3.877597	-0.640538	-0.739105	0.764102	1.374972	-1.774260	4.842975	0.332838	1.372091	-1.314845	-4.549089	-0.296895	-4.003333	-0.321488	0.793114
AGTATAATACTAGGCA-1_1	2.915109	6.176104	0.411030	2.985111	1.526066	1.231230	1.118584	2.169531	1.315779	4.840681	1.187451	-3.194643	-0.781152	-2.186392	0.889333	0.319827	-1.744401	3.936295	2.059245	0.267354	0.625689	0.091904	-0.424724	3.232877	0.332889	1.042342	0.501673	-5.395360	0.173681	-2.990402	-1.096270	0.389988
TAACTATCGAAGGTCC-1_1	5.279122	6.381430	0.095916	4.377031	1.843124	2.189383	2.748270	2.095421	1.897763	5.670019	0.717632	-3.883186	-0.147681	-4.303846	1.344352	0.818063	-1.400361	4.077772	1.466259	0.346264	1.307587	0.596463	-1.690543	3.377036	-0.496985	1.777506	0.178124	-5.833875	0.343379	-3.210849	-0.360006	0.628389
ATGAGGAGTGTTAATC-1_1	9.166000	21.663965	3.253256	4.732347	6.788302	-4.825375	4.448441	-0.789030	1.536427	16.590250	-0.287973	-9.536001	-4.143929	-8.659768	-4.188687	0.826254	-3.314093	7.754118	9.237464	-2.697850	0.397220	-2.601676	1.518526	2.337512	-2.374193	-0.567385	3.695943	-12.159133	-1.661124	-4.492812	0.374971	1.370397
TGTGTCGCGAGTTGCA-1_1	4.817268	0.304328	-1.413012	4.666422	3.049253	4.332229	5.244814	4.321662	1.006193	2.661540	1.707467	-2.004661	1.448012	-3.955196	3.349058	2.510688	-2.275193	4.263786	-0.955698	-0.054739	3.485254	4.351089	-4.369376	5.438879	1.080658	4.255360	-3.165647	-3.945669	0.726703	-4.420186	2.029237	1.588350
ATCCAACGCAGTCATA-1_1	7.810318	10.149521	0.015222	5.623405	3.485073	1.664924	3.819692	2.755600	2.584407	9.213925	0.994175	-5.602444	-0.278332	-6.088801	1.472307	0.022645	-2.470017	6.532384	3.415310	-0.318752	1.453216	-0.431989	-0.811747	3.646621	-0.879899	0.482169	1.398749	-8.718318	-0.834663	-4.487422	-0.126914	1.691806
AAGGCGCGTAAAGCTT-1_1	1.360690	-2.961644	-3.733185	4.630606	6.325377	1.970085	5.334450	6.154679	-2.635505	-3.313611	4.964471	-1.114469	1.816711	-1.318767	2.033143	3.242015	-5.458784	3.914594	0.289904	-0.741345	5.666032	5.285399	-3.466082	6.115238	4.888460	4.869840	-2.261950	-4.181556	-3.060149	-6.737010	4.047995	1.705688
AGTCGGCCCAAACGAC-1_1	2.311024	1.434559	-1.076991	2.669114	2.219742	2.535272	2.281289	3.467744	-0.036173	1.885133	1.845330	-1.846341	0.969809	-1.455548	1.567185	0.503751	-2.312308	2.845811	0.261013	-0.738528	1.682603	1.318029	-1.125904	3.269333	0.840761	0.468155	0.010625	-3.475319	-0.854245	-3.010907	0.625443	1.136719
AACGTCAGACTAGTGG-1_1	1.732164	-1.758189	-1.668813	1.959444	1.700906	1.877758	2.329843	2.229122	0.082305	-0.287357	2.455515	-1.398554	0.697561	-1.265990	1.573378	1.944217	-1.474578	1.910916	-0.143751	-0.009303	2.939872	3.851809	-3.986050	2.249684	1.733138	3.164196	-2.368862	-1.290693	-0.502128	-2.539391	3.157785	0.379179
ACTACCAGCTCTCTGG-1_1	1.339887	0.641038	-0.261333	1.451076	1.451463	1.895112	1.805235	2.311929	0.373757	0.829429	1.155170	-1.539182	0.105701	-1.273533	1.058396	1.073095	-1.440373	2.206978	-0.646715	-0.316164	1.595927	1.096843	-1.526447	2.320045	1.159744	1.315112	-1.070660	-2.178940	-0.333353	-1.787804	0.571589	-0.134088
GCAAGTGCACAGAGAA-1_1	1.668164	0.518299	-0.155528	1.622631	0.967438	2.123410	1.086142	2.280418	0.876428	1.342225	1.748937	-1.929160	-0.322772	-1.204311	1.250722	1.511274	-1.172470	2.357334	-0.730992	-0.111835	2.016734	2.060008	-2.727354	2.386829	1.216025	2.210932	-2.000006	-2.125013	0.335197	-1.538892	0.943458	-0.907843
ACACCTTAAGTAGGGC-1_1	0.532781	0.887760	-0.099651	1.660189	2.307785	2.676691	1.750204	3.650784	0.278143	0.727032	1.991630	-2.306725	-0.517887	-0.755943	1.580194	1.179699	-2.772998	3.803879	-0.809004	-0.366353	1.870142	1.788751	-2.284986	3.709428	2.616022	2.503263	-1.889947	-3.690939	-0.676488	-3.134101	0.508504	-0.217329
TTCGACGGGAAGGGCG-1_1	1.949425	0.868846	0.260091	1.395711	0.309362	1.805594	1.258810	1.675747	1.055860	2.127033	0.427454	-1.445791	0.178685	-1.357170	1.198685	0.818998	-0.353530	1.278617	-0.376520	-0.470130	1.102736	1.030056	-1.500069	1.748780	0.015568	0.729102	-0.732879	-1.646502	0.588938	-0.775612	0.076330	-0.293163
TTCGCACTCGCGTGCT-1_1	0.366328	-0.052958	0.087197	1.579616	2.122579	2.937188	2.256683	3.835483	0.215077	0.551830	1.900667	-2.592383	-0.439229	-0.307112	1.852872	1.371075	-2.659221	3.325632	-0.695112	-1.110294	1.818337	2.121870	-2.639231	3.845729	2.647969	2.473733	-1.681310	-3.472002	-0.974413	-3.072381	1.174322	-0.066194
TATTTGTTACCCTTTA-1_1	0.371966	-1.188031	0.466061	0.899997	0.732133	1.926848	2.154647	1.920604	0.497976	0.638919	0.368232	-1.601808	-0.029121	-0.101448	1.250725	0.748559	-0.989621	1.147380	-0.143974	-0.989280	0.793808	1.804132	-2.280339	2.146263	1.094735	1.249461	-0.971378	-1.520370	-0.612719	-1.509675	1.145963	0.318923
CGCTGTGACGCCGCAC-1_1	1.617386	0.073521	0.163058	1.344766	0.797986	1.991981	1.912880	1.767476	0.814385	1.572691	0.372617	-1.168723	0.326567	-1.259063	1.159402	0.868112	-0.609944	1.344804	-0.357039	-0.593500	0.965995	1.190824	-1.673295	1.974841	0.306498	0.635893	-0.769939	-1.612848	0.178509	-1.258031	0.591398	0.170213
GTTGCACGGAGTTTCG-1_1	1.354707	-0.482279	-0.039047	0.972999	0.707336	1.301346	1.785561	1.244325	0.586749	1.019729	0.267637	-0.764342	0.592763	-1.074595	0.938170	0.716888	-0.392941	0.526310	-0.055727	-0.529968	0.912932	1.015326	-1.264914	1.300166	0.028658	0.230951	-0.391026	-0.809890	-0.131637	-1.102925	0.775129	0.417562
GTTTCCTGGAGGGTGA-1_1	2.321620	0.258327	0.724366	2.201090	0.707292	2.910476	2.484203	2.679851	1.227084	2.663622	0.236356	-2.019139	0.193768	-1.486716	1.686212	0.626740	-0.671756	2.073420	-0.285301	-0.790620	0.852726	1.703369	-2.457670	3.112114	0.313852	0.754064	-1.279778	-2.487300	0.513745	-1.444382	0.350956	0.390186
ACACCCAGCATGCAGC-1_1	1.742535	0.074572	0.673002	1.992257	0.690167	2.759474	2.419991	2.394262	0.987151	2.614769	0.120780	-1.815824	0.109777	-1.126349	1.718799	0.510308	-0.958649	1.908386	0.055855	-0.980107	0.465506	1.681219	-1.967664	3.124462	0.445548	0.848195	-0.998020	-2.370245	0.309931	-1.805924	0.559405	0.711199
TCAACCATGTTCGGGC-1_1	0.909019	-0.132370	0.012365	1.071218	0.594090	1.666937	1.451262	1.317851	0.482797	1.192811	0.328976	-0.911487	0.237704	-0.469612	1.040091	0.269119	-0.792433	1.053452	0.039646	-0.505523	0.573213	1.122267	-1.259823	1.671409	0.376936	0.525329	-0.436447	-1.374848	-0.024550	-1.284574	0.594101	0.586221
TTACAACTACGCATCC-1_1	3.108177	1.101910	-0.198631	2.739653	1.133257	3.114478	2.480587	2.736450	1.084483	3.238141	0.544048	-1.762152	0.653909	-1.981797	1.805919	0.193338	-1.045772	2.394599	0.096667	-0.783896	1.134650	1.330969	-1.782128	3.039469	0.003817	0.069868	-0.425896	-3.011061	0.233179	-2.080395	0.585479	1.049232
TCCGATGGTGCGACAT-1_1	3.225226	-0.207923	0.911323	3.052343	1.472827	3.484401	4.349792	2.924352	1.238014	3.261481	-0.805771	-2.236988	0.497597	-2.074115	2.013737	0.552108	-1.213055	2.520675	-0.180514	-1.293779	0.453406	1.853065	-2.335165	4.038889	0.195191	0.475759	-1.171182	-3.425709	-0.018271	-2.465840	0.617127	1.330235
GGGCGTACATTTATAT-1_1	1.838015	0.529588	0.480354	1.751868	1.227988	2.872252	2.615416	2.726338	0.638772	1.926219	0.352613	-2.142320	0.059871	-0.853931	1.585592	0.582369	-1.607335	2.765118	-0.428440	-0.696570	0.898521	1.579153	-2.035547	3.409541	0.919947	1.163718	-1.232393	-2.925095	-0.274505	-2.646732	0.388770	0.743298
AGCGACCAACGATATT-1_1	2.450816	1.007271	1.010542	2.615763	0.488929	2.655457	2.103021	2.362708	1.638562	4.053630	-0.298415	-1.880863	-0.244242	-1.687095	1.966318	-0.008983	-0.956595	2.689965	0.626203	-0.672694	0.091454	1.711977	-1.644970	3.527889	0.196756	0.783626	-1.090401	-3.011842	0.859585	-2.068933	-0.017777	0.991226
ACACAAAGACGGGTGG-1_1	3.043484	2.082747	0.507977	3.006884	1.052811	3.365799	2.240155	3.338575	1.280077	3.837587	0.556330	-2.763345	0.040513	-1.840407	2.155336	0.349798	-1.322092	3.551463	-0.307664	-0.543408	0.739676	1.513449	-2.221527	3.936236	0.323898	1.205293	-1.328789	-3.892603	0.763253	-2.287554	-0.330667	0.510276
ATCGCACGCCGGGAGA-1_1	4.142246	-0.044835	0.784600	3.336775	1.575818	3.990130	4.758401	3.313151	1.435300	3.639621	-0.694634	-2.487653	0.774465	-2.776956	2.176234	0.607210	-1.072096	2.677131	-0.565452	-1.390426	0.953648	1.825284	-2.753885	4.043620	-0.089665	0.259340	-1.348462	-3.520695	-0.076599	-2.410191	0.787193	1.086170
GCTCTAAACCCTGACG-1_1	3.884253	4.160949	0.999296	3.296251	0.984018	1.676879	1.918157	1.720741	2.124109	5.341047	0.242982	-2.599096	-0.710775	-2.756089	1.273612	0.183063	-0.950937	3.450397	1.652673	-0.364536	0.526885	1.035779	-1.371930	2.927448	-0.216895	0.856183	-0.024302	-4.688687	0.779774	-2.272689	-0.504142	0.590250
AATGCAACCGGGTACC-1_1	3.950431	-0.538817	1.715609	4.091117	1.579150	4.158794	5.214474	3.789117	1.631779	5.092010	-1.350251	-2.791876	0.305678	-2.564497	2.413679	0.492175	-1.498158	3.148690	0.754432	-2.241637	-0.133041	2.746263	-2.587285	5.493341	0.324621	0.425873	-1.288859	-4.403673	0.188017	-3.501483	0.779800	2.221942
TCAAACAACCGCGTCG-1_1	1.572539	0.098295	0.179768	1.451369	0.555648	1.852512	1.581145	1.562551	0.651548	1.832257	0.298391	-1.250454	0.307663	-0.946240	1.109615	0.225172	-0.671570	1.324205	0.058119	-0.553322	0.561555	1.206884	-1.402360	1.925881	0.116227	0.309439	-0.511017	-1.557584	0.100885	-1.353453	0.461908	0.629485
TATGCTCCCTACTTAC-1_1	5.083035	8.643199	2.015556	4.027764	1.865037	0.544262	1.819403	1.147258	3.014319	8.339560	0.580329	-4.712331	-2.134611	-3.734262	0.928148	0.500915	-1.770920	4.905037	4.146526	-0.158476	0.259972	1.252881	-1.363805	3.647849	-0.136881	1.914220	0.600500	-7.420718	0.937461	-3.925236	-1.152366	0.737945
AAAGGGATGTAGCAAG-1_1	1.508850	-0.717506	0.507718	1.922704	0.760106	2.709797	2.640751	2.453999	0.776850	2.100210	0.290965	-1.767244	0.283760	-0.866111	1.689559	0.476706	-1.031133	1.513964	0.231010	-1.184850	0.676806	2.060282	-2.263002	3.013329	0.573108	0.796865	-0.861368	-2.100489	-0.144757	-1.846334	1.034302	0.931228
ACGATCATACATAGAG-1_1	2.229489	0.734123	0.643147	2.466278	0.339100	3.142505	2.002837	2.384986	1.518886	3.836756	0.541934	-2.381194	0.017642	-1.736975	2.115599	0.350292	-0.873930	2.227601	0.026498	-0.951102	0.569414	1.788666	-2.249731	3.094640	0.154840	0.993751	-1.080245	-2.476226	0.854097	-1.510101	0.444381	0.573372
TTGTTCAGTGTGCTAC-1_1	1.924339	0.105087	1.325875	2.804067	0.272799	3.498888	2.638562	2.906361	1.566816	4.401714	-0.037777	-2.750948	-0.187358	-1.317882	2.385779	0.318507	-1.233549	2.520967	0.782146	-1.244894	-0.244414	2.524548	-2.540002	4.254971	0.520603	1.218939	-1.537784	-3.012468	0.771944	-2.267415	0.681457	1.220488
ATGCATGATCCAGGAT-1_1	2.010578	1.180377	0.801710	2.497803	0.273791	2.846973	1.474574	2.331785	1.618984	4.267831	0.541521	-2.391809	-0.276998	-1.485137	2.279961	0.227760	-1.180577	2.509134	0.427303	-0.832405	0.267611	1.927454	-1.845626	3.365579	0.257775	1.318348	-1.049925	-2.791522	1.092598	-1.860218	0.066689	0.672149
AGTCTTCTCCTCAAAT-1_1	2.560871	0.663019	1.135079	2.938363	0.436604	4.203000	2.842969	3.183671	1.948064	4.794647	0.490709	-3.265357	-0.161257	-1.646304	2.864990	0.476789	-1.392005	3.221756	0.099970	-1.177590	0.481771	2.704614	-3.270979	4.452027	0.501677	1.764150	-1.797303	-3.380693	0.988158	-2.526978	0.655511	0.945405
GATTCCCTTGTCGCAG-1_1	0.676912	0.529208	-0.091399	2.753862	1.454686	3.743708	1.822620	4.253966	0.423407	2.852264	1.995387	-2.893800	0.043222	-0.409416	2.871981	0.009269	-2.903647	3.397922	0.780015	-1.214865	1.093471	2.936081	-2.436107	4.775200	2.193373	2.355540	-1.399283	-3.870573	0.131510	-3.403555	0.869099	1.328413
CTCGCACCTATATAGT-1_1	1.245557	-0.677942	1.568281	2.587273	0.256056	4.482845	3.185536	3.699001	1.506582	4.295714	0.029456	-3.777450	-0.573301	0.234309	3.448045	0.541855	-2.096085	2.943568	0.763769	-1.664179	-0.565397	3.862153	-3.763355	5.461634	1.257217	2.636664	-2.179134	-3.895239	0.474904	-3.167917	1.255658	1.739392
ACTCAATAAAGGCACG-1_1	3.101337	0.347017	1.292514	3.595321	0.593118	4.499850	3.590322	3.393508	2.108669	5.365861	0.114617	-3.211807	0.053836	-2.339695	2.859626	0.385480	-1.206210	3.327153	0.345757	-1.407994	0.324648	2.785747	-3.405289	4.775945	0.345066	1.273501	-1.843584	-3.588856	1.040648	-2.542651	0.851879	1.214084
AACCGAGCTTGGTCAT-1_1	2.122432	0.121990	1.237607	3.098789	0.385074	4.132629	2.836147	3.515615	1.505044	4.783289	0.321341	-3.516903	-0.124673	-1.010456	2.929614	0.103796	-1.667580	3.116093	0.792627	-1.495355	-0.025186	3.077431	-3.081095	4.895030	0.878834	1.678161	-1.737410	-3.625997	0.787496	-2.820604	0.820897	1.412963
TAAGGCAACATAAGAT-1_1	2.935220	2.579263	1.068062	3.896205	0.476078	2.782527	1.359642	2.725354	2.300223	6.406679	0.181277	-2.595686	-0.666909	-1.997183	2.771339	-0.382039	-1.696826	3.628131	1.925368	-0.793190	-0.354255	2.232553	-1.230554	4.521328	0.190278	1.245315	-0.719799	-4.504843	1.623088	-2.760722	-0.431322	1.581895
CACGCACAGCGCAGCT-1_1	9.286432	18.764536	4.630353	6.060285	5.315478	-3.425084	2.868255	-0.025336	4.033281	18.560366	-1.213125	-9.824010	-5.564268	-7.086215	-0.588823	-0.259032	-3.545113	8.136123	10.136920	-2.181980	-1.391205	1.648035	0.577056	5.497268	-1.376927	1.439725	2.346289	-13.600514	0.928514	-6.350417	-1.789769	2.573993
GGTTTACAATCTCAAT-1_1	2.207139	1.097590	1.573538	3.377791	0.163870	3.599866	2.012785	3.267731	2.090425	5.847359	0.030726	-3.092107	-0.545267	-1.424277	3.005419	0.086911	-1.717830	3.382299	1.351938	-1.044611	-0.637449	2.989050	-2.349145	5.017977	0.593674	1.754704	-1.816917	-3.941348	1.493542	-2.695773	0.065962	1.478508
TGCAGGATCGGCAAAG-1_1	2.860931	1.654175	0.840409	3.859730	0.735709	4.539613	2.255282	3.968675	1.774978	5.909255	1.061387	-3.723147	-0.153433	-1.834801	3.365303	-0.063674	-2.005948	4.107741	0.729629	-1.241523	0.279519	2.824582	-2.755454	5.356284	0.779203	1.745110	-1.680666	-4.419250	1.493824	-3.124037	0.251836	1.421534
ATAACGGAGTCCAACG-1_1	3.802870	0.632982	-0.205968	3.451125	0.532565	4.035460	2.722554	2.538579	1.994914	5.257680	0.498229	-2.301390	1.181980	-3.052249	2.649119	0.208962	-0.752410	1.772076	0.415831	-1.348463	1.117115	2.224951	-2.712710	2.945315	-0.680897	0.276385	-0.461431	-2.648791	0.932389	-1.910472	1.324040	1.285090
AACGATATGTCAACTG-1_1	-2.555395	-7.455134	-1.360434	1.322820	0.192985	4.158489	1.146752	2.200784	0.713675	0.133558	6.083096	-4.020690	1.076135	3.051720	3.601236	2.741775	-3.600958	-0.592260	2.692090	-2.061772	1.387007	9.537369	-9.685846	1.385177	4.449974	4.094002	-1.584537	-0.130724	-3.606961	-4.241312	9.168119	1.714012
GACAACGACCATTGAA-1_1	1.242188	-2.862409	-1.981381	1.425546	0.980848	2.482698	2.107878	1.850663	0.044729	0.552726	2.927069	-1.749942	1.393016	-0.598741	2.211530	1.621868	-1.925094	0.818028	0.630687	-0.735953	2.061324	4.985800	-4.432470	1.695535	1.507205	2.643964	-1.589995	-0.673048	-1.000797	-2.574085	4.371484	1.270249
TTGACCATGTTCTCCG-1_1	-7.322027	-12.240627	-1.723386	-2.536846	-0.695213	-1.813217	-2.433399	-2.513224	-6.190809	-8.777745	8.608497	-4.803579	1.487294	5.057429	2.512153	6.209533	-2.631978	-5.468721	4.915984	-0.417621	2.408365	14.473976	-16.240938	-3.834955	10.969519	8.156929	-1.325460	6.384721	-4.624529	-5.347296	13.727712	-2.084047
AGTACGGGCACCTGGC-1_1	-7.984169	-14.279852	-2.151794	-3.056068	-0.153948	-2.986876	-1.896225	-1.749355	-8.319058	-12.064993	11.288669	-6.270340	1.601926	5.105314	3.094864	7.227345	-2.639233	-5.621641	5.548964	-0.403818	4.171075	17.735159	-20.128937	-3.020249	14.159516	11.198199	-2.837836	7.249899	-5.298872	-6.803303	15.988661	-3.771666
CGCCATCCGATTATGA-1_1	-9.679237	-12.267242	1.240993	-0.682819	-0.224144	1.470315	-1.873098	-1.289522	-3.865057	-6.657287	9.140640	-5.525725	-0.302356	6.410939	3.969194	1.641902	-3.789889	-4.932226	4.581542	-0.300958	1.687169	13.165386	-17.371651	-2.401486	11.661029	7.801815	1.132873	2.275945	-2.747406	-5.541665	11.048584	-2.371893
AAGGTATCCTAATATA-1_1	-9.817944	-18.407681	-0.771567	-5.616787	0.393110	-7.462150	-1.222317	-0.085160	-13.695636	-19.986847	17.078991	-10.482033	0.287844	5.335664	4.892416	9.526847	-1.728670	-6.562419	5.853721	0.092649	8.558504	25.132586	-29.515293	-1.084837	22.365078	17.990358	-4.832361	8.687488	-4.974324	-10.314666	17.829430	-8.601031
TGTTGTCAAGAAGTCT-1_1	-6.382918	-8.973078	0.726644	-0.270316	-0.404838	1.864755	-1.353702	-0.258064	-2.118757	-3.777114	6.655405	-4.532263	0.223172	5.122238	3.498372	1.460530	-3.220721	-3.091733	3.395127	-1.083614	1.296651	10.242155	-12.831745	-1.419374	7.815946	5.368564	0.809620	1.095082	-2.414699	-4.228353	8.352475	-1.153734
CAGTGAATAAATGACT-1_1	-9.597733	-17.641607	-1.953319	-4.004078	-0.788602	-4.011267	-3.255581	-2.556954	-10.132221	-13.981504	13.276816	-8.182897	1.656483	5.827533	3.927925	10.400936	-3.292983	-6.521855	6.374048	-1.043474	5.055917	22.222273	-25.144855	-4.698376	17.848152	13.038553	-3.219295	8.985101	-6.937593	-8.565001	19.334885	-4.270439
CACCTTGCGAAACTCG-1_1	-4.047446	-7.412376	-0.015024	-0.332643	-0.536228	1.060874	-1.588059	-0.334646	-1.639897	-2.932210	4.897485	-3.402295	0.498739	3.976433	2.716222	2.620056	-2.649240	-2.325511	2.305575	-0.875737	1.139276	8.964513	-10.121612	-1.754004	5.815336	3.990554	0.191496	1.028665	-2.534227	-3.257398	7.130391	-0.454173
CATTTAGCGGACCATG-1_1	-8.476144	-16.430769	-2.300820	-3.544937	-1.933291	-2.635344	-4.506421	-3.994453	-7.292645	-10.477518	9.287537	-6.101798	1.197264	6.606017	3.370297	10.947227	-3.851575	-6.672561	4.386242	-0.471638	2.207352	19.686134	-20.552864	-6.931754	13.576232	10.149459	-2.372603	7.804726	-7.080156	-5.687430	17.988192	-1.805526
CCAGTCTAGACGGCGC-1_1	-7.454921	-11.626620	0.209196	-1.052281	-0.517875	0.123180	-2.889727	-1.958865	-3.899735	-6.023911	7.652586	-4.286561	0.450120	5.339375	3.326272	3.660961	-3.147132	-4.697375	4.167097	-0.404744	1.629676	12.873990	-15.462976	-3.676023	10.107744	5.854824	1.119282	3.024841	-3.610100	-5.289264	10.777185	-1.228775
TCGCTTTAAACGTTTG-1_1	-5.638338	-12.238390	-2.869988	-0.702685	0.415565	-1.348445	-1.654125	-1.061125	-4.989318	-8.486485	8.987990	-3.625335	1.213845	3.334804	2.317028	6.595532	-3.000533	-3.672772	3.838648	0.019168	2.444612	14.751184	-15.289221	-2.854964	10.687408	8.202867	-3.068006	4.466385	-6.166336	-4.963783	14.190304	-1.418925
GTGAAACGGCGCCACC-1_1	-7.838110	-17.862572	-2.214643	-4.337520	-0.573363	-6.049428	-3.493345	-2.001908	-11.420878	-15.452509	14.117279	-8.428559	2.092980	4.875949	3.940111	12.110363	-2.810624	-6.009946	6.347499	-0.915926	6.961673	24.205393	-26.338053	-4.357819	18.918291	13.461364	-3.809618	9.108460	-7.064199	-9.739959	18.942162	-4.891166
GGGCTCATCGAACCCA-1_1	3.683977	-1.257615	-1.653573	3.082621	2.137818	3.625970	3.703189	3.394104	0.978908	2.265235	2.660992	-2.270394	1.845193	-2.555149	2.611585	1.542741	-1.884626	2.361820	0.035405	-0.886362	3.302240	4.160857	-4.151333	3.360747	0.691180	1.637217	-0.919073	-2.355646	-0.345347	-3.373880	2.952125	1.412211
TTGATGTGTAGTCCCG-1_1	-2.265091	-7.898910	-2.907823	1.617886	2.319101	-0.236525	1.376145	1.925378	-2.854208	-5.391349	9.348166	-2.432907	1.833659	0.515093	1.798110	2.989462	-2.380058	-0.323631	4.216467	-0.743740	3.863830	10.798543	-10.744434	1.583304	7.703360	5.614802	-2.295988	1.690153	-4.465974	-5.831233	10.097713	-0.493596
CAGTAGCCCACGCGGT-1_1	7.523754	8.776334	0.926063	5.480464	2.667891	1.194438	3.931224	1.316784	2.886178	9.234160	0.282098	-5.202104	-0.656767	-5.824976	0.825965	0.091613	-1.476702	5.479702	3.921455	-0.659323	1.077465	0.515874	-1.653621	2.983732	-1.055315	0.535145	1.393517	-8.082060	-0.192363	-3.604873	0.159031	1.618840
AGCGCGGGTGCCAATG-1_1	6.869458	6.955026	-0.858946	5.257765	2.258864	2.499514	3.483357	1.979823	2.539327	7.133617	0.884230	-3.735360	0.623699	-5.266624	1.674538	0.624651	-1.306592	4.281871	2.347510	0.042642	1.709882	0.853849	-2.099651	2.971675	-1.143020	1.041685	0.986966	-6.533986	0.245882	-3.553782	0.485485	1.650236
TAATCGATCCGTACGT-1_1	4.154546	4.539570	-0.448717	4.380692	1.737217	2.606684	2.173285	3.140597	1.408133	5.107223	0.763372	-3.122842	0.411610	-3.013148	1.895688	-0.271424	-1.580194	4.040900	1.387002	-0.162688	0.624914	0.479900	-1.133605	3.526466	-0.134757	0.414783	0.235081	-5.356106	0.173908	-2.631299	-0.368524	1.404544
AGTGGCGGCAATTTGA-1_1	4.989955	4.861367	-0.615860	4.880364	1.580295	2.910363	3.015894	3.318940	2.252532	6.251293	0.570803	-3.042551	0.775796	-3.743197	2.087371	-0.186997	-1.372257	4.139825	1.765128	-0.665121	1.169686	0.510994	-1.364668	3.313750	-0.333748	-0.065266	0.628275	-5.739223	0.138204	-2.251284	-0.022289	1.602938
CCTTTCAATGAAGAAA-1_1	15.917755	29.842726	4.995936	7.046489	10.450500	-9.234202	6.512318	-2.559450	1.794829	25.103218	-2.385352	-14.237258	-6.342323	-12.956095	-6.468079	-0.220336	-4.036566	9.685886	14.674596	-4.154045	-0.262427	-2.688159	1.217310	2.091200	-4.821664	-0.792584	4.956362	-16.358154	-3.191812	-6.139119	2.061050	3.115091
CTCAGTCACGACAAAT-1_1	11.289333	19.602608	1.527304	6.987263	6.311625	-3.282014	6.282596	-0.956156	2.071833	17.650791	-0.681943	-9.129263	-1.894467	-10.189233	-2.576443	-0.646851	-3.340928	8.456591	8.956749	-3.032161	0.892485	-2.147032	1.099637	1.579314	-3.120277	-1.016486	4.240942	-11.869344	-2.092608	-4.198403	1.917567	3.873064
ATAGGCTAGCTTCGCA-1_1	18.108290	28.347832	3.517864	9.588037	10.177227	-7.912577	9.237476	-2.707598	2.191235	28.187109	-3.164628	-13.604565	-4.521512	-14.861974	-4.650470	-1.473612	-4.558226	10.660688	14.694801	-5.778068	0.138658	-1.810897	0.975567	2.227248	-6.121294	-1.140061	5.322153	-17.212591	-3.399626	-6.285399	3.658153	5.854560
CGGTTCAAGTAGGTGT-1_1	6.772386	11.240329	0.122934	5.093296	3.731718	-0.907928	3.530615	0.316721	1.083875	9.875853	0.144599	-5.685083	-0.248479	-6.009597	-0.753092	-0.735236	-2.466232	5.228724	5.442292	-1.076574	0.666773	-1.129286	0.412631	1.565621	-1.491804	-0.294864	2.329522	-7.529036	-1.287933	-3.198104	1.063865	2.803746
CAGTCGAGGATGCAAT-1_1	8.460360	1.983969	-1.321155	7.776172	4.266391	4.105820	7.361557	4.215731	1.156524	7.266261	-1.550868	-4.144207	2.715355	-5.361867	3.981841	-1.259726	-3.535962	3.760774	2.566924	-1.724139	0.534576	2.443612	-1.943568	5.786781	-1.480247	-0.333805	0.096024	-7.957546	-1.225351	-5.781265	1.366610	5.283091
TATCACCCAACCGACC-1_1	37.638386	91.082771	16.103247	11.431184	31.612385	-40.339397	20.460012	-12.573222	2.528638	71.324867	-14.211735	-32.534695	-23.204821	-34.567474	-31.048788	-2.965924	-12.041702	19.732342	47.639130	-17.362038	-0.244910	-15.080602	8.718932	-2.151027	-18.670408	-9.575527	10.353353	-39.557484	-9.857744	-9.502211	11.097382	3.245307
AATGATGCGACTCCTG-1_1	10.743210	10.792675	1.494077	7.218472	4.480178	-0.404143	5.475736	0.783102	2.361791	14.024518	-1.434747	-6.865933	-1.043794	-7.754152	0.691989	-1.604024	-2.573698	6.593943	6.550259	-2.143054	-0.056764	1.579566	-0.861261	3.983665	-2.360900	-0.295751	1.693447	-10.758013	-0.387322	-4.898669	0.737256	3.917134
TGGAACCACTGACACA-1_1	8.457048	9.309495	1.365878	6.939976	3.291954	1.283061	4.067364	2.554838	2.878256	12.101614	-0.731499	-5.512712	-1.056056	-5.855058	1.821828	-1.081505	-2.408739	7.428132	5.062285	-1.418317	-0.123280	1.572973	-0.753842	5.133854	-0.929609	0.264534	1.053158	-10.096353	0.423349	-4.728343	-0.664554	2.847260
GCCAATAGGGCATCTC-1_1	6.879491	2.820916	0.409971	6.383609	2.563999	3.235109	5.865008	3.208442	2.466618	7.835854	-1.299572	-3.243749	0.506891	-4.183644	2.928943	-1.022678	-2.284794	4.936446	2.557390	-1.569871	-0.107430	2.273675	-1.747183	5.210579	-0.676409	-0.353747	-0.030173	-7.457441	0.338843	-4.050083	0.168295	3.208805
TTCTTTGGTCGCGACG-1_1	9.307213	14.030173	1.882069	5.654890	4.799324	-1.816892	4.106808	0.336857	2.061211	13.915691	-0.893566	-7.560281	-2.113273	-7.337935	-0.755151	-0.623518	-2.387681	7.006897	6.659230	-2.044798	0.032340	0.007328	0.240168	3.081217	-1.940179	-0.264340	2.554456	-10.234963	-0.963465	-4.307944	0.296483	2.849658
ATTAGATTCCTCAGCA-1_1	1.773650	1.359429	0.695245	2.883183	2.721410	3.268183	2.726882	4.933605	-0.211618	2.329196	0.916526	-3.159966	-0.425690	-0.269769	2.254977	0.412897	-3.597102	4.823992	0.386273	-0.907103	0.601214	2.355388	-1.584060	6.266759	2.332363	2.002450	-1.550464	-5.472480	-0.650863	-5.153345	-0.345166	1.557820
CCGTGGAACGATCCAA-1_1	4.469503	5.257554	0.283638	3.768045	1.711448	1.141166	1.988399	2.037037	1.515090	5.826241	0.321052	-3.137036	-0.314309	-3.036611	1.103401	-0.424106	-1.397070	4.181499	2.400688	-0.432736	0.385563	0.424062	-0.509557	2.778722	-0.245112	0.128148	0.600070	-5.431070	-0.008923	-2.533118	-0.308119	1.364558
GGGTCGTGGCAAGTGT-1_1	5.914470	9.342096	1.392518	3.607891	3.376011	-1.310549	2.128107	0.335957	1.160730	8.873839	-0.504980	-5.394393	-1.678920	-4.507523	-0.275477	-0.383020	-1.757948	4.457660	4.540219	-0.996956	-0.250887	0.325709	0.198433	2.507283	-1.076654	0.198982	1.551368	-6.971623	-0.495757	-3.309453	-0.249529	1.812713
TCGCTCGGCACCAGCG-1_1	4.284354	2.674143	0.317246	3.541663	1.302072	1.630774	2.633777	1.989581	1.685840	4.657664	-0.311952	-2.219234	0.171591	-2.975850	1.436989	-0.439104	-0.812626	3.103337	1.531926	-0.529124	0.483039	0.757985	-1.049492	2.466048	-0.415634	-0.269759	-0.021939	-4.118004	0.005714	-1.858887	-0.048507	1.144366
ACGCAATCACTACAGC-1_1	7.544409	8.797810	1.072441	6.168646	3.032944	0.464292	3.642004	1.629234	2.400010	10.578190	-0.575569	-5.369306	-0.652446	-5.496619	1.003167	-1.008051	-2.068510	6.095569	5.226824	-1.023629	0.080215	1.011204	-0.601927	3.735245	-0.879271	0.087947	1.313713	-8.862253	-0.068139	-3.854688	-0.188503	2.725667
CTCTAATGCATTGATC-1_1	7.624154	9.474766	1.377956	5.120512	3.082683	-0.285164	3.378888	1.121680	2.147702	10.271191	-0.469772	-5.629512	-1.085412	-5.705116	0.162701	-0.644131	-1.644158	5.627535	5.008799	-1.215362	0.408804	0.522578	-0.536945	2.873156	-1.123727	-0.144890	1.459562	-8.120288	-0.520329	-3.369905	0.146476	2.196891
TTAAACCTGGTTCCTT-1_1	0.427256	0.578151	0.345808	0.609798	0.237699	0.941236	0.509144	0.830373	0.457684	1.077282	0.198540	-0.884523	-0.266987	-0.271099	0.622139	0.189446	-0.545578	1.097944	0.001586	-0.095701	0.163432	0.537803	-0.699468	1.250671	0.385443	0.640152	-0.549329	-1.127834	0.258158	-0.902195	-0.084047	0.081111
GCTAAGTAAAGGCGAT-1_1	4.543751	8.812911	1.777103	2.546416	2.845845	-1.997744	1.731317	-0.307444	1.174442	8.004715	-0.703887	-4.546835	-2.100537	-3.717052	-0.903868	-0.142002	-1.472183	3.508295	4.401104	-1.041449	-0.354582	0.047910	0.426853	1.791588	-0.986035	0.267377	1.311953	-5.911328	-0.274598	-2.598350	-0.404351	1.158220
GACTGCGGCACGTGTA-1_1	9.625374	20.993227	4.406992	3.876570	7.256990	-7.485211	3.352443	-1.157188	1.699886	17.816753	-2.905177	-9.439059	-5.701709	-7.636012	-4.861013	-0.818849	-3.228424	5.955244	11.145846	-3.093638	-1.198543	-1.529234	1.981290	2.171338	-3.100597	-1.091782	2.383965	-11.746610	-1.247481	-4.302627	0.288183	1.641127
TGGTGATCGTATTTGT-1_1	13.218404	33.337536	6.209695	5.753462	11.367992	-11.772899	4.842114	-2.031834	1.365699	26.652164	-3.257931	-14.406877	-8.595058	-11.228539	-8.495008	-0.706434	-5.192236	9.575508	17.110384	-4.843504	-1.821446	-3.682556	3.637131	2.854093	-4.310820	-2.026011	4.567351	-17.652241	-2.443413	-6.290205	0.620490	2.387538
TTATCGCCTGCGAAGC-1_1	5.119278	12.456487	3.822617	4.666224	3.914691	-1.855530	-0.014292	2.301554	2.022108	11.715709	-0.590153	-7.694655	-4.737685	-2.908402	1.201994	-0.569960	-3.581534	6.325305	7.383343	-0.299072	-2.062987	2.531751	0.574950	7.162800	0.394436	2.444551	0.201660	-10.805365	1.499379	-6.671349	-3.864743	1.481650
GGTGCTGATCACAAAG-1_1	2.131408	2.009216	0.613085	2.015115	0.946496	1.795290	1.864618	1.952336	1.005655	2.830742	-0.070483	-1.939189	-0.169230	-1.327360	1.269682	0.250271	-1.174833	2.654535	0.370371	-0.161966	0.321671	0.847783	-1.071409	2.838746	0.268029	0.868228	-0.614155	-3.137103	0.210193	-2.283799	-0.443908	0.587800
CATAGCCGCCCGGGAT-1_1	2.108317	0.967489	0.090873	2.513968	2.194370	1.910120	3.042852	3.269971	0.088461	1.775867	0.189793	-1.906059	0.387878	-1.298866	1.317869	0.577155	-2.105958	2.435183	0.226403	-0.867904	0.702962	0.666848	-0.723007	3.728900	0.824412	0.360809	-0.419581	-3.358014	-0.831616	-2.701566	-0.122710	0.921413
GGTTAGTTACGGCGCC-1_1	1.559687	2.083141	0.212378	1.716568	0.735331	1.221734	1.032041	1.491862	0.703577	2.343805	0.242577	-1.546881	-0.130321	-0.982066	0.938237	0.025068	-0.977421	2.161013	0.634004	-0.008926	0.219127	0.468132	-0.562959	2.077525	0.252748	0.590721	-0.207223	-2.627668	0.193805	-1.693409	-0.418272	0.544654
ATTCCCACATAAACAA-1_1	4.947102	8.684934	0.844646	4.105090	2.684884	1.065156	1.786119	2.627309	1.806630	6.919512	1.212290	-5.064334	-1.253817	-3.677038	1.330219	0.432992	-2.377352	5.193360	3.206395	0.271923	0.803159	0.194374	-0.529525	4.332868	0.103816	1.401034	0.674061	-7.528694	-0.085343	-4.429492	-1.393863	0.648391
ATTCAGTAGCAGGGTC-1_1	2.272163	2.967986	-0.560762	3.011016	2.782116	2.115642	2.179316	4.002928	-0.010548	2.008231	1.466506	-2.759750	0.262162	-1.554281	1.463480	0.439069	-2.940698	3.563105	0.629607	-0.292484	1.383116	0.269677	-0.529622	3.930104	1.212065	0.703206	-0.230059	-4.553468	-1.405906	-3.435697	-0.269721	0.965615
CAGTTCCGCGGGTCGA-1_1	3.982940	4.842842	-0.136945	4.678905	2.429703	2.889371	2.221279	4.897347	0.627943	5.032484	0.818484	-3.995262	0.226611	-2.004293	2.478072	-0.325836	-2.980865	5.342858	1.866719	-0.304406	0.418292	0.871956	-0.348336	5.674536	0.917091	0.761807	-0.154414	-6.907479	-0.386887	-4.345325	-1.116222	1.964295
AAGAGATGAATCGGTA-1_1	5.107065	9.993688	2.207483	4.586536	2.716190	-0.156597	1.310125	2.588717	2.246871	9.323001	0.325328	-5.836722	-2.624124	-3.318271	1.139019	-0.136590	-2.580439	5.945197	5.290720	-0.314774	-0.337305	1.249709	-0.127312	5.329930	0.357472	1.448269	0.541020	-8.999660	0.622557	-4.810308	-2.288409	1.099218
CGCAATTCTACAATAA-1_1	6.418240	8.041247	-0.179995	5.591293	3.289522	2.609806	3.132244	4.995797	2.087825	6.968121	1.624236	-5.192239	-0.103290	-4.470948	2.505494	0.178148	-2.922894	6.349165	2.447777	0.043597	1.610227	-0.359940	-0.475924	5.293380	0.207894	0.385260	0.480974	-8.372300	-0.800624	-4.486157	-1.039381	1.201006
TAACGCTTTGAGAGCG-1_1	4.889239	11.337250	1.981676	2.532041	3.623142	-2.819367	1.860921	-0.042223	0.810123	8.861840	-0.469982	-5.275443	-2.482418	-4.194968	-2.009919	0.047095	-1.970711	4.110016	5.419852	-1.395244	-0.149441	-1.000677	0.986381	1.668385	-1.069034	-0.293263	1.591647	-6.724587	-0.675555	-2.746505	-0.145529	0.877270
AGGCTATGGTTAGCTT-1_1	3.729672	4.038898	-0.699994	4.122599	3.268847	3.325718	4.084125	5.326517	0.582855	3.510208	1.655488	-3.570541	0.697263	-2.691703	1.984467	1.228746	-3.177698	4.621422	0.057310	-0.917936	1.916102	-0.128636	-0.988641	5.119364	0.980169	0.403138	-0.119347	-5.795490	-1.450755	-3.788303	-0.225785	0.630192
GAGGAATGGAGAGGTT-1_1	2.647631	5.346594	1.672862	2.340539	1.475715	-0.128617	0.407393	1.609658	1.363902	5.128401	0.024924	-3.363947	-1.913188	-1.520807	0.814174	0.015407	-1.465853	3.100539	2.829143	-0.122212	-0.379704	1.068459	-0.116335	3.414443	0.283502	1.044292	-0.013494	-4.974329	0.728543	-2.810199	-1.675723	0.345482
TCCTCTACGAGATGGC-1_1	2.989957	5.285120	0.442919	3.101406	1.436613	1.747731	0.972869	2.963402	1.224932	4.624927	1.108305	-3.359584	-0.686487	-1.742539	1.520985	0.092595	-1.985722	4.244620	1.700657	0.179377	0.555512	0.554229	-0.533895	3.928713	0.592251	1.126172	-0.024913	-5.328180	0.350556	-3.244907	-1.145248	0.672562
TTGATTATGCAGATGA-1_1	2.417637	0.465009	0.888859	1.683397	1.387609	1.990133	2.902472	2.366710	0.816288	1.872500	-0.417866	-1.828150	0.018211	-1.443011	1.344925	0.701377	-1.179785	2.076573	-0.384717	-0.599468	0.661393	0.875980	-1.251032	3.009017	0.227645	0.476192	-1.063176	-2.566243	-0.432531	-2.202155	-0.074167	0.374164
TCAGTACTGACCCGCG-1_1	2.827850	2.554187	0.201512	2.287246	1.763871	1.787369	2.416379	2.855833	0.813697	2.502019	0.352770	-2.494411	0.154487	-1.854943	1.460760	0.571496	-1.685088	2.757351	0.299240	-0.279820	0.982285	0.083541	-0.527471	3.076817	0.295939	0.369624	-0.389485	-3.598415	-0.769369	-2.482724	-0.362035	0.492590
TTATGACAAACTGGAT-1_1	1.605813	2.235384	1.658670	2.161527	1.193311	2.903695	1.572456	3.474479	1.045313	3.162295	0.282595	-3.499408	-1.065084	-0.382152	1.915301	0.503603	-2.398461	4.087987	0.333461	-0.188821	0.497725	2.024920	-2.069132	5.051926	1.687561	2.349040	-2.014771	-4.569467	0.503452	-3.895891	-0.895096	0.632486
GTAAGTAGGGTATACC-1_1	4.239535	6.571791	1.288553	2.549649	1.799617	0.017492	1.906309	0.900891	1.664421	5.569873	0.422691	-3.745292	-1.196219	-3.367501	0.052987	0.503728	-1.059231	3.438783	2.631804	-0.309307	0.917767	0.000302	-0.737160	2.120125	-0.354489	0.646840	0.622610	-5.157561	-0.232070	-2.456204	-0.449632	0.222822
CGCAAACACGAGTTAC-1_1	2.808562	3.636375	1.189233	2.039591	1.464970	2.745631	2.059585	2.561803	1.414966	3.287487	1.049301	-3.851232	-0.829397	-2.002828	1.299634	1.240799	-1.773910	3.732722	-0.060899	0.175443	1.425554	0.964101	-2.410744	3.782302	0.892162	2.021135	-1.449317	-4.284974	0.087279	-3.501776	-0.209399	-0.410780
TGGCCGTATATTGACC-1_1	3.353233	3.134855	0.820664	2.846291	1.216202	1.994937	2.204145	2.473210	1.545377	3.870287	0.241147	-2.882885	-0.316818	-2.246634	1.436205	0.336257	-1.144458	3.273401	0.829002	-0.095271	0.757773	0.819475	-1.483566	3.299463	0.151042	0.782346	-0.574450	-4.128692	0.231078	-2.429127	-0.491062	0.475023
ACTGTAGCACTTTGGA-1_1	5.505768	5.561835	1.391720	3.624567	2.270506	3.328051	3.732564	3.463836	2.355364	5.665120	0.939561	-4.789715	-0.689666	-3.890639	2.041818	1.326105	-2.059015	5.049585	0.485789	-0.008669	1.815345	0.895158	-2.504346	4.955323	0.004558	1.700164	-0.988490	-6.155650	-0.030635	-4.507245	-0.442867	-0.019914
GCTCTATGTTACGTGC-1_1	1.274465	1.803299	0.208015	1.010448	0.784913	1.397419	1.204687	1.296509	0.771736	1.558347	0.509388	-1.546641	-0.220656	-1.157010	0.748468	0.657578	-0.874335	1.816474	-0.315275	0.027857	0.781484	0.170117	-0.996659	1.591732	0.378629	0.916559	-0.651209	-1.942592	-0.000402	-1.442706	-0.054102	-0.245399
TGCGCGATTAACGGAG-1_1	1.901895	3.121441	0.845890	1.839593	0.904237	2.214652	1.244937	2.302295	1.128832	2.972450	0.939050	-2.834086	-0.675937	-1.294313	1.140057	0.811395	-1.461013	3.186665	0.164540	0.032597	0.919621	0.815090	-1.606562	3.201688	0.832816	1.578409	-1.011239	-3.585877	0.410900	-2.609034	-0.445906	-0.251507
GAATCGACATGGTCAC-1_1	2.258924	3.940069	-0.048931	2.486109	1.177976	2.392774	1.296907	3.073223	1.081750	3.464425	1.281401	-2.711564	-0.140456	-1.605299	1.517648	0.481297	-1.735624	3.652969	0.270580	-0.065548	1.071751	0.238124	-0.942752	3.227930	0.694393	1.039601	-0.465047	-4.126597	0.153380	-2.365213	-0.638706	0.077606
GACTAAGTAGGCTCAC-1_1	3.910675	4.931971	0.946250	2.496693	1.477513	0.233896	1.827204	0.859214	1.524871	4.815278	0.145739	-2.957376	-0.753637	-3.021759	0.351735	0.168261	-0.830849	2.947244	2.154606	-0.261575	0.650616	0.207406	-0.689611	1.784295	-0.396165	0.413120	0.443961	-4.283746	-0.160330	-2.020674	-0.270990	0.450710
ATCTTGACCTGCAACG-1_1	0.627272	0.667482	0.590901	1.397895	1.354957	2.465315	1.659408	3.097240	0.533074	1.159557	1.017746	-2.254713	-0.561037	-0.169814	1.524328	0.873633	-1.993822	2.909105	-0.439889	-0.475674	1.137630	1.700657	-2.145624	3.538189	1.832377	2.011362	-1.653070	-3.166277	-0.264949	-2.558635	0.118265	0.000612
ATGCACTACCGCATTG-1_1	3.686925	-0.448590	0.608088	2.090477	1.839635	2.310031	4.227088	2.495128	1.150568	2.255760	-1.008913	-1.492535	0.732731	-2.393752	1.561061	0.795138	-0.901425	1.600535	-0.423575	-1.193411	0.969048	0.947354	-1.502645	2.791359	-0.365543	-0.414453	-0.752104	-2.456067	-0.811804	-2.239322	0.679421	0.844217
CAGATACTAACATAGT-1_1	2.025858	1.621276	0.098371	2.047459	0.553110	1.724385	1.593145	1.464951	1.176992	2.814856	0.026620	-1.313416	0.197720	-1.526062	1.187388	0.155479	-0.735715	1.836426	0.302493	-0.353049	0.536617	0.630800	-0.917113	1.872397	-0.082635	0.404876	-0.203988	-2.411653	0.366546	-1.173775	-0.098361	0.496732
GATCGACACTATCTGA-1_1	0.805252	-0.400805	0.148520	1.050027	1.227980	1.630311	2.043274	1.818531	0.185465	0.599626	0.270901	-1.083820	0.149657	-0.441785	1.010927	0.543488	-1.325894	1.380570	-0.130390	-0.668657	0.687844	1.192984	-1.236072	2.182850	0.807743	0.759943	-0.607684	-1.772438	-0.711156	-1.924721	0.632424	0.674375
ATAGAGTACTGGGACA-1_1	3.136522	0.244658	0.109915	2.030839	1.097944	2.699426	2.716290	2.440102	1.166824	2.370149	0.267466	-1.663053	0.725267	-2.036336	1.584023	0.655840	-0.547694	1.651126	-0.549104	-0.729215	1.376866	1.246505	-2.132249	2.405613	-0.217775	0.022209	-0.758062	-2.160492	0.087682	-1.523870	0.635948	0.369709
CCTACTGCTTACACTT-1_1	2.100228	1.264457	-0.323191	1.532590	0.453650	1.744660	1.208293	1.485814	0.772065	2.036609	0.554233	-1.245337	0.514499	-1.352083	1.139390	0.805434	-0.599925	1.265445	-0.247329	-0.131699	1.209767	1.083401	-1.271067	1.700647	-0.083059	0.962907	-0.629895	-1.709175	0.606900	-1.111949	0.135634	-0.041937
CCTGCTATTTGAGAAG-1_1	2.687691	0.101818	0.231156	1.984678	1.423732	2.580664	3.146481	2.558746	0.793573	2.078982	-0.061240	-1.637201	0.758211	-1.884796	1.586088	0.769617	-1.050874	1.626455	-0.432157	-0.997458	1.100909	1.159177	-1.596557	2.766775	0.089124	0.252147	-0.684296	-2.355664	-0.289089	-2.016390	0.576593	0.605583
CGCGTTCATGAAATAC-1_1	3.326125	-0.732442	-1.062202	2.516591	1.455791	2.802528	3.340757	2.171570	0.875704	2.261445	0.767435	-1.371137	1.607392	-2.330258	2.277532	1.037109	-0.763935	1.423836	-0.075182	-0.891929	1.878478	2.491018	-2.693366	2.404886	-0.201459	0.941232	-0.582205	-1.708419	0.124559	-2.473397	1.935180	1.734047
CATTATGCTTGTTGTG-1_1	3.956080	-0.607381	0.056301	3.005253	2.491886	2.928693	4.788404	2.964708	0.894104	2.469834	-0.692295	-1.484010	1.344335	-2.686727	2.047050	0.776833	-1.485631	1.700035	-0.171458	-1.291677	1.157765	1.529270	-1.697619	3.535147	-0.343029	-0.227174	-0.469434	-3.083967	-0.859721	-3.223335	1.015730	1.702070
CCAGGGACGTGGCCTC-1_1	-0.934563	-6.859121	-2.820223	0.397741	1.184620	-0.502766	2.288119	1.580254	-2.201483	-4.742104	6.314092	-1.599450	1.979419	1.227488	2.879690	3.754828	-1.240803	-0.841378	2.340493	-0.078336	3.698907	9.017287	-8.425067	1.558436	4.856579	5.745243	-2.953514	1.565661	-2.977367	-5.553319	7.990510	1.392707
TATGGATGTGCTACGC-1_1	2.469126	0.190251	0.146505	2.116431	0.907788	2.427051	2.380672	2.175377	0.752697	2.244188	0.054102	-1.602315	0.604494	-1.585273	1.462479	0.376093	-0.762882	1.738696	-0.232481	-0.716139	0.806507	1.513312	-1.839209	2.506016	0.076581	0.553729	-0.796834	-2.205287	0.207104	-1.570576	0.456961	0.712652
GTACTAAGATTTGGAG-1_1	2.173028	-1.846800	-1.945474	3.612596	4.024446	2.989269	4.407854	5.041512	-0.966534	-0.622940	3.142246	-2.204053	1.478388	-1.415410	2.714412	1.578396	-3.803737	3.591177	0.133851	-0.848229	3.564840	4.990727	-4.008755	5.233314	3.022080	3.661458	-1.770119	-3.954162	-1.746618	-5.254014	2.739477	2.102110
AGACCCGCCCTCCTCG-1_1	10.355088	21.900772	3.643155	4.821391	6.709701	-5.665592	5.143646	-2.207506	2.160830	17.896761	-0.875542	-9.736538	-4.502022	-9.472047	-4.573522	0.666615	-2.701281	7.522810	9.810981	-3.018229	0.493879	-2.219185	0.875925	1.399494	-3.021278	-0.444703	4.056226	-11.996202	-1.838703	-4.064220	1.094167	1.697008
CGCATTAGCTAATAGG-1_1	6.392663	9.852471	1.287482	4.960404	2.248965	1.964287	3.139735	1.912213	3.231052	8.477572	1.538868	-5.162640	-1.574340	-5.202632	1.009386	1.200691	-1.573923	5.983808	3.079382	0.071238	1.456881	0.528812	-2.397922	3.979700	-0.401602	2.146699	0.727975	-8.392136	0.535204	-4.156337	-0.730803	0.405499
GCTCTCGGGTACCGAA-1_1	2.779249	1.716011	0.469727	2.636134	0.654656	2.376406	1.910951	2.054145	1.463165	3.603468	0.237375	-1.964008	0.000122	-1.965410	1.540446	0.248591	-0.707980	2.371477	0.178987	-0.564198	0.626677	1.154780	-1.687181	2.615996	-0.126903	0.620026	-0.606038	-2.988321	0.694431	-1.369516	-0.063786	0.425742
CACCGCCAGAAGGTTT-1_1	4.202459	4.834562	0.944669	3.466087	1.084783	3.343072	2.231111	2.764739	2.101481	5.608804	1.068419	-3.417143	-0.557508	-3.070201	1.678145	0.847840	-1.414759	4.057066	0.266059	-0.308582	1.267405	1.288238	-2.417694	3.977038	-0.216192	1.674838	-0.656864	-5.024558	1.009023	-3.100703	-0.532201	-0.053632
TCCCAAAGACGAAGGA-1_1	8.154294	9.866442	1.290747	5.798491	2.857518	0.406470	4.320187	0.722204	3.076840	11.453664	-0.411618	-5.333624	-0.962606	-6.239625	0.453151	-0.493692	-1.698337	6.221551	5.108698	-1.454445	0.718670	0.686844	-0.996931	2.924297	-1.290093	0.084152	1.825209	-8.886665	-0.172508	-3.602427	0.383516	2.400880
ATGGATTGACCAAACG-1_1	5.060656	5.817290	1.264089	4.688799	1.345023	2.774903	2.500237	2.772493	2.969732	7.400730	0.519234	-3.622223	-0.975693	-3.527111	2.051546	0.324751	-1.602738	4.977043	1.879796	-0.369443	0.710731	1.524504	-1.984603	4.563324	-0.217054	1.474053	-0.193442	-6.611701	1.328652	-3.381083	-0.924490	0.837644
GTCATGGACATGACTA-1_1	4.753188	7.538620	1.141688	4.032723	1.687345	0.677106	2.351917	0.863167	2.761118	8.199322	0.247856	-3.755674	-1.253893	-3.764753	0.833590	0.156539	-1.595071	4.444599	3.709786	-0.823991	0.330814	0.717437	-0.778316	2.743769	-0.410224	0.951016	1.071301	-6.475614	0.662483	-2.915229	-0.260100	1.320915
CTACTGCCACCTGACC-1_1	9.468953	10.613337	1.369818	6.841384	3.249063	0.759983	5.213071	0.909582	3.679921	13.187536	-0.742069	-5.786107	-0.892863	-7.339391	0.769953	-0.538021	-1.831638	6.899189	5.500819	-1.919283	0.682690	0.856214	-1.147604	3.261066	-1.680856	-0.118673	2.027686	-9.807582	0.020248	-3.812106	0.730550	2.835382
TTATATTTGGCAATCC-1_1	3.678643	2.679028	1.081220	3.475754	0.663311	2.580930	2.039310	2.434101	2.098212	5.523841	0.138321	-2.813583	-0.371590	-2.719101	2.040490	0.034923	-0.993953	3.157391	1.255496	-0.799875	0.433920	1.774021	-1.850375	3.541757	-0.087149	1.008314	-0.659343	-4.120261	1.065055	-2.154770	-0.181579	0.802280
AGCACCAGTACTCACG-1_1	2.613809	2.725819	1.314834	3.345496	0.242189	2.672896	1.024118	2.535979	2.375877	6.188564	0.083773	-2.436583	-0.868292	-1.641165	2.705139	-0.050550	-1.859296	3.495865	1.653594	-0.539177	-0.382254	2.358152	-1.208475	4.437404	0.202101	1.693456	-1.080695	-4.336550	1.698456	-2.743617	-0.730172	1.287684
CATGGTCTAGATACCG-1_1	1.376887	-0.015676	1.566933	2.792250	-0.038832	4.660395	2.698447	3.722453	1.797283	4.897385	0.082387	-3.653579	-0.553481	-0.119298	3.458160	0.471473	-1.985509	2.998366	0.839419	-1.357468	-0.635356	3.717923	-3.686630	5.414671	1.098478	2.612277	-2.455853	-3.914988	1.045396	-2.818447	0.975672	1.576480
TCTACCGTCCACAAGC-1_1	1.740227	0.069596	1.135816	2.358236	0.579442	3.208297	2.484927	2.862624	1.051229	3.568907	-0.485437	-2.423960	-0.085423	-0.563812	2.094612	0.139387	-1.600932	2.495643	0.703919	-1.004778	-0.477550	2.455399	-2.216018	4.149297	0.645269	1.333219	-1.516287	-3.179823	0.383688	-2.831512	0.419517	1.700421
CTAGTTGGGCCCGGTA-1_1	2.331045	1.546284	2.876819	4.876496	0.029531	5.870961	3.037801	5.375160	3.130741	9.024560	-0.387689	-5.392191	-1.424303	-0.711070	5.223066	0.357485	-3.445291	5.492776	2.520796	-1.399405	-2.206381	5.394952	-3.937285	8.861500	1.384725	3.750770	-3.324745	-6.815419	2.201870	-5.141827	0.181431	3.036050
TCCCGCGTACTCCTGG-1_1	4.283289	4.614403	1.159708	4.881648	1.088017	2.519332	2.154745	2.777373	2.906608	7.652066	-0.007805	-2.931004	-0.813859	-2.948470	2.543330	-0.347053	-1.767188	4.796318	2.570969	-0.699623	-0.115690	1.939868	-1.352651	4.650403	0.053295	1.298303	-0.370396	-6.301121	1.658861	-3.059001	-0.925508	1.581911
CAGAGCATGAGCTTGC-1_1	16.297819	34.193542	6.450527	8.356988	10.496929	-8.737933	6.410415	-3.213095	4.660801	31.222103	-2.285630	-16.791288	-8.406094	-13.914793	-4.846759	-0.172207	-4.878011	12.373308	16.842724	-4.827040	-1.261400	-0.548396	2.387360	4.795297	-4.077458	-0.239622	6.570138	-21.102493	-1.461813	-8.083341	-0.217534	4.565128
ACACGGGAACTTAGGG-1_1	4.434419	4.804060	1.223116	4.834512	0.963758	2.305380	2.480988	2.527584	3.145056	7.936596	-0.042091	-2.932186	-0.817614	-3.210508	2.344852	-0.189921	-1.598877	4.732360	2.868581	-0.952250	0.079045	1.734191	-1.225968	4.292533	0.015360	1.017593	-0.037084	-6.273104	1.447901	-2.847055	-0.682797	1.456583
GGCTCTGCTCCAACGC-1_1	16.604368	37.176754	7.740134	8.943333	10.883441	-9.066774	6.183002	-2.903972	5.731703	33.974293	-2.187523	-18.025669	-9.972258	-14.285959	-4.733252	0.234249	-5.533689	13.490492	18.428608	-4.952803	-1.738407	0.073311	2.441800	6.284236	-3.790710	0.486572	6.530985	-23.151072	-0.612996	-9.168818	-1.275858	4.254178
AGAACGTGGTACATTC-1_1	5.513200	2.051594	1.762264	6.131343	1.037376	6.117385	4.519344	5.152714	3.525078	9.093801	-0.357097	-4.275073	-0.005635	-4.290225	4.560524	0.093224	-1.912662	5.254769	0.966356	-1.810251	0.415697	3.809246	-3.852710	7.190603	0.139133	1.893455	-2.259883	-6.320142	2.218035	-3.728721	0.135700	1.836904
CAATAAACCTTGGCCC-1_1	5.272682	1.074403	0.440277	5.067233	1.091651	5.690993	4.365152	3.983479	2.591368	7.214195	0.045371	-3.603490	0.985672	-3.959674	3.782911	-0.010124	-1.447492	3.801655	0.347694	-1.707794	0.890677	3.126338	-3.695068	5.193104	-0.412787	0.910348	-1.292646	-4.652742	1.281754	-3.257694	1.190400	1.967353
ACTTCGCCATACGCAC-1_1	1.891317	-0.566813	1.638656	3.248491	0.925685	4.990697	4.271459	4.868076	1.372826	4.291434	0.345021	-3.960131	-0.220905	-0.785562	3.335558	0.943211	-2.154644	3.371796	0.518762	-2.270910	0.515123	3.631403	-3.813706	6.213030	1.643168	2.256836	-2.089456	-4.391249	0.204504	-3.436569	1.228834	1.301651
ATCTGGTTAAGACTGT-1_1	4.395020	-0.347861	0.070589	3.867408	1.313681	4.908698	4.404297	3.628259	1.884848	5.212983	0.277899	-2.793810	1.425326	-3.122904	3.102534	0.618210	-1.159807	2.364053	0.337950	-2.003508	1.258908	2.887274	-3.344288	4.311369	-0.230023	0.179523	-0.664957	-3.457078	0.494543	-2.929559	1.887408	1.926811
TCGTAAGACGACATTG-1_1	1.592050	1.011441	0.291662	2.994025	1.667508	4.657886	2.791883	5.474461	0.010108	3.593657	1.765011	-4.095461	0.473703	-0.330446	3.301958	0.084772	-3.672341	4.466771	0.627482	-1.697895	1.145474	3.455238	-2.574774	6.192186	2.431682	2.710925	-1.754323	-4.888900	-0.183550	-4.833857	0.591810	1.667441
GTGTACCTTGGCTACG-1_1	2.327667	1.294066	0.423596	2.541164	0.153868	4.032776	1.824765	2.702829	2.075629	5.070827	1.155242	-2.789984	0.245305	-2.116809	2.997570	0.865591	-1.362921	2.231143	0.021050	-1.319807	1.011430	2.307601	-2.563913	3.448808	0.128145	1.778742	-1.124646	-2.619731	1.330067	-1.962846	0.772562	0.558966
GCCCGTAATACCTTCT-1_1	3.126204	3.185618	0.886141	3.742539	1.107537	5.551012	2.556840	4.894553	1.823989	6.508489	1.309078	-4.360356	-0.084981	-1.958464	4.047608	0.536071	-3.069746	5.421541	-0.051557	-1.181618	0.800307	3.006985	-2.866228	6.450483	1.240792	3.162393	-2.292615	-5.562696	1.709025	-4.490618	-0.318042	0.976129
CGGTCAAGTGGGAACC-1_1	3.405063	-0.575316	0.123665	3.117779	1.423767	4.601131	4.008844	3.812981	1.840668	3.787651	1.569776	-3.074177	0.924984	-2.430973	2.944151	1.329858	-1.659383	3.172025	-0.410552	-1.205275	2.175544	3.808218	-4.656882	4.252372	0.700794	1.935207	-1.949438	-3.136993	0.305988	-2.972696	1.869460	0.870070
TTGTAAGGCCAGTTGG-1_1	5.301036	6.278358	0.385472	4.561167	1.601722	1.624305	2.911000	1.513079	2.916369	7.576700	0.237841	-3.227531	-0.362269	-3.855715	1.574818	-0.058251	-1.517281	4.615880	3.005844	-0.633309	0.662461	0.861870	-1.167398	2.823054	-0.494138	0.689587	1.017527	-6.511622	0.499402	-2.942904	-0.209044	1.584847
GGAGCACCAAGAACTA-1_1	2.706093	-1.001453	-1.009076	2.132267	1.200403	3.438035	2.767356	3.850418	0.144897	1.759295	4.890474	-4.264430	0.757313	-2.068812	2.564872	2.935541	-2.464058	3.587192	-0.281740	-1.326548	4.317931	5.930130	-6.203991	3.961995	2.993234	4.643344	-3.520861	-2.020825	-0.342427	-3.820294	3.804655	-1.306031
TAATAGTGACGACCAG-1_1	3.020530	0.960306	-0.079209	2.591119	0.685721	2.804326	2.313827	2.057100	1.458611	3.329983	0.178687	-1.499566	0.699754	-2.161692	1.631749	0.299744	-0.517198	1.709283	-0.025453	-0.694175	1.073981	1.173824	-1.854029	2.262637	-0.361568	0.055680	-0.423686	-2.484363	0.566228	-1.178330	0.487493	0.626846
CTAAATCCTATTCCGG-1_1	3.680434	-1.844252	-2.005857	2.700214	1.624251	2.958413	3.489934	2.965897	0.333412	1.561665	3.239290	-2.590502	1.937514	-2.848014	2.632653	2.088572	-1.448901	1.999007	0.200577	-1.134369	3.715962	5.128248	-5.029289	2.933939	1.277100	2.985726	-1.831273	-1.243508	-0.220139	-3.202107	3.979731	0.749819
CGAGTTCTGTCCCACC-1_1	3.198282	-0.780327	-0.472447	3.723293	1.707045	4.538161	4.158547	3.737936	1.158982	3.903055	0.717672	-2.439879	1.465288	-2.343090	3.087005	0.195575	-1.896453	2.280354	0.634209	-1.896115	1.355008	3.111527	-3.063699	4.272135	0.504689	0.716412	-0.514519	-3.404512	-0.078244	-3.173508	2.031017	2.452519
AGGCAGATGCGTAAAC-1_1	4.152607	-0.778350	-0.740799	3.018508	1.249662	3.786377	3.672065	2.660882	1.593864	3.705988	0.573333	-1.705919	1.840203	-3.122273	2.412057	0.765666	-0.543072	1.209540	0.142806	-1.359460	1.877504	2.629864	-3.191281	2.682595	-0.632550	-0.097274	-0.273806	-2.088320	0.251978	-2.211152	2.121428	1.574274
AAGGATGAGGGACCTC-1_1	6.469103	-1.749480	-0.555879	5.589711	3.412052	4.932070	7.371135	3.954821	1.703152	5.042913	-0.936421	-2.504150	2.329335	-3.973667	3.606068	0.051603	-2.265191	2.328282	1.006589	-2.381288	1.261121	3.850366	-3.582500	5.463716	-0.767028	-0.640299	-0.001859	-5.072551	-0.600627	-5.038154	2.371829	4.453011
AGAGAACCGTCTAGGA-1_1	19.010096	37.605007	4.932548	8.985876	12.180108	-10.427129	10.213713	-4.039748	3.009548	32.431911	-2.530809	-15.697099	-6.217293	-17.421865	-8.682742	0.213603	-4.757149	12.631715	17.366951	-6.660316	0.908333	-5.041694	2.385104	0.672404	-6.497655	-2.601243	7.662663	-19.550568	-3.975984	-5.743320	4.046215	4.405978
GAGGGCGCAGCTCTGC-1_1	-3.695929	-7.516420	-4.716212	2.363779	1.697145	1.909122	1.627872	-0.389548	0.314799	-1.671706	3.775096	1.365017	-0.533804	3.323256	3.675480	0.932561	-3.433169	-1.879678	2.744392	1.007527	1.236188	7.172693	-6.872449	0.788195	5.610048	3.558126	-1.773194	-2.004906	-3.561520	-4.054721	9.953984	4.931118
AAGATTGGCGGAACGT-1_1	15.191081	28.416433	3.516826	8.310557	9.180712	-6.800908	8.358518	-2.579804	2.643954	24.851870	-1.713884	-12.592565	-4.282415	-13.884464	-5.370175	-0.157439	-3.968693	10.480412	13.194797	-4.425073	0.681470	-3.241288	1.118411	1.440603	-4.746101	-0.942922	5.566961	-15.822594	-2.954390	-5.271544	2.618128	3.904544
CCAGTAGTCTGATCCA-1_1	-7.780453	-8.305556	-3.095752	0.441445	-0.508756	2.803978	-1.863968	-4.037426	0.445926	-0.847757	1.780668	1.286193	-2.696879	7.107864	4.362576	-0.958575	-4.517388	-4.465633	1.575909	1.691702	-1.448382	5.089518	-8.753950	-3.439428	7.266786	4.185829	1.263157	-2.631623	-2.472065	-1.728470	10.095398	4.737534
AAGGGACAGATTCTGT-1_1	13.517049	15.066295	0.032020	9.690845	5.491140	1.141832	6.532608	1.089269	3.735122	17.292112	-0.529687	-8.695236	0.248369	-10.277962	1.161488	-1.617116	-3.243916	8.863247	7.809706	-1.774782	0.875559	0.925665	-1.443190	3.843202	-2.845568	-0.300150	3.428889	-13.287794	-0.850587	-6.271821	1.763544	5.463852
ATAGAGTTATCAACTT-1_1	-6.645115	-7.670612	-2.285952	1.755872	0.320698	4.415991	0.188680	-1.490951	1.525140	0.415124	2.899118	0.114603	-2.135118	5.747831	4.695717	-1.001257	-5.204104	-1.990665	2.056067	0.772568	-1.562140	5.943166	-8.680143	-0.287074	6.823440	5.330812	0.546607	-3.519235	-2.694305	-2.993002	9.580508	5.158221
AAATTACCTATCGATG-1_1	4.276188	-2.424377	-0.656972	6.186796	5.015811	4.159315	6.417979	5.656798	-1.266681	2.769394	0.491993	-3.509045	1.551843	-1.404830	3.748424	-1.466367	-5.576690	3.526188	2.952289	-2.589213	0.500236	5.830131	-2.597902	7.815003	1.713524	1.370849	-0.339281	-6.988844	-2.188120	-7.410964	2.036213	5.944344
TTACAGACCTAAATGA-1_1	6.418365	-2.035220	0.420782	6.352421	4.085022	4.535070	8.069198	3.905392	0.456986	5.667487	-1.476478	-3.313323	1.115257	-2.700804	3.353440	-1.548774	-4.269786	3.200522	2.619040	-2.959825	-0.820600	5.220012	-3.002676	7.472743	0.002625	0.116357	-0.664639	-7.116240	-0.543032	-6.928148	1.846026	6.490614
CTATAAGAGCCAATCG-1_1	5.777167	-2.003930	0.781040	4.706857	4.051930	2.754221	7.028769	3.146313	0.192722	3.582886	-1.400355	-2.765040	0.673973	-2.701015	2.318637	-0.767695	-3.475492	1.798028	1.911079	-2.289734	-0.157427	3.694872	-2.237703	5.655275	-0.294433	-0.151178	-1.100998	-5.426433	-1.191120	-5.510976	1.320629	4.464936
GTACTCCTGGGTATGC-1_1	7.063296	-0.015619	-0.219351	5.674465	3.213365	2.818016	7.260364	2.409325	1.254609	6.486858	-2.011540	-2.546592	1.185982	-3.635171	3.053536	-1.417942	-3.095511	2.733239	2.321332	-2.462270	-0.309774	3.009494	-1.846477	4.875334	-1.441972	-0.578308	-0.309083	-6.539463	-0.456186	-4.831633	1.465806	4.741997
ATAAGTAGGATTCAGA-1_1	9.825243	-5.200346	0.050838	8.695170	8.239775	3.911527	13.366687	5.394357	0.064454	6.279469	-2.164097	-3.493054	1.831495	-4.596173	4.475585	-1.271129	-6.898098	1.427088	4.723129	-5.492276	0.655013	7.191658	-4.161517	9.508986	-0.916540	-0.438785	-1.262720	-9.245212	-2.714595	-11.004583	3.763508	10.210223
AGGTCGCGGAGTTACT-1_1	5.544125	-0.705453	2.132458	4.905613	3.250061	3.592268	6.872871	3.644675	1.170665	5.558746	-2.201008	-3.289067	-0.349022	-1.981507	2.613567	-0.640783	-3.267613	3.649187	2.037925	-2.361037	-1.425050	3.983333	-2.267772	7.314932	0.316927	0.360624	-1.313322	-6.857755	0.341023	-6.175721	0.053719	4.397042
CTAATTCTCAGATATT-1_1	3.104641	-2.342068	2.364847	3.384713	3.514899	3.218465	6.346947	3.800063	0.185234	3.356582	-1.640939	-3.459853	-1.235320	0.617255	2.024943	-0.681975	-4.196140	3.425950	2.625520	-2.822580	-1.399680	5.195125	-2.988751	7.946547	1.880723	1.318081	-1.698921	-6.299577	-0.385556	-7.418340	0.547029	5.100591
GCCAACCATTTCCGGA-1_1	8.966561	10.007886	2.112772	7.125090	3.874999	0.095057	3.878228	1.735911	2.688494	13.250777	-1.234274	-6.500526	-1.875168	-5.810954	1.633624	-1.629663	-2.945568	6.995432	6.655848	-1.536662	-1.050180	2.536602	-0.608579	5.583921	-1.139572	0.512204	1.071525	-10.887515	0.851348	-5.492919	-0.911686	3.514844
TGATCCCAGCATTAGT-1_1	3.354109	0.533063	1.133571	3.484484	1.806491	2.451742	3.726280	2.458018	0.898259	4.090222	-1.168674	-2.342242	-0.235309	-1.276911	2.212120	-0.606165	-2.311049	2.985122	1.359363	-0.974977	-0.949522	2.630041	-1.341522	5.045232	0.236235	0.828083	-0.857370	-4.859446	0.668664	-4.009167	-0.325350	2.558520
CGTTGTAAGATTGATT-1_1	12.540841	19.985310	2.415686	6.822743	7.336946	-5.677958	6.465130	-1.698683	1.174996	19.284575	-2.097703	-9.489333	-3.079955	-10.365995	-3.449644	-1.075972	-3.393751	7.439613	10.450842	-3.821116	0.058170	-1.573813	0.788992	1.561298	-4.266140	-0.813538	3.581783	-11.978031	-2.473208	-4.490653	2.519310	3.954056
GAAACCATGGTGCGCT-1_1	4.194860	1.587455	-0.287186	4.825190	2.489570	2.882939	3.131145	3.349169	0.307863	4.060562	-0.244319	-2.991443	1.026883	-2.369678	2.365673	-0.995412	-2.660855	3.145297	1.902795	-0.567259	0.105936	2.140415	-1.104983	4.713118	0.148850	0.408894	-0.165996	-5.309550	-0.422551	-4.051163	0.096147	3.127274
AATCTATGCCGGAGCC-1_1	16.834496	27.089495	3.516647	8.747993	9.760619	-8.381633	9.055995	-1.988925	1.946903	26.220057	-3.592980	-12.028871	-4.260710	-13.893943	-5.583974	-1.706856	-4.502931	9.593482	14.411449	-5.659587	0.180958	-2.925681	1.392830	1.232015	-6.061889	-1.892707	4.275899	-15.859296	-3.323300	-5.078424	3.749047	4.955551
GACTCCCAGAATAAGG-1_1	26.304977	57.493870	8.966240	9.714638	20.121300	-23.751814	14.836318	-7.481660	1.840106	47.824551	-8.572429	-20.949986	-12.782578	-23.722401	-18.018654	-2.369002	-8.351769	14.298074	29.886818	-11.880929	-0.188917	-9.420220	5.581030	-1.313363	-12.471162	-5.959572	7.482931	-26.618332	-6.648334	-6.678328	7.854922	4.725372
AGGGTGGATAGTGCAT-1_1	4.950813	-1.300787	1.646860	3.246297	3.016069	2.178658	5.930971	2.405148	0.935557	3.793829	-1.903155	-2.201131	-0.156325	-2.279541	1.639475	-0.304158	-2.313683	1.644468	1.457391	-2.168772	-0.570274	2.461808	-1.590828	4.613293	-0.214669	-0.378431	-1.277414	-4.439610	-0.491781	-4.493933	0.525230	3.391422
TGATAGCGGGATTCTA-1_1	17.396725	37.494263	7.018844	5.994400	13.286180	-15.636813	7.794616	-4.060106	1.678047	30.701405	-5.785326	-14.938920	-9.670584	-14.470957	-11.041326	-1.720998	-5.374649	8.958755	20.384972	-6.412242	-0.716958	-4.455123	2.946155	1.017809	-7.307069	-2.788605	3.893495	-18.330727	-3.684396	-5.840712	3.582685	2.256999
GTCAGTTTGGTAGTCG-1_1	4.632542	2.857734	1.460890	3.714752	1.957800	1.224974	2.917825	1.875056	1.405982	5.196255	-0.781897	-3.322516	-0.818789	-2.409468	1.716781	-0.765638	-1.823030	3.381480	2.516949	-0.370226	-0.570761	2.201884	-1.301594	4.221137	-0.098763	0.752655	-0.560680	-5.581913	0.749687	-3.682207	-0.774542	1.812268
GCATTCGAAATGAACA-1_1	8.260571	6.843093	0.872784	4.789456	3.523406	-1.045402	5.402573	0.348271	1.575872	9.150106	-1.042461	-3.950151	-0.307187	-6.446651	-0.153994	-0.979254	-1.694128	3.742522	4.248546	-1.971189	0.909885	-0.233734	-0.598781	1.353837	-2.612816	-1.296668	0.758275	-5.973943	-1.056332	-2.357523	1.722129	2.237917
AAAGACTGGGCGCTTT-1_1	5.183199	1.450802	1.966852	3.575087	2.609990	3.597493	5.034672	3.921568	1.335922	4.026288	-0.743731	-4.064933	-0.256106	-2.780460	2.385059	1.002854	-2.305115	3.918626	-0.001200	-0.799360	0.819783	2.242200	-2.559148	6.024170	0.205993	1.228993	-1.834353	-5.465900	-0.393720	-4.801191	-0.211774	1.040439
TAACAATATTTGTTGC-1_1	3.304258	6.666560	1.865327	3.031952	2.019634	1.064498	0.622060	2.683394	1.252885	5.825634	0.581089	-4.853548	-1.962195	-1.862010	1.453106	0.353143	-2.319969	4.310187	2.677036	0.296142	-0.016155	1.497700	-0.829764	5.263217	0.607553	2.086901	-0.430140	-6.327849	0.791970	-4.520063	-1.926232	0.567026
CCAGCTTCCGCCCGCA-1_1	-0.366774	0.453702	2.427195	1.938061	4.195827	4.931554	3.826971	6.499026	0.891190	0.226411	1.352783	-5.984915	-2.597727	0.530261	1.972403	1.873690	-6.288791	6.708214	-1.310835	-0.992363	3.997617	3.552795	-6.041413	7.442361	6.541195	5.720361	-4.488488	-7.151756	-1.848353	-6.875383	0.174673	-0.465547
GATATGGATTACGCGG-1_1	2.418889	4.808887	3.208076	1.997266	2.300152	3.638962	2.343255	3.611248	1.692275	4.731409	0.448483	-6.226463	-2.614872	-1.470835	2.115836	1.661714	-3.225037	5.672583	0.168262	-0.070223	1.264996	2.819294	-3.883996	6.836987	2.570209	4.568987	-3.143191	-6.884956	0.656554	-6.035038	-1.216955	-0.185612
AGAGCAGTTATGAGAC-1_1	-0.247506	0.898261	3.041625	1.608380	4.348879	4.749885	3.967297	5.834947	1.044296	0.331290	1.194024	-6.255445	-3.095777	0.074924	1.646519	2.093312	-6.150445	6.561304	-1.289621	-0.905697	4.158944	3.384175	-6.274934	7.317972	6.498071	6.001177	-4.666530	-7.198823	-1.741971	-6.972158	0.089727	-0.850880
TCACATCTTATCTGAT-1_1	1.825604	1.777809	1.759537	1.757308	1.586241	3.436481	2.770160	3.728873	1.195176	2.471921	0.386165	-3.648716	-1.028337	-0.758433	1.656148	1.538243	-2.493093	4.279052	-0.736598	-0.607152	1.354502	1.784704	-2.651664	5.008429	2.003186	2.387929	-2.220260	-4.579237	-0.299399	-4.034381	-0.267433	-0.016769
TATGAAGACAGGTGCG-1_1	4.124301	-0.670818	2.051744	3.343136	4.295322	4.346251	7.919230	6.411474	1.364965	2.771746	-0.837630	-3.788943	-0.335664	-2.034755	1.900901	2.781831	-4.111918	5.015764	-1.373672	-2.607030	2.426289	2.065051	-3.932818	7.443480	1.950592	1.409386	-2.819860	-5.264658	-2.105857	-5.942183	0.522369	0.492715
TACCTGCTGCACTGTG-1_1	3.895752	-0.165528	1.175242	2.315708	2.083326	2.250666	4.753460	3.054205	1.438135	2.773616	-1.288360	-1.884082	0.168025	-2.525106	1.421836	0.750590	-1.278796	2.239524	-0.303235	-1.442744	0.948096	0.835617	-1.676151	3.386141	-0.079910	-0.284962	-1.201287	-2.912245	-0.821565	-2.643262	0.214904	0.865492
TAGGTCCAAGTAAGGA-1_1	1.651212	1.224151	0.540623	1.157559	0.985474	1.417274	1.667017	1.580197	0.699992	1.477833	0.146736	-1.717505	-0.170962	-1.173289	0.829175	0.592176	-0.928991	1.730741	-0.159743	-0.127530	0.707071	0.388200	-1.034239	2.004369	0.340502	0.621824	-0.764561	-2.071899	-0.285401	-1.697114	-0.043165	0.003945
GAAACTCGTGCGATGC-1_1	7.957170	9.890322	1.163508	5.034810	3.468626	0.370105	4.381269	1.542424	2.314892	9.095872	0.369984	-5.770988	-0.678443	-6.737947	0.297805	0.107628	-1.852436	5.804024	3.851229	-0.797087	1.576074	-0.652739	-0.731878	2.660028	-1.344724	-0.127453	1.206849	-7.787601	-1.000871	-3.509454	0.211876	1.350852
AACAATTACTCTACGC-1_1	4.427918	3.744995	-0.146943	3.805107	2.165505	2.038010	3.367417	2.589865	1.277118	3.848150	0.190359	-3.029600	0.669033	-3.783819	1.485809	0.323566	-1.441549	3.075668	0.913417	-0.139154	1.120430	-0.120850	-0.983984	2.771486	-0.500638	0.129808	-0.036564	-4.345837	-0.650229	-2.433740	-0.022417	0.922464
CCGCACGTGACCTCGG-1_1	4.365622	1.491357	0.483580	2.814585	1.734228	1.558667	3.696694	2.002118	1.787110	3.507505	-0.537112	-1.876863	0.283955	-3.140034	1.460262	0.148458	-0.808980	2.367727	0.672717	-0.669758	0.943528	0.416640	-1.134485	2.228508	-0.629768	-0.675070	-0.376886	-3.257704	-0.518693	-1.733455	0.274103	0.784661
AACTTGCCCGTATGCA-1_1	2.372378	1.125312	0.747082	1.811658	1.588038	2.467721	3.084702	2.924673	0.880577	2.042536	-0.035774	-2.344822	0.022184	-1.550456	1.441146	1.014356	-1.599317	2.680700	-0.617309	-0.650333	1.046556	0.746000	-1.516433	3.421120	0.626821	0.832740	-1.200174	-3.075776	-0.602630	-2.671388	-0.018903	0.205908
GGGTATGTATGCACTT-1_1	5.005212	8.453255	1.805821	3.092884	2.621255	-1.337699	2.052729	0.466685	1.682632	8.165897	-0.684886	-4.499363	-1.887836	-3.880423	-0.477650	-0.252493	-1.459136	4.017569	4.346900	-1.005172	-0.152411	0.219279	0.205340	2.238305	-0.809148	0.078400	1.040608	-6.469637	-0.105769	-2.665883	-0.588904	1.149329
TTCGTACTCCAGAACG-1_1	2.036869	0.788458	0.440282	1.434770	1.432672	1.814564	2.840844	2.075328	0.781047	1.548462	-0.188770	-1.592091	0.160451	-1.525076	1.123901	0.913867	-1.200861	1.860532	-0.658179	-0.560947	0.856208	0.297164	-1.073616	2.395887	0.245841	0.467861	-0.806003	-2.230003	-0.605395	-1.887873	0.068894	0.067367
GAATTTCTCGCTGCAG-1_1	1.994633	1.764041	-0.082193	2.412821	1.329002	2.066775	1.734234	2.615570	0.295877	2.339234	0.482215	-2.138550	0.392067	-1.140938	1.451114	0.014850	-1.743390	2.603614	0.517513	-0.352750	0.597589	1.015551	-0.865335	3.098707	0.567175	0.769927	-0.353053	-3.299915	-0.263838	-2.562124	-0.203476	1.123450
AACAGGATGGGCCGCG-1_1	0.595961	0.724882	1.019189	1.206609	2.393564	2.912610	2.846115	3.931731	0.588647	0.763949	0.785168	-3.303497	-0.940258	0.035395	1.646869	1.706384	-3.380244	3.981280	-0.973913	-0.688271	1.702326	1.740423	-2.670078	4.762525	3.015393	2.882614	-2.418161	-4.225310	-1.166489	-4.114074	0.165032	-0.073027
GACGTGTAGGGATTAT-1_1	1.321780	0.890937	0.495206	0.977939	0.756515	0.997062	1.229245	1.171363	0.508648	1.247813	0.004624	-1.297842	-0.166846	-0.847220	0.679928	0.320870	-0.720271	1.341064	0.083037	-0.074722	0.383441	0.433264	-0.718050	1.646250	0.232507	0.470304	-0.566079	-1.682132	-0.130161	-1.373342	-0.122031	0.155102
TAGGTGAGCCCTACTC-1_1	1.040361	1.366944	0.689162	2.096241	3.050168	3.300977	2.143598	4.923306	0.142688	0.935245	1.648815	-3.687618	-1.104423	-0.245755	1.823111	1.064177	-4.074300	4.706249	-0.568746	-0.619083	2.282682	2.033264	-2.746599	5.323509	3.338945	2.932461	-2.389293	-5.005330	-1.332290	-4.662151	0.014472	0.292897
CTAATTCGCACGCGCT-1_1	0.366040	0.824365	0.449866	2.360559	3.915727	3.512838	2.518567	5.780479	-0.184236	0.324793	2.034393	-3.801499	-1.282398	0.216181	2.012676	1.163552	-5.070010	5.285767	-0.529065	-0.880238	2.544961	2.564554	-3.256487	6.095448	4.392117	3.635989	-2.749900	-5.698023	-1.833219	-5.441306	0.312435	0.471805
GAAGCTTGCTGACCGC-1_1	2.792952	0.756829	1.366698	1.970874	2.080141	3.066622	3.901974	3.857225	1.202465	2.145905	0.060659	-3.044384	-0.262241	-1.736950	1.636308	1.619268	-2.167851	3.343016	-0.937816	-0.859082	1.667823	1.291150	-2.350647	4.466606	1.102659	1.239594	-1.977697	-3.670800	-0.953030	-3.520517	0.091985	-0.035536
GGTTAGGCTTGGAGAA-1_1	1.458319	1.119079	2.146172	2.106474	2.791515	4.355556	3.735402	5.751362	1.108949	2.139800	0.450180	-5.058920	-1.530044	0.019147	2.158439	1.673064	-4.304237	6.033679	-0.599379	-1.102870	2.216840	3.094950	-4.092657	7.228377	3.844457	3.638887	-3.366484	-6.208503	-1.137263	-6.113515	-0.144155	0.651860
ACAAGGACAAGAGGTT-1_1	3.659828	1.988444	1.069482	2.301654	1.564479	2.318689	3.318786	2.517459	1.431964	3.055511	-0.211168	-2.846382	-0.035553	-2.569244	1.479788	0.828602	-1.236958	2.721563	-0.065120	-0.317753	1.152050	0.817783	-1.802586	3.283116	-0.026659	0.749889	-1.097676	-3.434911	-0.418996	-2.745976	-0.076138	0.202724
AGGCCACCCGTTATGA-1_1	2.252367	2.657175	0.821817	2.436274	1.898829	3.061583	2.099379	3.888733	0.743672	2.802250	0.901803	-3.589479	-0.512450	-1.019614	1.984293	0.868768	-2.720975	4.275681	-0.015184	-0.222222	1.118383	1.422754	-1.697939	4.925615	1.584223	1.946910	-1.560074	-4.879729	-0.311058	-4.012395	-0.547429	0.494796
GTGGGCTTAGACACAC-1_1	2.137738	2.465891	0.785896	1.527353	1.521012	2.257624	2.197998	2.343900	1.076525	2.304684	0.595409	-2.743051	-0.457964	-1.574099	1.289886	1.227333	-1.736521	2.942211	-0.464178	-0.130152	1.145164	0.530096	-1.511616	3.123588	0.752459	1.500505	-1.167622	-3.372393	-0.274868	-2.878357	-0.157950	-0.311417
CGTGTCCCATTCGCGA-1_1	1.354414	1.772429	0.295263	0.977142	0.533739	0.498747	0.679503	0.675645	0.599580	1.540969	0.311742	-1.191666	-0.231311	-1.063255	0.335255	0.213036	-0.421070	1.151172	0.484393	0.063780	0.445301	0.073201	-0.448363	0.980053	-0.024849	0.327406	-0.019412	-1.628598	0.000872	-0.922330	-0.210996	-0.014475
TGGAGTGATGCGATGA-1_1	0.934589	1.180579	0.807920	1.061518	1.356199	2.368769	1.833213	2.648288	0.797140	1.384798	0.608115	-2.378289	-0.626193	-0.531668	1.314164	1.161502	-1.998123	3.129831	-0.718596	-0.282309	1.078512	1.178195	-1.836919	3.352620	1.655804	1.898607	-1.723955	-3.087263	-0.354875	-2.873837	-0.031525	-0.095848
AACAACTGGTAGTTGC-1_1	5.238283	1.641959	0.129040	3.034024	2.044449	1.481401	4.412827	2.104084	1.984308	3.774185	-0.441216	-1.741916	0.824695	-4.066394	1.359833	0.254096	-0.619671	2.254146	0.696959	-1.002963	1.563472	-0.101093	-1.041771	1.583220	-1.203235	-1.650672	-0.057791	-2.978398	-0.872447	-1.393633	0.789762	0.825930
CCTGGCTAGACCCGCC-1_1	2.406067	1.655671	1.104507	1.631740	1.341747	2.446012	2.535739	2.469728	1.154648	2.334744	0.205169	-2.636939	-0.389075	-1.635728	1.383468	1.155083	-1.463344	2.698524	-0.594926	-0.305341	1.095430	0.921344	-1.821317	3.326883	0.586423	1.328026	-1.441518	-3.115287	-0.142130	-2.682955	-0.132935	-0.253202
CGCAATTAGGGTAATA-1_1	2.791095	2.668026	0.426566	2.059798	1.053785	1.594484	1.898404	1.772829	1.337822	2.998867	0.317865	-2.091640	-0.143390	-2.115367	1.102220	0.442352	-0.846927	2.416166	0.264146	-0.100025	0.856941	0.330581	-1.158229	2.153795	-0.122132	0.577101	-0.350987	-3.013838	0.052324	-1.720514	-0.274194	0.104318
TCGAAATTTAGGACCA-1_1	2.193600	-0.415418	0.031370	2.074881	1.556795	2.818797	3.276543	2.668829	0.758875	1.776502	0.673740	-1.696733	0.704908	-1.726863	1.550181	1.009476	-1.453352	1.948679	-0.318793	-1.036380	1.554159	1.874857	-2.257633	2.947573	0.646718	0.720206	-0.855352	-2.345469	-0.569583	-2.332074	1.170615	0.739640
AGACTAGCCTTCCAGA-1_1	4.801354	2.333301	-0.475790	3.420620	1.474522	2.105246	2.725215	2.221439	1.884240	4.357715	-0.039731	-1.921604	0.964027	-3.384212	1.750495	-0.078269	-0.566196	2.349489	0.811290	-0.473927	1.165900	0.699292	-1.483419	2.021700	-0.974737	-0.569558	0.245716	-3.570614	-0.017789	-1.680126	0.353005	1.141428
TTGATCTAACTTTGTC-1_1	-3.614750	-8.226233	-2.321750	0.074768	0.342797	0.049086	-1.082557	-0.398508	-2.272278	-4.661177	6.028502	-1.969871	1.298536	3.172172	1.971565	3.438288	-2.383374	-2.774624	3.124540	-0.095262	1.285822	9.810696	-9.624040	-1.572628	5.870010	4.681131	-1.288761	2.247370	-4.103277	-3.289389	9.561754	-0.125575
AAGGAGCGGTTGGTGC-1_1	4.954858	-2.869527	-1.447059	3.867520	2.710461	3.064820	5.541638	3.231318	1.052938	1.915457	1.326833	-1.435190	2.892650	-2.886173	2.834036	1.782018	-1.152712	1.135216	0.916834	-1.113735	3.402690	4.956398	-4.830008	3.778105	-0.227519	0.731653	-0.530543	-2.254946	-0.666353	-4.484570	3.135217	3.298025
ACTTGGGACCCGGTGG-1_1	-8.039518	-12.933848	-0.252065	-0.538480	0.561350	-0.498638	-2.832714	-2.037293	-5.556862	-8.733338	9.146465	-4.033992	0.849457	5.296293	3.060236	3.543245	-3.687236	-4.586693	4.718802	0.676470	3.089164	14.612326	-17.900414	-3.731681	12.551206	7.465443	0.259505	2.782230	-3.845380	-6.431703	11.614860	-2.392853
TGATCTCCGGCGCCAG-1_1	-4.310326	-10.810044	-2.825866	-0.506066	-0.061934	-0.774025	-2.423457	-1.497921	-3.398587	-7.139797	6.170911	-2.117977	1.377157	5.168670	2.621567	5.336844	-3.305007	-4.023954	2.735932	1.121415	1.402027	13.237001	-12.428975	-3.355061	7.144766	6.602994	-1.714179	2.601965	-4.753243	-3.251175	11.401566	-0.502797
CAGTTCAAATTGACAC-1_1	-8.012006	-12.335422	-1.961857	0.298938	0.080147	0.272302	-3.725948	-3.560962	-4.077205	-7.072416	6.117860	-1.382766	0.384323	7.079570	3.006304	2.999509	-4.087029	-5.667969	4.035135	1.718531	1.604615	12.937708	-14.321482	-5.278058	9.627620	5.201500	0.468406	1.625741	-3.470279	-4.370129	11.481355	-0.360828
GTCCGGCTGAATTGCG-1_1	-5.026945	-11.108700	-1.851151	-1.781232	-0.516869	-2.245858	-2.865909	-2.086912	-5.158129	-8.115587	6.849886	-3.636229	0.932263	4.188932	2.372076	6.938241	-2.684273	-4.122556	2.911498	0.510645	2.572439	13.902082	-14.350902	-3.965050	9.605607	7.251220	-1.861701	4.270095	-4.474380	-4.273305	11.475082	-1.593192
CTGGAAATGGATGCTT-1_1	-6.737450	-10.955603	-0.783094	-0.503158	-0.071669	-0.124078	-3.286791	-2.767518	-3.901346	-6.503168	6.120047	-2.373209	0.807304	5.669391	2.435308	3.422895	-3.552410	-4.661962	3.558369	1.034714	1.515269	12.004765	-13.709506	-4.541948	8.899565	5.259286	0.725840	2.293622	-3.334257	-4.404833	9.813777	-0.860936
TGATCGGTTTGACCCT-1_1	-6.831069	-12.148186	-0.998166	-1.429995	0.325631	-2.300776	-2.528292	-2.005302	-6.449015	-10.187950	8.107131	-4.167257	-0.047089	3.770790	2.774285	5.864281	-2.677979	-3.896042	2.914660	1.043947	3.015014	14.357146	-16.865845	-3.615038	12.677909	8.877597	-2.141120	3.661596	-4.510205	-4.963359	11.630826	-2.964060
TAGAGTCTAAGCGAAC-1_1	-9.624404	-15.423065	-1.498690	-1.211660	-0.183514	-0.851543	-4.172735	-3.835541	-6.100482	-9.936589	8.619691	-3.920027	0.399561	6.756182	3.208000	6.310538	-4.308032	-6.044385	4.222965	1.053802	1.702705	16.659939	-19.214266	-6.311218	13.452153	8.568542	-0.799560	4.341202	-5.786219	-5.459932	15.047014	-1.738648
GAGACTGATGGGTAGA-1_1	-3.584259	-8.293682	-3.143423	1.959661	2.223565	2.217045	2.185619	1.353001	-1.221853	-4.179005	6.771900	-1.627915	1.183414	2.980172	2.855465	1.916260	-3.812959	-0.418358	3.485545	0.105166	2.358334	10.284761	-10.186272	1.777562	6.593643	5.578878	-2.977246	-0.294701	-4.348129	-5.316824	9.890867	1.612123
TAGCTAAGTCCGGGAG-1_1	-0.657306	-6.316185	-2.383158	1.675076	2.319491	1.528093	2.792535	2.188320	-0.852177	-3.170737	5.030232	-1.723132	0.961815	0.713463	2.397551	2.965527	-3.064544	0.646611	1.428099	-0.106693	2.457341	8.390296	-7.516153	2.272829	4.732876	4.755618	-2.590529	-0.973294	-3.567683	-4.367116	7.190188	1.494670
GGGCGATATGTGTGAA-1_1	-0.483991	-1.480185	0.151875	1.586003	2.492159	3.149070	2.678614	4.586749	0.236134	-0.573107	2.993189	-4.026122	-1.105493	-0.002941	2.283083	1.978346	-3.190880	4.286278	-0.901463	-1.292953	2.650229	3.744159	-5.118134	4.354539	4.552328	4.432280	-3.294726	-3.736974	-1.706309	-3.565115	2.533201	-0.549952
CTCGAGGTCGAACAGT-1_1	2.752867	2.115020	-0.082076	2.307312	0.679101	3.193716	1.858411	2.559878	1.312526	3.387217	1.155488	-2.412241	0.253816	-1.981259	1.894340	1.220843	-1.278363	2.690280	-0.745907	-0.495556	1.671133	1.475395	-2.129382	2.920757	0.336404	1.773556	-1.339930	-2.911269	0.797375	-1.733697	0.277012	-0.360414
GATCCCTTTATACTGC-1_1	0.807570	1.170511	0.740225	1.578344	1.981554	3.796615	2.353281	4.076655	1.244745	1.726858	1.751690	-3.518163	-0.929481	-0.658573	2.202850	1.672769	-2.931761	4.644008	-1.343087	-0.514148	2.043987	2.279512	-3.675558	4.487226	2.897805	3.386026	-2.898132	-4.367865	-0.379430	-3.604831	0.495069	-0.569222
GTCATGCACCTCCGTT-1_1	8.834491	4.048660	-0.355641	5.957113	2.594641	3.700773	5.141788	2.946092	3.344797	7.637956	0.059479	-3.535471	1.319390	-6.338406	2.420496	0.166186	-0.570980	3.776186	1.346411	-0.773274	2.045884	1.336965	-3.248396	3.220348	-2.129127	-1.031815	0.536132	-6.038874	0.028247	-3.016408	1.104870	1.640253
ACTTTCCTATAGCTTC-1_1	13.088449	30.944948	5.384573	4.576971	10.267930	-10.918241	6.591729	-4.002934	1.530043	23.950027	-2.773203	-12.270398	-7.193223	-12.295836	-9.088472	0.534421	-3.549749	8.205486	14.409334	-4.962310	0.174292	-4.483475	2.202851	0.259530	-5.137805	-2.122322	4.955698	-14.340526	-3.055907	-3.986225	2.750408	1.141120
TCGCTCGATATATTCC-1_1	2.750871	-1.709932	-0.787622	2.764848	1.992927	3.351558	3.766506	3.022814	0.675473	2.291449	1.396988	-1.769940	1.540589	-1.622981	2.339536	0.560274	-1.990402	1.951704	0.636552	-1.325195	1.770547	3.619143	-3.269119	3.438284	0.455853	0.695505	-0.423635	-2.442968	-0.866774	-3.561768	2.305599	2.345603
ATAGGTTGGGCAGATG-1_1	19.569973	41.331421	6.215079	8.435286	13.516056	-12.990809	10.524628	-5.567645	2.980140	34.672421	-3.270923	-16.844872	-8.265581	-17.964594	-10.591856	0.243450	-5.129310	12.676350	19.417236	-7.181486	0.615866	-5.537378	2.800097	0.446765	-7.251638	-2.818912	7.924330	-20.684515	-4.187706	-5.941257	4.238397	3.821577
CAATTAAGGGTGATGA-1_1	3.409688	-2.677579	0.589601	4.916860	2.474067	5.932181	7.037421	4.828665	0.962797	4.855135	-0.586146	-3.864489	1.008413	-1.045511	4.258914	-0.411461	-3.808730	3.496014	1.587915	-2.935194	-0.336261	5.606496	-4.451612	7.299666	1.307808	1.911516	-1.445003	-5.712397	-0.822780	-5.719049	2.738179	4.924655
ACCGACTGAGTCCCAC-1_1	10.024056	15.557735	2.641869	7.279029	4.143972	-0.268598	4.280631	0.346072	4.485329	16.251316	0.107901	-8.183931	-2.995461	-7.613571	0.609839	-0.088000	-3.008744	8.452143	8.034087	-1.547429	0.228709	1.422455	-1.239648	4.706090	-1.361950	1.573373	2.423969	-12.706401	0.634010	-5.993735	-0.242424	2.969735
CCTGTCACCCGGGCTC-1_1	6.144658	0.936465	-0.592735	5.808417	1.655914	5.195854	5.108767	2.986242	2.789018	7.268041	-0.758855	-2.404257	1.793102	-4.453216	3.465643	-0.534730	-1.240050	3.178906	1.097804	-1.442676	0.744351	2.639213	-3.066721	4.306163	-1.248298	-0.427350	-0.021295	-4.887457	0.889519	-3.246938	1.644698	3.181426
GATCGGTGGCCATAAC-1_1	1.673690	0.681636	0.162549	2.884189	1.982682	3.699024	2.806052	4.445248	-0.119323	2.808633	1.297388	-2.904493	0.272407	-0.426511	2.594239	0.234489	-3.160039	3.750211	0.616327	-1.544483	0.777165	2.631250	-1.624222	5.434112	1.800418	1.674891	-0.943900	-4.454158	-0.422987	-4.304880	0.558809	1.770252
CCTATGGGTTACCGTC-1_1	2.461814	0.308197	0.680769	2.627152	0.997441	3.675002	3.151337	3.184168	1.150356	3.341171	0.565220	-2.703531	0.153729	-1.486654	2.257902	0.674675	-1.379456	2.824895	-0.182905	-1.364514	0.839870	2.044850	-2.527805	3.981767	0.649011	1.026326	-1.191028	-3.174215	0.272398	-2.304665	0.771862	0.862854
TTGGGACACTGCCCGC-1_1	2.683350	1.896270	0.284474	3.442278	1.014111	4.185526	2.010556	3.728971	1.315443	4.953268	1.081514	-3.201133	0.114145	-1.604378	3.086687	-0.181575	-2.140601	3.956645	0.452034	-0.942718	0.472822	2.359347	-2.250095	4.811819	0.811017	1.676691	-1.388582	-4.241158	1.204827	-3.149746	0.151167	1.476926
CGAGGCTAAATATGGC-1_1	3.284594	3.930766	-0.909469	4.218672	1.804307	4.490128	2.324241	4.658571	1.108105	4.913954	2.486804	-3.412597	0.709740	-2.248582	2.768971	0.206346	-2.805093	4.896475	0.312305	-0.648608	1.772311	1.516917	-2.023530	4.792616	0.898160	1.328038	-0.654168	-5.361384	0.394128	-3.403203	0.070374	1.072962
TCAGGGTGTAACGTAA-1_1	1.912469	1.748181	-0.425455	3.399619	1.578256	3.667591	1.896429	3.817308	0.416751	3.847831	1.624951	-2.326274	0.518529	-1.232352	2.520031	-0.301678	-2.859396	3.553118	1.057842	-0.961255	0.799833	2.139607	-1.216894	4.691428	1.211947	1.218197	-0.627189	-4.142944	0.349824	-3.644646	0.403355	1.855679
CGAGAGATGTGAACCT-1_1	4.120207	0.908864	0.490155	3.445839	1.333885	3.611725	3.808345	3.017509	1.566504	4.089188	-0.528507	-2.234119	0.566663	-2.783908	2.147933	0.167831	-1.003144	2.944070	-0.178751	-1.005111	0.805161	1.562047	-2.262385	3.740116	-0.245170	0.228024	-0.977128	-3.685783	0.232811	-2.323158	0.419533	1.193110
TCGCTGGGCGGATTGT-1_1	4.696231	0.985332	-0.527505	4.092721	1.348377	3.396431	3.610260	2.397844	1.855263	4.769062	-0.480703	-1.658455	1.340733	-3.200404	2.191232	-0.267285	-0.740057	2.284944	0.687676	-0.975928	0.860877	1.509575	-1.989684	2.902040	-0.900505	-0.668180	0.122794	-3.640711	0.364966	-2.075129	0.956869	2.000081
AGATCTCAGGTGTGAT-1_1	4.525774	5.427520	0.022696	5.184032	1.339414	3.172600	2.909320	3.386000	2.848189	7.431860	0.315240	-2.902895	0.199522	-3.603983	2.577489	0.023905	-1.970505	4.787873	1.985864	-0.744351	0.788899	0.904253	-1.024839	4.260324	-0.063587	0.811640	0.229202	-6.402081	0.906665	-2.758341	-0.621134	1.437279
TGGCCAAACTGAAGTA-1_1	2.373110	0.682628	0.494335	2.301238	0.675110	2.396076	2.301032	1.989563	1.120546	3.140640	-0.330079	-1.551873	0.210989	-1.638920	1.590649	0.056063	-0.837612	2.086133	0.252040	-0.803323	0.324920	1.258842	-1.312794	2.731188	0.066831	0.389285	-0.618121	-2.573096	0.398266	-1.698392	0.219663	0.891763
GCTTCCGTCCCTAGAC-1_1	4.265693	6.843324	0.903312	3.981571	1.499844	1.101175	1.985450	1.500580	2.410086	6.867295	0.704474	-3.514542	-1.036010	-3.188224	1.125087	0.159612	-1.619102	4.685755	3.204951	-0.247912	0.439357	0.654245	-0.944209	3.154811	0.013061	1.251952	0.698263	-6.477141	0.554407	-3.221129	-0.744595	1.036476
CAGCAGCCCGTTCCTT-1_1	4.629050	7.036185	0.982270	4.202424	1.417754	1.161228	2.384472	1.643812	2.872069	7.766922	0.561022	-3.375575	-1.155203	-3.383297	1.168509	0.098161	-1.562781	5.071164	3.323879	-0.731342	0.522700	0.652348	-0.861626	3.145597	-0.061677	0.832551	0.849946	-6.704414	0.655589	-2.859318	-0.565810	1.167284
TGTATAACAGATCCTG-1_1	2.930101	4.663157	-0.267591	3.872021	1.249307	3.170688	1.648660	3.722404	1.588559	5.223465	1.532605	-2.944755	-0.027172	-1.906801	2.260749	0.282335	-2.188516	4.554552	0.934849	-0.418313	0.945216	0.642711	-0.927430	4.244405	0.567946	0.956152	-0.246591	-5.334115	0.653494	-2.713054	-0.702556	0.740744
CGCGGGAATTAGGCAG-1_1	2.465241	4.835747	-0.754678	3.394625	1.170002	2.838946	1.693698	2.695694	1.331550	4.614771	1.700718	-2.442284	0.323661	-2.078855	1.495271	0.417069	-1.915958	3.591201	1.044576	-0.157478	1.119039	0.184595	-0.881663	3.114742	0.309451	0.803037	0.243382	-4.548890	0.365387	-2.413720	-0.189909	0.646766
TGCATGTGGTAATCTA-1_1	4.331846	3.044814	-0.634237	4.504481	1.297571	3.437139	2.825688	3.111751	1.988210	5.532462	0.237114	-2.324697	1.038267	-3.271344	2.440153	-0.168841	-1.306213	3.301003	0.813561	-0.751892	0.906414	1.065424	-1.585145	3.339656	-0.488079	0.188123	0.041076	-4.606233	0.642408	-2.042464	0.145603	1.539662
ACAATTTGAGCAGTGG-1_1	4.245910	4.818492	-0.592859	4.457404	1.360922	2.919277	2.788773	2.511717	2.591195	6.233989	0.764348	-2.468266	0.481111	-3.340266	2.093458	0.303402	-1.507349	3.759980	1.550398	-0.600877	1.166659	0.537165	-1.271105	3.074122	-0.432258	0.319124	0.751417	-5.348388	0.543859	-2.260185	0.056530	1.361783
GAGCTAAGGGCATATC-1_1	-2.434556	-5.251365	-2.721845	1.307686	1.308862	1.284952	1.090185	0.257665	-0.295006	-2.305634	2.701101	0.286220	-0.745229	2.318802	2.568277	1.052515	-2.504943	-0.322583	0.968545	0.905872	0.744625	5.782403	-5.668951	0.774874	4.416610	3.552879	-2.308162	-1.683560	-2.578250	-2.603463	6.473139	2.245320
CCAGATAGTTGAGTGA-1_1	6.068668	-2.147805	-1.329634	5.735860	3.693657	5.892432	6.969960	4.833347	1.757793	5.105568	0.663146	-2.570285	2.983910	-3.834982	4.352264	0.502021	-2.886327	3.051994	1.287159	-2.255008	2.326571	5.246582	-4.815797	6.013257	-0.247677	0.247795	-0.116832	-4.923473	-0.936396	-6.310911	3.362457	5.237328
CCACAATGTACGTCTT-1_1	-14.369514	-15.794168	-3.985377	0.954833	-0.582982	4.335575	-3.728646	-6.347256	-1.013888	-4.029873	3.225085	0.758326	-6.137548	11.462127	7.995588	-0.845794	-7.119200	-6.897656	0.911286	3.174158	-1.463012	10.210630	-16.795204	-6.650163	14.635886	8.151905	0.720500	-4.800141	-4.192013	-2.356686	16.542692	5.045135
CAATGGATCTCTACCA-1_1	-9.234262	-10.784400	-5.640291	0.889312	0.363183	2.447030	-1.268386	-3.855325	-0.256039	-2.180016	3.911205	1.815043	-3.139614	7.430223	5.639138	-0.973166	-4.628105	-5.106597	2.904866	1.618174	-0.130571	6.915095	-10.574918	-2.802015	9.788778	5.387176	0.110133	-2.506963	-4.006060	-2.955043	14.112112	5.493741
TAAAGCGTTAGGAGAA-1_1	-8.453088	-10.060958	-2.433253	1.366535	-0.149039	4.078785	-1.348975	-3.022909	0.910832	-1.069413	2.956248	0.282287	-3.245721	7.547307	5.379550	-1.470843	-5.303744	-3.876737	1.541187	1.643611	-0.853260	6.764912	-10.970442	-2.674677	8.553334	5.755139	1.441018	-3.964902	-2.648579	-2.421028	10.950792	4.225259
CTGGTAACGAGCTCTT-1_1	-3.915396	-4.496616	6.595833	1.451113	1.531561	3.432304	5.831263	5.845945	1.979116	5.269901	-3.063082	-7.750916	-7.061134	9.517511	4.004454	-2.968171	-8.958520	1.708852	5.301763	-4.331496	-5.455874	10.488213	-5.718971	11.647769	4.754565	5.513484	-1.454019	-10.330707	3.235656	-8.559345	-0.241799	6.959019
AGTGAGCCTCGCCGCC-1_1	-4.467361	-4.246380	-0.980835	0.718936	0.148803	1.742123	-0.734257	-1.968712	-0.135507	-0.772850	1.255003	0.447646	-1.634051	3.584967	2.072270	-1.444137	-2.491502	-1.943867	0.969845	1.084532	-0.173197	2.319124	-5.267566	-1.472758	4.669534	2.677372	0.977431	-1.967562	-0.634411	-1.296209	4.567955	1.745119
ACGAGTACGGATGCCC-1_1	2.021308	-5.193648	2.439303	4.305703	3.949251	4.656123	7.813398	5.639386	-0.417198	3.099272	-0.909344	-4.507064	-1.645225	2.795040	3.277342	-1.525809	-5.989502	3.214162	4.059025	-4.556821	-1.509168	8.326907	-4.975328	10.210785	3.298064	2.360108	-1.703968	-7.724535	-1.334236	-9.038149	2.274817	7.280604
GGTACCATTAAGACGG-1_1	-2.010829	-5.387051	0.595486	2.947786	2.364058	5.493498	4.650646	4.508358	-0.249040	1.218514	2.060222	-3.107051	-1.573524	4.886515	4.477622	-0.852460	-5.982247	1.772503	2.855202	-2.273414	-1.192047	7.840546	-6.083869	7.389589	4.690981	4.706864	-1.289953	-6.346708	-2.363450	-6.993875	4.291432	5.568398
TTCTGCTAGACTCCAA-1_1	3.486943	-4.458223	4.313167	5.583138	5.808462	5.595162	9.562543	7.763017	-0.445395	4.882499	-2.585922	-6.505789	-2.816494	3.540257	3.853929	-1.901781	-8.732180	6.534424	5.268760	-4.970060	-2.498623	10.589584	-5.658630	14.758787	4.454243	3.663972	-3.265579	-11.751117	-1.066638	-13.533673	0.701344	9.600448
TAACTATTACGCCAAA-1_1	3.863859	-2.017132	1.960419	4.798592	3.106786	5.522196	7.256734	4.862414	1.075370	5.209624	-0.751715	-4.125580	-0.784172	0.206438	3.654687	-0.595759	-4.352615	4.482991	2.092572	-2.873266	-1.235055	5.931371	-4.476863	8.907692	1.682330	1.910342	-2.039722	-7.351647	-0.080804	-7.463494	1.426415	5.369557
GCATTCAAGGCAACGC-1_1	11.334042	20.542147	3.354235	6.166650	7.304819	-4.531086	3.473177	-0.811494	1.800285	18.897861	-1.258533	-11.402831	-4.515616	-8.714596	-1.779133	-0.833674	-3.688447	8.468361	10.237697	-2.529498	-1.170407	0.434997	1.343237	4.344901	-2.480802	0.100531	3.776452	-13.719261	-1.157421	-6.570712	-0.273961	3.851286
AGTACATCATTTATCA-1_1	2.974322	0.827152	0.276181	2.893069	1.178293	2.502254	2.792347	1.836151	1.084946	3.591646	-0.688496	-1.414821	0.248587	-1.709334	1.796731	-0.416160	-1.316590	2.460646	0.518539	-0.707294	-0.141758	1.542557	-1.214225	3.199593	-0.198026	0.330323	-0.434466	-3.372795	0.489862	-2.521122	0.120806	1.733409
GTCGTGTCTGGTCATC-1_1	0.798535	0.140180	0.150738	0.691667	0.413772	0.362401	0.819225	0.300242	0.304887	1.034722	-0.157942	-0.428947	-0.042566	-0.415053	0.366269	-0.163267	-0.451927	0.361730	0.590384	-0.295128	-0.090593	0.437743	-0.214362	0.750303	-0.026507	-0.059422	-0.072174	-0.926231	0.071036	-0.784172	0.114735	0.681414
AGTCTAAAGTATACTC-1_1	3.999236	2.637989	1.130464	4.569656	1.160348	2.182976	2.198257	2.962987	1.930065	6.278015	-0.635762	-2.778700	-0.449946	-2.127977	2.502139	-1.092603	-1.823899	4.281584	2.593681	-0.619088	-0.614197	2.310303	-1.082915	4.826610	0.279078	0.704800	-0.806733	-5.637058	1.275912	-3.220662	-0.888906	2.126794
CGGCCCAACCTGTAGT-1_1	53.441608	131.806931	23.115664	16.392801	45.539310	-58.984310	29.284840	-17.358768	3.593317	102.384460	-21.158226	-46.660221	-33.697914	-49.379890	-45.451153	-4.767042	-17.688124	28.068895	69.578117	-25.199726	-0.503407	-22.420788	13.030632	-3.249622	-26.771294	-14.549900	14.328369	-56.663795	-14.182570	-13.439514	16.107353	4.188945
AGGGAGACATACTTCG-1_1	11.646231	22.307186	3.091663	5.834775	7.602013	-6.887044	6.418412	-2.156139	1.321478	19.616257	-2.171468	-9.366508	-3.869320	-10.352439	-5.093517	-0.548518	-3.471891	7.522429	11.016076	-4.173896	0.144471	-2.988778	1.571132	0.644733	-4.244378	-1.258435	3.771828	-11.973183	-2.440362	-3.750623	2.419083	3.041385
ATACTTGTTCTCGAGC-1_1	2.587550	-0.812311	1.495890	1.938624	1.957837	1.714979	3.822854	2.030075	0.701869	2.501884	-1.204951	-1.744788	-0.398954	-0.915072	0.985965	0.038573	-1.769679	1.707602	1.026216	-1.490639	-0.515427	1.884785	-1.261794	3.715089	0.459286	0.090638	-0.987903	-3.106059	-0.164246	-3.545316	0.064554	2.296724
CACGGGATTGAGGGTT-1_1	1.766297	-0.746481	3.355579	2.741823	1.994969	3.086648	4.094727	4.549723	0.477346	3.505757	-1.163032	-4.972357	-2.278127	2.183994	2.482713	-0.301710	-3.964733	3.796551	2.363028	-2.078060	-1.205485	5.176818	-3.325803	8.326400	2.473571	2.689651	-2.456401	-6.656304	0.431691	-6.277599	-0.651213	2.977820
GTTAATGTCTATCTTA-1_1	4.382090	1.466766	2.425917	3.516449	2.589339	2.877251	4.021431	3.593431	0.705802	3.977865	-0.657065	-4.802422	-0.792053	-1.159526	2.418732	0.352800	-3.295624	3.898994	1.454719	-0.395395	-0.228716	3.560940	-2.432135	6.942393	0.873519	2.161443	-2.128354	-6.305192	0.183604	-5.758033	-0.827356	1.913755
GCGTTATATTTGGAAC-1_1	2.020707	0.552113	4.316823	3.473807	3.821422	4.607707	4.476505	6.486344	0.679211	2.866751	-0.593313	-7.613689	-3.027206	1.506380	3.239790	0.536459	-6.128473	6.542618	1.544491	-0.995469	0.892716	6.090405	-5.036638	10.804344	4.795731	5.048049	-4.356585	-9.358212	-0.617578	-8.589100	-1.096810	1.949782
CGTCAAGGCTATAAAT-1_1	4.898760	2.118175	2.208810	4.334316	3.041186	3.751327	4.561891	4.966389	0.858740	4.791232	-0.815500	-4.806078	-0.550636	-1.732873	3.109652	0.461918	-3.746247	5.180618	1.139063	-0.663753	0.000364	3.137190	-1.898199	8.094642	1.049197	2.018550	-2.061523	-7.309025	-0.126667	-6.573876	-1.101512	2.136765
TTAGCTCTGTAATCCG-1_1	-0.647707	1.804196	5.969384	2.175085	4.272838	5.882478	3.106714	6.414293	1.269630	1.137304	1.122072	-9.569089	-4.909933	0.551881	2.378197	0.758606	-6.944061	7.575163	-0.006592	0.123150	4.021477	6.052978	-8.876267	9.428929	8.392925	8.293875	-5.526771	-10.405883	-0.593924	-8.850274	-1.141604	-0.555433
AATGGTCCACCGTTCA-1_1	-0.043505	-0.120249	3.700961	2.500151	5.330754	5.720876	5.181787	8.079906	1.057044	0.395110	0.801688	-7.156293	-3.511286	0.689379	1.921590	2.062586	-7.633388	7.890417	-0.973713	-1.799287	4.934190	4.523149	-7.375994	9.486307	7.592166	6.349952	-5.469207	-8.388755	-2.411233	-8.723081	0.076704	-0.260714
GTCATTGCATTGACCC-1_1	-1.011141	2.146045	5.449535	2.063552	5.105270	6.685289	3.868979	6.579576	1.548930	0.443060	2.625276	-9.677755	-5.087505	-0.629725	2.126238	1.931796	-7.653838	8.849891	-1.257943	0.626291	5.927015	5.964285	-10.865795	8.999413	9.961287	9.953706	-6.919937	-10.908945	-1.182016	-9.467722	-0.206528	-1.992209
TGTCCGTGGCGCCTTT-1_1	-0.575302	2.332925	4.799722	1.547227	4.204268	5.317369	2.985941	5.278773	1.405466	1.195277	1.459887	-7.978982	-4.476223	-0.367873	1.685999	1.365917	-6.035690	7.033978	-0.730239	0.115204	4.172435	4.552904	-7.991999	7.679430	7.345172	7.469181	-5.191967	-8.940356	-0.706640	-7.646155	-0.644609	-1.286352
TCAACTAACGTATAAC-1_1	-0.738216	3.267088	7.005985	2.151915	5.179258	7.450763	3.775662	6.398594	1.859902	0.884246	3.073652	-11.636735	-6.358656	-1.587285	2.004638	2.231301	-7.763862	9.588520	-1.544729	1.325157	7.059343	6.623585	-13.125949	9.329275	11.221580	11.521093	-7.689352	-12.316688	-0.552579	-10.150311	-0.485144	-2.902199
TCCTCTCCAGTTGTCC-1_1	-0.530097	2.696743	4.934302	1.476388	4.041513	5.663257	3.218173	5.017439	1.702025	1.492456	1.858995	-8.266341	-4.570899	-0.919415	1.480091	1.901519	-5.877028	7.297962	-1.281614	0.287278	4.698651	4.239963	-8.651865	7.277726	7.641430	7.763289	-5.382244	-9.107081	-0.565318	-7.475214	-0.478085	-1.931676
TGTGTTCGTATCCAAG-1_1	-0.315653	-1.085553	2.373404	1.673027	4.366644	4.536728	5.198436	6.447895	0.820042	-0.580196	0.967479	-5.128791	-2.317669	0.787518	1.633861	2.487369	-5.888632	5.857779	-1.685295	-1.765558	3.915269	3.440887	-6.137960	7.233747	6.117739	4.949482	-4.173942	-6.241364	-2.424489	-6.420574	0.819704	-0.669455
CCGCGTAGGTAAGGGC-1_1	3.664190	7.457389	1.459384	1.809097	2.345214	-1.422110	1.396281	-0.320108	0.689435	5.799691	0.002319	-3.955224	-1.708202	-3.149617	-1.070943	0.413504	-1.044081	2.569008	3.216790	-0.541096	0.259456	-0.237489	-0.154123	1.391494	-0.788222	0.498762	1.087159	-4.544136	-0.457109	-2.181536	-0.163966	0.352776
CTGCGGGTGAAATGTT-1_1	2.332091	0.359174	0.839561	1.373849	1.448485	1.872320	2.725828	2.031892	0.810569	1.383129	-0.133748	-2.010381	0.011652	-1.584885	1.138190	0.843321	-1.167722	1.804187	-0.536657	-0.293860	1.002123	0.853704	-1.617331	2.538596	0.297352	0.670982	-1.344371	-2.192982	-0.667761	-2.105896	0.192397	0.036588
TATCTACAGAGGTAAT-1_1	2.455433	0.364437	0.778961	1.615999	1.511119	2.198361	3.135051	2.323621	0.909539	1.690584	-0.206299	-1.792011	0.029380	-1.683413	1.292308	0.962608	-1.149056	2.055139	-0.801020	-0.613156	0.941877	0.758391	-1.552450	2.826754	0.213288	0.493042	-1.195990	-2.407438	-0.558123	-2.080197	0.174384	0.069478
CTACTCTAGGCCCGGC-1_1	4.480980	1.226708	0.927110	2.382087	1.894319	2.046552	3.943749	2.404352	1.745273	2.954170	-0.573306	-2.397899	0.206977	-3.315104	1.572520	0.775186	-0.805648	2.255442	-0.263098	-0.471560	1.343875	0.549896	-1.791500	2.667297	-0.545362	-0.023602	-1.089936	-3.016627	-0.740129	-2.097926	0.223632	0.146631
ACAAGCAGTGCCTAGC-1_1	1.956481	1.280945	1.117254	1.811442	2.508468	3.450577	3.591058	4.448374	0.942239	1.787356	0.782733	-3.415594	-0.699150	-1.043483	1.808817	1.784283	-3.090517	4.372246	-1.216474	-0.841625	1.891420	1.384721	-2.562421	5.188364	2.271022	2.074499	-2.240005	-4.433831	-1.027716	-4.221906	0.057099	-0.064508
TACAAGTCTCGTGCAT-1_1	3.348593	4.570020	0.526067	2.214492	1.398010	0.635891	1.365859	0.975494	1.207179	3.566269	0.726261	-2.879570	-0.499462	-2.613685	0.505104	0.334872	-0.951932	2.549153	1.664169	0.302433	0.877655	0.043649	-0.853948	1.766854	-0.217786	0.766835	0.329946	-3.859027	-0.259341	-2.250890	-0.313981	0.256323
TCGGAATGCGCTCTGA-1_1	0.991136	0.357608	0.580887	0.872330	1.208961	1.395423	1.962210	1.956485	0.526870	0.891459	0.050971	-1.445659	-0.207088	-0.625192	0.832025	0.853207	-1.329758	1.741810	-0.470225	-0.445131	0.756386	0.532413	-1.073877	2.307626	0.861421	0.782171	-1.022625	-1.879328	-0.461393	-1.823246	-0.025583	-0.019515
TCGCGTCCAGAAGGTC-1_1	0.886172	0.507969	0.343513	0.910313	0.871979	1.157041	1.196643	1.459982	0.331869	0.820225	0.202353	-1.205693	-0.117128	-0.609549	0.708831	0.404977	-0.975988	1.459842	-0.131483	-0.155466	0.548561	0.605493	-0.841405	1.771786	0.606449	0.645796	-0.728598	-1.651966	-0.314081	-1.467786	-0.013337	0.174764
TATGGCCCGGCCTCGC-1_1	1.877043	2.360399	1.041762	1.977246	1.585699	2.992985	1.964859	3.560431	0.865821	2.509569	0.810597	-3.363602	-0.745950	-0.829986	1.711052	0.973812	-2.396694	4.044886	-0.265923	-0.248725	1.133094	1.316336	-1.870600	4.565963	1.658661	1.915865	-1.689188	-4.408120	-0.208457	-3.664191	-0.422171	0.198655
GCTGGCATATTCACCT-1_1	2.745841	0.550145	0.615016	1.989122	2.559984	3.125990	3.933959	3.826776	0.790216	1.494760	0.534590	-2.777509	0.099615	-1.962769	1.843928	1.374088	-2.416076	3.366724	-1.169693	-0.721060	1.848863	1.450062	-2.405341	4.160092	1.219128	1.434303	-1.873691	-3.576107	-1.318165	-3.589935	0.463311	0.310196
GTCAGAATAGTCTATG-1_1	1.071564	0.999929	0.187138	1.743824	3.240273	2.766132	3.095938	4.517665	0.024194	0.792689	1.482973	-2.610138	-0.618633	-0.504674	1.560594	1.676760	-3.763478	4.186947	-1.041118	-1.019836	1.835967	1.117342	-1.833628	5.003783	2.794991	2.021366	-1.652973	-4.208414	-1.346430	-4.232824	0.176037	0.090491
GGCGTCCTATCCGCTG-1_1	1.754952	-0.649235	-0.384204	1.613962	2.600537	2.197322	3.689121	3.372226	-0.105519	-0.311845	1.726687	-2.244987	0.248073	-1.506272	1.224556	2.185017	-2.362803	2.826653	-1.198207	-0.878218	2.720154	2.163248	-2.849898	3.403271	2.226190	2.265857	-1.835139	-2.546672	-1.496826	-2.959848	1.603995	-0.397681
CGGAGTTTGAGAGACA-1_1	2.572019	0.471018	0.636768	2.727072	3.521802	3.415941	4.964598	5.093375	0.415956	1.686819	0.559268	-3.013850	0.000106	-1.669275	2.064699	1.896106	-3.579760	4.142270	-1.094299	-1.503209	1.847198	1.639736	-2.355129	5.816928	2.122597	1.798874	-1.807700	-4.684473	-1.457938	-4.549140	0.266565	0.513573
AGCACTTAAGGACGCC-1_1	3.259563	-2.480880	-0.611083	2.275909	3.456345	2.297266	5.985937	4.082513	-0.356856	-0.914176	1.914554	-2.365368	1.355399	-2.543667	2.129558	3.023626	-1.996967	2.329628	-0.954643	-1.473071	3.589357	3.800543	-4.426407	4.283200	2.046324	2.555740	-1.900733	-2.335583	-2.120708	-4.284379	2.920485	0.732573
TCCACAATGGTTTACG-1_1	1.034718	0.949325	1.219526	1.575124	2.600555	3.740893	3.189829	4.560019	0.829541	1.167134	1.183400	-4.135289	-0.926513	-0.213705	2.264197	2.098150	-3.797945	4.758699	-1.107175	-0.587024	2.106571	2.675460	-3.477024	5.595211	3.285117	3.837883	-3.045970	-5.157521	-1.229223	-4.943376	0.341226	-0.159830
CCAACGATGCACTGAT-1_1	-3.096866	-6.530054	-2.004522	1.351774	2.726192	1.379908	3.224670	2.240008	-2.007957	-4.114946	5.756270	-2.530322	-0.905249	0.854803	3.236701	2.003064	-2.609239	1.536177	1.261176	-1.754076	3.407141	7.345934	-8.546353	2.632859	7.626406	4.885509	-2.671102	-1.159469	-3.732276	-5.285676	7.883657	0.658915
ATTTACAGTTTACTGG-1_1	3.483026	5.632763	1.220492	3.372578	1.812434	3.244894	2.570234	2.711671	1.845385	5.148393	1.010439	-4.330962	-0.943044	-3.139029	1.718896	1.855487	-2.386137	4.801713	0.271143	0.468774	1.403942	1.489741	-2.461492	4.934631	0.984506	3.639394	-1.684959	-6.029131	1.097243	-4.283281	-0.752608	-0.705064
CCCTGAAATGAGTTGA-1_1	-4.612579	-8.114921	-1.707333	-0.344246	1.786191	-0.525783	2.335486	1.763001	-4.869650	-7.191497	7.580119	-4.299237	-0.918780	0.713755	4.233538	2.713499	-1.083104	0.344313	1.639612	-1.770573	4.623543	9.388676	-12.631326	1.841430	10.838346	7.838155	-3.928171	1.401499	-3.574569	-5.944224	9.198222	-1.345524
CAAACGGTCGCACTTT-1_1	0.056620	0.280896	0.742793	1.397440	2.951711	3.715808	3.337163	4.800136	0.683898	0.449322	1.508992	-3.743289	-1.088951	0.322481	2.100740	2.058482	-4.097238	4.923735	-1.387933	-0.856518	2.244502	2.576193	-3.973480	5.442528	4.096539	3.956922	-3.140866	-5.018776	-1.430719	-4.724274	0.736660	-0.219938
TGATTCGTCTATCACT-1_1	-4.172994	-6.640952	1.212215	-0.881384	0.968322	0.777989	0.806265	1.773518	-3.247985	-5.257100	5.355474	-5.936935	-2.093388	0.742364	3.243714	2.916765	-1.968776	1.354427	-0.408094	-1.359717	3.411815	8.077784	-12.707517	0.795825	10.145292	7.396647	-3.302197	-0.218355	-2.289900	-3.993975	5.887876	-2.742622
TCAGGTTCTTTGAGAA-1_1	0.994413	2.084920	1.125161	0.931548	1.432421	2.940413	1.936764	2.564123	1.322484	1.814047	1.000812	-3.268106	-1.225772	-1.089792	1.285866	1.736279	-2.088186	3.890286	-1.156917	-0.000538	1.704197	1.409668	-3.021284	3.521312	2.346128	3.131767	-2.681170	-3.693611	0.056279	-3.126767	0.164567	-0.916170
CACGCAGCGAGGCTTT-1_1	-0.204090	-1.283764	-0.483532	1.533861	2.523261	2.125070	2.418557	3.644368	-0.429453	-1.266457	2.981769	-2.889194	-0.740509	-0.487783	1.499679	1.919126	-2.836378	3.641594	-0.795842	-0.849048	2.679962	3.237527	-3.987107	3.443086	4.077784	3.824382	-2.686764	-2.953657	-1.768257	-3.106184	2.419884	-0.600266
TTAAGCGCCTGACCCA-1_1	2.572651	1.932913	0.276981	2.123674	1.185323	3.384824	2.517845	3.014264	1.282429	2.664584	0.956286	-2.764317	-0.138888	-1.991187	1.811436	1.293747	-1.550473	3.605353	-1.257679	-0.273642	1.821924	1.470043	-2.718135	3.426581	0.982692	2.139692	-1.973089	-3.350051	0.254524	-2.368845	0.214352	-0.381080
CTTACACGGTATTCCA-1_1	-4.711668	-9.105647	-1.488595	-0.289638	0.416905	-0.033119	-1.685737	-1.075588	-3.475863	-5.973401	6.232907	-2.852982	0.810063	3.353034	1.847757	3.878924	-2.926457	-2.710994	2.627801	0.400953	2.237755	10.584359	-12.024007	-2.607908	8.138941	5.839826	-1.549252	2.310553	-3.490949	-3.768681	9.542433	-1.256515
AAGGCTGTGCTCATCG-1_1	-4.324761	-5.472044	0.128351	0.881525	0.191122	2.385566	-0.450126	-0.383701	0.187053	-1.351162	2.979858	-2.043600	-0.632353	2.797475	1.773908	1.409207	-2.879759	-0.704918	1.174768	-0.242380	-0.208436	5.534647	-6.999233	-1.135976	4.576723	3.375977	-0.665296	-0.313798	-2.431517	-1.950932	5.708116	0.347713
GACCAGAGCCCTGTAG-1_1	-7.310708	-9.075826	0.246856	1.321070	0.600323	2.090103	-2.073910	-1.734522	-2.472264	-3.992777	5.776729	-2.036385	-0.339331	4.809979	2.845632	-0.416988	-3.438678	-3.460603	3.641977	0.510543	1.859192	8.726408	-12.106891	-2.739561	8.702963	3.509144	1.691605	-0.344817	-1.536554	-4.471838	7.556382	-0.671423
TCCCAGGCTTAGCTAA-1_1	-6.043252	-9.416326	0.613615	0.267369	0.616101	0.629551	-2.130571	-1.070510	-3.373924	-5.942347	6.330638	-2.981662	0.116341	4.438143	2.740879	1.437361	-3.242071	-2.968478	2.836846	0.842142	2.150404	10.513513	-13.513568	-2.488642	9.158814	5.376158	0.737763	0.250335	-2.213230	-4.588542	7.274840	-1.760243
ATTGAAGATCTTAGTG-1_1	-3.475821	-5.456825	0.088196	0.489538	0.266665	1.221119	-0.987460	-0.399923	-1.174755	-2.434704	3.170602	-1.576396	-0.306278	2.871802	2.151454	0.400816	-2.097385	-1.531916	1.285053	0.183866	1.063220	5.762184	-7.278279	-1.240428	4.766629	2.555493	0.454179	-0.635691	-1.234309	-2.421906	4.360244	-0.276028
AGTTCCTACAGAATTA-1_1	-7.954788	-11.096582	-1.667203	0.642407	0.018548	1.411098	-3.757152	-3.234533	-2.308317	-4.218197	4.904090	-0.036590	-1.146750	8.215148	4.720784	-1.206627	-4.233103	-5.929569	3.286226	1.889212	1.470969	9.843323	-13.203348	-4.336072	9.124636	3.757297	3.285877	-2.192412	-1.508883	-4.187538	9.174037	1.545430
GAAATGGCGGTGTTAG-1_1	-3.245735	-4.935047	-0.406487	0.384954	0.134978	0.582708	-1.413152	-1.085974	-1.419496	-2.521009	2.432108	-0.695026	-0.129735	3.018884	1.610595	0.514141	-1.766800	-2.040493	1.390109	0.572855	0.754682	5.123803	-6.059196	-1.839938	3.992749	1.876675	0.531045	-0.208110	-1.051732	-1.923862	4.075740	-0.112456
TACGAACACGACTTCA-1_1	-2.460392	-2.988950	0.599465	0.465543	0.189624	1.266807	-0.341969	-0.152004	-0.256945	-1.271476	1.564962	-1.274302	-0.504473	1.981889	1.249542	0.208299	-1.665294	-0.407517	0.498523	0.233894	0.196910	3.259429	-4.552455	-0.486004	2.922648	2.120275	-0.068056	-0.890281	-0.687692	-1.284175	2.237746	-0.245927
ACCACAAGTTTCTATC-1_1	-5.329711	-7.939446	0.409246	0.128176	-0.159162	1.149080	-2.129683	-1.278754	-1.946755	-3.672052	4.278761	-2.150033	-0.217581	4.934938	2.949959	0.783944	-2.786095	-3.204710	2.144195	0.391555	0.802491	8.405652	-10.229508	-2.548644	6.342664	3.413423	1.493769	-0.201939	-1.688148	-3.148926	6.030583	-0.485637
ATATTTAACCCTCAAG-1_1	-7.733085	-10.185049	0.108766	0.801992	-0.148673	2.004030	-2.964203	-2.391846	-2.553094	-4.378561	4.497442	-1.966736	-0.996230	6.599555	3.749522	0.542587	-3.782838	-4.123150	2.458227	0.663448	0.709074	9.917367	-12.619580	-4.018086	8.561581	3.783530	1.544788	-0.854895	-2.136972	-3.594999	8.103967	-0.250461
GATCATTCCAAACATT-1_1	-10.233047	-16.372889	-1.427591	-1.666783	-0.857559	-0.746220	-4.800988	-4.401911	-6.067840	-10.276167	8.267042	-4.368199	0.451674	8.076797	3.484337	7.515355	-4.868104	-6.651649	4.022439	1.119418	0.741191	17.971863	-20.105753	-7.242153	13.398808	9.437282	-1.030570	4.803445	-6.471037	-4.984496	16.104568	-1.642399
TCCAGGCGAGTACGGT-1_1	-6.692798	-10.565365	-1.633209	0.238904	-0.465993	1.141813	-3.083048	-2.814706	-2.216946	-4.867070	4.952740	-1.768951	0.364270	5.971750	2.482306	3.724909	-3.977474	-4.502361	2.887397	0.995739	0.089709	11.100012	-11.724784	-4.642262	7.229947	4.903655	-0.206208	1.804738	-3.980002	-2.775050	10.732476	0.263575
GTTTGACCAAATCCTA-1_1	5.489097	-0.942499	-1.816903	2.506197	0.659906	3.629561	3.111688	2.302403	1.485340	4.267578	2.271564	-2.596891	2.615398	-3.315248	2.954667	2.376168	-0.432897	0.804640	0.245389	-1.553829	3.424172	4.427597	-4.191468	2.309155	-0.898395	1.277605	-0.671412	-0.966007	0.825173	-2.880493	3.554475	0.864200
CACAGCACCCACGGCA-1_1	2.232030	-1.024606	-1.159916	1.745403	0.854334	2.143780	1.680103	1.792026	0.781395	1.681930	1.971601	-1.438424	1.159694	-1.437823	1.689520	1.194119	-0.950908	0.937985	0.313914	-0.668049	2.282967	3.022832	-2.914753	1.696466	0.314902	1.277131	-0.709248	-0.967966	0.044437	-1.954858	2.302390	0.539605
TGCAAGAATGACGTAA-1_1	2.404753	-1.203729	-1.045280	1.841768	1.216902	2.653285	2.307578	2.291784	0.830472	1.549593	2.001578	-1.962218	1.051693	-1.483070	1.997774	1.311596	-1.197035	1.686994	-0.148705	-0.769822	2.384342	3.311220	-3.668973	2.165402	0.741613	1.777733	-1.248483	-1.477129	-0.150607	-2.291937	2.492422	0.546435
GCGAAGCCATACCCGT-1_1	-8.142344	-13.177040	-1.475855	-0.878639	-0.922214	0.823261	-2.582489	-1.878239	-3.696813	-6.779679	7.885432	-5.115677	0.218669	6.054637	3.861548	6.190069	-4.064210	-4.391508	3.559074	-0.890253	0.470312	14.902386	-16.428167	-3.971067	10.589212	8.475397	-1.818727	3.863084	-6.134197	-3.953531	14.744023	-0.955376
TCCTTTCTTACGCTTA-1_1	-5.772360	-12.327938	-2.715208	-0.488221	-0.267271	0.341124	-1.515490	-0.591957	-3.421544	-5.785866	9.777625	-4.348675	2.263265	4.294871	3.117575	5.721432	-3.512730	-4.171998	5.486135	-1.532385	2.150756	14.979580	-15.090519	-2.281459	9.164118	6.832918	-1.393553	4.774149	-6.028066	-5.713120	15.083117	-0.145959
GCTGCTCTCCGGACAC-1_1	-11.979983	-14.486442	1.806695	1.535161	-0.347146	5.019614	-3.074118	-1.858848	-1.811766	-4.016269	9.582193	-5.802019	-0.067572	8.235270	4.687105	1.261063	-6.318326	-4.687544	5.724341	-1.244569	0.389171	14.621769	-19.646521	-4.049881	12.499279	6.881567	2.393923	0.635552	-4.353971	-6.297692	13.419636	-0.792747
ACTGTCTTCTTTAGAA-1_1	-7.785342	-11.335930	-0.135810	0.897462	-0.643965	3.390001	-2.102769	-1.060084	-1.206335	-2.828305	8.136833	-4.781236	1.036405	5.817379	3.222092	3.331146	-4.963418	-3.605735	4.936352	-1.514297	0.760100	12.759640	-14.897773	-2.867058	8.780540	5.754518	0.370599	2.138004	-4.368290	-4.976331	12.597971	0.051247
TCAAACTTAGATTGTT-1_1	-12.097584	-14.636872	-0.219786	1.926179	-0.942626	6.082400	-3.729995	-3.351474	0.148103	-1.625809	8.834677	-4.085797	0.830717	8.860575	4.036546	1.592773	-7.084446	-6.239865	6.800524	-0.898021	-0.725599	13.543643	-17.075413	-5.436923	9.876462	5.390316	3.280524	1.864149	-4.890639	-5.208692	15.619370	1.775882
CTATGTCACTAGCCCA-1_1	-9.030138	-13.214889	-2.441728	1.696007	-0.873748	5.182724	-2.327765	-2.166864	0.852943	-1.167579	8.425128	-3.469425	1.586324	6.866385	3.584147	3.837917	-6.237571	-5.200690	6.131234	-1.277539	-0.757164	13.385812	-13.956681	-3.930974	7.277640	5.123917	0.702640	3.055113	-6.150518	-4.305091	16.510258	2.965344
TGCGCAAAGCATTTGG-1_1	-13.886154	-15.239135	-1.271654	1.261624	-1.599854	5.793188	-5.041729	-5.626604	-0.126781	-1.689591	6.699329	-2.868115	-0.957787	10.490983	4.479927	1.969197	-7.647588	-7.379784	5.386064	0.045625	-2.092018	12.521194	-17.055676	-7.710706	10.980639	5.915952	3.001288	1.318961	-5.118677	-3.685507	16.782297	3.108323
TTAATGTAGACCAGGT-1_1	-0.176707	-3.088116	1.338303	3.325533	0.395029	7.052547	5.002530	5.813478	1.214567	5.006342	0.680129	-5.641208	-0.199643	2.173930	5.755391	0.690454	-4.517797	3.088743	2.034147	-3.255211	-0.952820	7.168786	-5.839218	8.075477	2.934542	4.621090	-2.789187	-5.408451	-0.601232	-5.157632	3.568304	4.064186
GGCGGTAGGATCATTG-1_1	-0.874353	-3.713887	-0.036033	3.184119	0.519299	8.238228	5.181743	5.585681	0.990929	5.196317	1.975110	-5.834698	0.590827	2.807898	6.583351	0.331895	-6.156822	3.176744	2.558036	-3.385824	-0.563307	8.448394	-6.502985	7.912501	3.324401	5.283344	-2.376761	-5.080276	-1.509361	-6.622757	5.332260	5.735845
GGCAATAGTCAATGAG-1_1	11.352958	25.812359	5.031525	5.803371	7.207822	-5.188774	4.522173	-1.728070	3.768453	21.119425	0.202895	-12.455798	-6.488949	-10.100109	-3.612996	1.473191	-3.195982	9.662391	11.246427	-2.362127	0.220215	-0.741342	0.244469	4.108984	-2.208586	1.122390	4.516879	-15.856148	-1.025921	-6.376393	-0.880883	1.486129
ACACGAGACTCCTTCT-1_1	3.125819	2.253618	-0.266016	3.655514	1.074235	3.865755	2.327245	3.096922	1.390842	4.789509	0.458265	-2.617212	0.765061	-2.190197	2.699448	-0.245871	-1.853925	3.283757	0.329417	-0.733814	0.589507	1.696425	-1.820480	3.845384	0.205444	1.245173	-0.776062	-4.080608	0.990627	-2.605942	0.136317	1.503601
GACACAAGGGAAGAAA-1_1	7.908189	13.911753	1.620891	5.467117	3.639570	-0.403466	3.804984	0.522570	3.269898	12.801857	0.599254	-6.686862	-2.156217	-6.469692	-0.210951	0.364920	-2.425151	7.168063	5.969480	-1.213989	0.874158	-0.116715	-0.527605	3.277104	-1.073613	0.858535	2.542982	-10.379500	-0.273103	-4.445025	-0.118012	1.880526
TCAGCAAATGCATCTC-1_1	8.838696	15.009545	1.143091	7.695923	3.575147	1.429122	4.344283	2.277488	4.215550	14.696290	1.042741	-7.193853	-1.454049	-7.256414	1.163507	-0.110861	-3.344472	8.959860	6.723215	-0.967311	0.909122	0.392531	-1.121472	4.942729	-0.672186	1.566090	2.148902	-12.421962	0.297501	-5.700219	-0.441641	2.782384
GAGATCTGTCACTCCG-1_1	7.115273	7.702401	-0.441050	7.243392	2.421605	3.608989	4.178278	3.658628	3.421972	9.948398	0.589552	-4.359725	0.350388	-5.251479	2.972486	-0.575050	-2.401308	6.658301	3.375103	-0.908440	0.803044	1.048159	-1.637052	4.824590	-0.511708	0.524444	1.009105	-8.973685	0.565006	-3.992077	-0.224503	2.722801
ATGCCGGTCTTGCATA-1_1	3.794824	3.272814	0.404754	3.958336	0.808800	2.852827	2.290822	2.338099	2.544317	5.983574	0.017886	-2.117551	-0.075501	-2.815050	2.315881	-0.014583	-1.376707	3.369529	1.228292	-0.632803	0.632850	1.410075	-1.335746	3.494115	-0.300736	0.794937	-0.213886	-4.602650	1.117842	-2.121552	-0.332398	1.163741
TTGGGCGGCGGTTGCC-1_1	2.545437	1.814827	0.188233	2.374818	0.732260	2.173327	1.953262	1.773519	1.406494	3.388871	0.013498	-1.502389	0.092805	-1.736721	1.516306	0.147325	-0.956135	2.431432	0.245777	-0.404832	0.585001	0.855291	-1.111802	2.426757	-0.111740	0.476130	-0.351471	-2.942068	0.424023	-1.645302	-0.102626	0.665116
TTGTTGTGTGTCAAGA-1_1	1.882136	3.668702	1.007206	2.214921	1.407163	4.021137	1.663489	3.655014	1.791034	4.110970	1.309812	-3.510473	-1.093675	-1.446590	2.279386	1.173407	-2.612072	5.071514	-0.878696	0.038044	1.322062	1.595591	-2.752093	4.806818	1.805891	3.048641	-2.532646	-5.114536	0.930386	-3.736693	-0.763359	-0.601791
ACTGTACGATACACAT-1_1	2.916924	2.281150	1.217934	3.042660	0.783075	4.001636	2.176913	3.704460	1.851019	4.587213	0.650784	-3.095931	-0.415634	-1.854661	2.542192	0.796437	-1.645419	3.857304	-0.416170	-0.544199	0.941810	2.125833	-2.728911	4.839087	0.601406	2.022003	-2.081551	-4.200556	1.318862	-2.707521	-0.566121	0.090201
TCCACTTTATCTAGGT-1_1	14.707076	35.124874	5.794104	6.637614	10.453872	-9.299325	7.076921	-3.964577	3.384063	28.614780	-1.149867	-15.113837	-7.727741	-14.049558	-7.646813	1.393435	-4.182436	11.336208	15.504683	-4.797020	0.216353	-3.478192	2.107341	2.255651	-4.352189	-0.844616	6.923534	-18.877523	-2.716381	-6.176167	1.224376	2.402217
GGTCTGAGAATCTGGA-1_1	19.523783	43.461662	6.774683	9.301597	13.223646	-11.752112	8.891686	-4.691359	4.041603	35.647129	-1.357274	-19.367458	-9.154078	-17.671152	-8.994954	0.891864	-5.492286	14.462452	20.224663	-5.324367	0.263596	-3.955099	2.190712	2.894633	-5.462086	-0.701695	8.498572	-23.885893	-3.906810	-8.242475	1.743698	3.859418
TAGAAAGGTGGCGCTA-1_1	2.438005	-2.703712	-1.317020	3.401417	2.597916	3.847520	5.178423	3.766022	0.628265	1.420776	1.143287	-1.776319	1.976438	-1.312048	3.753202	1.731897	-2.301229	1.533571	0.402509	-1.643670	2.519303	4.597238	-4.205176	4.345336	1.075511	2.787408	-1.054890	-2.932677	-0.759180	-4.440781	3.226884	3.251208
TATGTCTCATTGTGCC-1_1	-3.994151	-7.426691	-4.222175	0.399289	0.269344	1.428739	0.367151	-1.433352	-0.210550	-2.866040	2.356225	0.716251	-1.252956	4.233640	3.651929	2.619270	-3.326522	-2.074123	0.342498	1.708376	-0.055589	6.832114	-6.907542	-1.103367	5.164836	5.574093	-3.029779	-1.064572	-3.498976	-1.846769	9.848790	3.693043
GGATTTCACTTCTATA-1_1	-9.861819	-13.078084	-5.553352	0.103130	0.329379	0.049927	-3.210878	-5.289393	-4.819425	-8.871656	3.126477	1.263199	-4.197560	8.204573	5.536826	1.789539	-4.363316	-5.819787	-0.299925	4.376673	1.735901	9.988675	-14.260222	-5.983832	13.069678	9.015626	-3.080796	-2.050448	-3.064065	-1.534034	13.971539	1.455600
TGAGTGGTCCGTGACG-1_1	-9.131074	-11.300911	-4.488535	0.328223	-0.351017	1.564214	-3.261027	-5.053624	-1.986230	-4.480433	1.949196	1.458860	-3.886479	8.121825	5.124455	0.604079	-4.590409	-5.571582	0.395502	3.084987	-0.147083	7.894809	-11.320492	-5.537090	10.076395	5.795372	-0.636349	-2.612853	-2.945431	-1.093410	12.270382	3.211257
CGCTTTCTTGCATTCG-1_1	-10.997644	-11.553905	-3.619751	0.592162	-0.053734	1.724014	-3.841266	-5.864387	-2.699289	-4.764037	2.576955	1.592645	-4.427730	8.518568	5.096823	-1.416572	-4.869481	-6.223850	1.231040	3.496701	0.420056	7.032011	-12.936648	-6.031814	12.221916	5.990766	0.926713	-3.234485	-1.874234	-1.907013	11.791880	2.690561
ACCCAACGCCCGTGGC-1_1	-10.545285	-10.548719	-2.680272	0.900754	0.055451	2.308309	-3.261376	-5.093865	-1.920501	-3.295744	2.451350	1.462484	-4.386706	8.352803	5.182220	-2.699819	-4.655344	-5.570371	1.508423	2.731562	0.339622	5.950732	-12.306648	-4.994241	11.604084	4.950040	1.993605	-4.153057	-1.339083	-2.566357	10.330125	2.989247
GAACGTCTCATGGTCG-1_1	-11.197153	-11.400191	-2.865554	1.501715	-0.000386	3.118117	-3.175030	-5.548097	-1.084595	-2.918741	2.436628	1.825554	-4.688617	9.437685	5.620862	-2.842813	-5.701324	-5.729424	1.540648	3.261118	-0.371877	6.632753	-12.922053	-5.133165	11.798299	5.805678	2.300591	-5.057480	-1.681220	-2.489921	11.264337	3.965796
TTAAACTCGAATTCAT-1_1	-4.219078	-4.114647	8.495570	2.194138	1.923568	4.066374	5.946593	7.606769	2.418623	6.978503	-3.534519	-9.237570	-8.614359	9.634069	3.882960	-3.591623	-9.510174	2.374642	6.365257	-4.771260	-6.038019	11.536191	-6.563615	13.741530	5.586192	5.788857	-2.435169	-11.870058	4.241956	-9.921298	-1.465831	7.054503
TACTTTACTGAGCCGG-1_1	-3.372883	-3.106773	6.508750	2.478493	1.111714	4.323586	5.018486	6.783082	2.181514	6.550794	-2.146752	-8.324679	-6.803463	8.336927	4.430036	-2.637295	-7.917546	1.960025	5.194629	-4.003642	-5.201239	9.873080	-5.712317	11.867927	4.591734	5.462436	-2.104569	-10.534006	3.574975	-8.006463	-0.777176	5.786245
CCATACCTTTACTTGT-1_1	-0.697733	-0.957796	0.946435	0.971775	-0.014613	1.684300	1.014189	1.261344	0.367005	1.190829	0.331908	-1.806808	-1.000121	1.631369	1.582980	-0.227784	-1.654083	0.709607	0.744361	-0.595599	-0.688305	2.329521	-1.896935	2.243240	1.278178	1.569874	-0.344861	-2.322146	0.381984	-1.513137	0.523335	1.046533
GTGAACTCCCATTCGA-1_1	-9.917593	-9.278367	-1.545952	1.654435	0.109900	3.578156	-2.090300	-4.221058	-0.696624	-1.846826	3.199866	0.318013	-3.238882	7.069767	3.952588	-2.407473	-4.971595	-4.326736	2.374138	1.851339	-0.236977	5.385256	-11.332593	-3.769428	10.094409	5.095187	2.012691	-3.120499	-1.534051	-2.645680	9.777174	2.703807
GTGGTTACTTCTTTCG-1_1	-2.605043	-6.220261	-1.950356	4.683561	3.233586	5.541315	5.015822	4.826459	-0.820238	0.177147	3.256483	-2.097799	1.185719	3.195006	5.132520	-0.982329	-6.255853	1.384270	3.778167	-1.841138	0.218842	8.394832	-5.320440	6.816452	4.482195	4.562618	-1.005877	-4.926414	-3.737720	-6.439007	6.023376	5.540603
TCAGAACCTCCACAGG-1_1	-2.968716	-4.298705	0.552793	2.620262	2.240862	6.662949	3.566003	5.252691	0.106920	1.562613	1.862879	-4.094704	-1.391483	5.229485	5.062704	-0.380927	-6.771989	3.426095	2.146876	-1.489136	-1.075173	7.608074	-7.128194	7.504837	5.809828	6.460501	-2.475769	-6.853167	-2.328962	-7.515296	4.220560	5.450005
TCCCACTCTCTTCCGG-1_1	3.754292	-2.701147	0.983852	4.084023	4.012630	4.034433	7.519719	4.096685	0.178507	2.934775	-0.785162	-2.396689	0.277909	-1.086162	2.335222	-0.012457	-3.843473	2.958808	1.300292	-2.953978	-0.304102	4.307404	-2.973007	6.778285	1.256378	0.611545	-0.901982	-5.521104	-1.368535	-6.339883	1.600362	4.827703
ATCTTGACTTGTCCAA-1_1	4.589887	-0.415495	1.676131	5.026421	2.520273	5.107991	6.228582	4.485903	1.371953	5.953876	-1.303727	-3.881009	-0.301038	-1.043887	3.512179	-0.720833	-3.437470	4.757506	1.593592	-2.244105	-1.147549	4.522546	-3.479245	8.007432	0.815097	1.373687	-1.713570	-6.933877	0.502351	-6.398786	0.695770	4.391163
TCGGGAACGTGCCTAG-1_1	6.231118	4.722993	0.194956	6.395998	2.851418	3.543176	3.853077	3.736790	1.802293	7.589784	-0.409291	-4.125067	0.357637	-3.834289	3.106107	-0.959098	-2.817611	5.900123	2.500642	-0.323693	-0.386955	2.090261	-1.587760	5.950429	-0.286769	0.993608	-0.242108	-7.981528	0.513226	-5.274899	-0.574279	3.103529
GTTAGCCGTAAATCAA-1_1	8.346575	10.826997	2.661920	6.142774	3.456721	0.311033	3.397205	1.763979	2.980757	12.503203	-0.706315	-6.573455	-2.371106	-5.905313	1.149798	-0.437897	-2.273203	7.038148	5.638941	-1.193155	-0.278922	1.965397	-1.219669	5.322117	-0.973777	1.215781	0.798247	-10.292952	0.690605	-5.219937	-1.191276	2.088657
ATTTACTAAGTCCATT-1_1	5.370737	2.384387	0.170728	5.413644	2.894111	4.318806	5.167084	3.962684	1.266164	5.669689	-1.069173	-3.317677	0.829773	-3.188776	3.029515	-0.258286	-2.734596	4.822635	0.799778	-0.927741	-0.155163	2.103876	-1.905236	6.031011	-0.191240	0.805043	-0.521380	-6.696453	-0.140131	-5.122610	-0.029751	3.091578
GGGTGCATATGAAAGC-1_1	5.633310	1.493950	0.406848	5.568047	3.030660	3.505748	5.657742	3.748501	1.146439	5.594095	-1.442792	-3.204395	0.834006	-3.152862	2.889320	-0.589596	-2.837629	3.951370	1.667572	-1.508887	-0.365134	2.296379	-1.330381	5.879330	-0.158949	0.110583	-0.295485	-6.704100	-0.204640	-4.694255	0.078085	3.329654
TCCGAATGGTCCTGAG-1_1	3.264703	-2.472130	2.559829	4.015710	3.068721	3.394231	6.999385	3.917582	0.838834	5.917418	-2.982671	-3.243704	-0.913485	0.271996	2.234302	-1.079991	-4.450325	3.324663	3.646608	-3.955414	-2.724793	5.264512	-2.618161	8.086498	1.344271	0.803486	-1.377927	-6.716084	0.525128	-7.758096	0.721040	6.759319
ATGGCAGCCGAGAAAC-1_1	1.244319	-1.344825	1.811662	3.231800	4.403691	4.192990	3.913562	7.326350	-0.986769	-0.473663	2.296416	-6.032934	-1.145059	1.537100	3.571571	0.572735	-5.997138	5.741844	1.046239	-0.951617	2.290842	6.559814	-5.922561	9.099342	5.381543	5.277594	-3.746067	-7.859803	-2.863082	-7.923271	0.857729	2.083634
CCTCGGATGCTACCTG-1_1	0.828705	-3.550284	3.286852	4.179120	3.820196	4.606108	6.064521	6.984103	-0.587646	2.273981	0.093742	-5.706433	-2.777356	3.772682	3.679536	-1.224944	-6.759082	5.285492	3.462045	-3.150312	-0.631685	8.770704	-5.657088	11.478739	4.657118	4.286595	-2.932761	-9.121137	-1.334546	-9.282253	0.831648	5.299107
ATACGGTGAAGATGCA-1_1	-11.123055	-12.242029	1.700602	1.522908	2.760583	1.530110	-0.028778	-0.299358	-5.953188	-11.019833	9.687256	-4.386636	-2.925868	4.133691	4.207016	-1.743171	-3.901356	-2.468884	2.730723	2.503588	3.835169	12.020505	-19.643106	-0.461357	16.597219	10.706139	-1.498476	-1.730671	-1.649538	-6.006084	9.092868	-4.912291
ACATCAGCTGGGACGC-1_1	-2.689030	-3.729452	2.473781	1.188314	2.683614	4.056444	3.421086	5.665760	-0.179802	-2.645734	3.978621	-6.017779	-1.840503	2.136709	3.573194	0.710697	-4.907993	4.712933	-0.458340	-0.761156	2.785146	7.379933	-10.483998	5.946512	8.209984	7.522980	-3.995507	-5.898050	-2.130981	-6.458555	2.449482	-0.590141
GGTTGTGTAGCCTGGC-1_1	-12.654271	-12.680491	3.349246	0.802450	2.541983	1.427215	-0.181962	-0.410208	-6.827287	-12.034957	9.892753	-5.431262	-4.386020	4.562323	4.731333	-2.293057	-3.956196	-2.881179	1.771752	3.009077	3.966920	12.340329	-21.716576	-0.589016	18.769512	11.634104	-1.441375	-2.594692	-0.541707	-6.207147	7.876986	-5.948187
CCTGCGTTCTACGCTT-1_1	-1.927854	-1.719128	5.482039	2.483878	4.227704	5.524605	2.851820	7.623013	-0.635392	-3.985651	4.628287	-9.769057	-3.242407	1.482080	3.371471	-0.348788	-7.851248	6.647433	-0.297438	1.484717	6.135095	9.016274	-13.564935	8.418997	11.856228	10.407103	-5.635455	-10.395550	-1.684155	-9.059598	-0.294846	-1.263561
GAACGTTAGGAAGACG-1_1	-12.699628	-12.999345	7.671539	1.996674	4.652455	3.418244	2.030658	4.372275	-9.057460	-17.461563	12.788413	-11.746441	-5.856037	3.527040	6.547031	-2.143974	-8.027401	2.990523	-0.189261	4.609590	8.778632	18.707428	-32.650238	4.478594	27.957396	20.133417	-5.993568	-8.854477	-1.800440	-10.964170	5.180233	-8.107800
CTGATAGTGTATCTCA-1_1	-2.926664	-1.355956	7.611262	2.560231	5.237191	6.392243	2.448870	7.030191	-0.834725	-5.400826	4.838126	-12.617268	-6.425869	0.328269	3.099164	0.606736	-9.199013	8.346236	-1.577856	3.000572	8.942857	10.314971	-18.286545	8.170334	15.933613	14.016411	-7.531552	-12.182337	-1.000468	-10.690296	-0.203779	-3.160598
TTCTGCGAGCGCCCTT-1_1	-4.051149	-5.113166	5.925573	2.288205	4.719723	3.275023	2.029827	5.873720	-4.668454	-10.945389	7.215982	-10.695305	-4.510816	0.827955	3.345191	-0.252633	-7.879162	5.128614	-1.080325	3.818511	9.436084	12.356794	-20.385777	6.064397	18.005442	14.402885	-6.408254	-9.384292	-1.668524	-9.231705	0.933449	-3.957126
CTTTGGCGCTTTATAC-1_1	-2.507831	-1.316252	5.382297	2.446339	5.293697	6.350930	4.026525	7.109240	-0.244500	-4.471939	4.546708	-10.930602	-5.484280	-0.305920	2.785707	2.865661	-8.460391	8.540896	-2.777852	2.007235	8.553175	8.278185	-15.997986	7.926802	14.677532	12.846819	-8.207474	-10.688388	-1.635581	-9.557019	1.059857	-3.661624
TCCGAACTTGGCTTAC-1_1	-3.185644	-3.403354	5.476555	2.101230	4.334756	4.711596	2.462175	6.343578	-2.158278	-7.199025	5.661194	-10.446614	-4.300072	0.845869	3.098065	0.551164	-7.852241	6.429154	-1.823380	2.876083	8.338977	10.023252	-17.235443	6.347188	15.168489	12.380058	-6.305511	-9.693938	-1.608241	-8.757376	0.522281	-3.000153
TAGATTCCTGGTTATT-1_1	-1.687229	-0.182304	4.207483	2.774466	4.956282	6.146657	3.158170	7.106671	0.210779	-2.583472	4.232179	-8.951331	-4.140699	-0.269530	2.447976	1.302354	-7.704832	7.823025	-1.556130	1.502717	6.911147	6.721364	-12.047047	7.523973	11.336850	10.073961	-6.518928	-9.954367	-1.640355	-8.610231	0.507082	-2.183668
CCGACAAAGGGAGTGC-1_1	-0.819901	0.584515	4.608206	2.475038	3.642759	6.542605	3.426510	6.363503	1.130649	-1.433797	4.494313	-9.723088	-3.940872	-0.998235	2.448867	1.920201	-6.573797	7.809239	-2.206285	1.932882	7.048838	6.787397	-13.219177	7.088898	10.841313	10.397388	-6.780489	-9.623319	-0.576240	-7.902265	0.648281	-3.224666
CCATGGCCCTTGTACC-1_1	-1.484241	-0.379766	2.799488	1.768964	3.343744	5.241261	3.196924	5.982425	0.953681	-0.854643	2.790707	-6.351103	-2.320212	0.655544	2.410082	1.463367	-5.797567	6.315107	-1.548052	0.174677	4.145020	4.788860	-8.244282	6.262023	7.711977	6.913506	-4.789105	-7.531795	-1.479989	-6.384122	0.596362	-1.287168
GAAATATCACCATCAG-1_1	1.416834	0.360761	0.479653	1.271612	1.101380	2.033822	1.775466	2.427878	0.652376	0.693423	1.161891	-2.350553	-0.224037	-0.866682	1.139402	0.931774	-1.377700	2.430236	-0.681969	-0.030749	1.716488	1.814965	-2.828136	2.666301	1.466545	1.798679	-1.814765	-2.335743	-0.404588	-1.980196	0.440111	-0.469218
ACGAAATGGGCGGCAC-1_1	1.946608	0.468048	0.855569	1.345579	0.996461	1.954035	2.199008	2.001549	0.809516	1.588861	0.028511	-2.074166	-0.057423	-1.169614	1.125038	0.691516	-1.050391	1.932864	-0.410968	-0.285926	0.861399	1.100247	-1.784438	2.519342	0.473030	0.886210	-1.403353	-2.171322	-0.263870	-1.861815	0.074980	0.022741
GTGAGCGTGCTGCACT-1_1	2.117966	-1.145574	-0.188072	1.799272	2.214118	1.001103	3.512521	1.963617	0.202559	0.580260	-0.126597	-0.552070	0.695518	-1.303240	0.939896	0.782705	-1.364988	0.308738	0.107668	-1.175599	1.358477	0.738404	-1.153005	2.056432	0.062105	-0.187595	-0.462719	-1.203443	-0.908398	-2.197765	0.805369	1.030297
CCGCGGGTACGAAGAA-1_1	4.115073	1.184830	0.404745	2.897073	1.828240	2.641669	4.134618	2.858112	1.141144	2.564277	-0.362856	-2.550636	0.606150	-3.232949	1.683782	1.216455	-1.116280	2.364094	-0.670424	-0.427052	1.548894	0.987390	-1.948021	3.336408	-0.174647	0.907012	-1.416633	-3.093376	-0.511594	-2.230343	0.320416	0.194526
TCCCTGGCTCGCTGGA-1_1	4.273755	-0.843268	-0.163110	3.043650	3.844917	2.135933	6.146928	3.957931	0.230319	0.725328	-0.307729	-1.627038	1.161754	-3.033410	1.674742	1.905366	-2.235663	1.750403	-1.028958	-1.486004	2.703084	0.735728	-1.957640	3.781481	0.124080	0.367019	-1.391705	-2.406077	-1.988895	-3.583707	1.055521	0.609736
CAGCTTAGTAGGTAGC-1_1	4.482920	1.240973	0.671922	2.747777	2.460879	3.186598	5.192545	3.541890	1.538313	2.723689	-0.274311	-2.823049	0.485578	-3.357039	1.991296	1.591400	-1.585740	2.983188	-1.278516	-0.881585	1.845556	0.534428	-2.042816	3.813091	-0.149094	0.429293	-1.353585	-3.646602	-1.197229	-2.835187	0.388982	0.051356
CACGAAAGTTAGTCCC-1_1	1.334757	-1.684263	0.295254	2.274834	4.359284	3.557540	5.710321	6.512836	-0.739900	-1.941691	3.373564	-4.762392	-0.393553	-0.484999	2.502251	3.035369	-4.657827	5.201375	-1.517284	-1.583692	4.113763	4.929126	-6.348624	7.061256	5.530201	5.048560	-3.534876	-5.314485	-2.886285	-5.759328	2.308243	-0.539892
ACCTAATCGACTTCCT-1_1	5.430782	3.130112	0.882648	4.160818	1.405156	4.197848	3.693959	3.560692	1.916882	4.939221	0.431354	-3.950282	-0.080097	-3.910125	2.318653	1.351454	-1.038459	4.017170	-0.790008	-0.364536	1.796273	2.088192	-3.499105	4.783458	-0.189463	2.161462	-1.908915	-4.811758	1.050512	-2.749468	-0.027474	-0.066734
AAGTAGTGACGCGAGG-1_1	-3.144037	-6.744163	-0.609348	0.942608	3.393672	1.068572	3.750084	3.488446	-3.720389	-7.066663	6.891417	-4.040199	-1.450375	-0.105741	3.483414	1.450799	-2.577780	2.204810	0.439462	-0.401150	4.548331	8.764359	-12.409035	3.918828	10.615202	7.628770	-4.219678	-2.223144	-3.139747	-6.050191	6.649348	-1.467507
TCCGATTACATTGCCG-1_1	-0.617907	-2.994660	-0.422697	0.492274	1.683312	0.731089	2.786992	2.950383	-1.598298	-3.532653	4.181054	-3.762753	-0.743083	-0.610762	1.908381	2.660861	-1.632626	2.727324	-0.478615	-1.104380	3.635736	5.278805	-7.108808	3.051236	5.847271	5.830844	-3.880752	-1.076837	-1.927541	-3.407367	4.071265	-1.411469
CCTCCGACAATTCAAG-1_1	-12.041764	-16.491142	-0.653451	-3.957767	0.083794	-4.566853	-2.226533	-2.210921	-13.785518	-15.868533	10.568191	-8.235034	-4.077255	4.491168	8.677209	6.521853	1.030814	-4.958424	0.681398	-2.127844	9.101739	15.531399	-25.697659	-4.607989	22.752254	12.529311	-3.808985	5.096060	-2.451029	-9.368729	14.531515	-4.974328
GTTCACAGGAGTCTAG-1_1	-8.737853	-10.922149	-1.672000	-2.361623	-0.090520	-2.397780	-1.871155	-2.465723	-8.546697	-9.635091	6.803613	-4.581630	-2.208863	2.588043	4.467461	5.114086	0.199363	-3.667550	1.250904	-1.560351	4.994190	9.663290	-15.881646	-4.041132	14.740368	7.740201	-2.926557	4.872826	-2.524434	-5.972351	11.598288	-2.467373
CGAAGTTGCTCTGTGT-1_1	-7.265996	-9.923932	-0.303418	-1.670780	0.212135	-1.368279	-1.617806	-1.433369	-7.027645	-7.586412	6.145647	-4.269781	-2.275611	2.899851	4.834410	2.249600	-0.105273	-3.289987	1.451973	-1.444159	4.503517	9.079634	-14.735355	-2.784307	12.823036	5.248827	-0.690622	2.093011	-1.577978	-5.607126	8.687622	-2.145985
GTCGGATATCTCAGAC-1_1	-9.179559	-12.560970	-1.779003	-3.244387	-0.478749	-3.303018	-2.287381	-2.639741	-9.948875	-11.364109	7.498933	-5.395599	-2.122430	3.517403	5.670687	6.306495	0.583885	-4.554158	1.037152	-1.660547	6.090861	11.468715	-18.154888	-4.671479	16.054335	9.020468	-3.091579	5.636340	-2.566951	-6.802013	12.635220	-2.798247
CGCTCTCCGTAGATTA-1_1	-8.411307	-11.256236	-0.023722	-1.935928	0.630016	-1.824421	-1.574673	-1.531728	-8.531717	-9.669473	7.406232	-4.588558	-2.529840	3.282874	5.325930	1.665766	-0.194321	-3.925567	1.806835	-0.806915	5.403566	10.505814	-17.272646	-2.743114	15.131985	6.401826	-0.744524	1.901885	-1.250845	-6.684843	9.142988	-3.041969
CAAGCAACGTCGGAGT-1_1	-8.815923	-13.202137	0.379108	-3.749753	0.444013	-4.094937	-1.502813	-0.853671	-11.078128	-13.197000	9.893011	-7.308726	-2.675901	2.830795	6.298616	4.729519	0.670205	-4.011590	1.350577	-1.365831	7.589466	13.599305	-21.648556	-2.547993	18.577070	10.192276	-2.288759	4.056480	-1.845833	-8.204085	10.751179	-4.919586
CCATTCCCTGCCCACA-1_1	-11.195982	-14.117492	2.330473	-3.666031	1.452492	-2.926159	-0.845101	-0.709588	-10.914276	-14.779282	11.738145	-7.766099	-3.431817	2.819301	5.013225	1.864825	-0.966336	-4.626598	2.298422	0.727880	5.801049	14.652108	-24.022642	-1.474650	20.800373	11.838295	-1.704683	2.834313	-1.771617	-7.886814	10.285322	-6.856540
CTTTGGCTTTAGTAAA-1_1	-8.460154	-11.438672	2.587720	-4.120338	1.038602	-3.647813	-0.034000	0.612886	-10.003992	-14.029234	10.891914	-8.617186	-2.913601	1.604158	4.185608	3.360654	-0.621934	-2.950245	1.200807	0.366052	6.111575	13.727440	-21.780653	0.063738	18.602522	12.694256	-3.071617	3.013305	-1.406293	-6.701640	8.206171	-7.454288
GGCTATTAAGTTGTAT-1_1	-10.158608	-14.513251	1.813008	-4.874695	1.327352	-5.679356	-0.267869	0.198145	-12.624920	-17.977608	13.463472	-9.745764	-3.098226	2.180231	4.676212	5.187698	-0.324541	-4.060897	2.154330	0.528978	7.438416	17.400011	-25.748734	-0.364575	22.295103	15.818789	-4.116134	5.067403	-2.641817	-7.871727	11.610998	-9.187968
CCATTAGCGATAATCC-1_1	-6.393241	-8.890471	1.094189	-2.488866	1.303262	-2.128411	0.447785	0.917702	-7.704273	-10.486773	8.533551	-6.216109	-2.111036	0.458654	3.799698	2.141865	-0.196784	-1.679950	1.063455	-0.251479	4.801630	9.915489	-16.509180	0.438632	14.341726	9.370564	-2.959013	2.112470	-1.856490	-5.449835	7.288567	-4.996754
TGTTCTTCCATTGACT-1_1	-1.771752	-4.789717	-0.774587	0.543490	1.891946	0.338698	2.256788	2.166875	-1.954025	-4.005191	4.672818	-2.599190	-0.235619	0.453753	1.949783	2.109423	-1.691268	1.265566	0.929590	-1.126754	2.665669	6.304256	-7.448738	2.248801	5.970057	4.896258	-2.551594	-0.430976	-2.884800	-4.103484	5.294555	-0.562289
AGATAACTTCAGGGCC-1_1	-3.207980	-7.982283	-1.987143	0.556177	1.211772	0.359668	0.797382	0.703532	-1.793740	-4.179053	5.919069	-1.945182	-0.083065	1.800141	2.773862	3.107781	-2.142751	-0.918730	2.329966	-0.419711	1.820118	9.588848	-9.818664	0.368045	6.974632	4.553092	-2.180243	0.608452	-4.144203	-4.705856	9.065475	0.877078
ATAGACGAAGAGAAAG-1_1	-5.156496	-7.667903	-0.109424	-0.592867	0.186084	-0.393558	-1.657238	-1.366452	-3.485590	-5.477924	4.996241	-2.947725	-0.457852	2.474655	1.867688	3.046380	-2.081990	-2.284366	1.756743	0.349473	1.628077	8.365253	-10.807346	-2.484237	8.238243	5.275103	-0.897031	1.891088	-2.633852	-3.060934	7.222021	-1.654501
GGCGGAGTAATATTAG-1_1	-7.991519	-11.115404	0.923490	-0.250044	0.900422	-0.141515	-2.122948	-1.532452	-4.971697	-7.683646	8.559622	-3.783523	0.052744	4.251288	2.778996	1.448350	-2.971797	-4.007342	4.269167	0.679473	2.912829	11.908779	-16.237474	-2.671700	11.994905	6.428625	1.150765	1.825154	-2.482730	-6.142764	9.015913	-2.629453
TGACCCACGTTAGACA-1_1	-7.608153	-9.591098	0.230349	0.543231	0.271613	1.483693	-2.490921	-2.340960	-2.964018	-4.844710	5.644958	-2.484185	-0.343060	4.775903	2.425616	1.242764	-3.431242	-3.680502	3.272410	0.659015	1.224521	9.328154	-12.679569	-3.623204	9.105355	4.509114	0.945038	0.926163	-2.338093	-4.022317	8.482542	-0.984982
TCACAGGTTATTGGGC-1_1	-5.178249	-6.756700	0.872617	0.512635	0.143421	1.547173	-1.300441	-0.724395	-1.656748	-2.933541	3.664944	-2.336869	-1.224580	3.542515	2.962235	0.179399	-2.292287	-1.884014	1.366574	-0.057453	0.904439	6.653081	-9.333428	-1.657292	6.672136	3.166885	0.861840	-0.962122	-1.380406	-2.912915	5.059424	-0.624923
CGTATTAAGAGATCTA-1_1	-2.763582	-3.405521	0.493684	0.537281	0.060995	1.776607	-0.211598	0.002236	0.209651	-0.832180	1.530154	-1.538203	-0.783668	2.225742	1.624782	0.565059	-2.019347	-0.220747	0.367030	-0.023477	-0.112664	3.626756	-4.830852	-0.381876	3.079171	2.522903	-0.368289	-1.082707	-1.087890	-1.271337	3.003547	0.179132
ACTGTCCAGGATTATA-1_1	-4.569856	-6.717829	0.300188	0.446658	0.302481	1.180202	-1.312796	-0.576173	-1.713852	-3.589045	4.289933	-2.218832	-0.275427	3.380989	2.426511	0.688494	-2.485977	-1.994593	1.759187	0.393836	1.066690	7.157064	-9.181457	-1.546386	6.114409	3.884355	0.426429	-0.264730	-1.735802	-2.691129	5.455272	-0.923393
CGGGCAGCTAAACCGC-1_1	-11.291630	-13.533242	-0.732947	1.386597	-0.134591	2.398129	-4.150704	-4.400159	-3.191894	-5.800137	5.749668	-1.434621	-2.003508	8.487837	4.583627	0.585063	-5.138030	-6.072920	3.475558	1.874770	0.437800	12.042445	-16.034811	-5.936812	12.004972	5.454370	1.781051	-0.921487	-2.995508	-4.047952	11.847532	0.299233
TTGCTGATCATGTTCG-1_1	-10.448986	-13.361050	0.492473	1.126163	0.333021	1.961915	-3.357101	-3.184031	-3.727162	-7.156156	7.515105	-3.094216	-0.829928	6.649766	3.528372	1.799605	-4.839109	-5.056134	3.970991	1.634974	0.978056	13.134014	-17.242287	-4.845291	12.318376	6.989680	1.062025	0.744403	-3.516993	-4.794928	11.518733	-1.479509
TATGGGTACGTATCGT-1_1	-3.801750	-7.996511	-1.853655	1.331509	0.614404	2.031099	-0.013375	-0.045647	-0.100992	-2.556933	4.551382	-1.247782	0.089962	3.810340	3.015475	2.358987	-3.400821	-1.574312	2.130891	0.120071	0.444319	9.203856	-8.755386	-0.645609	5.142097	3.766940	-1.163196	-0.539981	-3.811618	-3.458159	8.659910	1.863765
CAGCTCACTGAGACAT-1_1	-1.178936	-3.564688	-0.619100	0.775428	0.873636	2.564224	1.567505	1.524566	0.390184	-0.364001	2.460912	-1.700121	0.415394	1.558122	2.142620	1.090925	-2.577874	0.871542	0.743768	-0.537434	0.557437	5.042407	-5.189830	1.615376	2.593498	2.812787	-1.522945	-1.160560	-1.892754	-2.980223	4.058269	1.539323
GGGACTGCATAGATAG-1_1	-0.670408	-5.171750	-1.677978	1.674412	1.864045	1.882904	2.307112	1.945126	-0.051863	-1.157735	3.764773	-1.272479	1.491961	1.339783	2.627619	1.622683	-2.934700	-0.209869	2.210620	-0.773811	1.612244	6.854143	-5.647069	2.189069	2.861517	2.463507	-0.253409	-1.155072	-2.714469	-4.328281	5.277859	2.738595
ACGCATTCGTGAGTAC-1_1	-8.456534	-10.690097	-1.225384	1.268473	-0.032132	2.989562	-2.288078	-2.123942	-0.901923	-2.960502	7.092961	-2.363650	0.682661	5.836966	2.860999	1.442160	-4.422783	-4.598808	5.277966	-0.240788	-0.151656	10.257156	-12.528987	-3.219958	7.890337	4.719899	1.323123	1.799217	-4.281917	-4.048991	12.039042	0.975530
CTCTGGACGCCTGGTG-1_1	-9.760747	-13.388127	-0.532107	0.592682	-0.490545	2.706792	-3.596147	-3.046445	-2.097000	-4.400066	8.126080	-3.538798	0.895740	7.100818	3.301296	3.115393	-5.146321	-5.625381	5.599557	-0.218793	0.309624	13.525770	-15.989254	-5.074560	9.854739	5.406693	1.871341	2.764932	-4.705452	-5.172762	13.540796	0.374190
AGGGTTTAGTTCGGGA-1_1	-11.165240	-11.453346	1.977841	2.753216	-2.296761	8.932326	-0.090596	0.030732	2.647799	1.665490	5.167710	-7.438279	-3.695505	11.137201	7.931204	1.058495	-8.019979	-2.273369	2.568319	-1.934915	-3.021314	12.639067	-15.263811	0.515415	8.729153	10.232322	0.883701	-4.077164	-2.197106	-2.575188	11.589174	2.802032
GGGAGAACTCACAGTA-1_1	-8.407507	-11.768088	0.436047	1.875388	-1.355454	6.269560	-1.317134	-0.682106	1.116303	-0.528798	6.032652	-5.370599	-0.556878	8.396673	5.543522	2.362365	-6.139668	-3.050384	3.500793	-1.847543	-1.216799	12.725570	-14.317492	-1.996073	7.171321	6.237529	1.002386	-0.857030	-4.118677	-3.571867	12.056826	1.846291
ATCAATCTGGGCTGCA-1_1	-3.743263	-4.481294	0.934446	2.342117	-0.837283	6.559139	1.731095	3.262912	1.571228	2.927863	2.386065	-5.618744	-1.620175	5.151135	6.031359	0.988085	-4.713315	1.563237	1.617541	-2.190292	-1.398308	7.818743	-7.762620	4.408709	4.322306	5.761511	-1.464070	-4.192279	-0.886439	-3.266585	5.191689	3.228016
TCTTCGATACCAATAA-1_1	-13.394379	-14.374413	0.250027	3.027357	-4.085190	12.303154	-1.122851	-2.037280	3.997302	5.248571	5.807247	-7.493208	-2.320052	13.126698	10.093772	2.361435	-10.874696	-4.664881	5.267878	-3.269842	-5.853236	15.047721	-17.917774	-0.996855	9.659917	10.683302	2.576441	-2.803143	-4.362263	-3.537208	18.119179	8.150318
ACGTAGATTGCTGATG-1_1	-4.615963	-8.762708	4.626941	3.586191	1.278547	10.750411	10.641188	9.753675	1.875248	9.396268	-2.609449	-12.923772	-6.768405	17.714729	12.754526	0.216257	-15.679496	4.776653	6.518356	-8.320632	-9.861772	18.725496	-11.172321	19.405258	8.486115	12.860578	-2.560825	-18.466345	-0.463911	-15.898774	5.928213	15.496942
TCTTGATGCGTAGCGA-1_1	-5.922718	-8.597861	-0.920084	2.218246	-1.118988	7.264667	0.736480	0.157219	2.417256	3.100157	4.771062	-3.827453	0.369094	5.712425	4.882465	2.440153	-6.149497	-1.858412	3.930937	-2.327817	-2.127362	9.957788	-10.355796	0.534206	4.959475	4.722990	0.236645	-0.629310	-3.702348	-4.240237	11.592313	5.494496
GGGCTGCCTAGGGCGA-1_1	-7.138559	-9.892281	-3.070566	1.844421	-0.545201	7.594671	1.072247	-0.162053	2.732301	3.247345	5.967978	-2.830403	0.610953	6.494296	6.070626	1.374208	-6.913919	-2.743287	5.061457	-2.086232	-2.475057	9.968569	-11.002522	0.998313	5.790247	5.884441	0.733070	-0.531622	-4.929563	-4.842402	14.329268	7.572915
CTCTCACAATCGATGA-1_1	-0.385853	-4.105962	4.609450	4.766153	0.416950	9.669346	7.421606	9.529235	2.069639	9.611416	-1.696100	-9.630041	-2.565746	5.966356	8.303975	1.379475	-7.584328	5.875275	4.458859	-5.928091	-5.038208	11.119016	-7.819423	14.478425	4.818374	6.911372	-4.590461	-10.877896	0.252997	-9.967485	3.454263	7.675950
CCAAGCGTAACTCGTA-1_1	1.420389	-1.306911	0.102867	2.912968	0.632978	5.213955	3.739246	3.235399	1.361131	4.425708	0.333501	-3.258977	0.595140	-0.156204	3.954669	-0.037234	-2.961949	2.539494	1.097899	-1.699193	-0.385871	4.411103	-3.810591	4.870804	1.022949	2.470267	-1.586820	-3.546432	-0.064887	-3.709840	2.545160	3.485140
ACAACAGCATGAGCTA-1_1	12.789974	21.157879	2.391052	7.704559	6.084807	-2.388790	6.472880	-1.224084	4.320826	20.682348	-0.781818	-10.238552	-2.787206	-11.079515	-1.619472	-0.032203	-3.088653	9.408116	9.629355	-3.069926	0.894461	-0.502801	-0.134822	2.795135	-2.957890	0.124296	4.584190	-14.339853	-1.116784	-5.390534	1.349452	3.919561
GTCCCAACGTAAAGTA-1_1	11.302766	18.974745	2.626166	8.400995	4.569866	0.007065	5.591474	0.352687	5.591367	18.758390	0.347908	-9.050948	-2.894393	-9.310582	0.451366	0.311072	-3.536046	10.044291	8.960707	-1.459973	0.884632	0.895126	-1.479220	4.869608	-1.481003	2.192099	3.121276	-14.990446	0.454822	-6.773631	-0.424837	2.993927
TCGGAGTACATGAGTA-1_1	4.824857	3.995220	0.216303	4.897300	1.105116	3.997218	3.187720	3.016185	2.885241	7.153072	0.154956	-2.886399	0.356245	-3.811657	2.854240	0.203097	-1.719146	4.024729	0.945512	-0.844122	1.004381	1.636075	-1.979827	4.209758	-0.529828	1.108496	-0.285588	-5.446330	1.169846	-2.782224	-0.114538	1.282247
GGGAGTTAATGAGGCG-1_1	6.010111	9.594478	2.134067	5.079905	1.706496	2.213577	2.901317	2.019263	4.005744	9.547194	0.844216	-4.952693	-1.786621	-4.911590	1.528616	1.097596	-2.005040	6.011739	3.370353	0.024275	1.034713	1.363817	-2.368046	4.652812	-0.253843	2.796871	0.217378	-8.590894	1.391063	-4.574995	-1.359426	0.359440
CCGGGCGGTCTCGTCA-1_1	2.759121	2.821831	0.516317	2.589434	0.860593	3.470409	1.909487	2.877346	1.643854	4.034035	0.806125	-2.835215	-0.111232	-1.814423	2.175757	0.808065	-1.714747	3.440260	-0.615421	-0.305635	1.219010	1.519825	-2.242443	3.701317	0.358452	1.950260	-1.349509	-3.887956	0.888671	-2.541903	-0.491260	0.006831
CCGTAAGTTGGTCCCA-1_1	4.509321	5.546317	0.497107	4.376854	1.630264	5.607966	2.725891	4.722050	2.397743	6.845132	2.017333	-4.428475	-0.360604	-3.061020	3.167263	1.146405	-2.889765	6.033881	-0.564756	-0.407676	1.860111	1.970365	-3.263352	5.984172	0.538532	2.719584	-1.822821	-6.630085	1.255020	-4.389392	-0.623926	0.047571
GGAGGGCTTGGTTGGC-1_1	3.704903	5.566986	0.882292	3.229263	0.999724	2.607700	2.350605	2.195868	2.553440	5.653649	1.109134	-3.215780	-0.747285	-3.038805	1.416328	1.261343	-1.326247	3.922112	0.763550	-0.294875	1.423147	0.825590	-2.076412	3.292597	-0.021962	1.833070	-0.235689	-5.150633	0.914547	-2.439629	-0.608727	-0.252827
TCGGACGCCCAGCCCA-1_1	2.542921	1.731097	0.450514	2.086563	0.521760	3.311567	1.810519	2.550898	1.565720	3.456959	0.698412	-2.309168	0.090627	-1.961174	2.062264	1.070663	-1.145763	2.437411	-0.887956	-0.600012	1.376022	1.552734	-2.253825	3.017897	0.223089	1.776392	-1.441003	-2.719002	0.946650	-1.712443	0.051927	-0.298477
TCTGTGCCATCATAGT-1_1	1.284828	0.355972	-0.103491	2.610066	1.373791	4.461640	2.474363	3.950222	1.175250	2.955373	1.624013	-3.096780	0.088579	-0.864107	3.228489	0.511283	-2.525255	3.407520	-0.290420	-1.240841	1.465780	2.921170	-3.482704	4.326423	1.933917	2.880591	-1.839034	-3.808434	0.333246	-2.948719	1.372240	0.848204
GTACTGGAGTTAGACC-1_1	4.007228	1.285711	-0.255096	3.191679	0.890193	4.272239	2.603847	3.175665	1.915574	4.526840	1.225702	-2.799119	0.804707	-2.880495	3.035662	1.354166	-1.248703	2.632759	-0.776684	-0.993702	1.967404	2.726629	-3.251433	3.630262	-0.046642	2.119289	-1.561804	-3.117547	1.395082	-2.014161	0.979032	0.344008
GGAATGCGCTAGCGTG-1_1	-7.105362	-8.907505	-4.808193	0.314670	0.705995	1.147998	0.215035	-2.503995	-1.800221	-4.907518	2.825346	0.760166	-2.249088	6.213554	4.724497	1.584278	-3.763681	-2.583754	0.711727	1.646020	0.104013	7.236977	-9.422923	-1.764381	8.298875	7.411159	-3.349558	-1.326351	-4.030288	-2.478354	11.644443	3.403381
GTGTGAATAACTTAGG-1_1	-4.339962	-7.194577	-4.123054	0.980711	1.863546	1.315318	1.968845	0.194060	-1.066408	-3.563205	4.264667	0.513542	-0.923609	4.423065	4.771700	0.158636	-3.187554	-0.771772	1.681391	0.773091	1.653194	6.995581	-8.590711	1.505021	6.983186	5.895517	-2.514980	-2.461997	-3.158282	-4.742886	9.030743	3.803631
GGTCGGCCAGGAGCTT-1_1	-10.095002	-12.991632	-5.051068	-0.641576	-0.482366	0.007743	-3.939399	-5.542437	-4.842969	-8.455241	2.985890	0.429960	-3.729976	8.378792	5.363161	2.572928	-3.972368	-6.423586	-0.050019	3.515804	1.015354	9.910714	-14.071677	-6.686131	12.367547	8.723444	-2.352809	-0.539695	-3.265578	-1.189068	14.023023	1.119352
TAGCCGGCGGTCAGCG-1_1	-11.869892	-12.262863	-3.741226	-0.054988	-0.529790	2.716056	-2.908369	-5.524933	-2.305500	-5.065053	2.180703	0.020992	-4.913470	8.664408	5.570921	0.365367	-5.223737	-5.450010	0.221089	2.604549	-1.136305	7.605117	-13.368772	-5.803784	12.275912	8.208270	-1.226817	-2.140127	-3.712658	-0.735428	13.935615	2.550299
CGGGTGTACCCATTTA-1_1	-10.303839	-12.258635	-4.289536	-0.143424	-0.164811	1.239297	-3.256480	-5.186722	-3.384146	-6.538857	2.520629	0.846220	-4.422091	8.510376	5.839354	-0.096798	-4.550784	-5.932846	0.200466	3.563115	0.395519	8.437801	-13.304744	-5.531094	12.012824	7.725273	-0.823789	-2.690467	-2.744719	-1.104328	12.675369	1.963115
AGTGATTCAAGCAGGA-1_1	-12.504722	-12.823232	-4.987490	0.426870	-0.210691	2.006049	-4.285397	-7.158593	-2.299461	-4.941303	1.772835	2.923629	-5.538259	10.509458	6.098059	-2.066336	-5.826533	-7.318818	0.823043	4.638270	-0.452174	6.905797	-13.714732	-6.897262	13.327349	7.321440	0.925289	-4.543358	-2.333655	-1.326750	13.764088	4.220459
TAACCTACCGTCCGAG-1_1	-3.271346	-3.233964	7.343743	1.760512	1.687319	3.301433	4.556914	6.153051	1.789573	5.423887	-2.534881	-7.206759	-7.106292	6.984071	2.222807	-3.196947	-7.074131	1.697401	5.062278	-3.828227	-4.174658	8.705640	-5.378946	10.618561	4.715890	4.065169	-2.010689	-9.143959	3.523015	-7.767595	-1.580074	4.967435
CTTAGTAGGCCTACAG-1_1	-3.387432	-3.195594	6.647793	1.447946	1.290752	3.263767	4.138846	5.639440	2.040290	5.457424	-2.551810	-6.541485	-6.534098	6.735296	2.263126	-2.716675	-6.622676	1.401639	4.845803	-3.482039	-4.373896	8.195854	-5.027104	9.731559	4.272457	3.941189	-2.088457	-8.271064	3.335131	-7.370015	-1.165122	5.086131
CTAGATGTGAGTGTAA-1_1	-9.102698	-9.575907	0.546539	0.700946	-1.035156	4.659750	-2.046595	-2.559259	0.468392	-1.731669	3.299948	-3.006059	-2.149121	7.716195	4.022349	0.562250	-5.394073	-3.391894	1.385101	0.492686	-1.922598	7.998522	-11.881855	-3.515980	7.558323	6.343198	0.902559	-1.580170	-2.746425	-1.491044	9.293996	1.092629
ACTCCCGAATTCGTTT-1_1	-9.395732	-9.409047	-1.484558	1.515653	-0.475656	5.086185	-1.414445	-3.467936	0.699564	-0.568544	3.026129	-0.738578	-2.500227	7.602046	4.247194	-1.142428	-5.898224	-3.636038	2.155719	0.924177	-1.619446	6.385900	-11.028200	-3.211957	8.462873	5.850616	1.277889	-2.731925	-2.570791	-2.219972	10.853964	3.537896
GTTCATCGTTTGGCTG-1_1	-2.071580	-4.163773	-1.668192	1.444642	0.981330	3.294513	1.872038	1.565847	0.546108	0.536440	2.149526	-0.996609	0.413369	2.732007	3.216330	-0.117347	-3.302263	-0.072477	1.878231	-0.714345	-0.002753	4.805842	-4.564312	2.443291	2.881338	3.087852	-0.549816	-2.110652	-1.904079	-3.190828	5.007699	3.478555
ACTTTACCCTCATGAA-1_1	3.443884	-3.337735	0.897558	5.986747	3.843866	6.032340	7.946759	5.767972	0.071919	5.428896	-0.610249	-4.245725	0.089401	0.798488	4.620344	-1.565822	-5.947977	4.047628	3.644126	-3.956032	-1.800714	7.304224	-4.040417	9.967146	2.278684	1.996273	-1.161716	-8.305226	-0.759846	-8.713048	2.587845	7.568293
GCGAGAGTTGCGTCCA-1_1	4.277226	2.264551	-0.143589	4.356378	1.211342	2.803809	2.716003	2.045191	1.901206	5.405345	-0.536255	-2.116810	0.729269	-3.045756	2.248120	-0.698585	-1.213717	2.929469	1.235011	-0.543950	0.205345	1.567780	-1.545881	3.054166	-0.653361	0.380094	-0.086821	-4.333707	0.801971	-2.207285	0.089182	1.966375
GTTCGGGCGTACCATT-1_1	3.708710	0.633219	1.423329	5.029451	3.078763	4.092437	4.890991	5.215217	0.100755	5.029023	-0.783498	-3.929574	-0.230879	-0.495118	3.408200	-0.712848	-4.224024	5.150902	2.033713	-1.908822	-1.292392	4.000348	-1.681615	8.533231	1.577031	1.639160	-1.359220	-7.613579	0.245035	-6.705827	-0.337058	3.893744
CGACTTTGTATAGCCT-1_1	5.394160	5.420970	-1.614990	5.782043	2.319512	2.885015	2.683240	2.638665	1.419185	6.439460	0.607821	-3.776880	1.560989	-4.002131	2.382185	-1.147419	-2.361251	4.064713	2.888720	0.013666	0.634345	0.667960	-0.936142	3.278622	-0.580801	0.228940	1.050499	-6.312876	-0.300701	-3.649554	0.336451	3.072233
GCCATCGATGCTGCAT-1_1	4.743929	0.829550	1.020965	4.550754	2.246062	3.459374	5.189163	3.110325	1.446782	5.285838	-1.521074	-2.610489	0.101016	-2.244075	2.685740	-0.540157	-2.433839	3.928598	1.166739	-1.392247	-0.595254	2.766909	-1.829818	5.735146	-0.005458	0.511634	-0.784313	-5.923864	0.508051	-4.489566	-0.065161	2.957454
GCATTTCCAAGGCTCC-1_1	3.092875	0.804836	-0.418856	2.290025	1.188068	1.661604	2.581091	1.596995	1.171069	2.538006	-0.213274	-1.067370	0.859300	-2.172688	1.191854	0.083045	-0.476620	1.401229	0.320010	-0.579778	0.829702	0.352814	-0.957469	1.476728	-0.602607	-0.774281	0.185392	-2.201494	-0.371939	-1.180764	0.583866	0.953230
ATGTAAGGCTGCTCTT-1_1	4.339413	0.191280	0.633937	4.342899	2.453734	3.388348	5.222430	2.952159	0.906869	4.417897	-1.574862	-2.354001	0.533367	-2.191532	2.560679	-0.503653	-2.408489	3.082573	0.948521	-1.570683	-0.644562	2.496744	-1.548048	5.311627	-0.033498	0.353869	-0.522553	-5.327890	0.212721	-4.238688	0.279086	3.123267
ACGTTCGCAATCAATT-1_1	8.253818	15.212617	2.182283	5.236982	5.173204	-3.010462	3.247939	-0.020019	1.844036	14.437151	-1.033257	-7.947577	-2.932843	-6.622310	-1.082252	-0.850429	-2.914275	6.788356	7.746053	-2.093101	-0.750170	-0.086220	1.333733	3.229078	-1.725553	-0.320906	2.781691	-10.566109	-0.756011	-4.464359	-0.281251	3.073089
GTGACGAGGGTGACCC-1_1	1.770882	0.190585	1.701287	2.691919	1.054074	2.147592	2.762569	2.483652	1.281171	4.529347	-1.249748	-2.324532	-0.993911	0.287554	1.964682	-0.764690	-2.649163	2.694592	2.308361	-1.137814	-1.781042	3.211145	-1.483696	5.100019	0.781513	1.177141	-1.336708	-4.550057	1.150944	-4.264278	-0.509680	3.200253
AGTGGTTGCGTATAGG-1_1	5.651341	-7.005697	1.636325	4.671038	9.412161	1.096553	12.870320	5.842167	-0.442320	3.157616	-2.302145	-1.170061	-0.505500	-2.476341	0.299741	0.037905	-7.670252	0.270820	3.513772	-7.479289	1.507906	3.206328	-3.275357	7.636150	1.359560	-0.854638	-2.595309	-4.194427	-2.881853	-9.782556	2.993364	6.309841
ATCGGTTACCTAGTAA-1_1	1.966632	-0.238729	1.259638	2.616334	1.980254	2.682981	3.427508	3.646334	0.102809	2.122724	-0.102761	-3.082200	-0.354673	0.158870	2.165620	0.116788	-2.862794	3.224008	0.864566	-0.972861	0.010585	3.264516	-2.321404	5.542073	1.496613	1.957924	-1.595608	-4.677664	-0.481647	-4.415665	-0.020073	1.855057
CCTGCCCGTTGTCTAG-1_1	1.072682	-1.600719	0.239233	1.231084	2.415962	1.138254	3.276774	2.194676	-0.243576	-0.221923	0.304032	-0.999078	-0.048373	-0.347735	0.788694	0.515019	-2.126701	0.932144	0.169122	-1.266453	0.845787	1.600491	-1.751360	2.622437	1.149930	0.654272	-0.870127	-1.701023	-1.378799	-2.617133	0.882999	1.021742
GCACACGCCCATGGTC-1_1	-5.757399	-7.800186	-1.103873	1.746565	2.799391	2.629906	2.788470	1.618339	-2.067695	-5.866584	5.816916	-2.274485	-1.217350	3.153648	3.856839	-0.723747	-4.085457	1.113122	1.715445	0.634940	2.361382	8.740124	-12.024823	2.480934	9.551784	8.071136	-3.346755	-2.795779	-3.133170	-5.202435	7.918440	-0.290198
AGTACGGCCCGTATCG-1_1	-1.664855	-2.144128	1.979590	1.360174	2.195050	3.869749	3.144562	5.309773	0.445843	-0.658440	2.491578	-5.183927	-1.587970	1.463444	2.863405	1.414945	-3.971955	4.197339	-0.358871	-1.261934	2.242170	5.020763	-6.976886	5.704270	5.772764	5.532732	-3.505601	-4.991305	-1.610761	-4.925489	1.760402	-0.367262
TATCTAGCCTAAAGGA-1_1	-12.675184	-13.263888	2.781060	0.942919	2.297523	1.256994	-1.001832	-1.045330	-6.534032	-11.645278	10.301077	-5.114217	-3.440537	5.136560	4.237608	-1.778903	-4.045507	-3.750387	2.832737	2.813689	3.773864	12.772642	-21.334990	-1.539102	17.912872	11.121979	-0.454749	-1.356444	-0.999736	-6.111831	8.983232	-5.720933
CACTCGGTTAGGAGGA-1_1	-8.863959	-10.521777	1.938209	0.633757	2.038131	0.564812	-0.228036	0.417431	-5.541332	-10.292323	8.843740	-5.208584	-2.361736	3.247831	3.621958	0.146829	-3.290191	-1.585208	1.739034	1.786142	3.553069	11.490036	-17.971231	-0.185847	14.726385	10.765743	-2.127055	-0.962651	-1.964773	-4.856598	7.690229	-5.282444
ATGTTCGTCGACCCAC-1_1	-15.027346	-15.219886	5.278930	-0.300426	2.678247	0.904658	-0.196870	0.166716	-7.909472	-15.009440	13.681663	-7.582377	-4.337430	6.026542	5.152509	-2.719426	-4.502797	-4.815688	2.939134	4.044213	4.315953	15.772681	-26.780134	0.081220	21.693514	14.976149	-0.498997	-1.841254	-0.059742	-7.703029	8.566717	-8.003972
TTCCTCTGCCCGAATA-1_1	-15.488154	-15.121520	5.124117	1.225666	2.907418	2.209278	-0.008370	-0.106466	-7.196415	-13.986888	11.798509	-6.501469	-5.641326	6.510928	6.104481	-3.747888	-4.992659	-3.820114	1.988918	4.110664	3.749440	14.951073	-26.051340	-0.032147	21.809748	14.036721	-0.791380	-4.268642	-0.094669	-7.306155	8.250680	-6.949343
TTACTATCGGCTTCTC-1_1	-15.249479	-13.325149	6.676956	0.898268	2.859826	2.571680	0.490825	0.526248	-6.533824	-13.322784	11.136878	-7.283444	-5.925773	6.350410	5.331335	-3.927541	-5.167358	-2.842510	1.252034	4.226828	2.927212	13.728949	-25.543005	0.828388	21.249264	14.414927	-1.211898	-4.874462	0.512329	-7.059391	6.023773	-7.336103
GCCGCATTAGTCCGGC-1_1	-17.033062	-15.750276	6.994673	0.393300	3.103570	2.047101	0.344201	0.359707	-8.166748	-15.715542	13.478195	-7.661174	-6.252969	7.253675	6.310122	-4.911238	-5.272323	-4.672753	1.964360	4.993259	3.831334	16.125282	-29.001293	0.715830	23.968367	15.596590	-0.478201	-4.908766	1.078966	-8.335408	7.064028	-8.213652
TAAGGGCTGGGAGAGG-1_1	-10.113921	-10.144557	4.576366	1.307466	3.433640	2.690171	1.429679	2.166271	-5.888014	-11.803961	8.610713	-7.784282	-4.274562	3.367880	4.944428	-0.874629	-5.584174	2.084747	-0.182430	2.943806	4.967690	12.705440	-22.934454	2.229699	19.375559	14.042578	-4.355051	-5.528522	-1.517276	-7.469004	5.183016	-5.870069
TAAGCAGGCGACACGC-1_1	-13.781867	-14.958858	4.475491	0.238095	3.404119	0.526964	0.036141	0.886204	-8.881720	-16.264317	13.667280	-7.980600	-4.041696	4.810358	5.025912	-1.420391	-4.911047	-2.656011	2.163904	3.792289	5.756741	16.552622	-27.652277	0.375571	22.856318	16.371202	-2.676174	-2.323116	-1.009141	-7.873165	8.879921	-8.813789
AGCACTACCGGCCTGT-1_1	-4.202713	-4.851527	5.394406	2.225845	4.260977	4.842985	2.857507	6.803395	-2.291414	-8.273882	6.806871	-10.719110	-4.355358	1.543819	3.483668	0.697359	-8.145702	6.985727	-2.284892	2.755582	8.656740	11.613866	-19.628338	6.423939	16.822741	13.505887	-6.639889	-9.990864	-1.646391	-8.980754	1.349029	-3.440548
GAAAGCCCTTTGGACC-1_1	-2.577742	-3.548135	2.722251	2.684304	4.959931	4.252298	3.678177	7.603775	-2.431924	-7.346552	7.454659	-9.069427	-2.749407	0.585751	2.869493	1.008983	-7.517854	7.162387	-1.402812	1.754158	8.153601	10.148121	-15.873299	7.341319	14.467609	11.776411	-6.549668	-8.952830	-2.394234	-8.704935	2.263588	-2.697429
GACCGACTGAAGCGTC-1_1	-1.707796	-2.273717	1.943976	1.073776	2.200141	2.492891	2.113095	3.592736	-0.814288	-3.369140	2.951161	-4.470825	-1.633254	0.765667	1.531958	0.713116	-3.643305	3.286242	-1.032877	0.527063	3.671234	4.872450	-8.061339	3.441727	7.024827	5.638741	-3.019640	-4.475146	-1.252929	-4.229249	1.097762	-1.285388
CGGTGAAGACTAAAGT-1_1	5.841932	-0.392447	0.033612	3.074373	2.986089	2.588593	4.868820	3.285512	1.076070	2.187062	-0.028310	-2.444227	1.360779	-3.866406	1.910708	1.058836	-1.184991	1.672216	-0.443092	-0.592575	2.255212	1.485226	-2.478620	3.153241	-0.904405	-0.630871	-1.243744	-2.920307	-1.493388	-2.872876	1.113360	0.656062
CCCTGCGCTACGCATA-1_1	3.380247	-1.422181	0.710426	2.411704	2.313673	2.907332	4.916313	3.642247	0.695358	1.212088	0.044450	-2.289579	0.873503	-1.984293	1.611417	1.014906	-1.517931	2.123258	-0.666200	-1.177670	1.677915	2.267201	-3.138202	3.763525	0.507353	0.335062	-1.536051	-2.815182	-1.439992	-2.744732	1.055154	0.856672
TACTGGACAGCTCGGC-1_1	3.075387	-0.921226	0.603752	1.774896	1.969589	2.102265	4.137754	2.552402	0.865451	1.342911	-0.235355	-1.656515	0.632863	-2.124223	1.323178	1.039035	-1.072396	1.311619	-0.620949	-0.975219	1.279374	1.166172	-1.997409	2.697247	-0.100436	-0.157827	-1.094810	-1.949342	-1.111219	-2.075984	0.808214	0.447627
TTAGTAGGGCGGCGGG-1_1	0.994882	-0.648491	-0.300134	1.391403	1.990132	1.554572	2.150078	2.580999	-0.085351	-0.135134	1.182631	-1.362738	0.204763	-0.566783	0.889684	0.807513	-1.834696	1.885060	-0.360119	-0.568668	1.555259	1.503104	-1.757597	2.451060	1.417297	0.914667	-0.820044	-2.147562	-1.194603	-2.203546	0.892251	0.339752
GAGGCTATCAAAGTCG-1_1	2.807700	-1.394501	0.951877	2.660513	3.364574	3.965748	5.979951	5.023083	0.802932	0.853748	0.747100	-3.336551	0.128766	-1.765501	2.050766	2.117789	-3.070997	3.908427	-1.445142	-1.440781	2.539305	2.994589	-4.326889	5.446356	2.134041	2.130024	-2.650726	-4.284938	-2.212557	-4.250807	1.464913	0.417812
TTACCATTGATTACCC-1_1	0.931870	-1.994429	0.675462	1.800216	2.799954	3.019722	4.614907	5.049529	-0.375328	-1.750643	2.076859	-3.796418	-0.270538	0.054392	2.029559	2.111011	-3.072148	3.542525	-1.028806	-1.275355	3.125968	4.509096	-5.696298	5.476038	4.197476	4.121473	-2.929650	-4.190249	-2.248026	-4.221611	1.974005	-0.349005
ATACCACGGGCAACTT-1_1	-0.381848	-3.249933	-0.018940	1.254196	5.100266	2.138399	5.461682	6.952286	-2.428094	-5.589458	5.395035	-6.251275	-0.859089	0.635131	3.134300	3.218991	-5.638019	5.435642	-0.851581	-1.724514	5.002255	7.307690	-9.222960	7.797660	8.929065	8.025193	-4.723159	-5.197856	-4.062990	-7.306658	3.714425	-0.740686
TGTCCTAAGTCACCGC-1_1	-2.832540	-6.812435	0.627879	1.721435	6.629304	2.228583	6.717712	8.839992	-5.220970	-10.634375	10.369768	-8.542674	-1.079083	0.685033	4.969856	2.196946	-6.792014	5.436955	0.502461	-1.369758	7.131622	12.627719	-16.101234	9.849922	14.667729	12.363934	-5.558882	-6.467298	-6.201360	-10.524767	6.378514	-2.107350
AGGTAGGTACAAAGCT-1_1	-13.268987	-18.814907	1.794544	-6.474354	0.983497	-6.736108	-0.537616	0.400041	-17.349949	-21.794308	15.859882	-13.007214	-5.523408	2.304793	9.986495	7.530678	1.635320	-4.360872	0.033285	-1.794413	11.879593	20.003878	-33.771606	-1.612485	29.772778	18.928907	-5.986372	5.730413	-2.431651	-11.766863	14.920681	-9.209703
GGCATACAGGTAGCGG-1_1	-11.711570	-16.544411	0.554382	-4.354713	1.013975	-4.287786	-1.164176	-0.626361	-14.163715	-16.868601	12.513349	-8.879752	-4.019167	3.610285	8.604733	4.148465	0.748654	-4.935644	1.263223	-1.320892	9.669067	16.489382	-27.598316	-2.474623	24.010777	12.843593	-3.274491	3.694851	-1.618232	-10.516137	13.070032	-6.117585
TGTAGTGATCTATAAT-1_1	-9.256091	-11.778241	1.295276	-1.929339	0.647784	-0.180842	-1.016161	-0.681125	-7.714856	-8.996322	7.030640	-5.329720	-3.746421	4.344391	6.275987	-0.224037	-0.977715	-3.734842	1.197378	-0.983724	4.082008	11.046541	-18.420227	-1.773864	15.620710	6.260813	-0.135704	-0.342726	-1.177450	-6.502141	8.423818	-3.103531
TCCCGGGTGTGCTGCT-1_1	-9.476871	-12.183628	-0.147185	-1.450843	0.392606	-0.892160	-1.826829	-1.641219	-8.267815	-9.066730	7.092903	-4.599759	-3.242283	4.670017	6.555429	0.890692	-0.366899	-4.421955	1.779357	-1.300783	5.331266	10.797001	-17.897476	-3.041375	15.529775	5.867082	-0.259949	0.920654	-1.102085	-6.812104	9.860064	-2.508001
TACGATGTTGATCATC-1_1	-1.026541	-1.892927	0.416638	-0.318165	0.268802	0.540618	0.461739	0.718741	-0.701858	-1.192605	1.523097	-1.667155	-0.457583	0.291547	1.227291	0.364383	-0.556377	0.198830	0.062380	-0.419124	1.083139	2.260480	-3.641038	0.577686	2.578173	1.768412	-0.508805	-0.312706	-0.412555	-1.452727	1.448510	-0.393099
CCTCTCTCCCATCTAG-1_1	-3.893754	-5.014574	0.902810	-0.481599	0.267259	0.714095	-0.206458	0.088205	-2.474557	-3.152142	2.841234	-2.531034	-1.520052	2.328348	2.970382	-0.302150	-0.917020	-1.203385	0.565281	-0.588563	1.501678	4.934137	-8.014079	-0.329455	6.269568	2.716968	0.150144	-0.871112	-0.590872	-2.903434	3.383038	-0.999354
GCAGGACTATAGAATA-1_1	-1.841903	-2.279942	1.056182	0.038168	0.427249	1.060881	0.503823	0.822423	-0.354282	-1.176391	1.720326	-2.050741	-0.901262	0.743851	1.406999	0.289668	-1.038071	0.587558	0.081670	-0.400605	0.733537	2.717337	-4.665297	0.689056	3.330836	2.330426	-0.639456	-0.930081	-0.599619	-1.788200	1.617059	-0.516500
CTAGTGAAGGACAGGA-1_1	-8.031627	-10.874611	0.242956	-0.390158	0.226655	0.305544	-2.284188	-1.725437	-5.167043	-6.764048	5.667531	-3.187532	-2.363230	5.170781	4.979980	0.274739	-1.993134	-4.146663	1.964016	0.013402	2.661514	10.383791	-14.759425	-3.026443	11.683089	4.657866	0.995365	-0.385828	-1.593443	-4.699693	8.221612	-1.699097
TACGAGAACTTCACGT-1_1	-8.679248	-10.599714	1.881863	-0.095902	0.468536	1.620884	-1.377174	-0.686717	-4.332020	-5.967530	6.697446	-4.348800	-2.301678	5.175700	4.989804	-1.028995	-2.497798	-3.515556	2.383923	-0.471932	2.467314	10.134332	-15.754396	-1.732882	12.045152	5.221353	1.683632	-1.064542	-1.176012	-5.484591	7.339597	-2.132340
CGTTGTTTCAATTCCC-1_1	-6.395897	-9.974608	0.510080	-2.156457	0.174228	-2.038517	-1.885755	-1.319782	-6.276501	-8.585388	6.714571	-4.711596	-1.369513	2.570318	3.264382	3.637430	-1.085319	-3.224035	1.714210	-0.020865	3.109265	10.787429	-14.986132	-2.592135	12.057655	7.034688	-0.819479	2.756320	-2.674850	-4.544512	8.306777	-3.277612
GCAAATATTACGCTTT-1_1	-7.588347	-12.542244	0.363099	-3.304981	0.162098	-3.702901	-1.964669	-1.217939	-8.661860	-12.533786	8.658490	-6.615611	-1.922301	3.089098	4.068703	6.095537	-1.206109	-3.586482	1.353028	0.249947	4.037742	14.648995	-19.363741	-2.730016	15.719407	10.998943	-2.826390	3.928164	-3.947788	-5.118691	10.766714	-5.128548
CCAATAGTGCCGTCGA-1_1	-9.267324	-13.004511	-2.805416	-2.606987	0.061694	-4.227748	-1.002695	-2.320818	-10.236361	-14.605371	8.124914	-5.176807	-1.553925	5.001422	5.617511	8.203876	-0.419121	-3.399869	0.305305	-0.204697	4.607957	13.543197	-18.292698	-3.881074	15.452304	13.940014	-6.634294	5.652735	-4.744570	-5.257944	14.160330	-3.538292
ATTGCTGCTCCTCCAT-1_1	-2.158280	-6.488318	-1.533287	-0.140424	2.116316	-1.178703	3.620497	3.267068	-4.540860	-7.844563	7.673377	-4.624964	-0.027583	-0.001505	3.320669	4.051787	-1.446817	2.140741	0.804459	-1.334254	5.650404	9.592761	-11.513681	3.545259	9.415026	9.839060	-5.655645	0.833984	-3.214869	-5.876335	7.643801	-2.229279
GAGATCTGCTTGGCAT-1_1	-0.348738	-2.061558	-0.269759	0.421973	1.275774	0.897236	1.792966	2.011846	-0.556497	-1.903528	2.321538	-2.281191	-0.633015	-0.428308	1.128442	1.687294	-1.154534	1.814439	-0.472712	-0.718538	2.110749	3.065841	-4.300585	1.868299	3.430886	3.263278	-2.272272	-0.946055	-1.427974	-1.996864	2.735255	-0.764117
GCCGAAATTCCTACGT-1_1	1.832809	-1.086282	-0.639101	1.639124	1.536585	2.341119	2.952106	2.651123	0.158472	0.639091	1.337535	-2.077927	0.855690	-1.284688	1.709718	1.405371	-1.601658	1.938868	-0.322208	-0.874241	2.152851	3.008401	-3.138769	2.721785	1.397774	2.257951	-1.482718	-1.850959	-0.748733	-2.665576	1.972240	0.539755
GGCACTCCACTGGGCA-1_1	-7.701633	-10.486382	-1.022847	0.202198	0.073542	0.953786	-2.753181	-2.969813	-3.378195	-6.074185	5.542555	-2.358291	-0.080110	5.208629	2.033000	3.381018	-3.942677	-3.947228	2.886043	1.134642	0.651967	10.719525	-13.001536	-4.525645	9.209739	5.993072	-0.779885	2.066605	-3.700002	-3.233490	10.538618	-0.868315
GGGTCACCGTGACGGT-1_1	-2.790182	-4.891510	-0.473603	0.388648	-0.026033	2.184375	0.124646	0.410220	0.411940	-0.787956	2.709193	-2.079400	-0.143455	2.523016	2.182552	1.680120	-2.332633	-0.547602	0.999870	-0.785561	-0.155755	5.442411	-5.862673	-0.218797	3.179768	2.900187	-0.883416	-0.164348	-2.508926	-1.863015	5.517073	0.937129
TCCCAGCTTTAGTCTG-1_1	-8.742362	-9.591704	2.275445	0.787138	1.230986	1.911167	-0.924051	-0.524126	-3.169087	-6.091176	8.194377	-3.689702	-0.910862	4.418622	3.027013	-1.705539	-3.304145	-3.450640	3.772175	1.115862	1.899159	9.488905	-14.839425	-0.953264	10.955930	6.235895	1.689308	-0.436082	-1.023435	-5.280750	6.768631	-2.685965
CTACGCACGGAGTACC-1_1	-7.430521	-7.694177	1.296467	1.614056	-0.134393	4.390826	-0.856882	-0.788212	0.585361	-1.499596	4.250006	-3.554815	-1.774912	4.655070	3.215132	0.305972	-4.437064	-1.369820	1.663893	-0.052091	-0.456778	7.020369	-10.778957	-1.486922	7.290963	5.737057	0.095317	-1.551101	-2.276386	-2.145354	7.463040	-0.144074
AAATTAACGGGTAGCT-1_1	-5.876618	-10.026954	-1.925950	1.142649	0.920564	2.052510	-0.042629	-0.307650	-1.522003	-4.948030	5.690728	-2.065503	-0.230866	5.089162	3.744640	2.436965	-4.124779	-1.822212	2.360722	0.243962	0.580212	11.276880	-11.792202	-1.022954	7.723096	6.131140	-1.972640	-0.436993	-4.688007	-3.983521	10.524651	0.794402
ACGCGGGCCAAGGACA-1_1	-10.169312	-11.095324	0.506734	1.951603	-0.238766	4.662973	-2.536125	-2.797169	-0.867734	-2.466178	5.976996	-2.944571	-1.034211	6.913500	3.440443	-0.152805	-5.372128	-4.180329	3.908959	0.086024	-0.200059	9.436435	-13.970576	-4.024322	9.665141	5.211988	2.113333	-0.512969	-2.842755	-3.681071	10.715040	0.385742
GCGAGTTCTGCAAAGA-1_1	-4.821173	-4.640545	1.319710	1.464943	-0.945270	4.742705	0.107903	1.000353	1.572162	1.525069	1.960601	-4.084300	-2.186703	4.719797	4.247560	0.821793	-4.083324	0.236824	0.846632	-1.012691	-1.487544	5.962662	-7.265267	1.318626	4.469465	5.243505	-0.462868	-2.997195	-0.805084	-1.670222	4.800409	1.680824
TATTCGTGCCAGAATA-1_1	-6.202793	-5.810283	3.869545	2.233931	-1.893505	8.846612	3.657598	4.961043	2.885669	6.310227	-0.071565	-10.290196	-5.390628	12.607836	10.346314	1.183696	-9.296281	2.005248	2.205634	-3.508512	-6.716378	12.691160	-10.374027	9.525150	6.291885	11.003388	-1.334931	-10.617310	1.238456	-6.439416	4.962954	7.095841
AGGGCTGCAGTTACAG-1_1	-6.417307	-6.250138	4.654918	2.223167	-1.348825	8.693446	6.493430	7.101781	3.969736	9.596753	-1.487973	-12.403495	-7.849075	16.742882	12.329817	-0.342948	-12.814720	2.491886	4.630875	-5.138514	-9.903121	15.449142	-10.319076	15.035947	6.981389	13.324624	-1.276111	-15.544926	2.801540	-10.309795	4.480546	11.774033
CTAGCATAGTATAATG-1_1	-3.727365	-5.485330	2.054010	2.226014	0.159211	8.076460	6.099519	6.154573	1.644604	6.267369	-0.754416	-8.740045	-3.981784	11.688580	9.650515	0.486059	-10.100284	3.009195	3.546282	-4.717988	-6.330091	12.006572	-8.302027	12.022984	5.769084	9.590040	-1.740318	-11.534590	-0.446829	-9.319206	5.101462	9.802168
TAGGTTCGAGTTCGTC-1_1	-5.066375	-5.709954	6.235642	3.009319	0.276711	8.221292	6.697644	8.162995	3.452566	10.763632	-3.260809	-11.282054	-8.152937	14.757296	9.407372	-1.574018	-12.879947	3.302636	6.964309	-6.019068	-10.058859	15.105674	-8.948261	16.277214	7.060275	10.468214	-2.385148	-15.765182	2.814965	-13.023571	2.651272	13.329869
GAATTATAGTGAAAGG-1_1	-1.058520	-8.235998	-0.798510	6.803530	4.246493	9.303043	9.708045	7.839908	-1.338171	4.719076	1.242164	-5.992504	0.418117	7.033849	9.007992	-2.556175	-11.406331	3.206065	6.813752	-5.233365	-3.765253	14.162737	-7.166804	13.977795	5.394774	6.666434	-1.621684	-11.124790	-3.183696	-12.712176	7.087483	12.358756
CTATCGGGTCTCAACA-1_1	-3.636891	-4.780198	1.111066	2.634175	-1.081989	7.882109	2.187915	3.832255	2.399878	4.018689	2.345506	-5.966916	-1.855887	5.258139	6.985585	1.482309	-5.637642	1.824679	1.482895	-2.045853	-2.010064	8.872757	-8.591120	5.359510	4.665944	6.507984	-2.013434	-5.231694	-0.723275	-3.765735	5.847080	4.526607
GCGCTAATTGAATAGA-1_1	-7.956233	-10.521231	-1.068982	1.908482	-0.749324	6.416427	-0.821650	-1.540964	2.049480	0.871957	5.480431	-2.935156	-0.142736	6.875135	4.152679	1.115270	-6.188483	-3.440687	3.927721	-0.898986	-1.556749	9.424243	-11.957220	-2.049335	6.607951	5.340816	1.475100	-0.609565	-4.120314	-3.505564	12.563804	3.895331
ATGCGACAGTCCCATT-1_1	-12.733469	-14.290428	-1.600364	1.787330	-1.690429	7.101442	-3.784717	-4.760840	1.896695	0.894567	7.535187	-3.059414	-0.182779	9.563686	4.454718	1.178641	-7.964192	-6.937133	6.369461	-0.680422	-2.002110	11.336628	-15.720205	-6.021533	9.384160	5.804731	4.001617	1.304934	-5.018939	-3.885384	17.156391	4.583995
GGTAGTGCTCGCACCA-1_1	1.510871	-2.606039	-0.111223	4.235949	1.833649	6.736327	5.588291	5.270213	0.798860	4.676143	0.877718	-4.427419	0.938897	0.513168	5.255055	-0.243182	-4.790544	3.657943	1.865285	-2.741132	-0.050302	6.476700	-4.981116	7.394175	2.210685	3.429842	-1.729559	-5.459592	-1.090458	-6.038009	3.559329	5.043875
AAGCTCGTGCCAAGTC-1_1	-0.587672	-5.414685	-1.850434	3.301410	1.668163	7.439842	5.674427	4.125998	1.444771	3.592185	2.469647	-3.662742	1.692418	1.284913	6.405407	0.610080	-5.837642	1.780769	2.230884	-2.786660	0.350113	8.501919	-6.781648	5.727083	2.716874	4.586468	-1.141052	-3.679802	-2.404600	-6.219030	6.999244	6.770111
TATTCAATTCTAATCC-1_1	7.377058	3.235482	-0.254232	7.077181	1.615195	5.380030	4.997183	3.635874	4.054267	9.489678	-0.791953	-3.098948	1.327944	-5.570594	4.212938	-0.375201	-1.628666	4.465221	1.293664	-1.393684	1.030368	2.686496	-3.006946	4.972865	-1.470842	0.465868	-0.136485	-6.615128	1.505425	-3.049763	0.578668	2.801424
TTCAAAGTCTCTAGCC-1_1	8.315248	4.191860	-0.708828	7.540142	2.368581	6.072326	5.438826	4.312040	3.587798	9.547812	-0.168788	-3.905305	1.595766	-5.626297	4.184541	-0.523910	-2.107447	5.609460	0.995612	-1.098796	1.309881	2.731909	-3.607538	5.621341	-1.430708	0.466552	-0.141137	-7.732010	1.196446	-4.202234	0.601944	3.073040
TTGAATATGGACTTTC-1_1	9.006165	15.983071	1.278589	8.709414	3.226862	3.729191	4.637363	3.615258	5.573497	14.717630	2.772501	-7.643092	-1.904521	-7.432909	2.130224	1.045941	-3.509816	9.905729	6.094260	-0.126822	1.752955	0.768261	-2.985382	6.627678	-0.163555	2.827186	1.693273	-13.827546	1.133592	-6.813420	-1.102724	1.719587
AAGAGCTCTTTATCGG-1_1	18.721706	38.526314	6.506947	9.308940	11.715864	-9.910153	9.121566	-4.058653	4.447904	33.413303	-2.113382	-17.400553	-8.119343	-16.839867	-7.213614	0.693013	-4.774514	13.632202	17.966890	-5.552511	0.133947	-2.854461	1.397735	3.106157	-5.313546	-0.289586	7.309862	-21.973146	-2.905461	-7.608044	1.598665	3.913900
TTACTCCGGCCGGGAA-1_1	5.938861	3.861774	-1.248282	6.056387	1.851301	5.315713	4.276444	3.930699	2.826437	7.713983	0.485982	-3.196910	1.943749	-4.498621	3.661992	0.135359	-2.097740	4.137114	0.848417	-1.134901	1.599360	1.798445	-2.467783	4.517949	-0.797009	0.518261	0.258384	-6.132388	1.038253	-3.329545	0.704942	2.218695
AAACGAGACGGTTGAT-1_1	7.518090	5.025138	0.209624	5.782589	1.647546	3.263329	4.533407	2.996322	3.797134	8.506369	-0.153512	-3.299181	0.757260	-5.539544	2.260354	0.305237	-0.564224	4.271734	2.231093	-1.220719	1.732275	1.566744	-2.865524	3.385640	-1.304388	-0.314061	0.663657	-6.601158	0.666110	-2.490999	0.381341	1.527536
GCTAAGTAGTTTCTCT-1_1	5.588943	7.367295	-0.016557	4.569093	1.565799	1.960250	3.246617	1.555189	3.434408	7.806421	0.841953	-3.328725	-0.121549	-4.471475	1.422363	0.735461	-1.275724	4.411871	2.907222	-0.539081	1.525025	0.576510	-1.767661	2.532503	-0.670926	0.893422	1.347859	-6.618452	0.490289	-2.924243	0.057734	1.224593
ATAACGCCGGAGGGTC-1_1	5.785428	1.235434	-0.724297	4.619978	2.192464	4.763814	5.133503	3.604996	1.855898	5.114913	-0.470732	-2.489315	2.049349	-4.139411	3.075323	0.329194	-1.344911	2.946729	-0.208571	-1.258121	1.608436	1.827644	-2.854578	4.001502	-0.939967	0.048440	-0.351687	-4.393552	0.043764	-3.563366	1.230762	2.304996
GGATCCGGAATATACT-1_1	8.571964	13.140917	0.189015	7.002637	2.586663	2.408346	5.189798	1.473134	5.921144	13.806960	1.589668	-5.008529	-0.676922	-7.094144	1.459980	1.218083	-2.204283	7.257496	5.610052	-1.204857	2.236272	0.432075	-2.281707	3.305527	-1.276883	0.792982	2.976761	-10.860353	0.725459	-4.534547	0.438988	2.006290
TGAAAGGACCTGACTC-1_1	5.274985	9.149549	1.113586	4.570441	1.616476	2.003325	3.033853	1.529469	3.713680	8.483261	1.417396	-4.181370	-1.355949	-4.535214	0.987914	1.115764	-1.579164	5.337681	3.138031	-0.229389	1.355556	0.423161	-2.079966	3.303451	-0.298122	1.744107	1.033674	-7.630761	0.768837	-3.464726	-0.567138	0.448341
TCCGCGGCAGCATCTG-1_1	4.111732	-0.933432	-1.841387	3.207230	1.817031	3.850438	2.899276	2.943480	1.415522	2.955592	2.150456	-1.847352	1.968743	-2.433219	3.053985	0.990545	-1.552182	1.850184	-0.020051	-0.745460	2.737813	4.053696	-4.107583	2.907637	-0.062020	1.577262	-0.758434	-2.390408	0.432274	-2.873696	2.714166	1.721711
TGCATATGTCTGTCAC-1_1	3.338938	5.184983	0.727952	2.734847	0.978391	1.261682	1.807725	1.071264	2.281259	5.111647	0.707821	-2.421490	-0.770524	-2.785123	0.773687	0.710418	-0.847304	3.144446	1.756669	-0.206750	0.811242	0.439844	-1.340388	2.092406	-0.249056	1.058767	0.475989	-4.506294	0.595018	-2.081245	-0.368178	0.266683
TGTAGGAGAAATTTCC-1_1	-9.790883	-10.910813	-4.123326	0.573116	-0.121811	3.145608	-2.000218	-4.415727	-1.030409	-3.789761	2.500439	0.533741	-3.514362	7.896623	4.812590	0.172681	-5.437299	-4.584290	0.775282	2.562220	-0.776655	7.247194	-11.574943	-4.434018	10.036009	7.309171	-1.301340	-2.413005	-3.526920	-1.093769	13.016085	3.223284
AGTGAGACTTCCAGTA-1_1	2.468736	-2.189909	-1.022833	2.868321	1.309236	4.743293	3.567511	3.255104	1.716478	3.269674	1.645800	-2.493911	1.613991	-1.146186	3.778498	0.343019	-2.023658	1.754248	0.581057	-1.411146	1.732676	4.717173	-4.972619	3.556099	0.552518	1.906081	-0.911730	-2.534553	-0.057603	-3.259116	3.251981	2.657691
CCCAAACATGCTGCTC-1_1	-13.735025	-14.021643	-2.574567	0.562572	-0.110891	3.231088	-3.401169	-5.445322	-2.755399	-5.791099	4.380513	-0.418448	-4.799533	9.953409	6.453616	-1.755686	-5.800665	-6.566053	1.864499	2.861545	-0.400619	9.176309	-16.537428	-5.670353	14.422117	8.545581	0.987887	-3.075966	-3.066911	-2.492358	14.076826	1.913355
GCTTATGAAGCAGGAA-1_1	-10.912021	-12.867970	-2.113491	0.960928	0.027639	2.309332	-3.230787	-4.547765	-3.168625	-6.880341	3.958678	-0.778854	-3.357708	7.999713	4.697145	1.100578	-5.300411	-5.109358	1.006308	3.151340	-0.091531	10.556388	-14.787497	-5.643741	12.086840	7.861813	-1.050297	-1.734287	-3.357125	-1.848185	12.320541	0.362407
TTCTAACCGAAGCTTA-1_1	-13.961285	-15.848435	-0.175510	0.282480	0.474065	1.359828	-3.120317	-4.156275	-5.606153	-10.713565	7.921865	-3.252533	-4.105097	7.963596	5.458088	0.495480	-4.671152	-6.683700	2.290658	3.388990	1.217394	13.593448	-20.062529	-5.150554	16.512781	10.718706	-0.212433	-0.169599	-2.929773	-3.588677	13.550116	-2.704278
GGATGTCCTTACCGCA-1_1	-14.161064	-14.531387	-1.093292	1.107786	0.397832	3.127597	-3.544694	-5.058632	-4.301583	-7.259181	6.012133	-1.920508	-4.535034	8.133182	5.652265	-1.077597	-5.596756	-5.852829	2.255036	2.624685	1.136731	10.495231	-18.604002	-5.907063	16.391813	8.642880	0.500147	-2.090005	-2.670624	-3.575986	13.547707	-0.306405
AGGGTGCTCTCGAGGG-1_1	-13.404767	-12.581552	-0.326165	0.467846	0.325157	2.893475	-2.447064	-4.120952	-2.934126	-6.087175	5.617096	-1.872743	-4.466669	8.165704	5.147851	-2.060297	-4.984777	-5.541808	2.116119	2.294767	-0.166092	8.611623	-16.321684	-4.249056	14.191918	8.563372	1.176260	-2.041040	-2.248060	-3.095226	11.698939	-0.056959
AACTCTCAATAGAGCG-1_1	-12.361737	-11.977099	2.090302	2.140664	1.445754	3.509367	-1.480331	-2.060296	-3.220795	-6.998424	6.704246	-3.139508	-4.169620	6.456001	4.794363	-2.518042	-4.948092	-3.235608	1.997432	2.351253	1.251987	9.838305	-17.648607	-2.460002	14.901619	8.485242	0.546427	-3.613467	-1.462970	-4.459167	8.811043	-2.310161
TCTGAATTCCGTACAA-1_1	-16.541441	-15.775319	2.360223	1.671431	1.718720	2.803525	-2.389042	-3.333882	-5.645006	-10.096267	10.006526	-3.743299	-5.433942	7.954640	5.907947	-4.167393	-5.010975	-6.292164	3.461238	3.224786	2.411642	12.209835	-22.720343	-3.591527	19.950344	10.380157	2.172258	-2.913240	-0.822510	-5.980982	11.513306	-3.652908
GCGTGGTACTGGGTTA-1_1	-11.577250	-11.375219	-1.369140	1.083410	-0.329080	4.008845	-2.710847	-4.500414	-0.765973	-2.919660	3.206078	-0.635872	-4.189394	7.704419	5.004795	-0.946912	-5.459237	-4.694015	1.282106	1.996053	-1.152351	7.115770	-13.177480	-4.906867	11.391200	6.460489	0.839876	-2.763523	-2.881203	-1.904249	11.681696	2.337561
CGTCGGATAGTGTTGA-1_1	-7.895198	-7.601224	-0.050477	0.842982	-0.430575	3.787583	-1.106403	-2.205187	0.309599	-1.454488	2.051488	-1.556099	-3.141346	6.368362	4.137458	-0.914593	-4.578454	-2.390755	0.489984	1.078590	-1.206354	5.476923	-9.713057	-2.125468	7.505556	6.005443	0.627935	-3.107396	-1.570091	-1.314657	7.350308	1.646108
ATATGTCTCCCTAGCC-1_1	-7.148584	-8.863700	-1.498548	1.877620	1.047081	6.158248	1.809398	1.046922	1.298065	-0.721983	3.963037	-2.621712	-1.750630	5.773156	5.615926	0.376952	-6.196559	0.336854	1.453992	-0.349968	-1.460268	8.728584	-10.827354	1.582718	7.490385	7.565613	-2.378555	-3.554773	-4.124093	-3.763949	10.229034	3.842271
TGACATCGAGCGGACC-1_1	-2.644386	-2.762272	3.626818	1.184968	0.309215	3.358538	3.316700	3.837789	1.500827	3.794860	-1.396938	-5.316430	-4.215138	6.522130	3.798744	-1.007230	-5.508428	1.389164	2.628083	-2.381249	-3.749462	6.840894	-4.422811	7.319148	3.290609	4.765394	-1.227438	-7.030848	1.851922	-5.230623	0.402533	4.443714
GCGTAAATGGCCATAA-1_1	-3.461833	-3.520204	5.814672	1.780061	0.394078	4.089947	4.221398	5.538098	1.672367	4.201244	-1.218285	-7.196363	-5.741694	7.481709	3.854111	-1.908664	-6.404997	1.463786	3.228121	-3.156073	-3.362775	8.435510	-5.936320	9.143097	4.429147	5.407721	-1.448425	-8.657825	2.704598	-5.790738	-0.329232	3.712880
ATTGTACAACTCGGCT-1_1	-10.741694	-9.151934	11.828093	1.026346	0.966283	6.326780	8.858112	9.175925	7.096237	13.943932	-6.638402	-14.335028	-16.127871	22.223827	9.613108	-7.821338	-19.555408	0.603671	11.272046	-6.758760	-14.350752	20.460268	-12.002454	21.172688	9.543760	13.345848	-1.030702	-20.944887	8.601943	-16.173664	1.108960	18.034021
TACGCTATAGAAACCT-1_1	-10.593378	-9.796913	-0.126321	1.991439	-0.743931	6.415840	-0.889723	-2.821489	1.757725	0.192397	2.823820	-1.790576	-3.720689	8.719838	5.374763	-1.256526	-7.170359	-2.694555	1.789158	0.894633	-2.955576	7.281823	-12.467834	-2.022773	9.469881	8.303136	1.248182	-4.488533	-2.510137	-2.385699	10.899886	3.987354
AGATGATGGAGTCTGG-1_1	-9.929183	-10.344776	-0.959826	1.011648	-0.486410	5.500443	-1.429699	-2.551320	1.137636	-0.976367	3.717798	-2.240373	-2.606852	7.610940	4.717422	-0.125125	-6.076307	-3.057654	1.757592	0.308039	-1.994725	7.460303	-12.333237	-3.048202	8.792460	7.121670	0.455350	-2.204117	-3.788286	-2.072101	11.792410	2.747187
CCACGGTGCCCGGTAG-1_1	-13.284883	-13.973665	-3.014971	0.737761	-0.467316	3.428426	-4.597900	-6.261189	-1.761335	-4.149601	3.986483	0.749295	-4.126011	10.948680	6.171513	-2.032352	-6.414271	-7.534394	2.547764	3.227521	-0.605156	8.985917	-15.902515	-6.769915	13.195169	6.916047	2.619234	-3.487811	-2.652867	-2.712247	13.987574	3.401275
TCAAGAAATACTAGCT-1_1	2.634491	-0.981563	0.840529	3.595627	1.198637	5.053779	4.784830	3.667939	1.659187	4.563520	0.102503	-3.387422	0.337484	-1.376126	3.437087	0.290407	-2.210172	3.243372	0.609372	-1.931875	0.519100	3.778138	-3.938057	5.426731	0.902263	1.847921	-1.500149	-4.026809	-0.034262	-3.843616	1.892535	2.385015
AGGTATAATTGATAGT-1_1	9.801904	3.137487	0.016724	8.020604	2.737428	4.610441	7.202557	3.374150	3.869009	10.066453	-1.394666	-3.582686	1.310778	-6.647190	3.454299	-1.124421	-1.294195	5.312319	2.422343	-1.831549	0.744577	2.660080	-3.337514	4.870630	-1.903930	-1.237228	0.256356	-7.959366	0.701781	-3.648338	1.107327	3.405427
CAAGGTCCTATAGGCT-1_1	5.999181	1.706352	0.094235	4.643669	1.570557	2.905378	4.401663	2.481819	2.621372	6.056702	-0.893865	-2.094365	0.808692	-4.060220	2.295889	-0.561873	-0.683165	3.364837	1.239751	-1.167004	0.795129	1.491188	-2.052258	2.998463	-1.049472	-0.896551	-0.125755	-4.585939	0.241109	-2.055495	0.662662	1.897757
CCGGCACGACCGTTTC-1_1	3.667732	0.272123	0.343920	2.843673	1.951536	2.294102	3.483864	2.484703	0.705271	2.289960	-0.486943	-2.098677	0.637271	-2.463046	1.660025	0.324486	-1.328394	2.025578	-0.006280	-0.488062	0.802769	1.424966	-1.648975	3.202184	-0.207663	0.372274	-0.927734	-3.051732	-0.609831	-2.533219	0.332222	1.134155
ACCTCCGTTATTCACC-1_1	7.171934	6.621820	0.463700	5.020349	2.593544	1.058221	4.399675	1.436832	2.483016	8.534333	-0.427204	-4.031006	0.053953	-5.715665	0.746179	-0.343336	-1.097338	4.540169	3.000594	-1.414868	1.053259	0.102008	-0.997579	2.153890	-1.482673	-0.949100	1.243319	-6.304581	-0.463590	-2.167834	0.849131	1.864745
GCAGCCTATATCACAT-1_1	8.085295	-3.057574	-0.319817	5.803654	5.663441	2.732280	10.081301	4.443066	0.872339	2.939226	-1.323449	-2.189789	2.219261	-4.584322	3.153247	1.409139	-3.078905	0.835486	0.808804	-2.789514	3.063263	3.301428	-3.661055	5.715938	-1.306635	-0.550775	-1.334058	-4.780875	-2.112609	-6.348613	2.381605	4.168054
GGTATAGTGACACATA-1_1	22.042845	48.595554	8.359358	8.932711	16.666491	-16.100029	10.140461	-5.307168	1.731629	38.179405	-3.737951	-20.975145	-10.919405	-19.469954	-12.819057	0.617339	-6.369230	14.025646	23.014568	-7.020077	-0.088822	-5.914841	2.669028	2.399543	-7.794783	-1.891906	7.694180	-24.198999	-5.013572	-8.592093	3.520688	2.837248
ATCCAATGGTACCGAA-1_1	2.564050	-3.366152	0.163355	3.740429	6.339695	1.670287	6.947446	4.654743	-1.238425	1.258456	-0.238511	-0.825877	-0.176409	-0.881972	0.811279	0.090017	-5.580389	1.575573	1.936671	-4.015821	0.670142	2.269007	-1.203766	5.854623	2.055200	0.305099	-1.140635	-3.773604	-2.238545	-6.557454	1.314638	3.735730
GTGCTGCAGATAAGGA-1_1	7.977294	-8.604609	4.379169	5.268826	11.443277	1.617174	17.493988	6.981266	-0.024998	6.665607	-5.372923	-2.852133	-1.599581	-3.637352	0.072065	-1.321136	-10.006608	1.656944	5.079955	-10.324211	-0.859362	3.920481	-3.155068	10.941566	1.947950	-1.350336	-3.878260	-6.715091	-2.337586	-12.898208	3.022397	8.570955
GGCCTTTGCAACTGGC-1_1	1.519164	-1.740487	-0.088151	3.114084	3.975791	1.974898	4.342778	4.271026	-1.192576	0.737184	0.085292	-1.461195	0.216900	-0.010400	1.405431	-0.195242	-4.237032	2.098393	1.390662	-2.418868	0.743872	2.562872	-1.309060	4.987905	1.866994	1.050113	-0.589547	-3.657101	-1.803829	-4.928764	0.804588	2.673779
GTCGTACCTACGATTG-1_1	2.971832	-3.788018	0.888038	3.333628	6.467418	1.294450	7.987941	4.441127	-0.902296	2.138627	-1.296467	-1.138445	-0.457743	-1.226781	0.555288	-0.240841	-5.933282	1.405701	2.270214	-4.727619	0.195325	2.144819	-1.278548	6.037112	1.833703	0.185916	-1.483119	-3.733392	-1.956349	-6.969069	1.449129	4.171461
TAGAAATTCACGTATA-1_1	1.308572	-1.085097	1.065966	1.875202	3.257466	2.186068	4.195469	4.153740	-0.204225	0.603202	0.114311	-2.642535	-0.594516	0.090601	1.415714	1.171364	-3.582738	2.938356	0.147469	-1.672420	0.958590	2.216915	-2.134168	5.265289	2.349984	1.716247	-1.804344	-3.881996	-1.660131	-4.546573	0.475385	1.043177
AGAATAAATCTTCAGG-1_1	0.823026	-1.730389	-0.471720	3.518699	5.237141	2.312825	3.755605	5.893103	-2.040123	-0.890690	1.225200	-2.082225	-0.176562	0.528240	1.661030	-0.027745	-5.522400	3.224434	0.943633	-2.218174	1.998260	3.020993	-2.129388	5.778424	3.371653	2.328752	-1.362860	-4.625384	-2.917348	-5.517827	0.912256	1.965414
CATTGCGAAATGGGCG-1_1	4.394057	0.580001	1.849722	2.916468	3.626595	3.844402	5.401500	4.779570	0.959253	2.486860	-0.136746	-4.732101	-0.098236	-2.070060	2.789768	1.882455	-3.783980	4.469399	-0.638814	-0.662920	1.624498	2.709231	-2.980371	6.563519	1.445227	2.379522	-2.957318	-5.695672	-1.704795	-5.776210	0.130738	0.823377
GTCTACTCAATTACAA-1_1	1.818036	-1.660357	1.629205	2.173187	4.345497	2.543685	5.182022	4.853271	-0.095417	0.102780	-0.100099	-3.433331	-1.123230	0.153952	1.418428	1.243738	-4.678185	3.421468	0.336198	-1.839256	1.834645	3.156107	-3.325781	6.284102	2.955116	2.399988	-2.874297	-4.581079	-2.327088	-5.890749	0.661367	1.206159
TGTAATGACCACAATA-1_1	-2.754563	-5.536185	0.762816	1.343787	4.410326	2.488723	5.078074	5.978027	-3.221713	-8.023163	7.654552	-6.706897	-1.173766	1.064120	3.403333	1.432742	-5.586054	5.205175	-0.385228	0.242709	5.870301	10.491551	-14.479919	6.693630	12.278366	10.929432	-5.895965	-5.356616	-3.714112	-8.120535	4.891151	-2.235315
AAAGTCGACCCTCAGT-1_1	-0.331709	-2.891862	1.429941	1.028172	4.190924	2.935410	5.463307	5.984146	-0.747123	-2.913670	2.426447	-4.708873	-1.051956	1.206096	2.308571	2.734024	-4.879796	4.184010	-1.168771	-1.985155	3.173524	4.820958	-6.973138	6.716717	6.231192	5.114900	-3.631532	-4.840579	-3.360390	-5.985478	2.152042	-0.606724
TACTCGGCACGCCGGG-1_1	-13.060210	-13.535035	4.029079	-0.021451	2.308777	0.909544	-0.378430	-0.028755	-7.367422	-13.037230	11.248334	-6.698566	-4.362947	4.688200	4.983911	-1.818283	-3.797924	-3.509167	1.907894	2.937313	4.268410	13.601986	-23.494299	-0.453968	19.739872	12.881820	-1.183034	-1.843170	-0.551411	-6.499259	8.190220	-6.904600
AGGTGTATCGCCATGA-1_1	-5.468142	-5.639523	4.733301	0.579408	2.258723	3.866170	2.242005	4.230409	-1.938488	-6.154934	5.990462	-8.474441	-3.381963	2.470217	4.306127	0.090005	-5.154037	4.179433	-1.139020	1.135396	4.567106	9.718173	-17.571840	4.269772	13.634406	10.762409	-4.462291	-6.262599	-0.760425	-6.929350	2.414115	-3.509476
TGTGCTTTACGTAAGA-1_1	-12.131544	-12.961677	2.625175	0.503782	2.564980	0.657002	-0.374464	-0.355346	-7.439888	-12.808595	10.255100	-5.535348	-4.010768	4.359659	4.654122	-1.565162	-3.609315	-3.012988	1.869928	2.857986	4.503653	12.883774	-21.813385	-0.739293	18.801590	12.053340	-1.798699	-1.762751	-0.915681	-6.098981	8.590295	-6.340406
AAACCTCATGAAGTTG-1_1	0.824619	-1.011735	-0.776167	1.907221	3.480482	2.645865	3.401849	5.735861	-1.405343	-3.085258	5.619848	-5.528627	-0.394090	-0.759124	2.725204	2.020387	-4.310485	5.998979	-0.984242	-0.137409	4.972289	6.659192	-8.409292	6.019453	7.164019	7.354754	-5.157639	-4.535371	-2.005990	-5.637909	2.990267	-1.247307
TATAGGGTACTCATGA-1_1	-4.199286	-5.572314	1.376163	1.025587	3.056330	2.718411	2.929185	3.908537	-2.880682	-6.750606	6.580286	-6.461114	-1.656640	1.537428	3.036596	0.765584	-4.830213	4.342355	-0.435444	0.662214	4.829253	9.339315	-14.701271	3.876139	11.960764	10.140280	-5.328162	-4.066135	-2.345975	-6.417770	4.613977	-2.849885
CCAGCTGATGGTACTT-1_1	0.362772	-1.131581	-1.538875	4.474287	7.470331	2.818072	3.485828	8.276376	-2.886996	-2.754392	4.099302	-3.136785	-1.030251	0.356537	1.682384	1.132767	-7.963826	5.653217	0.257034	-1.807852	4.636243	4.007708	-3.271427	7.465412	6.081816	4.477697	-2.504577	-6.460186	-4.168583	-7.170708	1.629919	0.934302
AATATTGGAGTATTGA-1_1	0.811027	-1.790403	0.077369	1.940629	4.005171	2.440617	4.155571	5.260488	-1.067024	-1.574481	2.410640	-3.225042	-0.231608	0.097978	1.789476	1.619397	-4.137646	3.696102	-0.534349	-1.580455	2.678843	3.503099	-4.211861	5.390280	4.010499	3.038229	-2.240651	-4.006420	-2.769084	-4.826374	1.682448	0.217533
GGCCCTCACCCACTTA-1_1	10.073689	-5.442463	2.129354	5.492174	9.276840	-0.225479	15.309505	5.146207	0.778981	4.563109	-3.446561	-0.622328	0.335162	-5.665237	1.155198	1.018662	-5.520746	-1.133792	2.698328	-7.377378	3.288180	0.389076	-3.033195	5.255340	-2.092110	-2.743287	-3.629420	-3.359257	-2.464268	-7.368747	3.239181	3.964849
AACCAAGACTTCTCTG-1_1	11.655360	-7.332191	1.936064	7.489482	11.146852	1.738797	19.622118	7.551471	1.511677	5.355586	-3.832359	-1.090056	1.459997	-6.915662	2.191584	2.216990	-6.736615	-0.926060	2.271255	-9.084177	4.683700	1.564454	-4.930123	7.923770	-1.840232	-3.354885	-3.721805	-4.763928	-3.037092	-9.631562	3.984097	5.691471
TCGTATTACCCATTGC-1_1	4.001877	2.065088	0.674390	2.484354	1.553096	0.804929	2.992643	1.118517	1.595201	3.345721	-0.370609	-2.012549	-0.030221	-3.093330	1.014835	-0.047510	-0.723213	2.011391	1.174274	-0.334556	0.689863	0.326627	-0.940985	1.593926	-0.662074	-0.330946	-0.255571	-3.023620	-0.221694	-1.562092	0.117732	0.592636
ATTCGACGCCGGGCCT-1_1	5.393391	4.282771	0.678662	3.383073	2.004467	1.798639	3.160903	1.990008	2.120906	4.681516	0.142049	-3.355803	-0.045035	-4.423262	1.383133	0.569010	-0.920755	3.029627	0.869400	0.070289	1.383677	0.229330	-1.704494	2.526559	-0.853173	0.551320	-0.262821	-4.436964	-0.277569	-2.518314	-0.088667	0.163990
GGCGCAGGACATCTTC-1_1	1.551544	0.375216	1.101569	2.006113	4.901384	4.580900	5.705732	6.219286	0.767638	-0.334974	2.101171	-5.585811	-1.567694	-0.830124	2.883955	4.195171	-5.978543	6.725557	-2.261069	-0.449566	3.994117	3.995175	-5.768377	7.988171	5.711213	6.655810	-5.446769	-6.787745	-2.481518	-7.115622	1.457489	-0.869213
GTACTCCCTTATCGCT-1_1	2.268364	-2.790294	-0.056101	2.544767	5.256471	3.523883	8.276008	7.172143	-1.222701	-3.008637	3.443858	-5.193132	0.035224	-1.527484	2.747285	4.297492	-5.029972	5.202959	-2.250917	-2.387015	5.174803	5.463709	-7.465055	7.851101	6.208016	5.968077	-4.141440	-4.932852	-3.722771	-6.240948	3.414929	-0.859562
TGGTCTGTTGGGCGTA-1_1	-1.166068	-7.581851	-1.852761	1.273643	4.833562	0.542597	7.063718	5.704816	-4.017166	-8.579348	8.277659	-4.526198	0.623851	0.721589	4.742394	4.701570	-3.330451	3.839429	0.260062	-2.069105	6.566883	10.578668	-12.203941	6.689581	9.325080	10.404974	-5.287079	-1.671830	-4.740290	-9.331925	8.287687	0.557181
AATAACAACGCTCGGC-1_1	-11.944753	-16.338549	-4.461700	-3.239089	-0.128555	-5.244686	-1.574783	-3.171269	-13.427155	-16.521015	10.343646	-5.946992	-2.345376	5.408369	8.104772	9.167645	1.177506	-5.381152	1.116184	-1.989991	7.786010	15.142666	-22.295059	-5.268972	20.010647	14.103466	-6.711952	7.822160	-4.612596	-8.269493	18.328819	-3.035176
CATACCCGTACCCAGT-1_1	-11.198896	-16.214460	-1.416419	-3.913654	0.132678	-4.652701	-1.928886	-1.872180	-13.419624	-15.587656	10.583517	-7.705452	-3.210035	4.713341	8.684006	6.521469	1.339507	-5.028203	1.070555	-2.417038	8.660334	15.362942	-24.532143	-4.207765	21.319614	12.122557	-3.824453	5.451011	-3.010127	-9.248387	14.880530	-4.456972
ACAATCCATTTAAACC-1_1	-12.186404	-17.921164	-0.932824	-4.456508	0.142421	-5.488961	-2.217432	-1.704166	-14.063928	-16.915125	11.659201	-6.974908	-3.677674	7.528291	10.248215	4.076113	1.919535	-7.696786	1.595140	-1.452013	9.502621	16.972391	-26.059662	-3.906252	21.640949	11.438328	-1.355444	4.225407	-0.937723	-10.714278	13.942414	-4.513441
GTTACAATTGGTGACG-1_1	-1.971295	-3.354284	0.316889	-0.466405	0.351428	0.421437	0.348195	0.671199	-1.740111	-2.422810	2.198663	-1.983988	-0.719708	1.255386	2.294773	0.090867	-0.584212	-0.412186	0.273713	-0.485822	1.697786	3.691916	-5.670967	0.432676	4.148194	2.353628	-0.400307	-0.604158	-0.465822	-2.330452	2.340961	-0.606576
TTGCCCTGATCACGGG-1_1	-1.034085	-1.710784	0.154239	-0.138008	0.203959	0.418489	0.330462	0.449722	-0.517228	-0.957618	1.137776	-1.233025	-0.495938	0.512518	1.174481	0.394601	-0.433296	0.108495	0.069348	-0.402284	0.847703	1.901561	-2.907705	0.361441	2.132452	1.422795	-0.441538	-0.284622	-0.438633	-1.179462	1.449319	-0.156032
CTAACCGCGCGCCCGT-1_1	-0.379389	-1.783240	0.180364	-0.078340	0.420440	0.862620	1.064367	1.403222	-0.286511	-0.791207	1.602711	-1.800202	-0.073952	0.464273	1.319424	0.665342	-0.714766	0.597310	0.183692	-0.922767	1.103268	2.558220	-3.370997	1.336083	2.055701	1.686450	-0.775818	-0.573588	-0.858785	-1.776751	1.751231	-0.037480
CTAAAGAATGCCTACT-1_1	-0.308726	-0.953481	0.136479	0.007935	0.292087	0.530133	0.685526	0.947904	-0.212022	-0.620336	1.325279	-1.425249	-0.288980	-0.090881	0.834794	0.514082	-0.458956	0.646749	0.015791	-0.463420	0.959252	1.662362	-2.468174	0.963336	1.688908	1.581694	-0.878046	-0.366386	-0.402875	-1.049670	1.189005	-0.378742
GATCTTTGCAGGGTAT-1_1	-1.626250	-2.048665	1.029939	0.429910	0.294816	1.636816	0.791566	1.418897	0.267597	-0.420522	1.752114	-2.450911	-0.964222	0.905181	1.715628	0.408500	-1.406755	1.160504	0.106903	-0.743507	0.619295	2.993493	-4.436501	1.372782	3.051435	2.703089	-0.979192	-1.420701	-0.676624	-1.785356	1.830632	-0.268928
GCCGCTTGTGAGAAAC-1_1	-5.485721	-6.075991	2.880083	0.523646	0.150345	2.894010	0.376509	1.239592	-0.798171	-2.787937	3.786106	-5.225855	-2.659666	3.212927	3.911808	0.514717	-2.825646	0.582900	-0.062438	-0.926890	1.002620	6.885670	-11.238389	0.707279	8.034821	6.209913	-0.901003	-2.533418	-1.279451	-2.847330	4.100118	-1.892356
CCTGTAAGACATGATA-1_1	-4.168761	-4.331549	2.304977	0.654265	-0.157088	3.070623	0.747938	1.741419	0.378528	-0.948479	2.801388	-4.606605	-2.169862	3.015523	3.441976	0.825692	-2.723570	1.076661	0.187600	-1.190179	0.091836	5.809468	-8.416446	1.616382	5.617681	5.376291	-1.333896	-2.448581	-1.060842	-2.339597	3.589324	-0.804177
CGACAGTTCGCGTTAT-1_1	-10.382932	-13.911169	1.408222	-2.954727	0.570928	-2.465165	-1.463029	-1.097310	-8.762583	-13.237160	10.174033	-7.614376	-3.168859	3.342363	4.852647	4.273432	-1.580160	-4.017970	1.660702	0.426026	3.966910	14.701138	-21.626148	-2.283019	18.084576	12.493533	-2.380498	3.514714	-3.595841	-5.444704	11.616696	-5.997294
ACGATGCATATGTTAT-1_1	-9.104016	-12.162666	0.962072	-2.468045	0.331605	-1.490192	-0.714423	-0.112920	-7.062053	-10.737608	9.764609	-7.333567	-2.086435	3.639395	4.609752	3.596913	-1.640720	-3.467520	2.456239	-0.798136	3.159632	13.549174	-19.089787	-1.011806	15.115239	11.082231	-2.106983	3.432665	-3.688473	-5.231872	11.237336	-4.853474
TGTTCCGCTTCCATGA-1_1	-0.612557	-4.177479	-0.887219	0.917634	3.131264	0.913211	4.419411	4.859323	-2.896266	-5.974216	6.157779	-4.910200	-0.228811	0.044893	2.664430	2.573782	-3.182911	3.631485	0.039553	-1.396750	4.866743	8.073191	-9.556299	5.409478	7.993754	7.873643	-4.605688	-2.422534	-3.407632	-5.406627	5.125695	-1.565519
GGATGACGCGAGTTTA-1_1	0.173091	-2.714451	-0.290783	0.657012	1.983951	1.526562	3.195039	3.458982	-1.085830	-2.821319	3.222772	-3.362190	-0.187035	0.052578	2.078538	1.775100	-2.065890	2.578309	-0.481995	-1.203650	2.950503	4.978562	-6.235010	3.623404	4.376593	4.650400	-2.757921	-1.964589	-2.065458	-3.598177	3.241123	-0.522652
GAAGTTTCCACTCAAT-1_1	4.882471	6.339881	-0.423974	4.223974	1.823121	1.541045	2.383467	1.622367	1.582458	5.222230	1.084128	-3.492567	-0.103654	-3.995193	0.970903	0.635130	-1.247763	3.722912	2.245694	0.429512	1.247622	0.389361	-1.319070	2.723729	-0.312567	1.465429	0.410807	-5.461767	0.159462	-2.699660	0.079968	0.973956
GCGAGGCCCGAGCAGA-1_1	0.853631	-1.243313	-1.336803	1.637216	1.377364	1.183032	1.551681	2.537226	-0.804019	-0.509355	3.665364	-2.134286	0.396201	-1.255548	1.462352	1.383661	-1.513309	2.117955	0.544602	-0.501159	2.744637	3.891556	-3.740124	2.581927	2.805150	3.269321	-2.186665	-1.043856	-0.526163	-2.332394	2.805280	-0.518755
CATACTATGTAATTGT-1_1	2.535225	1.394956	-1.035855	3.030929	1.370520	2.201479	1.120546	2.319783	0.279896	2.688506	1.211474	-1.905600	0.953469	-1.585055	1.896667	-0.548027	-1.917222	2.460136	0.897698	0.120052	0.927799	2.042551	-1.419348	2.711229	0.342120	1.263987	-0.701955	-2.935325	0.266697	-2.420585	0.331277	1.623601
CCAATGTCACAGCAAG-1_1	-6.140757	-10.285538	-1.650702	-0.624565	-0.394016	0.399704	-2.579096	-2.331654	-3.201177	-5.263954	6.256400	-3.041159	1.141744	4.645010	1.872908	4.822253	-3.591007	-3.901844	3.520419	-0.050808	1.281480	11.483335	-12.567428	-4.121348	8.087173	5.561317	-0.829000	3.603090	-4.205011	-3.808758	11.380098	-0.430097
GGGAGGATGCCCGAAA-1_1	-7.908152	-9.678457	-1.057371	1.077295	-0.336235	2.677292	-2.941576	-2.969709	-1.158426	-2.618137	4.605165	-1.328384	-0.403569	6.383389	2.928755	0.796001	-4.235258	-4.489619	3.449130	0.531192	0.079621	8.654580	-11.015695	-4.244747	7.380573	3.465178	1.570162	0.161455	-2.686798	-3.031385	9.657632	1.056812
GTTCGCCATAAGTGCC-1_1	-3.111782	-2.804257	1.612208	0.849597	-0.877593	3.973966	0.702721	2.429999	1.246345	1.641520	1.138620	-4.509345	-2.163757	4.117751	4.133374	1.047606	-3.137341	1.206058	0.141751	-1.218878	-1.262430	5.311417	-5.596776	2.866639	3.216624	4.779916	-1.404577	-3.281615	-0.054907	-1.687187	2.544369	1.228971
TCGAGACCAACACCGT-1_1	-2.423006	-2.804615	1.227114	1.236496	-0.490327	3.806704	1.005030	2.478340	1.137244	1.710692	1.714005	-4.130188	-1.546263	2.637759	3.650102	1.103567	-2.775866	1.605399	0.537968	-1.622953	-0.468211	4.943445	-5.450301	2.779912	3.365326	3.980188	-1.392870	-2.720643	-0.699548	-2.162060	3.045436	1.237895
TATGGGACCGAGCAGG-1_1	-4.530515	-5.143446	1.389003	1.823787	-0.501825	5.356845	0.630133	2.096328	1.203448	0.824668	2.496078	-5.165063	-2.094652	4.917088	4.877484	0.985479	-4.418856	1.298068	0.480804	-1.357251	-0.517270	7.207358	-8.635485	2.098595	5.122348	6.032815	-1.605632	-3.777736	-0.977967	-2.107561	4.848118	0.862178
GATGCGTCCTGCATTC-1_1	-3.007341	-4.542210	-0.113015	0.828857	-0.144125	3.409143	0.979634	1.151409	0.929969	0.629711	2.250955	-2.623135	-1.016491	3.428838	3.979586	0.577377	-3.155874	0.304007	0.908284	-1.087847	-0.671175	5.543818	-6.099453	1.636868	3.498029	4.031368	-0.289768	-2.174066	-1.583190	-2.324553	4.794680	2.398700
GCATAGAGCACTCAGG-1_1	-2.664653	-5.072247	-1.052483	1.611578	1.469690	3.430618	2.557614	2.530979	0.071874	-0.016755	3.156322	-2.024102	0.350962	2.501992	3.491647	0.484938	-3.666714	0.326519	2.278220	-1.844955	0.446174	5.873196	-5.226624	3.277321	3.800992	3.416497	-0.329423	-1.989404	-2.838104	-4.313095	5.602812	3.005719
GCAGATTAGGGATATC-1_1	-2.806801	-3.683227	-0.102391	0.935466	-0.287026	3.164869	0.399684	0.788409	0.982186	1.064344	2.124577	-2.366808	-0.645481	2.436841	2.709879	0.798806	-2.597252	0.060247	1.081834	-1.203162	-0.511513	4.256629	-4.793826	0.790904	2.751159	2.872529	-0.431682	-1.061190	-1.354821	-1.580997	4.504528	1.599365
CCTGTCGCCCGTAAAT-1_1	-3.488933	-3.816844	1.932069	2.181739	-2.044747	7.400645	1.264422	4.295753	2.309609	4.786396	2.132546	-7.391095	-2.593748	5.616539	7.409486	1.603792	-4.691166	1.677931	1.178838	-2.921398	-2.049295	8.252896	-7.906570	5.468073	4.154117	6.399085	-1.680212	-5.130292	0.373487	-2.527421	4.617128	3.203908
CAATTTCGTATAAGGG-1_1	-3.096882	-6.206738	-0.561624	2.202424	0.275130	7.271012	4.122508	3.248274	1.310660	4.226034	2.606321	-4.469486	-1.380877	5.890664	6.598525	-0.209711	-6.309442	0.656532	3.620762	-3.645794	-2.660479	8.532537	-7.292032	6.410233	4.398771	5.362330	-0.374112	-4.769875	-2.522752	-6.351229	7.709737	8.293679
GTACACTTACCTGAAG-1_1	-7.510433	-6.960477	2.549639	2.688608	-2.133022	9.350248	1.273495	3.113503	2.891713	4.130366	3.148317	-7.951557	-3.606487	8.909202	8.191344	0.818840	-7.130917	0.313115	2.005164	-1.944495	-3.182900	10.556063	-11.864221	4.709715	6.882038	9.240868	-0.809508	-6.080961	-0.194941	-3.535018	7.464173	4.032572
ACTCTTGTATAGTAAC-1_1	-1.969577	-4.468494	2.233487	2.157971	0.084880	6.811415	4.320728	4.254104	1.688230	6.110394	0.166173	-5.646723	-2.938004	6.633223	5.417596	-0.398302	-6.215847	1.943225	3.898839	-3.904209	-4.294845	8.073206	-6.567317	8.130131	4.226997	4.917101	-1.596753	-7.126903	0.131247	-7.277458	4.273678	7.854458
ATTAGGCGATGCTTTC-1_1	-3.622665	-6.163674	7.111291	3.473115	0.499940	8.769951	6.080313	7.858541	2.135615	6.746036	-0.857056	-9.102850	-6.386637	9.560941	5.620057	-1.222121	-8.466289	3.064222	4.789506	-5.070379	-4.595386	12.206162	-9.890802	12.437561	6.876535	7.263392	-3.249943	-11.638820	1.882135	-9.838820	1.857706	7.614722
TTCGGGACTAATCGCG-1_1	-2.720778	-5.567677	-1.165862	2.460978	-0.414104	6.143634	1.408575	1.759493	2.662247	4.035162	4.261343	-3.192114	-0.196339	3.132102	5.100683	1.206946	-4.545958	-0.206583	2.701698	-2.102538	-0.360631	7.456949	-7.591367	2.716680	3.595772	4.001336	0.312402	-2.227363	-1.919419	-3.877015	8.158709	4.706913
TGGACTGTTCGCTCAA-1_1	-3.730443	-9.880211	-4.919229	3.264990	1.987644	5.105600	3.445789	1.274780	2.102182	2.164363	5.253703	-0.251346	1.432661	4.866075	6.990520	0.046910	-6.092941	-2.818501	5.676353	-1.209788	0.255778	10.275455	-8.849730	3.554006	4.890787	4.193501	1.929160	-3.082141	-4.286134	-7.010032	11.825242	10.076995
AACGTGCGAAAGTCTC-1_1	-2.370511	-6.648236	-2.417586	2.773331	0.885250	7.703618	3.517656	3.674041	1.996867	3.552944	4.479084	-3.864305	0.919526	3.549101	6.797910	0.347596	-5.806621	1.164370	2.809213	-2.342260	0.196538	9.344802	-9.089908	4.786622	4.139884	5.656101	-1.236015	-3.443359	-2.383724	-5.644802	9.030464	6.060566
CCACCCAAGGAAAGTG-1_1	1.122455	-2.664938	0.033854	3.994960	0.982556	6.900506	5.074535	4.557251	1.655000	5.430091	0.721744	-4.657540	0.455972	0.650600	5.792361	-0.230734	-4.103908	3.155502	1.927266	-2.723484	-0.594878	6.390897	-5.393245	6.886895	1.868426	3.669910	-1.712544	-4.939890	-0.341452	-5.120104	3.930306	5.022277
CCGCACAAAGACCAAC-1_1	7.216505	-3.261877	2.418569	8.393647	4.051831	8.843037	12.218436	6.014627	2.774379	10.426582	-3.721992	-5.474826	0.592375	-2.590745	6.095201	-0.939655	-5.403944	5.442779	3.195102	-4.965748	-3.050936	7.924214	-5.768262	11.911986	0.728505	1.697184	-2.138196	-10.205068	0.709491	-9.582011	2.903354	9.068399
GCGATTGTTAACGTTA-1_1	-0.394451	-3.430343	3.484191	3.049704	1.973990	4.595696	6.002925	5.479535	1.435454	7.724107	-3.758387	-5.632178	-3.432667	5.822574	4.347080	-1.865803	-7.669266	3.343246	6.386364	-4.916431	-6.013107	8.780851	-3.793284	11.346632	3.345490	3.364319	-2.471066	-9.309015	1.413165	-10.337618	1.152106	9.899745
ACTCGTCAGTAATCCC-1_1	10.496226	17.183167	1.803458	8.764563	4.149481	1.072072	5.535491	1.751162	5.473396	17.927135	0.629647	-8.021261	-2.313828	-8.510401	1.301417	0.084142	-3.472552	10.411241	7.868480	-1.903099	0.769928	0.686702	-1.317388	5.344927	-1.126421	1.624012	2.757503	-14.381054	0.673878	-6.027362	-0.287704	3.300986
GGTGATAAGGAGCAGT-1_1	33.975826	81.087448	13.471893	13.003204	26.740936	-28.923803	18.280542	-10.502290	4.041782	63.906887	-7.925062	-30.730247	-18.397110	-31.951523	-23.725512	-0.391537	-10.564400	22.403597	39.145603	-13.432593	0.227900	-12.067460	6.925797	0.712967	-13.967339	-6.335806	12.466730	-38.355194	-7.912495	-10.911816	7.327084	4.374179
AAGAGGCATGGATCGC-1_1	13.595919	31.617636	4.740763	7.476536	9.225863	-6.198374	5.922966	-2.478033	3.770008	25.888962	0.422944	-14.709956	-6.871502	-12.439664	-4.762637	1.162496	-4.279593	11.845217	13.749923	-3.052893	0.229012	-1.717921	1.040404	4.369832	-3.051551	0.436378	6.289189	-19.180056	-1.966358	-7.619588	-0.234163	2.842536
CACGTTCGTGCTCTAG-1_1	10.792068	24.223589	3.272738	7.368715	7.113929	-2.919368	4.217850	0.642227	3.284169	20.104998	1.085535	-11.673075	-5.069726	-9.191564	-1.791734	0.585330	-4.177482	10.818699	10.545849	-1.816074	-0.024180	-0.659118	0.497108	5.761685	-1.480303	1.031979	4.105435	-16.442415	-0.830053	-7.356910	-1.199707	2.488508
CTATTTGGTTACGGAT-1_1	5.178998	7.923337	0.652016	4.597385	1.908538	2.406947	2.405978	2.359223	2.619988	7.468785	1.291653	-4.070035	-0.934419	-3.920848	1.476712	0.442258	-1.964247	5.486876	2.378932	0.078570	0.877222	0.652335	-1.681251	4.017228	-0.280940	1.587165	0.543754	-7.266204	0.620213	-4.090997	-0.810012	0.874821
GTACAGAGGCAAGGGT-1_1	6.637238	10.122530	0.902573	4.755838	2.632947	0.865351	3.630814	0.981910	2.761904	9.638927	0.572988	-4.947166	-1.076971	-5.513558	0.417094	0.458665	-1.713332	5.882352	3.715221	-0.910484	1.152660	-0.045766	-1.098211	2.870893	-0.937172	0.892712	1.715791	-8.171107	-0.203422	-3.638194	-0.021692	1.364664
GGGCCGGCCGAAGTAC-1_1	3.020825	2.810148	-0.020829	2.701276	0.776855	2.615508	1.910741	2.188997	1.717949	3.972992	0.590322	-1.994779	0.244499	-2.230148	1.745519	0.675034	-1.079230	2.591702	0.059807	-0.376302	1.204832	0.963414	-1.556445	2.623293	-0.199144	0.994493	-0.408715	-3.385201	0.674549	-1.677903	-0.169702	0.279854
CCTGAACGATATATTC-1_1	3.225785	1.338614	-0.847962	2.967689	1.723478	3.158745	2.682982	3.379487	0.609275	2.733370	1.484022	-1.975389	1.089682	-2.181874	1.842959	0.825934	-1.602058	2.681595	-0.059127	-0.774253	1.943432	1.680381	-1.896569	3.344656	0.372119	0.612282	-0.404117	-3.283380	-0.072101	-2.582852	0.837344	0.799741
CCGGGCTGCTCCATAC-1_1	2.771429	2.351804	0.232921	2.580916	0.738298	3.320759	1.658120	2.649118	1.476190	3.797100	0.900542	-2.379806	0.056605	-1.836674	2.028558	0.576263	-1.394771	2.903214	-0.554392	-0.416807	1.178938	1.376420	-2.033357	3.198064	0.101469	1.407829	-1.103994	-3.355479	0.864670	-1.943227	-0.227545	0.089349
TACTTGTTAGTAGTCC-1_1	1.407436	1.130803	0.041366	1.740064	0.955122	2.530216	1.261110	2.368188	0.820478	2.193323	1.046394	-1.872725	-0.080153	-1.014687	1.697982	0.337416	-1.401158	2.600702	-0.349013	-0.387588	0.882480	1.294873	-1.740026	2.680412	0.861865	1.313956	-1.140638	-2.554888	0.450972	-1.807116	0.178593	0.369602
CCTAGGCGTAGCGATC-1_1	3.383067	-0.433880	-0.207946	3.629409	1.376578	4.976875	3.754815	3.930433	1.845449	4.210114	1.376810	-3.186979	1.131084	-2.218309	3.445260	0.319199	-1.884589	3.119382	-0.030541	-1.276863	1.759120	3.770364	-4.479066	4.346283	0.611034	1.749576	-1.524001	-3.507234	0.461867	-2.935193	1.803136	1.807632
CTGGCGCACAGGTCTG-1_1	2.382960	1.514953	-0.414548	3.266614	1.801165	4.304088	2.086199	4.521320	0.542443	3.499939	1.879708	-3.245818	0.481747	-1.050263	3.096582	-0.372254	-3.029233	4.433826	0.183983	-0.715127	1.276799	2.924834	-2.718751	5.030800	1.593075	2.209125	-1.607984	-4.551892	0.344399	-3.948568	0.405405	1.759573
ACTTATACTTACCCGG-1_1	-1.824225	-2.946276	0.219963	2.306471	3.172597	4.718101	3.565965	7.037913	-0.815470	-0.695683	3.565299	-5.089367	-0.627019	2.835518	4.522153	0.358402	-5.408015	4.698293	0.825676	-1.892719	1.876707	6.925271	-6.743944	7.712206	6.069481	6.311909	-3.404431	-5.989574	-2.376918	-6.419915	2.783351	1.520719
GAAGTCTCCCTAGCGA-1_1	5.708956	5.631766	2.494331	5.293372	1.592214	4.027539	2.412322	3.947540	3.196762	8.580472	0.116456	-4.832493	-1.509370	-3.649717	3.376754	0.410294	-2.389889	6.133054	1.303478	-0.124537	0.123594	3.291324	-3.133945	7.009148	-0.031574	3.389266	-1.873098	-7.703500	2.473652	-5.195566	-1.760495	0.910324
ACCGATGGTAGCATCG-1_1	3.557971	-5.149082	1.640152	5.248662	3.874922	7.312930	9.795132	8.437704	0.012177	2.782156	1.730289	-6.553249	0.106167	1.060511	6.038050	-0.228896	-5.560381	5.292980	1.694250	-4.218178	1.109416	9.887853	-9.280869	11.654739	3.863202	4.402271	-2.818841	-8.083900	-2.456270	-8.993583	3.868357	5.363091
CGAGTTTATCGGACTG-1_1	4.378794	3.819758	0.764731	3.692274	1.206898	2.437183	2.324500	2.091261	2.199955	5.351163	0.197275	-2.965031	-0.302712	-3.161271	1.780172	0.268483	-1.029502	3.377353	1.003105	-0.294929	0.742719	1.354188	-2.047456	3.211914	-0.432221	1.186743	-0.343668	-4.770113	0.874458	-2.306343	-0.389663	0.741114
CATAACGGACAGTCGT-1_1	3.700854	0.466617	-1.136978	4.929300	2.916010	4.656794	3.429730	4.895283	0.440807	3.759124	1.509486	-3.140197	1.534929	-2.273306	3.787905	-0.949090	-3.718736	4.341481	0.902445	-0.683912	1.425827	4.243052	-3.272672	5.679513	1.207065	2.389316	-1.396827	-5.156129	-0.176698	-4.893695	1.037723	3.579615
TGACGATGCACTAGAA-1_1	0.687522	-6.480430	-1.999293	8.966557	8.759828	6.018174	9.628569	10.245564	-3.715347	0.873457	2.509887	-3.226658	2.070590	1.684885	6.041988	-2.091731	-10.481396	4.223329	6.009196	-4.502427	0.605615	10.030795	-4.081102	13.370772	5.453964	4.497322	-0.882787	-9.731311	-5.066362	-12.023039	4.491226	8.516862
TAGGGAGCTTGGGATG-1_1	0.427869	-7.453410	-2.239433	9.494443	9.622400	5.960337	11.065672	10.328134	-4.006618	0.654326	2.583566	-3.214634	1.894988	2.379064	6.344768	-2.305208	-11.695913	3.946167	6.751833	-5.152950	0.461107	10.909183	-4.372930	14.304976	5.887766	4.793455	-0.634480	-10.440199	-5.391802	-13.059811	4.963631	9.377178
CATCTTACACCACCTC-1_1	-4.788042	-5.666090	-1.351569	0.008945	0.101325	0.641440	-1.061441	-1.847720	-1.534740	-3.401178	2.209715	-0.371308	-1.351059	3.509702	2.237448	0.310419	-2.066437	-2.538680	0.814572	1.349752	-0.029669	4.587903	-6.608303	-1.928706	5.386733	4.060125	-0.450227	-0.322281	-1.653731	-0.941858	5.936328	0.294312
GCGAGCGCATGCTCCC-1_1	0.858074	-2.958426	-1.063436	3.008749	3.017334	2.999757	4.190290	4.477295	-0.952125	-0.487769	2.438699	-2.342564	1.416712	-0.196180	3.114268	-0.201058	-3.286540	2.124818	1.359176	-1.492962	1.814313	5.197777	-4.389589	5.111585	2.955430	2.842160	-0.952066	-3.368112	-2.041451	-4.632637	2.843792	2.699426
AGGGACCGGCTGCGTT-1_1	7.274389	-0.220599	-0.152597	4.323529	2.892032	2.519116	5.888680	2.586461	2.011933	4.355550	-1.234680	-2.311482	1.607044	-4.548131	2.506102	-0.003699	-0.856558	1.432014	0.759212	-1.185839	1.449069	1.743621	-2.583692	3.005435	-1.847821	-1.447920	-0.448045	-4.008655	-0.681231	-2.880461	1.285499	2.295770
CCTATGAAGTGGTGCC-1_1	-4.315948	-7.859365	-5.658932	1.173189	1.615259	-1.305708	1.262063	-1.121410	-3.153982	-6.736454	5.090642	1.898777	0.109700	4.466100	4.154902	1.921648	-1.746298	-2.719602	2.343359	2.119526	3.074765	7.863302	-8.072940	0.059055	6.917092	6.629270	-3.615299	-0.093549	-3.014517	-4.532835	10.179431	2.727738
GCTTACGTAGTTAGTA-1_1	-0.482457	-5.497652	-2.482621	1.864378	3.969224	-0.235385	4.856633	3.691091	-3.511287	-6.874527	6.313060	-1.827364	1.553626	0.195925	3.206298	1.464403	-2.429237	0.934177	2.182203	-0.424160	4.330388	8.393619	-8.240336	5.181663	6.513648	6.214423	-2.518873	-1.369216	-3.544217	-6.272510	5.930244	0.756695
CATACTTAGGCAATAC-1_1	-14.269986	-15.844009	-5.175788	-0.633070	1.502096	-4.415992	-2.903944	-6.328337	-10.465035	-16.973379	7.230795	0.892416	-5.717919	8.367040	6.262742	1.644133	-1.865650	-8.330069	0.825031	6.220275	4.069497	12.242106	-19.341175	-5.901146	19.736013	13.770034	-4.301103	0.595728	-2.149086	-3.719270	15.585153	-2.364002
CCTGTCCCTCACGTTA-1_1	-0.100819	-4.760290	-2.068490	2.926174	3.184101	2.501008	5.268991	3.426918	-1.050486	-2.265196	2.265833	-0.903985	1.573631	1.485467	4.450645	2.486917	-3.306104	1.120305	0.853463	-0.378292	2.225123	6.722073	-5.683878	4.922915	3.065664	6.121404	-2.884548	-2.780164	-1.945051	-6.060577	4.683646	4.279757
CAATGTGCCAACCCTT-1_1	-10.275102	-11.293661	-9.387093	0.355560	1.036535	-2.370596	-0.881326	-5.815065	-4.487320	-8.866824	3.452358	5.492595	-3.202670	9.229358	6.795897	1.610037	-2.938756	-6.197367	1.363068	4.513132	2.167928	6.957619	-11.127204	-3.835141	12.365845	10.207672	-4.227790	-1.307697	-3.616282	-4.532506	15.880862	6.247271
GACCGTTACATGCGAC-1_1	3.003996	-4.938118	3.292749	2.272932	4.915354	1.563354	8.971771	3.838513	0.494920	4.278930	-3.469578	-1.935632	-1.346287	-0.602398	-0.135356	-1.018449	-5.071661	1.602719	3.451746	-5.648002	-1.565430	3.447744	-2.429839	6.851869	1.677963	-0.501299	-2.070914	-3.940855	-0.314611	-7.603557	1.432361	5.757677
GGTTCGGATTATACTA-1_1	3.162298	-7.029084	5.713043	3.013272	6.006546	1.663495	11.989568	5.621795	1.289731	7.631903	-5.816386	-2.924786	-2.572727	0.329320	-0.376692	-2.927140	-7.942944	2.526847	6.976298	-7.864155	-3.773982	6.282298	-2.869635	10.666639	2.737114	-0.630876	-3.364543	-6.930069	0.880586	-11.588357	1.133787	9.494404
CCTCCTGAGCCCACAT-1_1	6.865921	-9.182775	4.370919	6.007539	12.900801	2.308138	18.476645	8.534128	-0.911973	7.320426	-5.612005	-2.881843	-1.860918	-2.390060	0.049596	-1.764321	-12.182131	3.575297	6.226106	-11.554418	-1.965805	5.189147	-2.899279	13.889231	3.697106	-0.645360	-3.484663	-8.423886	-2.167577	-16.093111	2.860221	10.904513
CCGCGATTTGGTAGGT-1_1	6.062168	-9.315578	5.272052	4.870545	11.712245	1.761468	17.008154	8.038770	-0.733950	6.857142	-5.613812	-3.066432	-2.272858	-1.943169	-0.722635	-2.015716	-11.112556	3.142850	6.525302	-11.163912	-2.242167	5.089454	-2.838582	13.101220	3.742415	-1.026556	-3.529507	-7.202372	-1.633912	-15.064867	2.662723	9.997368
AATCTCTACTGTGGTT-1_1	5.304981	-8.031124	4.538186	3.987818	10.064509	1.853644	14.939306	7.716639	-0.295468	4.641723	-4.483735	-2.945391	-1.818883	-1.649270	-0.590232	-0.835060	-9.251060	2.899835	4.442039	-9.185568	-0.532527	4.281070	-3.658708	11.085437	3.326494	-0.654023	-3.466755	-5.646503	-2.042812	-12.269664	2.233234	7.274092
ACTTTGACTGCATCCT-1_1	5.305587	-6.592096	3.920313	4.214380	10.103208	1.984746	13.762486	7.730460	-0.629995	4.285968	-3.829533	-2.957875	-1.598370	-1.899805	-0.196375	-0.394503	-9.127147	3.485392	3.739388	-8.150528	-0.470532	3.575143	-2.759402	10.931444	3.356049	-0.249457	-3.334522	-5.939716	-2.184070	-11.942854	1.554965	6.323931
CCCTGACTAACAAATT-1_1	0.615159	-2.639613	-0.854550	5.705436	8.538708	3.743830	5.518152	10.041330	-3.884670	-1.402058	2.405805	-2.828377	-0.681800	1.598890	2.194071	-0.246541	-9.329695	5.483204	1.650796	-4.093839	3.195217	4.677217	-2.964671	9.676415	5.931454	3.583631	-1.806520	-7.687763	-4.633768	-9.042433	1.196775	2.974859
ACGCTGTGAGGCGTAG-1_1	4.723449	-2.690811	2.389192	3.618551	6.783571	2.728838	9.106831	5.922825	-0.217877	2.765361	-1.999901	-3.019089	-0.832931	-1.641303	1.079835	0.842768	-5.778692	3.523105	1.156101	-4.149929	0.127285	2.501361	-2.002504	8.269927	2.183190	0.479785	-2.543207	-5.620615	-1.972976	-8.261522	0.194827	3.428335
GCATACGAGGTCTTTA-1_1	6.722355	-5.087512	2.555736	4.264699	9.345811	2.979840	12.956605	6.889512	-0.039165	1.284717	-1.844267	-3.214943	-0.809729	-2.954417	0.843555	1.810236	-7.101051	2.656351	0.379757	-5.228443	2.185118	2.868338	-3.982013	8.743007	1.997973	0.005594	-3.738436	-5.005165	-3.820781	-8.906945	1.516908	2.884015
TCGGGATTCAAACATA-1_1	6.804765	-5.902879	2.889336	3.828727	8.914437	1.241272	13.256681	5.398597	0.368328	3.487195	-3.378286	-1.862564	-1.082189	-3.574066	-0.069970	0.360626	-6.791861	0.778945	2.081556	-6.909471	1.103730	1.772417	-2.864158	7.224359	0.837065	-1.334378	-3.253987	-4.083001	-2.501866	-8.408899	2.072846	4.274184
GGGCCCTACGAAAGGG-1_1	3.517492	-1.269991	1.453719	2.677830	4.792436	2.743395	6.946402	4.772799	0.301273	0.929418	-0.376799	-3.357105	-0.297865	-1.373125	1.921517	2.115547	-4.638634	3.276263	-0.648365	-1.803972	1.701839	2.211874	-2.750593	6.356864	1.876377	1.722745	-2.668383	-4.685740	-2.386084	-5.506916	0.610636	0.680815
CGCCAAGAAGCCGAGT-1_1	2.092430	-0.470911	0.873440	2.385230	3.656412	2.096025	4.244294	4.315691	-0.334505	1.267442	-0.104364	-2.405043	-0.322891	-0.488182	1.427758	0.807622	-3.780226	3.091960	0.345255	-1.639383	0.701651	1.742833	-1.373806	5.376647	1.867331	1.283305	-1.554456	-4.087869	-1.435007	-4.837011	0.031458	1.376874
GGTACATCTGGGACGA-1_1	7.296228	9.409101	1.812154	3.869340	3.527348	-0.884440	2.790225	0.511459	1.768500	8.399372	-0.015789	-6.096943	-1.632088	-5.626195	-0.181172	0.149098	-1.522850	4.231632	4.438404	-0.284132	0.811242	0.231261	-0.974507	2.543825	-1.251370	0.623258	0.984909	-7.119164	-0.840184	-3.725272	-0.025075	0.998181
GGATGCTGGCGTTCCT-1_1	4.997926	-3.356745	1.660864	2.725083	5.136621	0.736307	8.087945	3.156118	0.464406	2.371823	-1.975257	-1.343946	-0.109524	-2.753036	0.575446	0.194988	-3.693135	0.090881	1.499714	-3.829263	0.948623	1.244136	-1.752098	3.935798	-0.174854	-1.060743	-1.872824	-2.650516	-1.557813	-4.804684	1.414238	2.759037
CCGATTCGAGGGACCC-1_1	5.226625	0.473276	1.623775	2.768698	2.900599	2.160073	4.973351	3.029747	1.113645	2.642689	-0.959190	-3.436125	0.020881	-3.141252	1.870470	0.726023	-1.926106	2.104729	0.223099	-0.753971	1.060439	1.400522	-1.799491	4.227183	-0.221664	0.286348	-1.643719	-4.008575	-1.140011	-3.628399	0.113819	0.830695
CCACTGGTGGCTGGTT-1_1	3.344706	-2.534366	1.209986	1.771992	3.568596	0.877710	5.799572	2.625718	0.628822	1.897606	-1.412855	-0.792448	-0.103670	-1.854543	0.305945	0.472332	-2.376385	0.203533	0.772182	-2.932390	0.750740	0.736940	-1.505781	2.900920	0.109177	-0.889539	-1.324817	-1.663405	-1.058157	-3.417561	0.994698	1.806391
GACAGGCACACACTAT-1_1	5.088462	-2.716757	0.893313	2.941389	4.486903	0.328673	7.875872	2.750094	0.627615	2.312012	-1.641238	-0.476002	0.530313	-2.877177	0.935099	0.765716	-2.654037	-0.286233	1.133791	-3.629676	1.884805	0.452601	-1.670319	2.887623	-0.980696	-1.471891	-1.501842	-1.957742	-1.151980	-3.909917	1.556279	2.368968
TCAACGCGACCGGCAG-1_1	7.263485	-2.438857	1.251350	3.895377	5.515477	-0.446815	9.808908	2.513932	0.773257	4.064567	-2.444353	-0.824117	0.316869	-4.175625	0.892311	0.155435	-3.304652	-0.393211	2.334678	-4.427547	1.590732	0.260081	-1.446123	2.941888	-1.921693	-2.100640	-1.988604	-2.951384	-1.585371	-4.261129	2.178098	3.066700
CTACGACTAGCTATAA-1_1	7.931738	-4.400155	2.470241	3.907647	6.552624	0.067570	11.932747	3.712887	1.197157	4.593457	-3.318547	-1.167908	-0.155515	-4.512073	0.769831	0.054261	-4.373707	-0.112406	2.583010	-5.930826	1.604834	1.035474	-2.349409	4.295452	-1.349920	-2.282141	-2.775094	-3.166795	-1.688529	-5.665569	2.434808	3.591611
CGGTTGACCTGGCATA-1_1	7.116292	-4.232851	2.192211	3.626029	6.562358	0.965770	11.513345	4.050375	1.102024	3.934966	-2.899601	-1.308593	-0.065018	-3.954817	0.880197	0.641543	-4.451675	0.397761	1.592681	-5.795235	1.642152	0.899612	-2.169532	4.713846	-0.673706	-2.002063	-2.405198	-3.348826	-1.688703	-5.996449	1.947759	3.555707
ATCCTGAATCGCTGCG-1_1	6.065929	-0.574787	1.672029	3.583328	4.208985	3.787873	8.117534	4.602431	1.149975	2.937297	-1.489034	-3.806262	0.493138	-3.344660	2.740811	1.579807	-3.251098	3.396186	-0.997745	-1.713115	1.210450	2.074649	-2.739779	6.375835	0.090915	0.635114	-2.182747	-5.309798	-1.861277	-5.288321	0.483953	1.446057
GTTTCATATCGTCGCT-1_1	3.207365	-1.862950	1.436564	3.034826	4.337398	3.712183	7.338945	5.522139	0.404205	1.226859	-0.258108	-3.516247	0.176040	-1.477257	2.432659	2.179389	-4.114422	3.874076	-0.880413	-2.084517	1.561042	3.062043	-3.567589	6.889300	2.150758	1.987514	-2.494609	-5.058709	-2.493442	-5.439338	1.047777	1.353517
ATAAATATTAGCAGCT-1_1	-1.754053	-3.800155	1.414072	1.850964	5.954293	5.900530	7.119278	9.987864	-1.029360	-3.292525	5.106257	-8.385612	-1.991312	2.129421	5.388753	3.628692	-7.934703	8.620828	-1.288228	-2.941116	4.377843	9.417880	-11.381114	11.279766	10.712950	10.342260	-6.630880	-8.840614	-4.694475	-10.407031	4.225967	0.402048
AAGAGGATGTACGCGA-1_1	-10.035568	-12.870514	-0.998845	-2.077454	0.824304	-2.479091	-0.135959	-1.171882	-9.487544	-12.547877	7.717688	-5.843456	-3.803695	3.959846	7.333211	5.058286	-0.026448	-2.259848	-0.138599	-1.359768	5.297810	12.131750	-19.516712	-2.299513	17.281940	11.505985	-4.820997	2.859560	-3.431964	-6.953322	12.374704	-2.796349
TCCTGCGTTGATACTC-1_1	-9.862973	-15.811308	0.022573	-4.518540	0.762561	-5.884365	-0.491204	0.834976	-13.960659	-18.158892	12.931044	-10.627827	-3.919037	2.446070	9.149921	7.756890	1.620720	-2.861751	-0.321663	-2.148849	10.776520	17.032576	-27.220215	-1.327446	23.361738	16.717981	-5.746225	5.071192	-2.794578	-9.463394	13.503919	-7.179434
CGTGCATTGTCGACGC-1_1	-8.183859	-12.628817	-0.042812	-3.862405	0.345929	-4.724832	-1.166883	-0.590062	-10.314404	-13.671338	9.489218	-7.043921	-2.466444	3.137938	5.791713	5.719315	0.806602	-3.732582	0.893910	-1.010596	5.934936	13.586056	-20.028608	-2.076158	16.925207	11.456981	-3.253743	4.588560	-2.979831	-6.654640	10.931029	-5.149571
CCGGGTTCGAGGTTAC-1_1	-9.541804	-14.003058	-0.228596	-3.397698	0.243185	-2.885339	-1.525012	-0.662469	-9.454246	-11.970240	8.817335	-4.241154	-3.033904	8.638551	9.048318	-0.699842	0.168643	-7.306546	1.349866	0.083105	6.854256	13.446490	-20.410706	-1.932058	15.522682	7.751351	1.424419	-0.162852	1.097462	-8.737922	8.754142	-2.219688
CCCAATTTCACAACTT-1_1	-7.415704	-10.208840	-0.288442	-0.290741	0.561019	1.095264	-1.299299	-1.015901	-4.491936	-5.313356	5.412964	-2.689760	-2.378462	5.327921	5.776564	-1.491383	-2.115243	-3.622291	2.258817	-0.551161	3.410276	9.171103	-14.465112	-1.665326	11.612833	3.995611	1.573789	-1.952500	-1.090082	-5.745907	7.948263	-0.341690
TGATTTATTAGCTGTG-1_1	-0.490288	-1.096576	-0.057790	0.064091	0.273669	0.419416	0.417575	0.480279	-0.165459	-0.574100	0.858400	-0.710031	-0.141677	0.364710	0.761107	0.249770	-0.401171	0.197820	0.151768	-0.205176	0.738468	1.348694	-1.898593	0.473183	1.218645	1.015412	-0.421871	-0.314045	-0.276407	-0.989255	1.037135	0.046343
GCAGCACACAGCCCAG-1_1	-9.937505	-12.165539	3.615791	-1.366656	0.089280	0.837292	-1.347338	0.358423	-5.157995	-8.471906	8.990915	-7.861625	-3.289469	4.845229	5.682261	1.226770	-2.614166	-3.181361	1.635269	-0.662477	2.744731	12.895474	-20.042356	-1.058091	15.088617	9.826181	0.325930	0.064469	-2.035090	-5.375888	8.438744	-4.644339
CAGGCCGTTTGGGTGT-1_1	-10.067928	-12.397097	1.942325	-1.949579	1.264427	-1.944639	-0.843273	-0.670032	-8.183089	-12.138700	10.060991	-6.733079	-3.330322	2.075203	4.314214	2.263153	-1.186044	-3.306217	1.981936	0.588769	4.187790	12.528398	-20.166798	-1.338069	17.713558	11.025383	-1.761230	2.440200	-2.626425	-5.777086	9.872592	-5.897615
AACTCAAGTTAATTGC-1_1	-8.202857	-12.072443	1.168633	-0.820917	2.985440	-1.090377	3.102624	3.355941	-8.447020	-14.024951	12.451057	-8.558678	-2.830152	0.709894	6.236782	2.399363	-2.307882	0.819183	1.708951	-0.508192	5.809454	15.552381	-22.888708	3.936391	19.606234	15.167546	-5.823890	-0.113764	-4.619211	-7.776267	10.675793	-6.033285
CTTCGTAGATAGGTGA-1_1	2.879573	-1.850982	0.695615	2.225189	2.770897	3.029143	5.605458	5.047122	-0.537505	-0.941112	2.424352	-4.409794	0.527478	-1.690376	2.689685	2.057604	-2.395015	3.661052	-0.963067	-1.466970	3.097988	5.244576	-6.534940	5.816312	3.552363	3.988026	-2.892885	-3.708411	-1.844589	-4.327891	2.098446	0.073905
TGCAGAGTACCGAGCA-1_1	1.388940	-2.704946	-1.358053	0.573564	1.221883	0.551669	2.244645	2.370670	-1.270139	-1.763804	4.279566	-2.398234	1.152414	-1.085747	1.492912	2.202234	-1.152168	1.291445	0.767097	-0.974357	3.553750	5.425534	-5.469444	2.322469	3.058603	3.328196	-1.984372	0.016427	-1.289977	-3.397605	3.979054	-0.492556
GAAGTGATTTATCGTG-1_1	-6.604401	-11.472506	-2.028311	-1.432786	-0.048117	-1.547148	-2.579494	-2.625948	-5.549934	-8.798304	6.904350	-3.539985	0.441937	4.108357	1.996037	6.447657	-3.044868	-3.950129	2.772947	0.727652	1.919042	13.179257	-14.765568	-4.371254	10.777396	8.104604	-2.668321	4.452548	-5.007233	-3.840650	12.438359	-1.920431
CGCTACGGGACATTTA-1_1	-5.340012	-9.218346	-1.275442	-1.351066	-0.614408	-0.827390	-2.662272	-2.435729	-3.776033	-5.704947	5.170892	-2.967651	0.655918	3.991673	1.685460	5.293673	-2.663263	-3.661134	2.609499	0.095714	1.210644	10.582199	-11.592982	-4.097026	7.777286	5.392507	-1.020948	3.764225	-3.790211	-3.264307	9.833315	-0.842844
CCACACTGAGATATTA-1_1	-5.438040	-8.811932	-0.801324	-0.033751	0.162415	0.627096	-1.931090	-1.239893	-3.010136	-5.062311	4.866005	-2.231214	-0.116702	4.760971	3.084093	1.669799	-2.667176	-3.150320	2.201890	0.234801	1.342923	9.408051	-11.115105	-2.616825	7.450523	4.352623	0.096728	0.465884	-2.662658	-3.331411	7.824857	-0.761771
CGATCCGACCCAGTGC-1_1	-7.092762	-9.464972	-0.836721	0.457584	-0.389695	1.747169	-2.952045	-2.690315	-2.094116	-3.616153	4.061584	-1.493212	-0.506878	6.238369	3.114092	1.244467	-3.532425	-4.332019	2.731565	0.519928	0.360999	9.035014	-11.028109	-4.164051	7.281383	3.332871	1.182070	0.197470	-2.454849	-3.052469	8.710401	0.446134
CGCTATTCTTAGGCTC-1_1	-6.321127	-6.923661	-0.615009	0.559670	-0.502210	3.612532	-0.790087	-1.459422	0.827619	-0.099534	2.341317	-1.677105	-2.130493	5.243944	3.918555	0.067542	-4.092409	-1.773845	1.069695	-0.180021	-1.393378	5.448508	-8.353374	-1.507789	5.964760	4.786896	0.625951	-1.986754	-2.318310	-1.825086	7.751306	2.612408
TGGCAGCAGTAATAGT-1_1	0.381485	-2.241698	-0.313590	1.845996	0.628996	3.657511	3.078857	2.294571	0.678165	2.546432	0.625576	-2.084419	0.764131	0.061383	2.958465	0.261171	-2.308148	0.991608	1.131046	-1.825428	-0.065784	3.652607	-2.860167	3.179635	0.955028	1.652737	-0.556978	-1.926446	-0.821945	-2.827478	2.878479	2.947511
TCACGTGCCCGATTCA-1_1	-5.122436	-7.192011	-1.703086	1.215042	-0.147350	5.878780	1.426320	0.962437	1.508777	1.942597	4.170470	-3.135949	0.087932	4.814122	4.794934	1.011063	-4.981727	-0.752288	3.043205	-2.080380	-1.545070	7.579615	-8.392217	1.576049	4.528288	4.885661	-0.517719	-0.915742	-3.417249	-3.691701	9.801277	4.746623
CATACGGCGTCTGGGC-1_1	-4.844136	-7.851163	-2.511116	1.910380	0.759231	6.238433	2.750060	1.783278	1.637129	2.202546	4.530960	-2.541311	0.498108	4.709387	5.845295	0.454150	-5.990849	-0.564035	3.733561	-1.787134	-1.402494	8.666686	-8.424605	3.283946	4.773209	5.527608	-0.218430	-2.083072	-3.862830	-5.180183	10.131423	6.793467
TCTTCGAATAGACGTT-1_1	-6.500262	-10.182761	-3.814857	1.542374	-0.008037	5.990237	1.042487	-0.334737	2.424170	2.313314	5.264484	-1.433380	-0.779153	7.762272	7.460031	-0.641977	-6.314916	-2.816643	4.232084	-0.984431	-1.730721	9.127653	-10.738383	1.571089	6.298879	6.414859	2.348839	-3.032546	-4.012525	-4.755375	12.880656	8.288428
GATCGTGACTGATATC-1_1	-10.373240	-12.445090	-2.766548	2.749287	-0.063467	7.640983	-0.211544	-3.209774	2.794418	2.445604	4.916350	0.008801	-3.400977	10.051564	7.417494	-3.020928	-8.056129	-4.506548	4.509087	0.575797	-2.535986	8.667190	-14.026500	-0.782126	10.420395	8.187611	3.897958	-5.429311	-2.893809	-5.145735	14.667054	9.355071
GATCCGGGAATTAACA-1_1	-12.296234	-14.734623	-5.740510	1.279382	-1.402662	6.019298	-3.043452	-6.128759	3.074603	1.649687	6.096517	1.412873	-2.235122	12.308751	7.818913	-2.223639	-8.416249	-8.935798	6.099131	1.673226	-2.504424	9.544930	-15.280753	-4.435543	10.514856	7.330817	5.759679	-3.119106	-4.659052	-4.120229	19.270565	10.206099
TTATATACGCTGTCAC-1_1	4.686978	-5.787673	-1.869935	5.740773	4.594062	5.445538	8.328047	3.315893	1.675257	5.802837	1.309611	-1.696494	2.299823	-2.261749	4.348224	-0.490336	-4.556899	0.411463	4.987289	-4.424561	1.298895	7.409482	-5.242907	6.208930	0.308399	-0.500119	1.116800	-4.549496	-1.773751	-9.095431	6.102173	10.534647
GTCGCGTAACCCGTTG-1_1	-3.116446	-4.852164	-2.409938	0.228215	-0.185916	1.734490	-0.901615	-1.506762	1.195277	0.567101	2.070738	0.778032	-0.345175	4.032467	2.943018	-0.467597	-2.865857	-2.802518	1.968375	0.835447	-0.651705	3.695998	-4.941157	-0.901027	2.915160	2.334650	1.809190	-1.297269	-1.620829	-1.773007	6.185397	4.133921
AGCTCTAGACGTTCCA-1_1	0.507088	-9.148416	4.191267	6.118048	4.221227	10.128602	12.908170	8.891190	1.486759	11.649388	-5.135791	-9.725178	-4.572978	11.168499	9.749177	-2.607051	-14.054040	5.174078	9.567806	-9.429926	-10.005816	16.645926	-8.848588	19.692568	6.612067	7.478262	-2.656078	-17.132147	0.013038	-18.199791	5.602282	19.494093
GTCAAGCGGACTCGGG-1_1	2.931799	-1.981647	-1.300636	3.616394	2.107978	4.835385	4.324704	3.054258	1.445726	3.974218	0.668462	-2.024501	1.837727	-1.578900	4.004198	-0.231760	-2.966813	2.188244	1.436429	-1.370642	0.585507	4.778659	-3.988911	4.368398	0.220116	1.446212	-0.543267	-3.319037	-0.570400	-4.736970	3.181139	4.954553
CGAGGGACTGCGGTCG-1_1	3.969881	-0.584319	0.422403	4.534509	2.194707	4.494431	5.640649	3.107864	1.335247	5.143720	-1.036963	-2.655812	0.770771	-2.166121	3.220752	-0.603557	-2.647177	3.377037	1.122672	-1.913009	-0.555405	3.376268	-2.580215	5.634895	0.242171	0.750720	-0.743083	-5.027870	0.312734	-4.533558	1.305847	3.897912
AATCGCCTCAGCGCCA-1_1	4.725463	0.105165	0.571626	4.700703	1.841808	5.079564	5.214348	3.621123	1.742040	5.390381	-0.602668	-2.904660	0.824851	-2.941423	3.047395	-0.110004	-1.961771	3.829578	0.299391	-1.505916	0.424969	3.079461	-3.325572	5.422542	-0.071164	0.706591	-1.315105	-4.788145	0.293647	-3.925521	1.149220	2.693565
CTTGTTGCTGAGTCAA-1_1	8.463153	14.874425	1.234845	6.513780	4.214508	0.242906	3.474297	2.086033	2.873093	13.043374	1.282086	-7.721898	-1.946777	-6.688901	0.298794	-0.047514	-2.951325	8.266106	6.334125	-0.776528	0.738332	-0.117149	-0.777555	4.482746	-0.747242	1.023526	2.176736	-11.557864	-0.430206	-5.272954	-0.433313	2.391531
GATATGAGACACTAAC-1_1	13.153982	21.235666	4.145708	8.225391	6.033958	-0.073055	4.634724	0.591214	4.404811	17.781042	1.716741	-12.418724	-4.473831	-10.126830	-0.012262	1.151936	-3.447111	10.489584	9.065437	0.190342	1.450683	1.651896	-3.498630	6.875413	-1.577450	3.917506	2.189893	-16.755751	-0.001165	-9.345297	-1.438818	1.841384
TTATGATCTTAACGAA-1_1	7.949678	12.581261	2.925446	5.667364	3.106126	1.550988	2.538925	2.414697	3.596830	11.111072	1.406201	-7.535314	-3.021080	-5.618962	1.441261	1.036964	-2.608553	7.425821	4.846976	0.315938	1.042317	1.763839	-2.512639	6.207671	-0.261301	3.144478	0.433141	-11.002522	0.966594	-6.498021	-1.951611	0.543182
CGCCGCCCATGCCTGT-1_1	5.087261	5.162536	0.410285	4.219667	1.683549	2.400432	2.588876	2.218848	2.190433	5.898202	0.784000	-3.602028	-0.334099	-3.500866	1.620759	0.234088	-1.299664	4.164705	1.571460	-0.210502	0.972338	0.921793	-1.892964	3.337834	-0.442671	0.826080	0.319316	-5.770001	0.438159	-2.846989	-0.225137	0.974162
CTGGGATAAATAATGG-1_1	2.833432	1.839463	0.274628	2.848236	1.674490	4.196145	2.922068	3.699625	1.289969	3.690443	0.684779	-2.916623	0.078081	-1.864839	2.725764	0.442916	-2.241386	4.284301	-0.592657	-0.590930	1.090544	2.017496	-2.664982	4.640465	1.004198	1.974829	-1.721090	-4.336648	0.434136	-3.634138	0.165741	1.126386
GTGCCCGTTCGGATTC-1_1	2.634505	2.543183	-0.977078	3.418799	2.106705	3.453331	2.476549	3.853895	0.613589	3.007660	1.993892	-2.356314	0.523963	-2.283233	2.035341	0.608791	-2.443558	3.979399	-0.036376	-0.458322	1.810208	1.400855	-1.761881	3.982747	1.084884	1.430557	-0.792848	-4.207834	-0.224903	-3.053284	0.543218	0.918159
TTCAATACTCTGAATC-1_1	2.498473	0.068614	0.088862	2.209721	1.892604	2.649656	3.097137	3.099991	0.243466	1.827886	0.514528	-1.789015	0.615431	-1.457673	1.649977	0.678290	-1.681846	2.308911	-0.254798	-1.157293	1.052032	1.548143	-1.493018	3.436318	0.525219	0.422672	-0.595650	-2.918484	-0.647386	-2.717102	0.592833	0.993662
CGCACATGTCCACTAC-1_1	6.378441	10.114361	0.834639	5.482884	2.382425	1.827973	3.205818	2.197162	3.348674	9.492930	1.226392	-4.950330	-1.187829	-4.950889	1.418299	0.477683	-2.202496	6.655545	3.877639	-0.293188	1.015593	0.419943	-1.453853	4.056980	-0.270862	1.554493	1.257165	-9.052474	0.373215	-4.402480	-0.799615	1.261199
AGAAGAGCGCCGTTCC-1_1	0.375196	0.653019	0.026990	0.277979	0.262682	-0.175165	0.198886	-0.008099	0.117075	0.586457	0.046385	-0.319862	-0.113768	-0.326783	-0.004479	0.032851	-0.149206	0.105098	0.468734	-0.045789	0.110605	-0.010158	0.082840	0.162934	-0.119096	-0.086069	0.075840	-0.390196	0.068850	-0.238462	0.075998	0.157916
GATAACTCGCACTGTG-1_1	17.482195	33.843670	3.984142	8.990412	11.324600	-9.252703	8.958852	-4.082415	2.528371	30.123344	-2.156808	-14.975993	-5.578123	-15.719011	-6.847765	-0.556731	-4.921704	11.572112	16.374672	-5.806005	0.100602	-3.638864	2.590074	1.272461	-5.932843	-2.175762	7.434151	-18.292021	-3.580136	-6.142988	3.591339	5.350437
AGTCGACGGTCTCAAG-1_1	5.262510	11.401020	1.818442	4.979787	2.626511	0.020735	2.476468	1.075656	3.398005	11.062466	0.694603	-5.166189	-2.591234	-4.176455	0.682495	0.372717	-2.466545	6.440152	5.506246	-0.856186	-0.091144	0.711466	-0.496360	4.123404	-0.134300	1.495655	1.597222	-9.358246	0.912858	-4.181969	-1.223753	1.446620
GTGACCGCACACTACG-1_1	1.553239	1.598478	0.778902	3.203097	0.556697	3.599811	1.440618	3.272801	1.248783	5.193563	0.214330	-3.034781	-0.244809	-0.628136	3.159766	-0.449444	-2.458482	3.573217	1.419251	-0.705030	-0.959498	2.795844	-1.734348	5.095264	0.955106	2.149930	-1.539536	-4.299072	1.424375	-3.500856	-0.100537	2.095929
GTATGTGGGTCTAGTT-1_1	2.591437	0.726622	0.369160	2.422349	1.118109	3.245688	2.732450	2.740793	0.916581	3.093358	0.153884	-2.343116	0.468054	-1.472515	2.115101	0.261158	-1.578259	2.889955	-0.336905	-0.810607	0.627163	1.977412	-2.194138	3.500354	0.411944	1.325711	-1.227959	-3.140137	0.292213	-2.591816	0.281725	1.060718
CTTGAGTTAGGGTAAT-1_1	4.866340	7.895171	0.916506	3.745561	1.643697	0.546707	2.399598	0.635296	2.823819	7.382131	0.672868	-3.686333	-1.010829	-3.966714	0.476525	0.538788	-1.363902	4.264335	3.607233	-0.170050	0.880454	0.400713	-1.135624	2.159956	-0.402626	1.193402	1.168658	-6.431129	0.330593	-2.903655	-0.296814	0.871631
TTAGCTGATTTGCCGT-1_1	6.150893	4.093803	0.132992	4.441313	1.557035	2.277552	3.119222	1.757327	2.757757	6.647954	-0.047203	-2.778565	0.531543	-4.296804	1.757507	0.028820	-0.639446	3.184700	2.177064	-0.569099	1.146074	1.562183	-2.302053	2.550324	-1.208270	0.043277	0.576744	-5.270888	0.562540	-2.612406	0.371470	1.552745
GCTGTTGCTACCGAAC-1_1	3.999645	-1.588588	-0.166078	3.234113	1.933214	3.420466	4.688963	2.515593	1.453624	3.164080	-0.548888	-1.546477	1.622279	-2.525345	2.274726	0.460300	-1.069834	1.501211	0.462282	-1.304518	1.073092	2.891202	-3.162345	3.325522	-0.488599	-0.189054	-0.430160	-2.786247	-0.416959	-3.079855	1.783314	2.575765
CCATCTCACCAGTGAA-1_1	-5.831673	-6.598717	-0.582627	0.071297	0.242395	1.136643	-1.120003	-1.555405	-1.900695	-3.575082	3.554331	-1.379860	-1.538155	3.369212	2.737008	-0.361615	-2.146187	-2.749137	1.427732	0.896276	0.673621	5.209021	-8.547611	-1.785340	6.944997	4.343764	0.286521	-0.275308	-1.424613	-1.886534	6.359683	-0.278602
CGCACGTGCGCTATCA-1_1	-11.426859	-11.881691	-3.034580	-0.681026	0.525581	-0.173727	-3.243198	-4.985115	-4.590967	-7.742069	6.222943	0.230433	-2.640317	7.915849	3.837324	-1.523672	-3.721395	-7.573161	3.748509	3.458232	1.587168	8.643376	-14.698567	-4.636664	13.042791	7.572199	1.449926	0.081461	-1.421493	-3.646186	12.047758	0.148288
ACCCGGATGACGCATC-1_1	-10.963731	-12.886292	-0.907738	-0.047456	0.903721	-0.473482	-2.852265	-3.816288	-5.437799	-9.580694	7.671570	-1.482590	-1.987747	6.893868	3.573721	-0.030908	-3.336679	-6.788626	3.961268	3.349729	2.098966	11.706433	-16.371754	-4.113204	13.260385	7.667520	0.949886	0.892942	-1.711968	-4.585146	10.993744	-2.010434
CGCTAGAGACCGCTGC-1_1	-12.787936	-14.488431	-2.610869	-1.221215	0.609770	-0.566063	-3.806769	-5.041725	-4.489964	-9.026574	8.830680	-0.039158	-1.937753	10.750062	4.559278	-2.489608	-4.516288	-10.090844	5.511103	4.482192	1.804287	11.721087	-17.771467	-4.646879	13.621898	8.800461	3.799795	0.242130	-1.011018	-5.082288	13.192445	0.153074
ATAGTTCCACCCACTC-1_1	-11.536924	-11.946027	-1.680167	-0.199065	0.253944	1.025156	-3.044217	-4.356755	-3.503326	-6.698866	5.698541	-0.551117	-3.490155	8.148881	4.687595	-2.019304	-4.048305	-6.906194	2.616052	3.197174	0.713434	8.526785	-14.776656	-4.338879	12.578951	7.595067	1.839025	-1.314673	-1.380779	-2.878027	11.037248	0.161966
GCAGACCCAGCACGTA-1_1	-12.807043	-13.326451	1.862342	0.284139	1.413409	1.272848	-1.631308	-1.835598	-5.012300	-10.389463	8.966992	-3.844802	-3.782874	7.858945	4.880861	-2.585481	-4.258815	-5.653677	2.491031	3.443753	2.152050	12.109010	-19.459326	-2.104665	15.438142	10.696033	1.063451	-1.842411	-0.481022	-4.642464	9.122270	-4.073874
GGTTCTACTCGTCTGA-1_1	-12.720037	-13.167510	-2.080489	0.055569	0.707922	0.407023	-3.286121	-5.053651	-4.648163	-8.398037	6.611690	-0.212182	-3.929382	8.018943	4.681229	-1.966836	-4.132964	-7.492573	3.089000	4.075923	1.524403	9.465699	-16.405890	-4.828607	14.743133	8.484768	1.435869	-1.116972	-1.410321	-3.467859	12.220613	-0.352936
AAGGATCGATCGCTTG-1_1	-8.433721	-11.279160	-6.240041	0.213818	1.661616	-2.044733	-0.488289	-2.957394	-5.558857	-10.011158	6.209293	1.892861	-1.015282	8.088428	6.058197	1.070435	-2.404660	-4.987846	2.718223	2.883444	3.492763	9.512388	-13.629164	-2.118567	11.814216	9.894582	-3.085102	-0.438139	-3.316889	-5.774804	13.397359	2.352800
ATATCGGTAGGGAGAT-1_1	-4.269713	-7.972052	-4.736299	1.080533	1.863877	-0.387137	1.703634	-0.292936	-2.702132	-6.215819	4.823250	0.954126	-0.470805	4.544468	4.546812	1.497671	-2.293078	-1.578471	1.766714	1.389490	2.736032	8.387688	-9.139756	0.730781	7.469155	6.559042	-3.590107	-1.266104	-3.303384	-4.948228	9.724133	2.618113
TTCCAGACGAGATTTA-1_1	-12.392060	-13.947069	-6.040118	-3.090569	-0.895438	-4.660296	-3.676884	-6.154887	-9.477965	-15.481022	5.204021	0.365640	-2.781550	9.474229	5.481951	5.408039	-0.918702	-9.132738	0.229134	4.209691	3.066109	11.240544	-15.836619	-6.897690	14.767859	13.420993	-4.423262	4.737892	-2.099005	-3.521527	15.174728	-1.517716
GACCGACGTGAAAGCA-1_1	-12.214395	-15.028687	-5.990331	-1.166773	0.156352	-4.042095	-4.609429	-7.155159	-8.835484	-14.120981	5.334497	2.160720	-3.732052	9.256486	5.655860	2.797665	-2.295951	-9.436692	1.432721	5.882672	3.639878	11.970728	-16.886898	-7.463728	16.122770	10.716614	-2.203646	1.272529	-1.768900	-3.837308	14.871293	-0.218370
CCTGGAAACGTTCTGC-1_1	-12.797035	-15.010361	-6.111420	-1.419029	-0.160854	-3.570532	-4.857597	-7.481825	-8.551855	-13.804019	4.887709	2.106842	-3.918439	9.421366	5.486876	2.877561	-2.596795	-9.586129	1.269721	5.787342	3.014215	11.557143	-16.746872	-7.833667	16.233492	10.989914	-2.245755	1.493422	-1.960135	-3.410437	15.297748	-0.163242
CCGGTAATGGCTAGTC-1_1	-14.092151	-15.929978	-8.901629	-1.014090	-0.268859	-4.069146	-5.729811	-9.148051	-9.094143	-14.862240	3.761916	4.592636	-4.997686	10.858094	6.765534	2.928346	-3.043301	-10.581420	0.231508	7.276847	3.431239	10.819775	-16.917614	-9.300375	17.891949	12.585578	-3.388880	0.304698	-2.042200	-3.012304	17.502943	1.599304
CACCACGCCACACAGA-1_1	5.247107	-10.302562	5.031909	5.153826	11.823159	1.756319	17.454277	8.023636	-1.295349	7.841587	-6.158278	-2.775909	-2.493751	-0.568011	-0.658695	-2.967658	-12.498656	3.199528	7.989315	-12.367532	-3.375448	6.506215	-2.944306	13.990549	4.098705	-0.635983	-3.358593	-8.098761	-1.241755	-16.356054	3.301061	12.072760
GAACCTCGACCTACAC-1_1	3.660456	-13.325174	13.334236	4.686631	10.359364	2.817301	21.041733	11.375289	2.949179	15.228090	-12.299803	-7.022650	-7.250248	3.669345	-1.437286	-6.892211	-15.862983	6.162996	15.684796	-14.730313	-9.103876	14.841108	-6.256410	22.903790	6.752214	-0.050897	-7.277287	-14.813230	3.436900	-24.183630	0.565015	19.289202
CAATACGCTCTGAGGC-1_1	5.302423	-10.411512	9.472173	5.060934	10.733895	2.589130	18.755102	9.882000	1.267424	10.798075	-8.838876	-5.568295	-4.611979	0.426211	-0.779706	-3.937174	-12.854648	5.629796	10.370453	-12.230886	-5.158261	9.589026	-4.799037	18.314985	5.317845	-0.215841	-5.469716	-11.232481	0.990088	-19.248007	1.086205	13.615454
TGGTAAGCAGGATTGA-1_1	4.955979	-8.968401	8.092514	3.973927	8.331066	1.254297	15.828251	7.681885	2.365355	10.149061	-7.412290	-3.766653	-3.795794	-0.781530	-0.882831	-4.030885	-10.130160	3.647541	9.216807	-10.215406	-3.872293	7.418277	-3.624334	13.602805	3.434395	-1.373261	-4.863103	-8.577997	1.267439	-14.665511	1.052286	11.012054
AGTGGCTCCGTCGGCC-1_1	5.556085	-6.976749	4.467133	3.223845	7.889834	1.192894	13.172080	5.396950	0.721545	5.742422	-4.732200	-2.296562	-1.721195	-2.230923	-0.562105	-1.458998	-7.217544	1.813702	4.459287	-8.028684	-1.191549	3.568879	-2.841340	8.631869	1.756286	-1.419796	-3.234089	-4.877060	-0.961200	-10.056226	2.034409	6.891616
GATCGGATAGAACCAT-1_1	10.428720	-11.423506	6.547915	5.535531	13.617537	-0.513397	23.145172	8.055916	1.247548	8.779536	-7.776526	-2.632516	-2.678858	-5.797379	-1.157226	-2.239120	-12.087946	0.701170	7.124311	-14.291974	0.299191	3.165545	-3.798390	10.897214	1.179819	-3.465509	-5.902423	-5.849690	-2.651603	-13.581278	4.387824	8.849665
GCTACAGTACGGACCG-1_1	6.189611	-6.951487	3.652114	3.576670	9.020452	0.899085	13.772386	5.538273	0.277270	4.535281	-4.135322	-2.126734	-1.408194	-3.074625	-0.354603	-0.620080	-7.585897	0.917863	3.476601	-8.033175	0.046444	2.461811	-2.738780	7.954265	1.486411	-1.261557	-3.303975	-4.292925	-2.077521	-9.402174	2.373899	5.676550
TCTATTACTAGAGGAT-1_1	2.630466	-3.610508	-0.313983	4.716245	7.452922	2.077421	7.595775	6.096767	-2.122236	0.728561	0.390351	-1.429741	0.009922	-0.551135	1.460457	-0.073560	-6.992179	2.203970	2.217265	-4.407219	1.155083	2.963998	-1.372594	7.170385	2.770536	0.915054	-1.193577	-4.773112	-3.009769	-7.521208	1.549098	3.815644
TTCAGGCGTCAAAGCC-1_1	2.150486	-2.043137	-0.101485	3.283635	5.446427	1.665531	5.149753	4.769406	-1.600128	0.518188	0.264316	-1.357038	-0.002359	-0.486534	1.042762	-0.070588	-5.131484	2.060936	1.333583	-2.917660	0.905417	1.908808	-0.805700	5.340216	2.099108	0.711015	-0.946970	-3.686925	-2.212462	-5.553316	0.739162	2.435898
AGACCGGGAAACCCTG-1_1	2.337405	-2.329348	0.761986	2.562195	3.945961	1.746562	5.701837	3.736228	-0.290223	1.820107	-1.003923	-1.257761	0.083884	-0.932758	0.795596	0.150714	-3.651953	1.431860	1.185594	-3.096990	0.184280	1.692208	-1.265666	4.588298	1.291378	0.039745	-0.937363	-2.976842	-1.349537	-4.699159	0.881529	2.819223
AGAGATCTCTAAAGCG-1_1	2.985479	-3.407791	1.171950	2.439222	5.146119	0.999340	6.922612	3.476500	-0.234311	1.696605	-1.327474	-1.028900	-0.388682	-1.428762	0.181098	0.068939	-4.305613	0.713839	1.621863	-3.813921	0.490782	1.614074	-1.525740	4.544790	1.121045	-0.313545	-1.475071	-2.587645	-1.619540	-5.329242	1.256793	3.065636
CCCTGCCCAATCCGCT-1_1	11.933398	-4.410991	2.398319	6.329726	9.190284	-1.857662	16.665026	4.166866	1.100393	7.209189	-4.625436	-1.197738	0.330393	-6.932414	0.763150	-0.409985	-5.884104	-0.898530	4.778826	-8.258871	2.573898	0.301587	-2.243628	4.375960	-3.353329	-3.962468	-3.509038	-4.275586	-2.605307	-6.838942	4.108054	5.420642
GTGGCGGTCCCAGCGT-1_1	2.371393	-2.446533	0.944052	1.480816	3.237026	0.394516	5.128829	2.160755	0.315438	1.286449	-1.071034	-0.449961	-0.035578	-1.363320	0.146140	0.407700	-2.367468	-0.046818	0.881328	-2.684390	0.807885	0.597474	-1.235000	2.455685	0.182328	-0.654956	-1.052697	-1.106785	-0.859871	-3.134119	0.991219	1.712561
GCATTGTAATTCATAT-1_1	3.551613	-2.570768	0.985915	1.976419	3.803599	0.060451	6.173666	2.168491	0.367954	1.726907	-1.302191	-0.231689	0.044723	-1.954713	0.303044	0.501001	-2.426769	-0.414919	1.114965	-3.127718	1.246471	0.328040	-1.324236	2.299028	-0.479184	-1.016007	-1.413998	-1.214676	-0.974707	-3.362843	1.296070	1.850734
CCGTTCCGAATCTCGG-1_1	4.176331	-3.744678	1.525292	2.408556	5.219588	-0.022015	8.232756	3.475030	0.380867	1.850872	-1.766046	-0.587800	-0.035611	-2.522471	0.145484	0.610552	-3.606610	-0.503956	1.517009	-4.294559	1.659652	0.419279	-1.896382	3.342811	-0.147024	-1.228784	-1.990887	-1.273576	-1.518984	-4.415111	1.726679	2.124920
AGCTTGATCTTAACTT-1_1	3.120182	-1.394395	0.707593	1.606475	2.289398	0.429335	4.300264	1.316164	0.610953	1.851727	-1.074714	-0.485440	0.184550	-1.762149	0.632266	0.213243	-1.316527	0.053972	0.839789	-1.985564	0.636841	0.506618	-0.819210	1.665875	-0.569394	-0.961837	-0.804794	-1.474172	-0.530089	-2.265482	0.805888	1.660415
CCTGTACTCACGCCCA-1_1	3.535076	-2.887655	1.947697	1.772731	3.992925	0.864446	6.648620	2.887384	0.621922	2.420628	-2.049247	-1.309959	-0.528267	-1.878728	0.136593	0.002857	-3.137352	0.784302	1.238899	-3.487862	0.233850	1.069888	-1.504236	3.762149	0.494232	-0.746558	-1.656169	-2.192393	-0.983752	-4.182051	0.960294	2.320846
AAGTGACGACCGAATT-1_1	4.356884	-3.375998	1.309605	2.846589	5.135664	1.291835	8.170160	3.949314	0.441396	2.119942	-1.740442	-1.289061	0.185695	-2.461703	0.615737	0.690252	-3.764359	0.425893	0.943179	-3.889561	1.275193	1.180036	-2.171283	4.404132	0.288063	-0.838643	-1.685182	-2.508924	-1.654018	-4.882622	1.393787	2.439076
CTCACTTGGCTGGTAA-1_1	12.130980	18.651022	3.773491	5.674510	7.226762	-5.610250	5.304567	-0.452467	2.032075	16.746153	-2.159326	-9.701360	-4.035651	-9.584280	-3.174700	-0.689082	-3.001247	6.490139	9.954201	-2.446604	0.202620	-1.332310	0.475992	2.311479	-3.459274	-0.796702	1.966079	-11.371754	-1.951160	-4.632267	1.059439	1.950322
CGCCTGGCCTACGTAA-1_1	5.075069	0.127459	1.355419	2.757045	3.144603	2.591197	5.533029	3.309515	0.928491	2.454526	-1.100755	-3.187667	0.295156	-2.989569	2.135861	0.983922	-2.283646	2.341621	-0.401510	-0.959716	0.991715	1.353568	-1.700730	4.580557	-0.195069	0.370669	-1.639537	-4.074847	-1.358210	-3.944577	0.186411	0.935623
CCCGTAAGTCTAGGCC-1_1	3.034407	-0.800724	2.241451	3.892433	4.274899	5.783600	6.649628	7.105896	0.593196	2.584987	0.301933	-5.852921	-0.692320	0.151845	4.003071	1.807951	-5.578477	6.818805	-0.210117	-1.543499	1.277094	5.806974	-5.439959	9.894281	3.630534	4.770370	-3.850842	-8.347557	-2.073615	-8.356439	0.770417	2.403914
TTGGACATGTGGCTTA-1_1	-0.743363	-2.030209	2.387620	3.046466	4.244723	5.832133	5.251092	8.900960	-0.013470	0.998925	1.909846	-7.232734	-2.109295	2.705068	5.182148	1.917211	-6.626938	7.004544	0.541022	-2.599560	1.277220	7.067543	-6.707522	11.130210	6.710574	7.239153	-4.586366	-8.925896	-2.567175	-8.807111	1.698595	2.030408
ATTACGCGCTGGCAGG-1_1	-10.173127	-13.364365	-2.572950	-2.242168	0.660191	-3.090004	-0.010345	-1.469877	-9.929806	-14.169567	8.444342	-5.806188	-2.448262	4.770496	6.659505	6.845004	-0.489933	-2.663479	0.472576	-1.052608	4.769433	13.378489	-19.287987	-2.574303	16.727524	13.813331	-6.671511	4.652993	-5.012091	-6.008432	14.633711	-3.300842
ACGCGCTACACAGGGT-1_1	-7.431242	-13.385907	-1.431113	-0.832146	3.712930	-1.356910	3.978908	3.757009	-8.684401	-14.125020	13.544331	-7.430622	-1.141550	1.022400	6.523833	2.994042	-2.080041	0.628032	3.192677	-1.485252	6.514414	16.731993	-22.471451	4.298836	18.616253	14.396214	-6.207622	1.371386	-6.243828	-9.591056	13.697965	-4.212375
TACGTTTACCGGCAAT-1_1	-9.681898	-14.027125	0.167167	-1.410726	1.163995	-1.567300	-1.736636	-1.074857	-8.458227	-10.971819	9.962461	-5.737813	-2.978643	2.484797	5.759446	2.224272	-1.060643	-3.984037	2.904277	-0.625652	5.067157	13.709818	-20.590233	-2.405212	17.766500	8.323005	-0.705009	2.186737	-3.406224	-7.086322	12.077625	-3.885230
CGAAACGCAATTCATG-1_1	-7.812637	-10.596432	-0.249309	-1.445514	0.345992	-1.195460	-1.405400	-1.129464	-7.110019	-8.288285	6.211723	-4.015302	-2.723184	4.126436	5.850673	1.141196	-0.075296	-3.798817	1.335324	-1.048921	4.450851	9.657467	-15.354580	-2.307371	13.085234	5.590347	-0.426963	0.940379	-1.245233	-5.733644	8.549576	-2.241698
TAGTCTAACAACGAGA-1_1	-3.170476	-6.135703	0.176946	-0.477186	0.654679	1.407462	0.909083	1.419863	-2.291876	-3.329435	3.795699	-3.129049	-0.962280	2.522851	4.112203	-0.158249	-1.303318	-0.655091	0.819593	-1.273559	2.485075	6.678791	-9.412059	0.993471	6.490112	3.383570	-0.395398	-1.339412	-1.329161	-4.219890	4.755785	-0.332401
TCCTAGCAAAGAAGCT-1_1	-7.749436	-9.236048	1.221549	0.213272	0.533401	1.606565	-0.961831	-0.803096	-3.943699	-5.182586	5.454253	-3.433390	-2.261778	4.341641	4.559809	-1.101251	-2.073739	-2.890433	2.059732	-0.463892	2.167279	8.453938	-13.450036	-1.480507	10.777840	4.319902	1.094614	-1.163461	-1.175312	-4.740745	6.760716	-1.584534
GTCTATCTGAGTTTCT-1_1	-8.240490	-9.452070	2.243117	-1.010819	0.636985	-0.324184	-1.198641	-0.905257	-5.093040	-7.641436	6.991855	-4.396085	-2.416683	3.469907	3.495066	0.118904	-1.533763	-3.448347	1.915805	0.628819	2.267298	9.223427	-14.892166	-1.522271	12.260118	6.616306	0.586831	0.527728	-1.072773	-4.598428	6.392632	-3.548284
GATGTTCAATCCACGA-1_1	-11.721577	-14.538177	2.966132	-4.139574	1.668783	-3.798474	0.837882	1.223872	-11.360609	-17.232155	14.238361	-10.008586	-3.949983	2.706215	5.695500	2.593981	-0.762299	-4.042778	2.168405	0.636998	5.756588	16.748684	-26.114708	1.229252	22.354647	16.220097	-3.637576	3.359345	-2.559053	-7.698796	11.115891	-8.865746
AGTTAAACACTTGCGA-1_1	-5.994843	-9.343635	0.747213	-0.739692	2.156040	-1.271388	2.370401	2.710139	-7.076628	-11.297506	9.917700	-7.138461	-2.150566	0.077759	4.808977	2.632867	-1.739019	0.820411	1.206973	-0.598682	5.336184	12.578968	-18.247057	3.076554	15.812311	12.316729	-5.036543	0.255034	-3.559107	-6.072600	8.515045	-5.111197
AGCTCTTTACTCAGTT-1_1	0.626819	-3.816591	-1.596356	0.245323	1.455499	-0.338535	2.863595	2.558551	-2.445127	-3.661869	4.826777	-2.390656	1.539134	-0.440167	2.044621	2.420957	-0.889370	0.808879	1.188844	-1.079133	3.855907	6.255464	-6.331914	2.696488	3.975582	4.617575	-2.472061	0.648226	-1.772851	-4.398375	4.700447	-0.090072
ATCCAGGATTCGTGAA-1_1	-7.028548	-10.391596	-2.134520	-0.417513	0.635043	0.456711	-0.659361	-0.867473	-4.294419	-7.191712	7.553158	-4.101090	0.278062	3.541950	2.483527	4.330763	-3.235340	-2.324525	3.125183	-0.854790	1.432139	11.524510	-13.729178	-2.065131	10.242056	8.229078	-3.231631	3.478122	-5.546665	-3.850960	12.644797	-1.613203
AGTCAACACCACCATC-1_1	-6.398269	-11.042375	-0.699124	-1.478564	-0.393099	-0.840418	-2.477789	-1.814863	-4.586149	-7.059651	7.001479	-4.063732	0.187477	4.158329	3.212810	4.598155	-2.489983	-4.091122	3.097572	-0.116431	1.932767	12.378302	-14.472657	-3.423054	9.990929	6.587990	-0.432984	3.427236	-3.991350	-4.370496	10.765839	-1.565273
CGATACCTCGCGGACA-1_1	-7.824158	-10.904299	-0.964669	0.344214	-0.155610	0.888142	-3.247715	-2.982722	-3.329507	-5.350719	5.002363	-1.416946	-0.844677	6.605074	3.926096	1.030374	-3.328553	-5.122559	3.129759	1.049504	1.174026	10.563231	-12.913078	-4.328135	9.091299	3.946621	1.527689	0.055026	-2.402995	-3.890060	9.360973	0.015841
ATAGTGAAGCGTTCTC-1_1	-6.430665	-8.687228	-1.466473	0.059201	-0.976234	3.014096	-2.409747	-2.338302	0.779947	-0.584271	3.750386	-1.406283	-0.491158	6.202472	3.736708	0.944550	-4.088495	-4.125924	2.561639	0.003365	-1.303082	7.311707	-9.247044	-3.303017	5.132124	3.687976	2.004399	-0.012567	-3.228679	-1.990405	9.629447	2.829280
TACGCCATATTCTAAT-1_1	-7.099514	-8.202026	-1.759817	-0.006468	-0.622671	1.865356	-2.625901	-3.320647	-0.966301	-1.872600	2.977458	-0.534412	-1.748727	5.501087	3.434360	0.236625	-3.376765	-4.322295	1.953159	0.808202	-0.218608	5.938210	-9.245626	-3.880223	7.099635	3.563402	1.505077	-0.397116	-2.102926	-1.927762	8.867754	2.170688
GCCGGGTTAGGGTCGC-1_1	-6.588485	-10.534782	-2.878828	0.651490	-0.595711	3.354371	-1.873464	-1.586742	1.388936	-0.144506	6.758118	-1.984773	0.546210	5.115494	3.750772	2.389181	-4.272316	-4.575886	4.812749	-0.954511	-0.261905	9.538456	-10.716235	-2.570398	5.956513	3.875898	1.578740	1.805591	-4.963451	-3.674304	13.538294	3.747179
TACATAGGCATACACC-1_1	4.745660	0.596302	-3.493059	5.126070	1.885444	4.708843	2.785546	2.694003	1.759262	5.851161	2.297609	-1.520327	3.086128	-3.985052	3.864000	-0.682093	-2.080325	1.700438	2.136524	-1.203936	2.242400	3.395396	-2.784286	2.792235	-0.845141	0.060251	1.002992	-2.970807	0.612742	-3.560650	3.391296	4.305218
GCCGATTGGCCAAGCT-1_1	7.258247	0.955203	-2.223463	5.820566	1.616180	5.798841	4.121507	3.112181	2.909907	8.203106	0.513584	-2.529546	3.154771	-5.274260	4.229903	-0.558936	-0.984361	2.108559	1.372812	-1.786479	1.541777	3.145646	-3.688864	3.306001	-2.259162	-0.917444	0.871640	-4.007616	0.951297	-3.570924	2.939167	3.854577
CTGCCATGCATCACAT-1_1	-0.983996	-4.251823	-1.439020	2.307614	0.618976	5.805641	3.605209	2.955354	1.333867	3.161263	2.386262	-3.072676	1.178876	1.198161	5.100409	0.469838	-4.166783	0.960377	1.902547	-2.269041	0.147237	6.603524	-5.356816	3.906602	2.154497	3.557423	-0.766097	-2.272003	-1.529377	-4.190022	5.787576	4.791749
TTATGAATGAAAGGGA-1_1	-6.814957	-9.336671	-1.612027	1.231689	-0.802710	5.603272	-0.788830	-0.976946	2.205480	1.563682	5.641797	-3.060356	0.276815	5.226767	3.850484	1.766191	-5.061672	-3.205965	4.014745	-1.699494	-1.276467	8.362055	-10.395232	-1.639836	5.429363	4.288498	1.067024	0.886500	-4.431034	-3.266855	12.497325	3.875059
GCTGAGGCGTGAGTAT-1_1	-8.930825	-11.563407	-1.942806	1.686093	-1.039251	7.604352	-0.112931	-0.555567	2.062656	1.682000	5.863108	-4.310629	-0.203746	8.442916	6.491988	1.805273	-7.147480	-2.968451	4.437683	-2.346318	-2.650930	11.434708	-12.952873	-0.553169	6.845397	6.895579	0.673532	-0.570674	-5.196561	-3.990016	14.600759	5.577490
GCGCCGTTCCACGATA-1_1	-7.602308	-11.058394	-2.539266	1.289662	-1.893709	6.855133	-1.228364	-2.006444	2.754809	2.921836	5.447456	-2.619804	0.219104	8.331061	6.251698	1.147560	-6.690168	-5.050384	4.729695	-1.360578	-3.007063	10.135395	-11.532667	-1.655220	5.516740	5.370667	3.190989	-0.489581	-4.224262	-3.285999	14.264068	7.158025
CGCATGGTGCGATGCT-1_1	-1.539710	-8.374560	-5.218018	6.492791	5.166698	5.402921	7.022307	5.216350	-0.705494	1.026115	4.700834	-0.798217	3.823383	2.344278	7.716053	-0.610928	-7.482181	-0.426108	6.527887	-2.473925	2.406297	10.646525	-6.038645	7.716723	4.117725	3.928605	1.156007	-5.108191	-4.442606	-10.415883	8.972064	11.033906
AGGTTTCACACACCTT-1_1	-9.658183	-13.465184	-3.967563	1.209798	-0.701507	4.182490	-2.069868	-2.857311	0.955005	-1.018945	7.677232	-1.829985	0.219487	7.814212	4.972704	2.795880	-5.870278	-5.780464	6.041169	-1.063880	-1.193047	12.433883	-13.461610	-3.539887	8.142089	5.177941	1.291540	1.804771	-6.618818	-4.549441	17.339624	5.021731
CAAGGATCGCATGTTC-1_1	2.257673	-14.275921	-5.468551	18.248293	23.132904	6.562642	23.022726	20.484196	-9.242024	-2.088941	4.819065	-2.458203	2.529992	2.409293	9.027466	-0.892429	-22.980881	4.281629	10.290222	-13.220956	7.283234	13.714109	-6.639657	23.667253	10.241719	7.358770	-2.785298	-14.787281	-11.532835	-24.536640	8.767953	13.533633
ACGTTAATGTCGAAGA-1_1	-1.572089	-7.758106	-4.152590	8.616730	7.755749	5.887266	8.521000	8.948920	-3.130362	-0.151772	4.595602	-1.572560	2.788469	1.687334	6.389074	-1.546695	-9.179544	1.873063	6.555401	-4.564906	3.054309	9.858738	-4.692671	10.741994	5.885221	3.768098	0.275685	-7.012527	-5.676150	-11.135010	7.329434	8.402774
TCCAGAGCACCGGTTC-1_1	-0.834860	-8.807953	-3.862393	9.141140	7.768147	8.654106	10.701833	10.141402	-2.767861	1.613297	3.975659	-4.094161	3.903294	2.788099	8.738413	-2.287270	-11.341712	3.411636	7.377522	-4.801733	0.791645	13.030107	-6.096009	13.801052	6.091415	5.616746	0.051128	-9.831984	-5.934949	-13.276563	8.051364	12.114434
GATTCGACGGTTCACG-1_1	0.838990	-11.731385	-2.874164	14.376212	14.320650	10.296430	18.417746	16.595848	-5.440141	1.995407	2.596997	-5.221491	2.918857	3.695129	10.156101	-2.398854	-17.842649	6.497284	9.106263	-9.109900	0.015477	16.517004	-7.106218	22.666729	9.000690	7.305686	-0.951958	-16.345041	-8.045815	-19.795773	7.775050	14.947942
GTTTCTGCAGTCTCCC-1_1	-7.550767	-10.043179	-3.901322	0.506398	-0.685907	5.066821	-0.958224	-2.180572	2.406891	1.524196	4.753765	-0.770566	-0.422621	7.820388	5.841718	0.226035	-6.077320	-4.566130	4.140752	-0.202122	-2.401502	8.046294	-10.522126	-1.318498	6.166307	5.679185	2.173994	-1.122255	-4.558638	-3.320052	13.652778	7.315803
GCTGCACGGTTTCTTA-1_1	-8.280319	-11.351475	-3.917872	-0.157179	-0.575353	6.451527	-0.211679	-1.161371	1.979819	0.514094	4.585023	-2.282656	-0.423833	8.836455	6.757423	1.695432	-7.423807	-3.331742	2.934466	-0.534453	-3.321716	10.245791	-12.400885	-0.882766	6.970792	7.990980	-0.521662	-1.378997	-5.798488	-3.405393	15.053411	7.174047
CGTGCAGACTGGGACA-1_1	-3.791324	-5.330893	-2.096732	-0.266653	-0.687123	2.038796	-1.378044	-1.804776	1.305419	0.556843	2.525709	-0.254278	-0.089738	3.866234	2.526675	0.472102	-2.890515	-3.146044	2.046978	0.212849	-0.889648	3.938362	-5.503455	-1.862446	2.933363	2.602540	1.598436	0.174280	-2.277119	-1.264139	7.268465	3.342599
GTGTTACTATGCGTCC-1_1	-3.417317	-6.747153	-2.120534	2.258918	1.276225	6.955202	4.106145	3.736089	0.810086	1.778764	3.427685	-3.348419	0.669856	4.357004	6.444556	0.073769	-6.269219	1.049776	2.447130	-1.883181	-0.969612	8.863794	-7.653425	5.281754	4.449162	6.234012	-1.925937	-3.835369	-3.147314	-5.278971	8.022902	6.110983
TCCTCGGGCTGGGCTT-1_1	-0.690207	-1.831245	-0.758888	1.616412	0.127828	4.182703	1.348657	2.135642	1.544729	2.926810	2.197897	-2.337652	-0.224900	1.033844	3.589693	0.434528	-2.872974	1.185246	0.801571	-1.122745	0.123249	4.070371	-4.006017	2.916317	1.767001	3.072015	-1.108355	-2.352825	-0.327058	-2.174450	3.510515	2.335898
GTGAGGACACTTAAGG-1_1	8.617055	-2.621339	0.575100	6.901880	3.817060	6.485135	10.411030	4.481141	2.557705	7.191474	-1.337769	-3.608385	1.762592	-5.054434	3.878810	-0.186112	-2.778731	2.987969	1.243656	-3.498751	0.889436	5.042410	-5.057648	7.265390	-1.166030	-1.317691	-0.690780	-6.405019	-0.488037	-6.074211	3.100821	5.165427
ATACGCCGGCGAAACC-1_1	5.916770	2.002564	-0.517951	6.312005	2.472667	5.324058	3.578487	4.729071	1.140706	6.609193	0.576133	-4.563672	1.522219	-3.237663	4.029576	-1.446200	-3.295366	5.043973	1.670952	-0.712703	0.661883	3.713688	-3.027229	6.247380	0.221736	1.328166	-1.371950	-6.507485	0.481858	-5.106407	0.629957	3.649410
TCTGCCAGAAACTGCA-1_1	-5.770666	-7.010443	4.420564	2.989413	2.856893	5.087326	3.012586	5.272182	-1.652937	-5.562406	8.594009	-7.487031	-2.023782	3.195949	4.428991	-2.412126	-5.927158	3.249312	1.854647	0.795344	3.546341	11.811501	-17.678961	5.774667	12.754119	10.102119	-2.612423	-6.650101	-2.434138	-8.121629	4.190455	-1.729784
TTCTGCGGGTTAGCGG-1_1	-1.027861	-4.043926	0.922768	1.450673	3.667003	2.568775	4.543259	5.941680	-2.435135	-5.638792	6.524338	-5.775518	-0.244910	0.983675	3.469131	0.291287	-4.399581	4.238138	0.147355	-0.089555	4.313920	8.705281	-11.479915	6.710743	8.708751	7.866037	-3.794303	-4.799049	-2.892360	-6.928905	3.361820	-1.114832
CTCGGTACCACTGCTC-1_1	-15.288772	-16.754314	6.076183	1.918433	2.188606	4.208518	0.179981	2.284233	-5.952667	-11.298266	17.331968	-10.322506	-1.984379	6.701010	6.527273	-2.274957	-6.411448	-3.871121	6.869968	0.632094	4.276283	19.678497	-30.640606	1.873022	22.347374	14.544826	0.598274	-1.750204	-2.396765	-11.237294	12.523114	-6.328582
GTAAGTAACAGTCTGG-1_1	-1.475087	-3.782558	1.440072	1.980295	2.187220	4.127968	3.589233	5.837833	-0.611031	-1.198162	4.701286	-5.713473	-0.876052	2.427788	4.801305	-0.199633	-4.322449	3.902377	1.019235	-1.446293	1.800973	8.179799	-9.413510	7.018322	6.507545	6.281679	-2.463366	-5.166013	-2.000654	-6.455419	3.022759	1.182506
GTGCGTGTATATGAGC-1_1	2.036337	-0.307020	-0.054565	2.983990	1.242584	4.385880	2.663467	3.770723	1.264645	3.126240	2.151035	-3.406924	0.117296	-0.659635	3.001682	0.045710	-2.495238	3.668207	0.101175	-0.884573	1.679716	3.801638	-4.327951	4.420306	1.424677	2.305658	-1.764609	-3.607610	-0.117631	-3.337181	1.642817	1.388222
ATTTGTCTTGGGAGCT-1_1	3.118967	0.849244	0.320269	3.211341	1.116907	4.345117	2.851231	3.667446	1.556850	3.921598	1.233417	-3.144220	0.296520	-1.909617	2.668403	0.369156	-1.698643	3.560072	-0.437113	-0.886673	1.453416	2.620667	-3.480718	4.201258	0.692086	1.537906	-1.735341	-3.691242	0.599096	-2.485751	0.711258	0.828515
CCTCGGACCGGGATAG-1_1	6.001049	7.522874	1.606196	5.188579	1.837979	2.850490	2.382065	3.140692	2.858078	8.056456	0.979488	-4.915128	-1.256720	-4.287170	1.902298	0.405314	-1.848487	5.692053	2.468824	0.054821	0.819012	1.582154	-2.475675	5.210294	-0.232529	2.025373	-0.354203	-7.696110	1.181124	-4.431228	-1.105886	0.803147
TAGGTGCTCGCCTAGC-1_1	5.220426	2.141247	0.769976	4.618035	1.783036	5.898851	5.176357	4.547395	2.084600	6.063612	-0.176019	-3.627296	0.662277	-3.538726	3.315821	0.747802	-2.108278	4.862654	-0.713026	-1.349834	1.306638	2.472504	-3.423029	6.003254	0.098235	1.453238	-1.751102	-5.626735	0.680699	-4.173469	0.387325	1.288059
CTTTAGGAACACTGTT-1_1	2.922142	1.018697	-0.440207	2.507293	0.753161	3.442552	2.025109	2.007818	1.596118	4.137350	0.556922	-1.608840	0.880438	-2.237761	2.468392	0.321409	-1.116767	1.828549	0.104234	-0.876656	0.908512	1.767801	-1.948993	2.620155	-0.443641	0.766969	-0.359649	-2.407796	0.859329	-2.252940	0.998611	1.278973
TCGGGCCGTCGTGGTA-1_1	-0.852069	-2.950840	-1.215304	0.522278	0.209013	1.369663	0.211305	0.172797	0.685000	0.291981	1.928499	-0.303910	0.655834	1.336768	1.336718	0.833644	-1.515730	-0.944202	1.376909	-0.019521	0.254846	3.422882	-3.060551	0.156609	1.124967	1.088810	0.061896	-0.160079	-1.379071	-1.721826	3.629351	1.742216
AGTGCTTGCACGAATA-1_1	-6.863662	-11.323130	-3.256077	0.597935	-1.061643	3.282999	-2.921906	-2.923171	0.411056	-1.816273	5.138098	-1.521709	0.965483	7.189244	3.108027	4.231108	-5.421445	-5.090551	3.753947	0.221219	-1.156721	11.478621	-11.102522	-4.693340	5.401465	4.433846	0.058574	1.956176	-5.206870	-2.592518	13.796881	3.333084
TGCAGTTTCCTCCCAT-1_1	-0.420127	-3.932646	-1.851800	0.900962	0.054730	4.017241	2.085587	1.060734	2.031451	2.968862	1.890629	-1.297068	1.305538	1.136783	3.870678	0.810658	-3.231362	-0.580638	1.665974	-0.866904	0.024487	5.457389	-5.051763	1.775361	1.186319	2.642330	-0.031952	-1.189841	-1.417765	-3.381140	5.517045	4.863929
TGAGAGATTTACCACG-1_1	3.609215	-2.191912	1.961648	5.316034	1.585071	7.664175	7.555511	4.651140	2.666657	8.956122	-2.481128	-4.620011	0.340100	-1.049197	5.317706	-0.079352	-4.365475	4.293338	2.731780	-3.368282	-2.923040	6.495619	-4.920106	8.763087	0.877705	2.590159	-2.581518	-6.709761	0.540217	-7.262043	2.915969	6.998537
GAAACAGATGACCACC-1_1	4.009070	1.849715	-0.577624	5.156536	2.061825	5.110665	3.349539	3.705255	0.956173	6.674349	-0.627606	-3.087131	1.177772	-1.841094	4.146107	-1.575654	-3.772486	4.745552	1.750553	-1.121714	-1.221954	3.243409	-1.428962	6.169084	0.368763	1.549722	-0.795419	-6.117511	0.925570	-5.700404	0.624523	4.813851
AGCAACATATCTTATT-1_1	3.256947	1.160519	0.834083	4.418837	0.969371	4.433595	3.198159	2.839112	2.291636	6.823986	-1.049551	-2.680572	0.125674	-2.153007	3.688759	-0.636981	-2.393687	4.002041	1.619073	-0.703141	-1.537008	3.301163	-2.356317	5.514352	-0.022225	1.689818	-1.607858	-4.843057	1.512376	-4.112243	0.495711	3.556435
CAAGTGTGGTTGCAAA-1_1	9.216847	10.913059	0.797101	6.056379	3.400858	0.501521	5.080869	0.625736	3.364643	12.285630	-0.205769	-5.660331	-0.610203	-7.318314	0.186481	-0.044757	-1.432287	6.262377	4.915134	-1.839108	1.241013	0.188404	-1.326674	2.347770	-1.975002	-0.472755	2.492214	-9.063297	-0.461046	-3.380957	1.161225	2.548631
GCCTCATCTGGAAATA-1_1	2.613421	2.530100	0.897827	3.708816	1.473021	4.044249	1.909980	4.191586	1.176284	5.404033	0.343055	-3.556986	-0.461834	-0.871719	3.491455	-0.548027	-2.946759	5.269197	0.912266	-0.487393	-0.613222	2.876373	-2.029573	6.331666	1.169328	2.584662	-1.897850	-5.638896	1.408343	-4.869796	-0.769118	2.177691
AACCCTACTGTCAATA-1_1	2.799000	-0.026672	-0.752196	3.236150	1.515749	3.958820	2.687589	3.402070	0.933779	3.410958	0.994910	-2.381152	1.322891	-1.691192	3.032410	-0.500825	-2.143383	2.780417	0.421655	-0.883386	1.110431	3.228728	-3.099702	3.739500	0.574899	1.596511	-1.050324	-3.241665	0.250052	-3.192840	1.278826	2.400664
ACGTATTACTCCGATC-1_1	3.468427	-2.247066	0.190343	3.403914	3.129039	3.218735	5.754111	3.068636	0.493633	2.232729	-0.391847	-1.620342	0.897367	-1.461540	1.849531	0.112309	-2.598422	1.732733	1.071187	-2.072098	0.625073	3.399112	-2.696688	4.624603	0.592886	0.018210	-0.442493	-3.865541	-1.116829	-4.620626	1.591791	3.853395
GCGCAAGAGCGCGCTG-1_1	-7.273765	-9.114127	-3.483748	-1.055725	-0.505344	-1.453079	-3.094582	-4.196715	-4.761029	-7.891505	2.953883	0.346346	-1.318125	5.371066	2.721740	3.103213	-1.942535	-5.440804	1.099377	2.688761	1.295210	7.866996	-10.098772	-4.932127	8.893689	6.510846	-1.643133	2.127086	-2.010854	-2.025945	9.760161	-0.387255
TTGACGCTCCATGAGC-1_1	-6.359863	-8.843211	-3.024824	-0.074865	0.264425	0.221737	-1.904684	-2.728064	-3.335020	-6.049603	3.681520	-0.494464	-1.448480	4.952208	3.259633	1.472935	-2.783038	-3.865724	1.253293	1.974946	1.133781	7.775921	-10.204955	-3.295416	8.257199	6.027069	-1.547400	0.165010	-2.586988	-1.669162	9.583302	0.091505
TATAGATGGTCGCAGT-1_1	-10.898365	-14.229779	-2.188379	-1.535496	0.699894	-2.416991	-3.052591	-4.469823	-7.845561	-13.206565	7.810935	-1.884218	-1.554600	7.750417	3.423696	2.549559	-2.965402	-7.684198	3.339875	4.056046	2.766418	14.111181	-17.735544	-5.060171	14.003151	9.958792	-1.174897	3.002460	-2.209981	-4.345522	12.651165	-3.191307
TTACATGCCACAACTA-1_1	-10.186735	-11.878401	-0.892943	0.776049	1.127180	1.345439	-1.601862	-2.439646	-4.802805	-8.732845	6.646344	-2.650563	-2.662134	4.975708	4.182177	0.344437	-3.670897	-3.850235	2.072749	2.207819	1.816465	10.438623	-15.774728	-3.036155	13.353407	8.784872	-1.517469	-0.252782	-2.918222	-3.286404	11.062359	-2.299761
ACATGGCGCCAAAGTA-1_1	-13.342900	-16.153585	0.595993	-0.605832	2.264196	-1.898972	-1.584871	-2.376530	-8.823635	-15.888901	11.560440	-3.967150	-3.600297	6.308504	4.774054	-0.300944	-2.962375	-6.825537	3.284414	4.650649	4.223375	15.794275	-22.613527	-2.546193	19.021299	12.838320	-0.861828	0.973202	-1.520711	-6.075500	11.956480	-6.106907
TATGGTTAGTGGGAGA-1_1	0.273827	-2.232979	0.533164	1.243233	2.518511	2.528809	3.510449	4.783327	-0.868008	-2.221226	3.298040	-4.073182	-0.130516	0.446576	2.829242	0.683034	-2.980068	3.438867	-0.377361	-0.865046	2.555828	5.462702	-6.950428	5.176146	4.737572	4.688429	-2.531535	-3.671203	-1.835169	-4.640345	2.010312	0.183706
CATGACTTCGCTGAAT-1_1	-4.704302	-6.424603	-0.302562	2.204422	2.193201	2.552516	1.995690	1.534333	-1.411345	-4.627940	4.645270	-1.933320	-1.290403	2.954846	3.410898	-0.926599	-3.168107	0.762650	1.320837	0.737572	1.603153	7.373164	-9.746015	2.127043	7.592937	6.150706	-2.494988	-3.161037	-2.141645	-3.818871	5.761103	-0.715022
ACCACCAATGTAACAA-1_1	-3.587750	-5.639058	1.968645	1.355400	3.546383	2.661439	4.141975	5.533359	-2.657636	-6.814085	6.662660	-6.360988	-1.575163	2.263677	4.120580	0.499729	-5.205172	4.085505	0.182209	0.098669	4.207541	10.366930	-14.108061	6.493326	11.411170	10.243249	-4.645621	-5.704506	-2.958951	-7.590223	3.789082	-1.916788
TCTTAGAGCTCCAATT-1_1	-5.339717	-8.413364	-2.632859	0.602128	2.035326	0.134279	1.836926	0.544235	-3.874970	-7.816124	5.819277	-1.655722	-1.061219	3.163907	4.350088	1.115265	-2.080067	-0.802822	1.319644	0.908989	3.252331	8.673358	-11.581084	1.039864	9.547102	8.423879	-3.853112	-0.568475	-3.106491	-4.645497	9.164557	-0.482320
ACACCTTACTACTTGC-1_1	-16.890331	-21.125265	1.408202	-4.975644	3.661356	-7.238769	0.057760	-0.883598	-15.613524	-27.690350	18.480610	-5.449145	-4.092969	12.900197	7.365461	-3.839462	-1.561157	-12.958886	4.040760	8.860147	9.163342	22.993267	-32.235649	0.329482	25.035328	20.331438	-0.268817	1.074341	3.796360	-10.832151	11.020695	-10.944638
AGTCGGTTGCGTGAGA-1_1	-15.138162	-16.729792	-1.470101	-2.449931	1.754449	-4.469844	-2.142590	-4.493526	-11.001786	-18.033579	10.714550	-2.361189	-5.194990	8.752418	5.735804	-0.640858	-1.552469	-9.596022	2.591323	5.662426	4.931539	14.418036	-22.631241	-3.880893	20.600985	14.070870	-1.006376	1.705612	-0.042538	-5.853020	13.198650	-5.383367
ACCTACAGTATGTGGT-1_1	-19.026783	-22.579935	0.289386	-4.545987	4.186330	-7.191387	-0.691272	-2.465576	-15.193593	-28.065527	19.311384	-3.697489	-4.629349	14.248754	7.097147	-5.523771	-2.705236	-14.570043	5.081464	10.553166	8.619630	22.651278	-33.308239	-0.677083	26.593967	21.610485	1.048747	0.659908	3.651408	-10.797288	13.215118	-10.030855
GAGGATAAACAGTGCT-1_1	-18.699734	-19.500610	-5.157623	-2.579462	2.266727	-6.786059	-3.065612	-7.265922	-13.133537	-21.738010	11.625850	1.069934	-7.240597	12.010596	7.970687	-1.887038	-1.540786	-12.826284	2.185491	8.877581	6.977098	13.934706	-25.361139	-5.683992	25.190401	18.072027	-1.744443	0.479147	1.057747	-6.615791	17.056417	-3.591703
TTCCGGTATCTGTGTC-1_1	-13.431440	-15.367572	-4.450188	-2.933323	1.250317	-6.648479	-2.781863	-5.768547	-10.861502	-18.255915	8.539981	1.265121	-4.527575	11.518356	6.550042	-0.206283	-0.809284	-11.041174	1.063046	7.476922	5.876161	12.089361	-19.412403	-5.009831	17.726601	14.490033	-1.358947	0.958629	1.609390	-5.369674	12.414618	-2.610774
CCAGTCAAATCTCTTA-1_1	8.364700	-8.147584	4.500327	4.320771	10.148051	-0.411019	16.951256	5.505033	0.775725	6.522824	-5.407132	-1.787677	-1.757654	-4.580293	-0.590587	-1.454935	-8.633315	0.115075	5.188814	-10.224859	0.326534	2.235335	-2.752569	7.617884	0.346167	-2.580786	-4.246190	-4.404802	-2.113027	-9.810478	3.428965	6.451696
AAACAGCTTTCAGAAG-1_1	2.321510	-3.343959	2.709966	1.715477	4.192616	0.886272	6.513476	3.409228	0.310123	2.673911	-2.295052	-1.719395	-1.225782	-0.715479	-0.227076	-0.573379	-3.994235	1.349758	2.406993	-3.918703	-0.702070	2.069345	-1.547511	5.360552	1.545117	-0.281714	-1.824325	-2.912958	-0.364177	-5.654931	0.570550	3.301316
TAGCTGATGTGAAGCG-1_1	3.098190	-4.430225	4.366293	2.267533	4.820808	0.755735	8.518957	4.296681	1.265966	5.273601	-3.811485	-2.162231	-1.932907	-0.979847	-0.368751	-1.798218	-5.337045	2.001618	4.620754	-5.194259	-1.841073	3.532023	-1.663066	7.315931	1.841271	-0.770724	-2.733881	-4.617739	0.394608	-7.871582	0.316112	5.503656
CTTATGCGCTCAGGGC-1_1	5.887799	-4.458509	2.348805	2.971124	6.315455	-0.017121	10.541660	3.435780	0.569911	3.548414	-2.861870	-0.787589	-0.494383	-3.183812	0.109729	0.136776	-4.564256	-0.248523	2.262269	-5.779624	1.091181	0.685316	-1.832554	4.127819	-0.445148	-1.670657	-2.585413	-2.465287	-1.438274	-5.694478	2.018850	3.352641
TGGCTCTTGTCGCGTA-1_1	3.212718	-3.735070	2.173588	1.901831	4.360345	0.569852	7.501697	3.117336	0.562671	2.916430	-2.513395	-1.210414	-0.719121	-1.670324	-0.097056	-0.530103	-3.882572	0.500869	2.094234	-4.393989	-0.132388	1.413855	-1.515584	4.283611	0.738202	-0.940631	-1.795535	-2.316028	-0.802901	-4.815659	1.246960	3.108369
TTGTGAGGCATGACGC-1_1	8.347376	-3.659022	2.284645	4.402845	6.309319	-0.463891	11.823967	3.232649	1.132895	5.779978	-3.578816	-1.276485	-0.102465	-4.878916	0.747082	-0.798577	-4.520956	0.087860	3.717012	-6.015136	0.990478	1.244609	-1.752940	4.042988	-1.689131	-2.560584	-2.586731	-3.881853	-1.632311	-5.606013	2.610727	4.448798
CATAAGCTCTCCGTCT-1_1	12.672174	-8.330228	4.094875	6.622928	12.248859	-1.888589	21.050106	5.834556	0.660741	7.832507	-5.946471	-1.160133	-0.825278	-6.763574	0.308918	-0.815755	-9.079741	-1.414291	5.972018	-11.661891	2.262361	1.185406	-3.231473	6.972215	-2.238068	-3.613290	-5.108827	-4.778862	-2.847389	-10.448398	4.843413	6.940306
TGCAGCTACGTACTTC-1_1	5.067102	-5.172856	2.268739	2.845836	7.062466	0.219530	10.739710	4.095563	0.274611	2.606395	-2.559941	-1.087669	-0.514640	-2.874378	-0.020533	0.363850	-5.352247	-0.249652	2.094094	-5.829469	1.254687	1.019121	-2.136210	4.972646	0.373808	-1.224544	-2.518677	-2.338049	-1.877697	-6.475022	2.021165	3.515507
CTCTACACTGGCGATT-1_1	2.457927	-2.836390	3.186335	2.011329	3.349111	1.303737	6.201175	3.428077	0.923526	3.258620	-2.481925	-2.297440	-1.291298	-0.638708	0.241612	-0.690339	-3.456730	1.786260	2.683206	-3.285929	-0.968331	2.848889	-1.951681	5.842571	1.431891	-0.116301	-1.856516	-3.696779	0.111138	-5.618150	0.152058	3.547029
TGCAGATCGTCCTAGG-1_1	4.698334	-5.183632	3.081037	2.771044	5.544595	0.929543	10.187265	3.997615	0.985956	4.418779	-3.397229	-1.716168	-0.897972	-2.339119	0.068179	-0.877515	-4.921072	0.748452	2.996364	-5.859495	-0.349311	2.365084	-2.338303	5.792960	0.714364	-1.354984	-2.329538	-3.397249	-0.877178	-6.306745	1.826008	4.478542
TGCCAAAGTCAGACTT-1_1	3.950635	-3.544278	1.931057	2.019348	4.412756	0.604638	7.681766	3.191502	0.771350	2.606302	-2.178071	-1.064915	-0.377015	-2.247638	0.047665	0.141259	-3.369500	0.384200	1.480491	-4.268535	0.745321	0.965528	-1.794013	3.659014	0.267783	-1.294773	-1.743745	-1.902055	-1.102794	-4.231067	1.388348	2.434846
ACAATAGTCGTACGTT-1_1	5.832974	-3.718723	1.867809	2.852267	5.227058	-0.192694	9.128473	2.988786	0.718114	3.153745	-2.503739	-0.761198	-0.099423	-3.152653	0.390301	0.173226	-3.396974	-0.530330	2.095423	-4.750951	1.390972	0.668829	-1.878201	3.212365	-0.943024	-1.775361	-2.218025	-2.047188	-1.363263	-4.541470	1.958845	2.812714
CATGCCAACTCGCAAA-1_1	2.974889	-2.215239	1.651132	1.701997	3.031269	0.893797	5.347455	2.511636	0.664579	2.140726	-1.620610	-1.304731	-0.340399	-1.567891	0.384939	0.024472	-2.402854	0.728066	1.090999	-2.629236	0.127171	1.117701	-1.335685	3.297025	0.387595	-0.581635	-1.277207	-2.090282	-0.706178	-3.277842	0.694286	1.924114
TGCAGAACTATATCGT-1_1	6.075738	-2.806909	1.699282	3.117966	4.689947	-0.143912	8.804450	2.860898	1.019722	3.671660	-2.509421	-0.961079	0.018181	-3.579892	0.619314	-0.076966	-3.134803	0.106238	2.243260	-4.380593	1.252671	0.635402	-1.534734	3.037818	-1.071258	-1.973438	-1.940977	-2.514088	-1.274497	-4.044118	1.764542	2.747105
TCGTGTCACGCTGACA-1_1	1.024653	-0.555788	0.222166	0.617588	0.950619	0.052888	1.586679	0.465261	0.151187	0.673159	-0.297375	-0.095031	0.038863	-0.561212	0.236400	0.036873	-0.633863	-0.058890	0.539012	-0.771919	0.253956	0.202670	-0.225315	0.642008	-0.176566	-0.338278	-0.306615	-0.478812	-0.186096	-1.085088	0.365724	0.769890
TGATCAGGGAACTGCT-1_1	3.351687	-2.735770	1.157777	1.913210	3.662545	0.575493	6.150295	2.610537	0.548188	1.835608	-1.407195	-0.749451	0.048449	-1.869070	0.356307	0.394095	-2.613070	0.086714	1.016310	-3.130882	0.996200	0.786811	-1.554213	2.848034	-0.017493	-0.931043	-1.267570	-1.560908	-1.028337	-3.500767	1.176536	1.989964
CTTGCAACCGCCTCCT-1_1	4.137264	-2.280793	0.932040	2.231710	3.487797	0.988905	5.876739	2.736754	0.766175	1.823119	-1.343935	-1.028763	0.328926	-2.419287	0.807420	0.618030	-1.962200	0.047314	0.653278	-2.539495	1.217891	0.881101	-1.688138	2.870914	-0.352033	-1.120010	-1.209804	-1.886515	-1.225776	-3.106470	1.058890	1.680857
AGCCCATACATGTAAG-1_1	3.126915	-0.698117	0.611548	2.361373	2.902694	1.664315	4.503897	3.308886	0.331687	1.460987	-0.779921	-1.794584	0.367446	-1.985239	1.280536	0.671734	-2.128966	1.340995	0.058617	-1.591039	0.928266	0.732720	-1.100388	3.540278	0.407293	-0.151452	-0.967218	-2.614324	-1.276334	-2.783981	0.324183	0.982407
ATCCAATGGAGGGTCC-1_1	3.563064	0.787767	1.062702	1.980946	1.970803	1.862302	3.831797	2.042441	0.985608	2.194436	-0.653782	-2.372023	0.047540	-2.354412	1.345971	0.738978	-1.358585	1.906627	-0.128681	-0.518091	0.768690	0.883261	-1.470225	3.041908	-0.187119	0.426828	-1.036545	-3.012658	-0.712495	-2.757038	0.138878	0.490101
AAACCGGGTAGGTACC-1_1	5.731862	5.196143	0.262596	3.914106	2.460221	2.022838	2.327254	2.595805	1.406196	4.926562	0.939079	-4.383410	0.050126	-4.067312	1.690453	0.003668	-1.689902	3.831467	1.636072	0.447958	1.252813	0.555109	-1.590637	3.274863	-0.492452	0.822363	-0.252932	-5.470727	-0.438362	-3.510741	-0.210014	0.817518
GCAACCACGGCCGCGT-1_1	3.740678	-0.845579	0.913346	2.588823	3.931997	3.142161	6.263969	4.367789	0.595083	0.831788	0.075364	-3.228681	0.279123	-2.549159	1.929763	2.542006	-3.350209	3.469432	-1.410195	-1.048919	2.375859	2.147168	-3.048094	5.300723	1.606648	2.026989	-2.777879	-4.010775	-2.302728	-4.430982	1.078064	0.278813
CGCTTATTCCCGGTCG-1_1	-1.574348	-6.774376	-2.087966	0.684910	3.163713	-1.013769	4.987307	3.819040	-4.373822	-8.042199	7.671178	-3.314284	0.713992	0.086868	3.105618	4.356573	-1.538575	1.823485	1.129218	-1.513746	5.788192	8.832515	-9.778720	4.439941	8.301911	9.062855	-4.953810	0.512502	-3.965971	-6.952369	8.044246	-1.043794
TTACTCTGGTACGTAC-1_1	-10.614594	-15.250920	-2.802201	-3.844826	0.059260	-6.570743	-0.310758	-1.356623	-13.252682	-18.596394	11.094983	-7.552866	-2.640056	4.972524	8.365055	9.785552	1.365939	-4.015902	-0.180725	-1.004748	7.846498	16.101023	-22.890421	-2.845488	19.798275	17.741207	-7.898746	7.004879	-4.386226	-7.384164	15.845703	-5.048140
GTGGTTTCCGCCTTTC-1_1	-8.912104	-14.217410	-0.129274	-3.979366	0.430364	-4.913763	-1.505236	-0.832672	-11.402873	-14.637366	10.085482	-7.048513	-3.069090	3.675051	6.906610	5.003155	0.999565	-4.675478	0.997670	-0.788895	7.051779	14.781081	-21.904783	-2.441847	18.658222	11.207851	-2.571388	4.000137	-2.396933	-7.587238	11.487250	-5.281771
ATAGGCGGCTATAGAA-1_1	-10.900237	-15.422645	0.655929	-4.378236	0.713968	-4.655953	-1.071367	-0.493027	-12.407048	-16.043798	11.160527	-6.787984	-3.788083	6.060477	8.428366	2.004695	1.193968	-6.626826	1.191926	-0.059707	7.586385	15.427911	-24.062996	-1.808302	19.948217	11.252470	-1.319930	2.522534	-0.409282	-9.155928	10.651098	-5.389121
GTGCCATCACACGGTG-1_1	-2.940181	-5.948212	0.156517	-1.003811	0.650841	-0.384113	0.316822	1.089548	-3.957460	-5.262405	4.234588	-3.345830	-1.040763	1.819533	3.848645	0.974847	-0.406315	-0.906106	0.289701	-0.725550	3.567861	6.762406	-10.110062	0.425947	7.599509	4.489867	-1.131333	-0.354322	-0.842113	-4.168631	4.290393	-1.494163
GTTGAACCGGTTCCAT-1_1	-2.160874	-4.656065	0.089718	-0.607387	0.462602	0.787145	0.646772	1.183641	-1.862220	-2.657947	3.335579	-2.643859	-0.482877	1.385104	2.907174	0.269737	-0.811278	-0.574506	0.781300	-1.065345	2.024187	5.173676	-7.230992	0.788573	4.966257	2.739944	-0.322685	-0.405749	-1.207183	-3.193298	3.815309	-0.433666
TTGACTACCATATGGT-1_1	-7.154694	-10.743337	0.373104	-2.664432	0.380731	-2.414240	-1.101314	-0.526197	-7.789213	-9.701423	7.488029	-4.931509	-2.414942	3.302484	5.414015	1.700985	0.291006	-4.072355	1.326973	-0.632633	4.658979	10.728393	-16.297485	-1.575148	13.557357	6.833912	-0.444470	1.890289	-1.275206	-5.885960	8.092679	-3.371840
ACCATCGTATATGGTA-1_1	-9.253906	-10.549087	2.882954	-1.868415	0.567614	-0.258207	-0.779991	-0.098933	-6.444349	-8.943418	7.921623	-6.617308	-3.565247	3.233218	4.884319	0.648758	-1.411333	-2.853061	1.055593	-0.444733	2.942132	10.550952	-17.981604	-0.974611	15.012803	8.547675	-0.459791	0.498375	-1.514768	-5.157961	7.266704	-4.515064
TGCGTAAGAACCTGAT-1_1	-9.338490	-14.582654	0.957971	-4.494855	1.592608	-4.457045	0.803468	1.947952	-12.249880	-17.002289	14.325749	-10.748021	-2.577247	1.246404	6.088938	5.106849	-0.147062	-2.676347	2.384069	-1.451580	7.646960	17.582232	-26.111059	1.181385	22.079702	15.933339	-4.997875	4.886449	-4.174529	-8.425329	13.115755	-8.386790
AGAAGGTTGCCGAATT-1_1	-2.625305	-6.944808	-1.373025	-0.427126	2.290764	-1.225998	3.565530	3.079463	-4.750659	-8.129804	7.405370	-4.037620	0.058468	0.297157	3.772622	3.172560	-0.893697	1.136482	1.157250	-1.224386	4.897081	9.204318	-11.539682	3.530802	9.304043	8.972056	-4.622399	0.962208	-3.514803	-6.215894	7.479257	-1.654187
AGGACGACCCATTAGA-1_1	-4.879998	-11.681602	-2.594311	-0.942524	1.159702	-2.006490	0.433027	1.433935	-6.551819	-10.060301	11.478668	-5.629122	1.347451	1.861654	3.609036	5.391334	-1.986953	-2.235891	4.528706	-1.388057	4.713844	15.545445	-17.134544	0.585032	12.612440	10.156160	-3.979762	4.300206	-5.810211	-6.541558	13.875008	-3.145681
GGTGCTGGTACACATT-1_1	-8.135629	-11.401698	0.218697	-0.907061	0.267564	-0.476932	-1.957349	-1.606587	-5.380111	-7.932569	8.362584	-5.011908	-0.458624	3.374846	2.824365	4.266331	-2.799218	-3.272010	3.489617	-0.403063	2.249467	12.521287	-16.573931	-3.017806	12.811814	7.938377	-1.264870	3.412521	-4.319079	-5.255681	11.366515	-2.714199
GCGCTATGCCGAGGCA-1_1	-9.443957	-11.705070	2.367524	0.067985	0.733515	1.251109	-1.728781	-0.647488	-3.973581	-6.959932	8.916060	-4.826740	-1.379519	5.361823	4.298794	-0.312267	-3.078755	-4.098691	3.736624	0.184620	1.976952	11.868173	-17.294407	-1.736653	12.562548	6.839683	2.084014	0.107191	-2.096038	-5.915899	8.483350	-2.837151
TTGCACAATTCAGAAA-1_1	-9.643699	-14.038321	-0.540342	-0.641890	-1.347868	2.351330	-4.230991	-3.598358	-2.623431	-4.394055	7.636092	-4.346858	0.950600	7.458971	3.473374	4.651558	-4.887955	-6.315249	5.241682	-0.778290	0.174791	14.197749	-16.650452	-6.135697	9.829755	5.412942	1.903424	4.069939	-4.920593	-5.061198	14.418502	0.510483
CATCGGACGGGTTAAT-1_1	-10.060990	-12.143512	-1.952913	0.367693	-1.141912	3.268556	-4.049109	-4.439125	-1.113506	-2.291571	5.276719	-1.811816	-0.824769	7.875897	3.838711	1.885729	-5.109987	-6.264858	4.129276	0.239213	-0.615371	10.120131	-13.359731	-5.999149	8.932691	4.294444	2.051230	1.327304	-3.775351	-3.202571	13.374779	2.440890
ATTAAACATGCGGACC-1_1	-2.379593	-10.462509	-2.093636	-0.047301	-0.119101	4.654806	1.649099	3.448240	-0.808113	-1.298191	9.003952	-6.762750	2.276789	4.012443	4.968320	4.238176	-4.070354	-1.042414	3.407214	-3.976904	3.588479	13.835275	-14.625762	1.668651	6.586574	6.186711	-2.441221	1.077438	-4.772212	-6.419796	12.968304	0.664153
TATCTACCACAGCGGG-1_1	7.518769	0.906353	-1.833024	5.949850	1.622191	5.511655	4.496359	3.127879	3.017554	8.177522	-0.085095	-2.437913	3.066316	-5.482581	4.002726	-0.576227	-0.775102	2.238302	1.365617	-1.725855	1.436525	3.093568	-3.677406	3.339215	-2.299327	-0.999484	0.680868	-4.195027	0.880645	-3.399258	2.603904	3.671717
CGAGACCCTAGAGTGT-1_1	6.345843	3.059170	-0.329904	5.841929	1.222861	6.476327	4.135887	4.331793	3.431380	8.624425	1.094918	-3.861988	1.278462	-4.749549	4.217091	0.559998	-1.900424	4.179108	0.260033	-1.504037	1.972529	2.970449	-3.930904	5.286350	-0.988972	1.078995	-0.820567	-5.560886	1.455911	-3.477428	1.137021	1.715317
ACATCGATCGTTTACC-1_1	5.113988	-1.513325	-0.594560	4.190308	1.864363	5.291928	5.407008	3.289787	2.173126	5.197749	0.302676	-2.421235	2.020382	-3.556308	3.420349	0.412431	-1.300835	2.232994	0.605686	-1.966163	1.554375	3.707376	-4.282221	4.157540	-0.679111	-0.174997	-0.377119	-3.213786	-0.111660	-3.766785	3.005975	3.278250
ATCGACCCAATACAGA-1_1	5.275745	0.349585	-1.720131	4.186307	1.617519	5.196550	2.976982	3.680115	1.996409	5.478685	2.663930	-2.851465	2.217856	-3.144542	3.698833	0.519358	-1.915202	2.653915	0.366824	-1.342026	2.845468	3.947418	-4.074988	3.709660	-0.559669	0.603909	-0.238313	-3.412137	0.772038	-3.505370	2.475666	2.106198
GAATCTGAACATTCTC-1_1	-10.055681	-13.848118	-2.806037	1.026105	-1.475412	4.852254	-3.830246	-3.747145	1.171395	-0.372217	7.718610	-2.499709	1.166424	8.572959	4.085582	3.356085	-6.622265	-6.859610	6.397308	-0.823066	-1.564574	12.935600	-14.257381	-5.524742	7.459940	4.528241	2.669135	2.745368	-6.002920	-4.174178	16.901985	4.472418
AGTTCCTATTTATGTT-1_1	-3.010525	-7.116727	-2.003997	1.367791	0.150664	4.068222	0.652312	0.701582	1.200474	0.710008	5.141150	-2.138129	1.677932	3.728121	3.203629	1.640263	-3.582574	-2.051828	3.706832	-1.315856	0.512263	8.176577	-7.922564	0.500184	3.052931	2.448077	0.234334	0.337934	-3.338654	-4.059314	8.900120	3.207499
CAGTCTGTATACTGGG-1_1	-9.227029	-11.250910	-0.991422	0.988883	-1.064652	4.262280	-3.403812	-3.261740	0.897868	-0.423271	6.508406	-2.359198	0.365038	6.732949	3.281771	1.410751	-5.289746	-5.692742	5.296290	-0.279277	-1.122035	9.540912	-12.402051	-4.624192	7.169879	4.006918	3.211937	1.759006	-4.048320	-3.457718	12.807253	2.697137
GGAGACGACACCTTTG-1_1	-3.215319	-8.497011	-2.796021	3.262021	1.655342	5.412366	2.450243	2.893666	1.340864	0.622433	6.818576	-3.133976	1.722326	2.870127	5.247900	0.717488	-4.518729	-0.364092	4.281877	-1.968284	1.860826	10.055009	-9.598533	2.863956	4.776566	3.974347	-0.354867	-1.258741	-3.641804	-5.474687	10.157323	4.068109
CCTAAATTAACGGTTC-1_1	-11.673460	-13.128134	-1.805590	1.316887	-1.374891	6.347404	-3.211426	-4.157876	1.498090	-0.049974	6.155931	-2.628870	-0.569187	9.134520	4.408005	1.418665	-7.350708	-5.859372	4.807909	-0.381588	-2.227626	10.575667	-14.324650	-5.444596	8.725493	5.858642	2.299350	0.656701	-5.092065	-3.107977	15.728756	4.034136
GCTACGACTTATTGGG-1_1	-8.840391	-10.913461	0.606523	2.408761	-0.742999	7.556170	1.025587	1.441245	1.276748	0.219594	6.121562	-6.733996	-1.844652	7.609768	7.446800	1.851515	-6.587742	-0.428070	3.028909	-3.010624	-1.628188	12.707606	-14.360314	1.495519	8.349977	8.409608	-0.873967	-2.405782	-4.197545	-4.179449	11.873543	2.634295
CTGTGCAGGGTAGGTC-1_1	-11.224530	-14.966339	-2.051791	1.939843	-1.261506	9.173723	-0.193357	-0.148543	2.106555	0.982680	8.639698	-6.525046	0.123292	9.692447	7.824496	2.638341	-8.259938	-3.792564	5.747293	-3.420523	-1.943253	15.061043	-17.011114	-0.927264	8.768067	8.337462	0.280146	0.466520	-6.749659	-5.007636	18.527899	5.024529
ACGCCGCTAGACGACC-1_1	-8.100263	-10.765873	-0.775155	1.773252	-1.342800	6.674215	-0.985260	-0.878151	2.033537	1.063483	4.914495	-4.012807	-1.086494	7.779259	5.938561	1.712497	-6.491708	-2.753477	2.863089	-1.410911	-2.300546	10.670514	-12.040694	-1.479150	6.498760	6.381638	0.951548	-1.556505	-4.031703	-2.674321	12.154552	3.923697
ACTTGACTCCCTCTTT-1_1	0.442349	-5.442450	-0.625419	7.595444	4.286811	9.527266	8.782327	9.230824	-0.978033	6.342979	0.509652	-6.307168	1.674706	3.511569	8.769078	-1.601717	-10.255588	5.057959	5.652397	-4.980080	-2.641532	11.747387	-5.510430	13.888431	4.763069	5.948280	-1.756460	-10.777528	-2.491505	-11.796881	5.434992	10.792371
CGCCTCCCTCCTCTAT-1_1	-6.374934	-8.917047	-2.588929	0.810840	0.106887	3.943554	0.045712	-0.721477	0.547013	-1.121245	4.911781	-2.161293	0.007946	5.212568	3.742565	1.963484	-4.656498	-2.196815	3.087666	-0.872687	-0.843405	8.613045	-9.614415	-0.977447	5.853286	5.216080	-1.004983	0.387683	-4.711147	-3.157727	11.528704	3.168344
CTAGATTTACGACGGC-1_1	0.615420	-5.795724	-0.033706	4.846475	2.612224	8.675075	8.002720	5.976608	0.652584	5.259000	0.125754	-5.019678	0.793602	2.654825	6.984975	-0.461593	-7.190070	3.241347	3.527282	-4.159303	-2.017773	9.809502	-6.646770	9.717321	3.172125	4.783755	-2.090676	-7.023364	-2.202643	-8.893865	5.878022	9.128592
GATGCTGTATTTCATC-1_1	-3.982706	-7.060923	-2.279322	1.273920	0.011923	4.585613	0.927108	0.087104	2.135762	1.602792	3.983976	-1.394460	0.646766	3.549409	3.987139	1.563451	-4.493506	-1.808863	2.985860	-0.639819	-1.266194	7.563434	-7.435792	0.517606	3.609282	3.554080	-0.186203	-0.618403	-3.635891	-3.515417	9.384232	5.209940
TGCGTTTGTTGACACT-1_1	-7.649100	-10.144212	-0.469925	2.251551	-0.533945	7.098953	0.291015	0.197214	2.563148	1.416794	5.246655	-4.066261	-1.006799	6.089363	5.184125	2.136573	-6.259982	-1.637371	3.166313	-1.490960	-2.171371	10.208703	-12.150766	-0.032330	6.946855	6.339107	-0.421498	-1.465685	-4.536059	-3.821375	12.392293	4.203875
CGTGCCCTCCCGAAGA-1_1	-7.082663	-9.837196	-2.179796	0.627386	-1.010335	2.867249	-3.047572	-3.113714	0.036312	-1.586667	4.228829	-1.276225	-0.197808	6.196276	2.972946	2.532190	-4.460277	-4.752841	2.954767	0.443948	-0.929717	8.846573	-9.910580	-4.594789	5.858813	3.789772	0.847156	1.104167	-3.772161	-1.856730	11.318853	2.349342
ACTCTCTGACTTAGGT-1_1	-7.359969	-11.065571	-1.402005	2.022763	0.424427	3.121630	-1.794536	-1.341079	-0.713280	-3.703537	7.396909	-2.432426	0.625809	5.110121	2.762429	2.236940	-4.622083	-3.778448	4.508152	0.403532	0.540707	11.374269	-12.868290	-2.676480	7.932631	5.466856	0.087707	1.127104	-4.406931	-3.930900	12.123785	0.499707
CTGGGTAGGCAGTTAA-1_1	2.711439	-0.873097	-0.755019	4.480626	2.132855	5.346606	4.451597	4.186473	0.930930	4.451735	0.977484	-2.868876	1.350956	-1.703412	3.956711	-0.695667	-3.447330	3.485761	1.284460	-1.795946	0.799698	4.321812	-3.452034	5.540024	1.156505	1.913391	-0.931089	-4.453471	-0.355785	-4.746163	2.344511	3.956688
GTTTGGCCCAAGTTAT-1_1	-13.688369	-16.056427	1.511565	1.908640	0.345781	4.891515	-1.905091	-1.387686	-3.221735	-6.688680	12.410472	-6.981952	-0.516006	6.825219	5.158943	1.194381	-6.337493	-4.821501	6.751712	-0.630557	1.847181	16.202482	-22.701771	-2.736256	15.916174	10.224117	0.731874	1.678617	-4.713548	-7.059786	16.090504	-2.363455
GAATGTGGTCCGGATT-1_1	4.146044	-0.064968	1.088768	4.188735	1.723013	5.388112	5.319210	4.442264	1.681189	4.950563	-0.004867	-3.651405	0.491832	-2.378532	3.170100	0.536497	-2.126542	4.273671	-0.092909	-1.691117	0.896714	3.489811	-4.084402	5.983598	0.625821	1.445914	-1.980397	-4.852718	0.058936	-4.038699	1.141420	1.928399
CCCAGTTAAGGCGCCG-1_1	1.616889	-1.012740	0.923672	3.420256	1.956701	5.765161	3.978139	6.223316	1.340203	3.078747	2.669597	-5.441913	-0.636131	-0.001058	4.248182	0.574592	-3.591404	5.316816	0.035019	-1.566521	2.079813	5.658715	-6.747322	7.146257	3.348803	4.265298	-3.283934	-5.557213	-0.689371	-5.095272	2.024709	1.297073
CGGTACTAGAATCAAA-1_1	7.672032	8.194184	0.983066	5.875278	2.576596	1.039801	4.137618	1.280115	2.866113	10.737804	-0.661716	-4.614525	-0.515351	-5.757693	0.972168	-0.785082	-1.689338	5.810716	4.417463	-1.473291	0.426487	0.986400	-0.956632	3.179817	-1.249575	-0.125405	1.365171	-8.104553	0.108446	-3.363324	0.377296	2.543639
GCTTAATGTAACTAAC-1_1	8.143224	6.637171	1.244097	7.055309	2.134817	3.174232	4.659624	3.043800	3.746076	10.302381	-0.232873	-4.413130	-0.522385	-5.654379	2.394910	-0.370688	-1.524798	6.499828	3.330809	-1.118839	0.660550	1.939783	-2.405533	5.060110	-0.899114	0.348855	0.402919	-8.818261	0.976393	-4.003472	-0.385011	1.879444
AGGACAGTCGAATCCC-1_1	10.780663	17.580906	4.184904	7.645272	5.618554	-3.039094	4.134948	0.809712	4.227521	20.820927	-2.848613	-9.108730	-4.872663	-7.623920	0.290732	-2.167785	-4.060709	9.127415	10.809381	-3.016814	-2.094421	2.329309	1.376472	6.318161	-2.011760	0.116577	1.958289	-14.873938	0.944297	-6.738909	-1.833133	4.280484
GACAGCCAGACCTGAC-1_1	6.978874	7.297347	1.339296	7.143219	1.912160	2.597416	3.422082	2.867188	3.849450	11.459814	-0.332494	-4.082522	-1.047749	-4.348722	2.988198	-1.175498	-2.636608	7.329998	4.795807	-1.091224	-0.375475	2.557517	-1.261519	5.817938	-0.210448	1.099438	0.371923	-9.642240	1.703538	-4.928699	-1.104545	2.865708
GGCGAAATCTAACTTG-1_1	7.710066	13.583153	5.018762	7.399639	4.019824	-1.340679	2.482709	2.841741	4.931089	18.774961	-2.953872	-7.585425	-6.032419	-3.802156	2.863891	-2.518472	-5.279403	8.314721	10.270585	-2.046520	-4.299996	4.874063	1.342031	9.569691	-0.494678	1.552599	-0.339441	-15.061900	3.585504	-7.986853	-4.589565	4.017671
CTGGTAACACATAGAA-1_1	2.648889	-3.647313	-0.488585	3.693998	1.986570	7.241777	6.530963	3.454344	2.047576	5.734749	-0.442456	-2.955220	1.733148	-1.106095	5.150116	0.383722	-4.129745	2.221151	1.857989	-2.694281	-0.890058	6.392477	-5.393833	5.846499	0.682069	2.570576	-1.592499	-3.903580	-1.140978	-6.314850	4.914302	7.263371
TAGCCATTTCAAAGTC-1_1	5.880121	0.370768	0.970572	7.452415	3.625270	4.045585	6.622939	4.460855	0.601564	8.970246	-2.220486	-4.113785	0.233907	-1.803123	4.487307	-2.645094	-5.542140	4.870777	4.909431	-3.149133	-3.000190	5.386770	-1.107282	9.443342	0.482552	0.881210	-0.714285	-9.627353	1.125551	-8.316253	0.389958	7.457167
GGGATTTACCGCACCT-1_1	1.500641	-1.800070	2.560505	4.417252	1.044536	6.583837	5.378278	4.803133	2.804297	10.093349	-2.478300	-4.658423	-1.627679	2.129452	5.143311	-1.112226	-5.888826	4.143947	5.107150	-3.384277	-5.143678	7.303683	-4.342977	9.779786	1.863403	3.369343	-2.700994	-7.902288	1.701479	-9.032953	2.063514	9.105316
ATGCCATTTGCGACCA-1_1	5.347738	4.477276	0.864109	6.779340	2.194136	2.270004	2.703995	3.108751	2.239024	10.331017	-1.242840	-3.998391	-0.855428	-1.782213	3.981224	-3.099212	-4.623909	5.835573	5.877571	-0.817294	-2.972938	4.295574	-0.103151	7.197368	0.204964	0.996300	-0.590912	-9.279087	2.277155	-6.271123	-1.380890	5.360164
GAATAGACGCGACCCA-1_1	2.723976	-1.132653	2.425601	5.214822	1.473381	4.958663	5.340236	4.413054	2.272363	9.614854	-2.638267	-3.903849	-1.137133	1.000068	4.246099	-1.891738	-5.458432	4.382988	5.291265	-3.117262	-4.522929	6.754923	-2.811272	9.139225	1.210711	1.917542	-2.095891	-7.981552	1.889068	-8.300412	0.773813	7.948287
TGTATGGCGCAGACAG-1_1	3.003423	-0.201374	3.810577	4.307748	1.856366	2.946003	5.039713	4.364972	3.396876	10.815729	-3.766459	-3.707302	-2.903046	0.945892	3.103593	-2.359042	-5.461692	4.658389	6.306316	-3.308428	-4.999515	6.663925	-1.699180	9.097836	1.182144	0.677131	-2.805459	-8.299128	2.758898	-8.427588	-1.134262	7.612833
GGATGAAGATCGCTGA-1_1	3.479290	6.436561	2.515562	4.671823	2.380367	3.738083	1.174850	4.832466	1.867018	8.377912	-0.194089	-5.158288	-2.301659	-1.199771	3.819012	-0.432281	-4.297258	7.273532	2.295504	0.515022	-1.592564	3.763833	-1.744558	9.323895	1.194892	4.003886	-2.476983	-8.671075	2.461591	-7.699700	-2.967677	2.313379
CGACAATTTGATCTAA-1_1	5.129540	9.250358	4.392913	5.543679	2.899813	-0.651390	1.259428	3.090077	3.758099	14.451651	-2.271750	-6.287994	-5.707581	-1.294653	3.334666	-2.244428	-5.090179	5.727484	8.231409	-1.638499	-4.987855	5.238259	1.198766	9.188725	-0.058790	1.428930	-1.062060	-12.050811	3.959102	-6.981751	-4.294698	3.700634
AAAGTTGACTCCCGTA-1_1	1.912301	2.789081	1.980100	2.927450	0.855017	2.397169	1.137890	3.114327	1.927020	6.152562	-1.077456	-3.076455	-1.441263	-0.591798	3.020344	0.088626	-2.694448	4.031163	1.815940	-0.248840	-2.121824	3.018519	-0.983029	5.820597	0.543440	2.230000	-1.861023	-4.956646	1.681627	-4.013715	-1.406467	2.069337
CGCGGCTCAACTTGAA-1_1	2.177792	1.887391	2.397242	4.114535	1.717966	2.341078	2.318073	4.350754	1.642177	8.226713	-2.057342	-3.745181	-2.124750	1.152282	3.392513	-1.958140	-4.937807	4.371039	4.713385	-1.561739	-4.150475	5.023465	-0.476332	8.228782	1.127959	1.510436	-2.011055	-7.645030	2.273108	-6.730616	-1.746472	5.184238
CACGCGGAACTGTTGC-1_1	1.971438	0.231935	0.897037	2.699333	0.864827	3.044375	2.814262	2.160583	1.273025	3.988602	-0.837716	-2.154242	-0.136869	-0.729469	2.468860	-0.182899	-1.931917	2.678534	0.927382	-0.728535	-1.113071	2.608401	-1.954641	4.258820	0.296240	1.443655	-1.251553	-3.594846	0.676157	-3.233600	0.386420	2.435581
TCTTAGAGTGAACTCT-1_1	4.701694	5.558563	3.579111	5.146954	1.979155	1.981369	2.103764	3.715621	3.310830	10.848904	-2.151295	-4.952993	-3.080540	-1.922826	3.999045	-0.761254	-3.805649	5.973633	4.229236	-0.888153	-3.174960	4.738915	-0.880818	8.406382	0.268612	2.707687	-1.924468	-8.988489	3.133618	-6.163299	-2.882536	2.835962
AGTCCATTGGCTGATG-1_1	4.781725	-2.802891	-0.197900	6.468981	4.725925	4.927361	8.342610	5.212831	-0.032937	4.283290	-0.885653	-3.385355	1.776454	-2.105180	4.189992	-1.028375	-5.148830	3.548854	2.551444	-3.165295	-0.184624	5.932210	-3.169021	8.210981	1.298218	1.279002	-0.327745	-7.308883	-1.431051	-7.408201	2.192073	6.651116
TTAAGATAGGATTGAC-1_1	14.539056	32.789791	8.017627	7.038562	9.990499	-8.794330	4.824439	-2.709793	4.423154	28.866999	-2.488118	-16.645323	-9.540735	-12.547256	-4.196225	0.805769	-4.650071	11.470764	15.972646	-3.659295	-1.817849	0.715984	1.739154	6.243986	-3.178168	1.765527	4.948457	-20.541540	-0.548495	-8.819878	-2.477492	2.674264
ACATCCTGGTAACTGT-1_1	2.925961	-0.826386	-0.219847	3.177622	2.153954	3.954706	4.056496	4.068797	0.545244	2.027272	1.407557	-3.012916	0.717422	-1.521694	3.198863	0.271227	-2.304014	3.577330	-0.259769	-1.056615	1.488427	4.137362	-4.570690	4.849919	1.472520	2.662442	-1.856228	-3.746660	-0.420795	-3.661232	1.582724	1.984032
CACCTTGGCGCCTTTG-1_1	8.045099	13.718849	3.693553	5.137399	3.556934	-0.098300	2.988933	0.494457	3.558197	11.982194	0.414009	-7.885567	-3.552258	-6.457983	0.457980	1.414990	-2.253012	6.574608	5.843304	0.099048	0.735874	1.789186	-2.335865	5.290407	-0.755991	3.568573	0.809555	-11.084184	0.806990	-6.227495	-1.960885	0.342388
GCTAGACCGTCTACTG-1_1	1.728499	-0.743961	0.056066	1.996070	2.789431	2.462844	3.738994	3.959490	-0.298007	-0.900055	2.261224	-3.047471	-0.099537	-1.166422	1.757879	1.843193	-2.756910	3.697766	-0.890232	-0.396398	2.827406	3.756433	-4.495243	4.636181	3.234793	3.630296	-2.710331	-3.593811	-1.517514	-3.824235	1.515558	-0.113375
CGGCCCAGGTATATCC-1_1	3.146771	1.235201	0.267214	2.628557	1.648335	3.563954	3.048838	4.152727	0.984408	1.680493	2.619471	-4.283601	-0.473379	-2.258202	2.801313	2.140539	-2.122586	4.723314	-1.612249	-0.189873	2.944437	4.004951	-5.445533	5.069672	2.679366	4.886797	-3.785525	-3.865062	0.495258	-3.080974	1.037131	-0.867799
GTCCATTACTGCTACG-1_1	5.378816	1.788134	0.429832	3.530352	1.854851	4.134612	3.632935	4.977649	0.929156	2.794734	3.021645	-5.392593	0.179228	-3.429156	3.689867	1.833014	-2.074911	5.187741	-1.565191	-0.316251	3.130478	4.951438	-6.368570	6.108428	2.046646	4.824229	-3.728830	-4.496341	0.725129	-3.712396	0.719475	-0.406648
GGGTTTAGGATAGGAT-1_1	-14.136526	-17.431728	-2.750999	-2.923081	3.072882	-7.194679	0.049951	-2.071486	-13.449061	-23.939018	14.424990	-2.688621	-3.130507	10.387306	6.878391	-0.096890	-0.652058	-9.756911	2.444843	7.114057	8.469916	17.225601	-24.932974	-1.099848	20.811375	19.811333	-3.577677	2.753734	1.142655	-8.014959	13.214714	-7.302533
TAATTAGGACATCCGT-1_1	-14.088778	-17.018679	-2.847670	-2.133831	2.905543	-6.568682	0.213847	-2.340058	-13.902550	-23.807320	12.935327	-3.265196	-3.641859	8.759666	6.435405	1.906714	-0.465899	-8.033630	1.605361	6.051900	7.371885	17.104139	-23.989681	-1.705130	21.134401	19.226036	-6.023565	3.267452	-0.646454	-6.748346	14.005195	-7.824027
GCTCCCAGTCGGTCCA-1_1	-15.899089	-18.822380	-1.004941	-3.619118	3.622296	-7.408046	-0.255132	-2.369062	-14.664017	-25.629536	15.869349	-3.030916	-3.665920	11.877836	6.316170	-2.619411	-0.964233	-11.590959	3.500016	8.374604	8.848211	18.667082	-27.723425	-1.084886	22.962238	19.516645	-1.543797	1.966267	2.975674	-9.330946	11.978573	-9.064032
ATTCGTGCTATCTCTT-1_1	-15.487439	-17.439171	-0.836693	-3.389247	2.917084	-5.792069	-1.062634	-2.915878	-11.891018	-20.912764	14.180029	-2.095464	-4.161017	11.306040	6.217391	-4.028278	-1.535127	-11.583094	3.904095	7.542794	6.806629	16.008381	-25.263458	-1.473082	21.181917	16.269325	0.826454	0.700092	2.580885	-8.407616	11.430643	-6.472301
GTTAACTATGTTGTCA-1_1	-15.707833	-18.495935	-1.397817	-3.224083	2.168878	-5.328642	-2.696844	-4.006726	-11.153172	-18.822189	12.967246	-1.423884	-4.814165	12.319893	7.189772	-4.118001	-1.810634	-12.451805	4.177775	6.794424	6.584899	16.236801	-25.243887	-3.124223	21.263315	13.807630	2.707020	-0.261999	2.229585	-8.393405	12.370312	-4.880032
GCTCCGCTCGCTTCAG-1_1	-13.626345	-17.549442	-0.778585	-3.373863	2.319627	-5.799511	-1.833212	-2.637650	-11.418315	-19.874907	13.102392	-2.264950	-3.444629	11.540647	6.414575	-2.843498	-1.382584	-11.377527	3.639773	6.756387	7.097047	17.160603	-24.319176	-2.099992	19.284378	14.236509	1.538147	0.609116	2.440003	-8.270800	10.681023	-6.273718
GCAACGGCTAGTTATG-1_1	-9.506436	-10.566708	-2.412628	-1.622988	1.003118	-2.737144	-2.391186	-3.355676	-5.093898	-8.798608	6.506227	1.326438	-3.559026	8.663966	5.362441	-4.131720	-1.555973	-8.230484	2.281809	4.468552	3.588426	7.341880	-13.658658	-2.495496	12.088264	7.252919	3.088111	-2.137844	1.755765	-4.623859	7.778319	-0.013096
AATCGCGCAGAGGACT-1_1	-8.554855	-10.265024	-1.112998	-1.668057	1.434297	-3.048351	-1.206284	-1.952942	-6.091777	-10.867629	7.500844	-0.501539	-2.651546	7.116482	4.242909	-2.670954	-1.119092	-6.949168	2.133294	4.261649	3.889141	9.048124	-14.064595	-1.278910	11.706038	8.405988	1.331489	-0.581754	1.466607	-4.624986	6.812602	-2.600861
GGGCCTAAATGGGCTA-1_1	3.393160	-2.061974	0.929091	1.891530	2.817601	0.661000	5.014479	1.707369	0.536108	2.176682	-1.331659	-0.777126	0.095589	-1.789027	0.671026	-0.021789	-1.914165	0.031577	1.227673	-2.463182	0.355991	1.091731	-1.088983	2.425312	-0.342051	-0.928219	-0.933360	-1.971909	-0.684948	-2.998633	1.012315	2.279949
ACTTGTAGTCCCTTCA-1_1	5.068157	-3.809934	1.785595	2.672618	5.356852	-0.209736	8.926820	2.985765	0.429059	2.792733	-2.268302	-0.763967	-0.239843	-2.756510	0.262298	0.125988	-3.853232	-0.479338	2.053302	-4.769264	1.150868	0.630058	-1.627087	3.433510	-0.499523	-1.456303	-2.057298	-1.990481	-1.354037	-4.689645	1.876479	2.799192
CCCGAAGTTTCGCGAA-1_1	3.609623	-3.008271	-1.418825	5.577490	6.763976	2.174161	7.319656	5.944226	-1.408754	0.174639	0.844565	-1.080534	1.555477	-1.316248	2.815500	0.756021	-5.426677	1.469048	1.572790	-3.533850	3.604328	2.884062	-2.368978	5.837877	1.247478	0.922342	-0.757182	-3.952250	-3.041307	-7.169952	2.035235	4.242620
ACCATCCGCCAACTAG-1_1	7.214589	-6.150462	2.925770	3.770716	8.618649	-0.883937	13.771713	4.831792	0.273783	4.057611	-3.767558	-0.963509	-0.750131	-3.871343	-0.311454	-0.104257	-6.540402	-0.666150	3.534343	-7.986844	1.785734	0.716425	-2.375837	5.260975	-0.366921	-2.166483	-3.495697	-2.592829	-2.199895	-7.647829	2.925484	4.367929
TGCGAATATGGGATTT-1_1	2.972651	-2.046870	0.675070	1.910015	3.260968	0.480104	4.824599	2.032883	0.134979	1.438418	-0.981090	-0.549765	0.123066	-1.547042	0.469648	0.188163	-2.298876	-0.010686	1.071713	-2.403506	0.838469	0.843604	-1.075987	2.402051	-0.153672	-0.621883	-1.052969	-1.624628	-0.969855	-3.330933	0.948898	2.040761
TACATCCCTATCCCTG-1_1	6.027894	-4.335653	1.834458	3.181100	6.323709	-0.572571	10.274625	3.640435	0.431399	2.975086	-2.518624	-0.483955	-0.077484	-3.374570	0.251947	0.395499	-4.156628	-0.929197	2.357967	-5.506421	1.942153	0.330159	-2.029114	3.529521	-0.899707	-1.824835	-2.582975	-1.738631	-1.713154	-5.286846	2.318819	2.912170
GTGGGAAGACTGAATC-1_1	3.386885	-3.047561	1.980927	1.791255	3.693566	0.809153	6.514225	2.701174	0.721421	2.730367	-2.093716	-1.162006	-0.545780	-1.821381	0.113234	-0.258489	-2.959622	0.563375	1.535955	-3.533930	-0.027837	1.236436	-1.469989	3.639384	0.422848	-0.885991	-1.631145	-2.186624	-0.762235	-3.985167	1.017851	2.531616
AAACTTGCAAACGTAT-1_1	4.945445	-3.702008	1.914808	2.406754	4.824761	0.708461	8.295459	3.329382	0.899837	2.759357	-2.210126	-1.084370	-0.123737	-2.748024	0.375844	0.423381	-3.208406	0.001796	1.404650	-4.286908	1.087397	0.976724	-2.002269	3.643078	-0.196577	-1.495304	-1.936622	-2.139365	-1.355759	-4.446306	1.516402	2.560452
AGGGCGAGCAGCTGAT-1_1	2.712133	-1.863251	1.068074	1.660854	2.588655	1.075195	4.562511	2.425014	0.561669	1.681542	-1.189395	-1.015993	0.035478	-1.505512	0.453297	0.266069	-1.861596	0.546094	0.686321	-2.143666	0.496647	0.993664	-1.438123	2.722710	0.179325	-0.599015	-1.038172	-1.666532	-0.858025	-2.742490	0.745737	1.527124
AACACGAGACGCGGCC-1_1	3.634643	-2.475762	1.127593	1.886062	3.562889	0.838759	5.811421	2.590676	0.676267	1.737174	-1.357081	-0.824138	0.061467	-2.059478	0.462144	0.589929	-2.164608	0.056965	0.714680	-2.740707	1.003361	0.756926	-1.579562	2.777109	-0.118220	-0.982313	-1.317928	-1.630410	-1.152083	-3.335599	1.018548	1.749332
TGACGAATATTTCCCT-1_1	3.417717	-0.962801	1.180339	1.768600	2.875164	1.018270	4.546055	2.350821	0.635884	1.676308	-1.242526	-1.323494	-0.135976	-2.042359	0.733543	0.415725	-1.874600	0.937158	0.396736	-1.830052	0.582373	0.414904	-0.726934	2.697366	0.041187	-0.631380	-1.154249	-2.154996	-0.966456	-2.706968	0.257974	1.161960
TCGGAGAGTATCGGGA-1_1	1.279365	0.175890	-0.445836	1.617428	2.057535	0.835986	1.933687	2.069231	-0.257397	0.357648	0.455655	-0.813142	0.445153	-0.834229	0.785410	0.316384	-1.739485	1.136690	0.307617	-0.560073	1.011575	0.357038	-0.412906	1.920080	0.504426	0.174416	-0.223951	-1.674176	-1.085049	-2.052512	0.300696	0.747601
CAAATCTCTCACAAGG-1_1	3.836148	-2.836805	1.115712	2.261184	4.330468	0.171070	7.239626	2.855765	0.474476	1.786052	-1.526207	-0.436263	0.143729	-2.312208	0.387533	0.739358	-2.906428	-0.212843	1.022746	-3.687336	1.596085	0.170785	-1.452669	2.786144	-0.314181	-1.186042	-1.514194	-1.320370	-1.153127	-3.716138	1.372985	1.890397
AGGCCCTAGAACGCCA-1_1	3.571325	-1.635762	0.624526	2.118002	3.175576	1.176572	5.555499	2.464216	0.785351	1.678460	-1.045365	-0.602751	0.300829	-2.101733	0.802908	0.951255	-1.824187	0.516942	0.094701	-2.354817	1.316838	0.390803	-1.385201	2.610255	-0.310418	-0.996227	-0.949712	-1.764592	-0.937850	-2.875463	0.822618	1.384725
TAGAGATCATGCAACT-1_1	3.264589	-1.605626	0.612385	2.084075	2.678411	1.413022	4.994382	2.966626	0.816381	1.745217	-1.128512	-1.052772	0.554584	-1.982975	0.875231	0.720431	-1.640092	0.774118	0.238782	-2.140097	1.158114	0.753931	-1.564123	2.856090	0.045978	-0.929235	-0.752693	-1.832347	-1.003818	-2.566577	0.787757	1.310181
TTGTTTCCATACAACT-1_1	2.055677	-1.136406	0.462043	1.231893	2.089536	1.116951	3.462835	1.959757	0.435415	0.870187	-0.571757	-0.731613	0.301062	-1.232948	0.578929	0.785185	-1.240093	0.494290	-0.079677	-1.325117	0.781034	0.519271	-1.132454	2.046247	0.160875	-0.352354	-0.711494	-1.191778	-0.872696	-2.171533	0.507871	0.870210
GAGAGGTGCATTCTGG-1_1	13.921428	30.229145	5.869110	5.216911	10.384535	-10.274368	5.940531	-3.040836	1.470377	23.080299	-2.659507	-13.458550	-7.484654	-11.946817	-7.818567	0.398389	-3.904351	8.203590	14.784104	-3.968936	0.298985	-3.035181	1.106900	2.192492	-4.733939	-0.810988	3.953621	-15.132358	-2.730950	-5.759952	1.918212	0.888361
GTGGACCAACCCGATT-1_1	3.016105	0.339479	1.129927	1.837758	1.942454	2.255653	3.684777	2.569928	0.845092	1.809973	-0.569586	-2.419553	0.108743	-1.840031	1.563328	1.113560	-1.637777	2.168787	-0.574186	-0.595200	0.904173	1.101374	-1.569934	3.480968	0.243588	0.820835	-1.444980	-2.977717	-0.859618	-2.872138	0.079988	0.319833
CTGGGCCTGCTATATC-1_1	1.941764	-2.656771	0.700172	3.434119	6.145844	4.061093	7.216240	8.281430	-1.428521	-1.923583	2.754325	-5.629479	-0.598970	-0.209943	3.564583	3.016294	-6.351012	5.428015	-0.580378	-2.545453	3.919333	6.008253	-6.786921	9.376441	6.023260	5.891135	-4.160839	-6.645828	-3.915694	-7.756068	2.459379	0.608204
CATAGTCCACAAGAAC-1_1	0.410356	-2.902970	1.895548	1.496636	4.577631	4.467978	6.699726	7.396406	-0.412158	-1.358781	2.487359	-5.867636	-1.011919	0.927383	3.523626	3.198536	-5.444930	5.405183	-1.234816	-2.796747	2.812026	5.559563	-7.066950	8.617796	6.033342	5.377981	-3.903809	-6.106860	-3.670281	-7.233454	2.456021	0.296642
TTGACATGAACGTGGA-1_1	-8.353015	-11.978281	-2.817093	-2.416905	-0.093488	-4.352329	-1.953110	-2.955756	-9.966666	-12.461232	6.414880	-3.615198	-2.304867	4.184229	5.727240	6.552846	0.921968	-4.328534	0.088832	-0.298833	5.555323	11.047369	-16.186066	-4.669831	14.603790	9.539647	-4.428697	4.774817	-2.739840	-5.526130	12.146011	-2.412262
GGTTACCACCCTCGGG-1_1	-10.708685	-14.086276	0.144477	-3.381723	1.940897	-4.435596	1.939119	1.298054	-12.972236	-18.147165	13.388880	-9.260750	-3.923863	1.417189	7.875234	4.419910	0.642397	-2.411274	0.703619	-0.675098	8.948606	15.345966	-25.393307	1.266415	23.071465	17.026484	-6.466430	3.715431	-2.737248	-8.789606	12.604362	-7.094066
TACCGGTCGTTTCCAT-1_1	-1.515923	-2.104806	0.041921	-0.351923	0.196241	-0.498392	-0.227542	-0.173755	-1.468138	-2.022587	1.684490	-0.907442	-0.477099	0.458272	0.955615	0.390981	0.009744	-0.815276	0.417761	0.107696	1.046037	2.094263	-3.318635	-0.279348	2.803481	1.540421	-0.140606	0.456032	-0.191486	-1.222421	1.680859	-0.648458
CGAGTACTAAAGAGGA-1_1	-9.970799	-13.907917	0.376813	-5.088954	0.949728	-6.517941	0.096913	-0.014019	-13.323563	-18.259541	12.974558	-9.229354	-2.705695	2.880188	6.235207	6.337080	1.421821	-4.219181	1.171109	-0.500079	8.841575	15.486537	-24.374477	-0.793385	21.292221	16.148457	-5.032057	6.237708	-1.973637	-8.435053	11.920247	-7.824885
GCAAGAATTCCTTGGC-1_1	-6.562016	-10.021758	0.357855	-2.509264	0.290100	-1.603857	-0.521795	0.353030	-6.948158	-8.615855	6.812863	-4.544876	-1.880359	4.936779	6.248721	0.524535	0.143454	-3.957725	1.164910	-1.151174	4.480609	10.318383	-15.358097	-0.697498	11.705837	5.983320	-0.004245	0.577026	-0.660770	-6.332045	6.900226	-2.373086
TCGCCGAAGTTGCGTC-1_1	-6.664267	-9.007046	0.381965	-2.399885	0.221193	-2.527005	-1.218374	-1.105010	-7.163400	-9.280621	5.765825	-4.804787	-2.751713	2.337701	3.975703	3.361670	0.058490	-2.651287	0.099623	-0.206935	3.799076	9.009939	-14.321392	-2.171449	12.615595	7.682289	-2.194728	2.325149	-1.608914	-4.089303	7.400020	-3.701659
TTGAGAGTACTGCTAA-1_1	-3.285593	-7.002554	0.516622	-1.987814	0.215376	-1.356891	-0.302621	1.230991	-4.684827	-6.304184	5.698738	-4.356076	-0.790154	2.507326	4.366015	1.356738	-0.088316	-2.080126	0.768076	-0.993139	3.774436	8.415277	-11.684916	0.260095	8.191664	5.278432	-0.218086	0.630952	-0.877901	-4.465105	4.743026	-2.257074
GCCACAATTTAAGGAC-1_1	-8.767959	-13.647294	-1.115163	-3.780873	-0.293800	-4.192174	-2.154579	-1.958094	-10.161073	-13.099498	8.066389	-5.289760	-2.094963	6.095622	6.589677	4.846733	0.480647	-5.872447	1.059803	-0.439578	5.520886	13.782823	-19.194864	-3.765932	15.307312	9.617865	-1.904214	4.061652	-2.116307	-6.561321	11.392511	-3.531841
ATATTCAGTTAAACCT-1_1	-7.579381	-11.067221	0.650663	-3.052314	0.533836	-2.733579	-1.043500	-0.474967	-8.318184	-10.716985	8.088462	-4.862010	-2.121810	4.340580	5.430270	1.021833	0.061787	-4.823775	1.600222	0.007756	5.075390	11.449379	-17.211506	-1.412351	13.834228	7.320618	-0.078095	1.709616	-0.484492	-6.539099	7.542958	-3.728167
TGAGTGCCTCTTAAAT-1_1	-9.336244	-16.000345	0.063655	-6.251201	0.457267	-8.456697	-0.830616	0.130223	-14.644227	-20.354971	14.181817	-10.205197	-2.109119	3.631119	7.196580	9.018095	1.789163	-5.119859	1.161875	-0.469094	10.433704	18.867941	-27.047930	-1.506441	22.249071	17.768019	-5.106380	7.561300	-2.491944	-9.625946	13.212726	-8.266777
ATCAGACGGCACGCCG-1_1	-11.440715	-15.048547	3.208435	-5.375196	1.047992	-4.239243	0.694722	1.593768	-12.408965	-18.173250	14.364829	-12.165854	-4.698396	2.776905	6.658452	4.068411	-0.720149	-3.703059	0.932306	-0.174562	7.583719	18.058609	-28.283497	1.182234	24.078781	17.799135	-4.448452	3.455854	-1.971937	-7.748042	11.232006	-9.897579
GTGCGAAATCGAACAC-1_1	-6.766873	-11.708040	1.802194	-3.621363	1.994775	-3.314274	4.323598	5.017585	-12.522486	-17.665270	15.926558	-13.110078	-2.671833	-1.487289	6.984816	4.439087	-1.280458	0.236264	1.281200	-1.563248	10.522383	18.597605	-28.085989	6.153378	24.119511	19.101679	-8.057408	1.921564	-2.405324	-9.225678	10.732256	-9.114751
GTGCCGCTTCAAAGGT-1_1	1.829155	-1.922835	-0.613545	1.009485	1.719839	1.031565	3.322609	3.820382	-1.550327	-2.899824	5.138771	-4.478497	-0.011958	-1.722679	2.373355	2.716334	-1.440935	3.348512	-0.485488	-0.998851	4.246658	6.328411	-7.909690	4.360707	5.136402	6.057128	-3.977632	-1.366300	-1.189914	-3.682909	3.832417	-1.636283
GATACGATGGGAGTCA-1_1	-3.419002	-8.417204	-2.339140	0.436900	1.283979	-0.066717	0.677290	0.623344	-2.526900	-5.401458	7.012441	-2.162224	0.982878	2.227527	2.175859	3.547654	-2.515038	-1.206969	3.132202	-0.272988	1.998532	10.616756	-10.565136	0.145975	7.158813	5.872388	-2.541237	1.625029	-4.617942	-4.863253	9.941981	0.070725
GACACTGAGTTCAGTG-1_1	-6.603331	-9.941645	0.451110	-1.084229	0.220276	-0.711573	-1.337504	-0.576608	-4.780610	-7.312814	7.994796	-4.821450	-0.167553	3.574619	3.030330	3.116287	-2.265005	-3.116139	3.316573	-0.337567	2.597857	11.727408	-14.988167	-1.575966	10.935598	7.315598	-0.721096	2.551161	-3.041806	-5.077368	9.280987	-2.784327
ATCCTGCGTGGAATGG-1_1	-6.031763	-10.163527	-0.152528	-0.782218	-0.453510	0.564088	-2.105178	-1.049040	-3.284997	-5.147986	6.949415	-4.434729	0.472421	4.406357	3.086637	3.853054	-3.055050	-3.322704	3.293366	-0.802837	1.810955	11.747274	-13.926402	-2.721550	9.039187	5.863853	-0.210945	2.459621	-3.550221	-4.523381	10.098143	-1.237009
CTTGCCCAGGCTCTAC-1_1	-10.704231	-14.077957	1.859974	-0.124419	0.378485	2.049836	-2.699906	-1.442810	-4.666868	-6.883211	10.124946	-5.749728	-0.238660	6.230897	4.725282	0.925508	-4.065861	-4.848626	5.270286	-1.002545	2.469287	14.168468	-20.144659	-3.333440	14.137361	6.782911	2.620433	1.531239	-3.511632	-7.412789	11.598022	-2.264230
AAATCGTGTACCACAA-1_1	-10.641560	-15.508522	0.306766	-0.043095	-0.512057	2.845369	-3.870380	-2.433983	-3.345718	-5.967860	9.204183	-4.949351	0.475066	8.411252	5.134669	2.402522	-5.125131	-6.242405	5.482141	-0.618001	1.243508	15.724631	-19.589750	-4.970525	12.053483	6.387471	2.693419	1.888812	-4.538523	-6.374937	13.915036	-0.575002
GTGATCATAGATCTGC-1_1	-7.743536	-13.131408	-0.878329	-0.147542	0.213813	2.247196	-1.204414	0.306243	-2.847183	-5.170493	9.495728	-6.055679	0.231685	5.214706	4.480351	4.651327	-4.245396	-2.484517	3.895329	-2.789078	1.411290	14.808235	-17.459587	-1.986649	11.356647	7.488743	-1.316447	2.345735	-6.478356	-6.094139	14.365599	-0.433366
TGGCAGATTACGATCA-1_1	-8.110407	-13.859002	-0.864612	-0.419374	-0.469560	2.489019	-2.343634	-0.706343	-2.815849	-5.287887	8.625746	-5.622511	0.400892	6.379067	4.531787	4.803848	-4.434440	-3.998346	3.701227	-1.990597	0.722272	15.028100	-17.546041	-3.475336	10.746499	7.123992	-0.617581	2.535117	-6.220345	-5.229482	14.599716	-0.316789
TCACCCTCTTAAGATT-1_1	-1.082664	-5.164597	-0.521612	1.354453	1.526750	2.926765	2.196075	3.111046	0.344863	-1.217838	4.852125	-3.854340	-0.304855	0.905908	2.802466	2.672001	-2.972519	2.479504	0.333447	-1.545621	2.573534	7.526694	-8.775052	2.498455	5.251392	4.912763	-3.012573	-1.722722	-2.774983	-4.164780	6.173297	0.209204
CAGGATATATCGTTGT-1_1	1.236168	-2.872467	-0.540312	2.113317	1.255242	4.381712	2.434418	3.658990	1.769955	2.439462	3.664407	-3.690354	0.473535	-0.284537	3.465624	1.739668	-2.417401	2.551406	0.167491	-1.844741	2.730739	5.482483	-6.317528	3.245525	2.195570	2.826076	-1.695803	-2.434012	-0.893799	-3.627514	4.223336	0.803757
CCTGACCACCGATGGT-1_1	0.380122	-0.772679	0.028666	3.008140	1.685358	6.317364	2.577090	5.623309	1.941558	3.565517	4.645995	-5.893278	-0.779723	0.104522	4.456823	1.223597	-4.551031	5.594820	-0.528826	-1.661235	3.326413	5.918886	-7.216370	5.814809	4.147697	5.509150	-3.707615	-5.133913	-0.486206	-4.639175	3.072282	-0.097128
CTAAAGGGAAATAGGA-1_1	-0.011175	-0.859175	-0.170041	2.373335	1.740053	4.865391	2.315580	4.700423	1.514482	1.967929	3.818659	-4.577246	-0.603970	-0.174093	3.318882	1.138708	-3.695732	4.483484	-0.438346	-1.179555	3.100492	4.473333	-5.863471	4.574543	3.768546	4.330126	-2.881408	-4.011631	-0.875001	-3.877976	2.813240	-0.015869
CCGCTATCAGCACCAG-1_1	-1.560745	-5.412448	-0.129314	1.755910	1.671140	2.939310	1.866298	3.636050	-0.467637	-2.035555	6.484314	-4.759231	0.199157	1.659326	3.112368	1.239248	-3.209409	2.104550	1.426895	-1.487759	3.396910	8.471268	-10.422624	3.088611	6.447669	5.344828	-2.336000	-2.157865	-2.370980	-4.961422	5.859916	-0.559634
CTTTAGTGCTATTATT-1_1	2.697513	-1.748181	-1.722515	2.428439	1.370988	3.060360	2.233788	2.378756	1.258340	2.462581	2.654284	-1.475494	1.941730	-1.511486	2.525510	0.593618	-1.443301	0.884865	0.992102	-0.910195	2.575059	3.843007	-3.585885	2.188534	-0.015625	0.399890	0.322213	-1.393829	-0.183589	-2.854449	2.997278	1.958735
CGGGAATTTATGTAAA-1_1	-7.356353	-10.361958	-0.358518	0.773346	0.520916	2.171913	-1.009691	-0.257717	-2.508730	-4.421225	8.521181	-4.203393	0.655872	4.122989	3.118473	1.781072	-3.523644	-2.828503	4.691562	-1.422194	1.440371	11.136571	-14.051785	-1.458266	9.578070	5.816971	-0.020043	1.900464	-4.268804	-5.202017	11.223038	-0.948636
TACGACTGCCTCTTAG-1_1	5.394960	-0.796970	-1.604119	4.300337	1.665166	5.188557	3.643016	3.603555	2.094226	5.278491	2.202515	-2.593916	2.517781	-3.459452	3.562510	0.282457	-1.477065	2.188295	0.587795	-1.499486	2.705463	4.168230	-4.531406	3.495505	-0.722284	-0.000846	-0.195870	-2.970558	0.496993	-3.300266	2.955139	2.528797
AAACTGCTGGCTCCAA-1_1	-11.704215	-14.246640	1.926792	0.757049	1.057564	1.950883	-1.431037	-0.890525	-4.780966	-8.055363	12.259562	-5.989125	-0.654706	4.753955	4.420094	0.460041	-3.993221	-4.690284	6.242754	-0.191215	2.803114	14.505282	-20.993963	-1.708487	15.719425	8.835192	1.448512	2.029781	-3.564769	-7.721005	12.845784	-3.143796
GTACGTTTGCCCGTCA-1_1	-5.875617	-9.401510	-2.303262	4.348926	3.094899	5.369861	2.139069	3.341984	0.016331	-1.704245	8.813006	-3.122534	1.193606	4.249115	4.695886	0.325744	-6.355978	0.447033	5.208523	-1.433014	1.790156	11.541182	-11.442825	3.574188	8.047654	5.650743	-0.644350	-2.372611	-5.286432	-7.325666	10.906010	3.081271
GGCAAGGCGAAATAGC-1_1	-13.672144	-16.265493	3.269229	0.855770	0.768537	3.906205	-1.716221	-0.333212	-4.001507	-7.315795	13.561820	-7.294645	-0.833074	7.791433	6.127003	-1.674560	-5.050160	-5.974458	7.012666	-0.822739	2.717510	16.216166	-23.805988	-1.534498	16.380222	8.847544	3.837591	0.537607	-2.762412	-8.825896	13.039853	-3.093400
GATCTTGGAGGGCATA-1_1	-3.991539	-6.833793	-0.195232	1.030906	-0.101698	3.069736	0.074727	0.490973	0.058499	-1.159070	4.724903	-2.953503	0.270715	4.037081	3.560738	0.458609	-2.846644	-1.745129	2.666404	-1.108997	0.397151	7.598309	-8.595605	0.153737	4.407170	3.474900	0.758269	-0.482502	-2.308717	-3.047059	6.870814	0.874452
AGCGTGGTATTCTACT-1_1	-9.526309	-11.771108	2.935538	0.625599	1.322284	1.814690	-1.021221	-0.001609	-4.407825	-7.851924	9.580584	-4.437021	-1.386605	6.093234	4.669377	-2.473208	-3.603404	-4.443309	3.819313	1.363153	2.707236	12.429869	-18.474245	-0.624516	13.161489	7.147196	2.445937	-1.884518	-0.626330	-6.759926	7.002491	-3.138833
CTAAGGGAATGATTGG-1_1	-8.933796	-12.924493	-0.168323	1.726896	-0.173757	3.928399	-2.594367	-1.674292	-1.292416	-3.246950	8.264493	-3.205432	0.331537	7.621324	4.891992	-0.256756	-4.995946	-5.458450	5.545602	-0.286821	1.224387	12.594465	-15.929466	-3.027741	9.644917	4.897856	3.569230	-0.414149	-3.129942	-5.585737	11.847258	0.785207
CATGGTAAGTAGCGTT-1_1	-9.185719	-12.214704	2.049441	-0.069500	0.110121	1.800563	-2.162520	-0.765015	-3.388805	-6.076489	9.093508	-5.240188	-0.394815	6.455950	4.357800	0.688994	-3.894368	-4.487408	4.394222	-0.248653	1.912861	13.187170	-17.696186	-2.205199	11.701589	6.730136	2.201602	0.604827	-2.414447	-6.172441	9.556390	-2.213029
CGTTGAGCGACCGTCG-1_1	-4.108232	-5.625375	-0.872070	0.343360	-0.459442	1.650266	-1.651782	-1.549104	0.131829	-0.810838	2.742558	-0.898073	-0.277944	3.329218	1.981547	0.973157	-2.403652	-2.634345	1.791162	0.184593	-0.445405	4.930296	-5.971531	-2.275448	3.604911	2.159134	0.982430	0.382341	-1.999654	-1.354963	6.144684	1.322451
TGCCCGTACCGTTAAA-1_1	-8.287562	-12.136822	-1.769249	0.616645	-0.865410	2.841258	-3.327874	-3.207006	-1.102963	-3.533218	6.535455	-2.623080	1.056096	6.713076	2.785953	3.905905	-5.089715	-5.446287	4.636810	0.300371	-0.327595	12.267832	-13.141209	-5.098758	7.429720	5.115766	0.728088	2.932250	-4.716426	-3.371948	13.440961	1.202395
ACAAGGGCAGGCTCTG-1_1	-0.747295	-5.769143	-2.983002	3.439782	2.893930	4.337317	4.107128	3.079134	1.170293	1.465921	3.668354	-1.517420	1.689023	0.435363	4.882252	0.919995	-4.505929	0.253645	2.860578	-1.965624	1.921557	7.087325	-5.589980	3.765015	3.129389	2.531030	0.613300	-2.939318	-2.902094	-5.632541	6.977874	5.747064
GAGATCTTCCATGACA-1_1	1.822530	-1.041256	0.340765	2.957515	1.234766	4.216392	4.050550	3.086357	0.870074	3.818713	-0.077250	-2.432842	0.693294	-1.028458	2.961940	0.365058	-2.528576	2.298463	0.942606	-1.960750	-0.172742	3.248049	-2.410133	4.623720	0.780922	1.425852	-0.881454	-3.368127	-0.395261	-3.631593	1.951159	2.794400
AATGACGTAGGATGTC-1_1	-0.530355	-1.650303	-0.249538	1.860274	1.359388	4.711347	2.995933	4.133996	0.211686	2.188527	1.570516	-2.934173	0.442929	0.950528	3.649975	0.761407	-4.117826	2.687839	0.607907	-1.704344	0.297064	4.813628	-3.802091	4.818950	2.551982	3.856620	-2.237127	-3.609840	-0.931587	-4.045516	2.559145	2.382083
GTGGTGGCCAAGTGAA-1_1	2.771213	3.981682	-1.448233	3.891533	1.574271	2.671346	1.519897	2.837701	0.814555	4.526483	1.180132	-2.041639	0.810731	-1.929204	1.977535	-0.747829	-2.124209	3.731842	1.396299	-0.314731	0.343980	0.227160	-0.158325	3.091983	0.145760	0.109647	0.699776	-4.635645	0.130179	-2.673227	-0.040545	1.975990
TCCCGTGTGCAATTTG-1_1	4.289450	4.970800	-0.893813	4.250072	1.855547	2.253166	1.835234	2.600737	1.179483	5.187434	1.161023	-3.194370	0.549209	-2.842982	1.714795	-0.625849	-1.858338	3.981158	2.231424	-0.064481	0.708198	0.384038	-0.743143	3.026051	-0.112737	0.123798	0.736096	-5.423092	-0.205610	-2.957234	0.059448	1.896832
ACATCGTATGCAATGG-1_1	16.115568	26.701534	3.831862	8.517021	9.227668	-7.760501	8.472079	-1.898908	2.581275	26.807528	-3.558875	-11.905966	-4.736772	-13.216573	-4.816241	-1.793414	-4.549174	10.110908	14.265350	-5.928802	-0.200523	-2.053201	1.825153	2.143100	-5.527829	-1.929174	4.375012	-16.522636	-2.582564	-5.468135	2.904574	5.223437
GCGAAACTTAACTGGA-1_1	10.150697	13.459285	1.965323	6.696586	4.498678	-1.350067	5.085430	0.386024	2.916734	15.521369	-1.479337	-7.381373	-1.781529	-7.997241	-0.242915	-0.933218	-2.271314	7.328515	7.149285	-2.748644	0.067858	0.573678	-0.032025	3.299682	-2.116445	-0.578937	2.583312	-10.872277	-0.572144	-3.985712	0.713886	3.517590
AATTGAACGCTCTGGT-1_1	13.512037	28.246429	6.554042	8.235353	9.252503	-8.762695	4.178453	-1.006854	4.171928	30.434168	-5.096426	-14.203938	-8.766609	-10.081955	-2.216558	-3.216703	-6.229696	10.830051	17.155241	-5.152421	-3.938728	2.048032	4.094660	7.155139	-3.629209	-0.152122	3.450650	-20.379679	0.494374	-9.108113	-2.493167	6.153164
ACAAATGGTAGTGTTT-1_1	8.836274	11.943562	4.757568	7.734658	3.994684	-1.508944	3.610360	2.538771	4.593564	18.378466	-3.422066	-7.217609	-5.136328	-4.850757	2.097419	-3.009804	-4.303117	7.579941	9.782575	-2.652572	-3.377752	4.492534	0.791971	8.327101	-1.130006	0.341623	-0.181391	-13.850608	3.055922	-6.718280	-3.376354	4.047946
ATGGTCGCGTGGTTTC-1_1	9.956927	20.007057	5.098059	7.388245	6.803438	-5.692739	3.001569	0.496666	3.533858	23.166058	-3.863667	-10.596666	-6.888711	-6.636570	-0.310540	-3.274324	-5.447549	8.578038	13.387758	-3.607678	-3.907177	2.804893	3.127254	7.336206	-2.141507	0.043170	1.982753	-16.315470	1.552534	-7.822535	-2.998662	5.184419
TGTTATTGTATGTGGC-1_1	3.431027	2.933909	2.423098	3.870862	1.126004	1.246061	2.242339	2.410547	2.876358	8.917943	-1.948654	-2.909328	-2.347903	-0.926186	2.637385	-1.736149	-3.075311	3.742863	4.420212	-1.457473	-2.904748	3.854969	-0.278211	5.704229	0.012980	0.577034	-1.265875	-6.639093	2.451887	-4.452177	-1.648915	3.419745
TTCCGGTTACCCACTT-1_1	8.482137	8.438803	3.459791	8.290648	3.126976	-0.502735	4.665557	2.461728	4.385732	19.046789	-3.695760	-5.852498	-4.170968	-3.594823	3.764376	-4.485563	-5.808117	6.282541	10.277266	-3.681451	-5.048694	6.253159	0.983880	8.869450	-1.757837	-0.122057	-0.584480	-13.704185	3.705402	-7.135670	-2.053897	6.780225
GAGTGTGCGGTACCCA-1_1	5.703095	9.824457	3.608909	5.990851	3.189631	-1.254544	2.123854	2.051324	3.620909	15.532836	-2.588205	-5.975613	-4.959964	-2.086734	2.706956	-2.851306	-5.112556	5.795642	8.976671	-2.188480	-4.674843	4.623155	1.657231	7.951293	-0.597596	0.667059	-0.149160	-12.116834	3.304551	-6.546960	-3.290290	4.612854
CAAGATATTATAACGT-1_1	0.376868	0.192308	4.556432	2.793614	2.316009	1.815935	3.474569	5.410154	3.013488	10.967053	-4.610041	-4.748015	-5.070246	3.511285	2.821721	-2.721000	-6.765180	4.086627	7.832459	-4.071715	-6.716503	7.258797	-0.921051	10.423955	2.185188	0.900013	-3.194786	-8.606076	3.210631	-9.759156	-1.942535	8.452614
ACACACCAGGACCAGT-1_1	2.123879	-0.238170	4.121953	3.356630	2.338301	2.264094	4.475100	4.390378	2.639166	9.136988	-3.799507	-4.130550	-3.699087	1.842080	2.376627	-2.027240	-5.422943	4.114444	5.952459	-3.351841	-4.857645	6.550798	-1.865609	9.295918	1.578591	0.818167	-2.811771	-7.790583	2.518993	-8.511270	-1.424432	7.040375
ATGGGCCTCGGCCTCT-1_1	-0.251417	-0.485069	5.864908	2.619426	2.488691	1.144022	4.567686	6.028074	4.287902	12.980400	-5.627759	-5.675367	-6.806320	4.689811	2.807356	-3.944012	-7.873059	3.722178	9.679828	-5.006632	-8.147776	8.549996	-1.238153	11.975145	2.380069	0.755499	-3.500517	-9.578599	4.625923	-10.523404	-2.138084	9.855807
AAGGTGATAAACCAGC-1_1	2.677326	3.185658	4.955487	4.415886	2.319873	1.340876	3.250510	5.042504	4.378643	14.240635	-4.352713	-5.130416	-5.667120	1.878410	3.808330	-3.038048	-6.732645	5.426472	8.229519	-3.223559	-7.041183	7.463637	-0.110242	10.940977	1.097357	0.711606	-3.349332	-10.654803	4.633428	-9.163832	-3.589008	7.538846
TCTTACTTATGCCTCT-1_1	1.614992	1.068722	3.491907	2.838884	1.504053	1.404898	2.868711	3.770157	3.084919	9.084394	-3.187807	-3.320030	-3.430959	1.172378	2.375060	-1.879698	-4.358067	3.608331	5.302343	-2.415757	-4.379920	5.028738	-0.731996	7.306524	1.027013	0.537326	-2.487367	-6.658241	2.828832	-6.424749	-1.978799	5.324977
AAAGTGTGATTTATCT-1_1	1.440052	-0.439754	3.277228	2.998919	1.349675	2.239352	3.791626	3.550439	2.997479	9.012811	-3.211547	-3.315819	-3.110661	1.718637	2.588210	-2.136833	-4.771004	3.025409	5.766885	-2.999238	-4.751417	5.782451	-1.451261	7.525949	1.112953	0.541457	-2.365772	-6.683660	2.633391	-6.907879	-0.787522	6.637648
TGCTCCACAGTTCTTA-1_1	3.568091	1.212468	3.949804	4.955643	1.976696	1.939909	4.587967	4.161742	4.177994	13.964969	-4.114970	-4.125973	-4.118946	1.110191	3.868118	-3.546256	-6.443015	4.569426	8.120777	-3.680380	-6.555406	7.507673	-0.737060	9.659836	0.459648	0.231803	-3.032790	-9.832311	4.116405	-8.807617	-1.882396	8.674850
CTGGCTGATTCATCCT-1_1	2.476288	1.222403	3.194125	4.246755	1.239373	2.449347	3.426955	3.899162	3.592548	10.954161	-2.883319	-3.736246	-3.209404	1.110058	3.618442	-2.535826	-5.088623	4.150784	6.134562	-2.469557	-5.100266	6.042383	-1.037764	8.269436	0.775350	0.756786	-2.467314	-8.076296	3.422244	-6.969004	-1.516861	6.490170
TAAGGCTGAATCCCTC-1_1	1.311625	-0.571513	3.836653	3.031284	1.783271	2.452834	3.870492	4.406729	2.678453	8.950460	-3.490360	-3.900619	-3.591165	2.192223	2.401484	-2.027475	-5.132617	3.350015	5.995144	-3.440476	-4.897977	6.261120	-1.809356	8.614932	1.596310	0.767970	-2.708791	-7.164910	2.472761	-7.888228	-1.028389	7.025758
TCTAGTGATATCGTGG-1_1	3.847888	0.163161	3.719740	4.975800	1.503979	2.703110	5.050007	4.045774	4.142267	12.730189	-3.767552	-3.345269	-2.917421	0.237975	3.470010	-2.952679	-5.360824	4.587902	7.033741	-3.517124	-5.281648	6.761964	-1.343699	8.593897	0.504783	0.158756	-2.826181	-8.692878	3.368607	-7.975664	-1.147726	7.938900
TCGAAGAACCGAGCAC-1_1	4.244452	-0.214299	1.909419	4.475728	1.469060	2.679717	4.635253	2.399637	2.248286	8.267827	-2.197637	-2.545437	-0.999316	-0.870281	2.906874	-2.042217	-3.629247	3.544790	4.151040	-2.351079	-2.820356	4.825689	-1.696808	6.160740	0.042641	0.494995	-1.558486	-6.410442	1.811458	-5.746048	0.074437	5.718516
GACAAACATATGCAGG-1_1	1.989238	-0.540199	2.634980	3.120686	0.710016	3.126292	3.680755	3.319407	2.675833	7.285112	-2.151582	-2.698911	-1.518056	0.412943	2.522500	-0.988694	-3.281151	3.329846	3.686941	-2.071181	-2.815600	4.532246	-2.243028	6.171456	0.903079	1.158226	-2.194870	-5.415366	1.672477	-5.496029	-0.138915	4.918693
AAGTCAATTGTCGTCA-1_1	5.066375	7.397048	1.713979	4.534775	2.173232	-0.078568	1.816369	0.983331	2.468313	9.713585	-0.907026	-4.114627	-1.857438	-3.309353	1.247237	-1.131521	-2.236279	4.742605	5.066577	-1.071531	-0.986897	1.839736	0.027634	3.857583	-0.486042	0.710872	0.651982	-7.335902	1.117310	-3.828773	-0.979256	2.375725
AGTGAACAAACTTCTC-1_1	2.463205	3.082899	0.969609	3.360783	0.706745	2.239148	0.922857	2.201275	1.923774	5.627983	-0.158446	-2.106510	-0.732024	-1.489362	2.454221	-0.297955	-1.993235	3.628227	1.605038	-0.143622	-0.755265	2.015176	-0.835627	4.214264	0.145428	1.786513	-0.868674	-4.589967	1.642810	-3.069501	-1.057487	1.507873
CATGATGGAAGTTAGC-1_1	4.610188	1.212098	0.354064	4.364901	1.419019	3.582762	3.788633	2.352039	2.159035	5.814269	-1.233917	-2.266515	0.508113	-3.048215	3.019885	-0.682136	-1.496118	3.628309	0.767805	-0.865481	-0.231746	2.342254	-2.101312	4.123225	-0.598100	0.781092	-0.680855	-4.572526	0.890951	-3.250515	0.312665	2.574821
AAGTGCCTTGACTGTA-1_1	3.129147	-0.111910	-1.045274	2.916082	1.856288	3.234102	3.051175	2.860299	0.989869	1.967063	1.533076	-1.950496	0.635508	-2.498515	2.391625	1.428295	-1.570991	2.984133	-0.721745	-0.203962	2.218128	3.258511	-3.628814	3.378752	0.948909	2.926533	-2.200427	-2.626464	0.429568	-2.445431	1.880759	0.781524
ATCGCCAGTCAACATT-1_1	-6.819663	-9.643963	-6.105436	-0.011844	0.926735	-1.997773	-0.329487	-2.767523	-5.045493	-8.886763	4.718598	1.430269	-0.825387	6.452038	5.160896	2.895022	-1.703355	-4.166955	1.444437	2.253656	3.266399	8.351863	-10.790656	-2.363536	9.511598	8.750149	-4.117279	0.855185	-3.036098	-4.332597	12.164418	2.132856
ACCGCGGTGGAAGTCG-1_1	-11.730621	-13.615941	-4.427691	-1.444466	1.991714	-5.329930	-1.135504	-3.961111	-10.422412	-17.705961	8.403306	0.220484	-3.861772	8.258636	5.826365	0.855248	-0.818605	-7.568398	0.565996	6.157207	5.622433	11.398129	-17.959366	-3.267160	16.990591	14.789494	-4.304714	1.077862	-0.177615	-4.610561	12.313676	-3.471805
TCTTCTATAACCCGCC-1_1	-12.729256	-16.682758	-9.276591	-3.477330	-0.837710	-7.740001	-4.361523	-7.303317	-13.025370	-21.640495	5.819775	2.347998	-2.005690	12.104245	7.085391	8.147352	-0.474269	-11.159942	-0.808281	6.741570	5.763803	14.804161	-18.431107	-8.380378	16.832067	17.506323	-7.207360	5.563255	-1.784027	-4.842976	17.655235	-1.699465
CACATTTCTTGTCAGA-1_1	-14.167345	-16.275032	-3.459563	-2.194799	2.001074	-4.884330	-2.254370	-4.634716	-10.102900	-17.660732	10.372664	0.149912	-4.735440	10.729912	6.647860	-2.406011	-2.034463	-10.560018	2.356770	7.269303	5.810175	13.314672	-21.409166	-3.573079	19.183199	14.485723	-0.220205	-0.305876	1.208036	-5.913466	12.788645	-3.364583
TAGCGTCCCTCGATTG-1_1	-9.914369	-12.965101	-3.374023	-1.087910	0.580148	-3.036459	-3.012813	-4.462112	-7.180053	-11.825267	5.861678	0.306201	-3.317869	7.892871	5.279286	0.858430	-1.922043	-7.546289	1.476762	4.422169	3.174843	11.261719	-15.340140	-4.659307	13.476579	8.802954	-0.775958	0.129946	-1.144041	-3.609075	11.186492	-1.207875
GTTCGGATCGGGAACA-1_1	-14.561272	-18.797915	-2.979087	-2.552424	1.871480	-5.695375	-3.151448	-4.669552	-11.710653	-19.489824	11.183027	-0.495544	-4.989410	11.915075	7.852221	-1.899682	-1.844600	-11.684873	2.625112	7.177202	6.860971	16.918221	-24.298208	-4.317380	20.886736	13.825326	0.628179	-0.611946	1.265584	-7.295028	13.196649	-4.177164
CAAACTCGCGACGCCG-1_1	-13.839778	-14.748081	-6.042100	-1.158775	0.032011	-1.922731	-5.242290	-7.895763	-5.875967	-9.770816	4.756099	3.501763	-5.314445	11.860896	6.745874	-2.273434	-3.901685	-10.815739	2.093503	6.079226	2.177958	8.872972	-16.415512	-7.391151	15.915469	9.151436	1.824381	-2.363951	-0.637787	-3.160611	14.594971	2.605471
GTCTTGTAGCTATTCA-1_1	-6.617431	-7.583931	-2.329391	-0.986933	0.177585	-1.151514	-2.238167	-3.031545	-2.777311	-4.923639	3.753621	1.054584	-2.166664	6.182053	3.655696	-1.852242	-1.663296	-5.806196	1.752517	2.748922	1.544680	5.143141	-8.931926	-2.689653	7.643947	4.529615	2.016127	-1.007651	0.183732	-2.496047	6.734348	1.017939
TTGCCAAGCAGAACCC-1_1	-4.608148	-5.040344	-1.504651	-0.573565	0.215019	-0.611077	-1.400294	-2.009200	-2.012478	-3.594393	2.230809	0.648128	-1.736680	4.258628	2.494316	-1.280362	-1.258222	-3.577735	0.690909	1.956235	1.006277	3.315150	-6.178310	-1.839756	5.430912	3.479773	0.881772	-1.044895	0.146658	-1.472214	4.390884	0.478416
AGTGGTGTTACCCGTG-1_1	2.277471	-0.391449	0.228239	1.127754	1.179013	0.718629	2.242450	0.961423	0.645059	1.123179	-0.489102	-0.632355	0.437746	-1.436162	0.780763	0.263911	-0.380123	0.251771	0.185810	-0.509299	0.583383	0.435218	-0.673680	1.105561	-0.493687	-0.545535	-0.342279	-1.119126	-0.403452	-1.256904	0.382117	0.726251
GCCAAGAATACTTCTG-1_1	2.856650	-1.382524	0.589511	1.590288	2.272660	0.620288	3.942985	1.487485	0.480604	1.314792	-0.875219	-0.667397	0.249597	-1.662866	0.717172	0.349774	-1.286477	-0.032502	0.581607	-1.585266	0.706574	0.657462	-0.936384	1.864140	-0.407638	-0.724758	-0.751429	-1.412366	-0.722985	-2.204868	0.716944	1.369036
CCGGCGTGAGACTCTG-1_1	2.649728	-0.131273	0.365862	1.330765	1.280420	0.469449	2.556992	0.836841	0.727447	1.545046	-0.559808	-0.690804	0.309361	-1.729045	0.658236	0.109467	-0.481315	0.388837	0.570702	-0.683287	0.556109	0.377875	-0.632879	1.009053	-0.635551	-0.690705	-0.393377	-1.369047	-0.399722	-1.242572	0.436793	0.824084
TTCCCGGCGCCAATAG-1_1	2.480458	0.443767	0.294553	1.592185	1.193583	0.869278	2.114477	1.300441	0.696316	1.664682	-0.426382	-1.213603	0.261535	-1.598328	0.908948	0.031005	-0.683183	1.009058	0.478286	-0.351050	0.417683	0.495941	-0.616394	1.600715	-0.273378	-0.298155	-0.333084	-1.917072	-0.404982	-1.312475	0.119951	0.656669
AAACAGGGTCTATATT-1_1	4.150666	4.503877	0.821204	2.362548	1.904950	-0.264726	2.563449	0.506408	1.105133	4.298436	-0.113256	-2.638724	-0.394051	-3.648203	-0.117022	0.060001	-0.780358	2.392870	1.935798	-0.446202	0.876756	-0.561641	-0.434614	0.914300	-0.957338	-0.256947	0.300952	-3.279136	-0.641563	-1.366328	0.354697	0.400880
ACAGTAATACAACTTG-1_1	3.025613	0.158057	-0.246005	3.159625	3.161571	1.833580	4.384796	3.276140	-0.046561	1.420811	-0.271231	-1.705841	0.968406	-1.991095	1.639060	0.456984	-2.544805	1.854461	0.442494	-1.281652	1.280219	0.743503	-0.887359	3.487703	0.283736	0.202906	-0.482703	-3.074492	-1.493369	-3.507730	0.520520	1.696366
CGAACGGCCGGACAAC-1_1	2.580513	2.546401	0.426817	1.729037	1.013453	0.422587	1.388576	0.769593	0.929546	2.631923	0.083186	-1.731136	-0.171533	-2.091745	0.448791	0.034921	-0.550128	1.702673	1.075803	-0.058468	0.515518	0.045297	-0.485595	1.123345	-0.329424	0.092817	0.076132	-2.441258	-0.174304	-1.230768	-0.105422	0.284481
GCAACACACTAGAACT-1_1	5.154433	-2.677315	1.318584	2.523556	4.106019	0.319553	7.300183	2.424341	0.804702	2.633668	-1.863399	-0.697059	0.114411	-2.816750	0.689043	0.422837	-2.352626	-0.236307	1.279721	-3.488555	1.302951	0.590685	-1.579248	2.676124	-0.941860	-1.529911	-1.638062	-1.979530	-1.105116	-3.540424	1.454716	2.179360
ACTCCCATTCCTAAAG-1_1	4.811278	0.196024	1.007971	2.553925	2.269065	0.630063	4.397517	1.659569	1.301329	3.194919	-1.161849	-1.605376	0.085287	-3.122980	1.042832	-0.130604	-1.078437	1.227521	1.399549	-1.294989	0.598869	0.749308	-0.957512	2.093565	-0.839400	-1.046732	-0.868454	-2.973018	-0.764531	-2.108440	0.491679	1.393467
ACCTGCGTGTCATGTT-1_1	1.857276	-0.667317	1.040927	1.283261	1.177132	1.038603	2.648629	1.477206	0.806435	1.962724	-0.970405	-0.953041	-0.182904	-1.025405	0.633647	-0.025356	-0.916833	0.857489	0.778627	-1.184324	-0.148183	0.986063	-0.728086	2.088467	0.169208	-0.286835	-0.669405	-1.791518	-0.137656	-1.959376	0.107175	1.410125
TACTTTCCGCACGCCA-1_1	5.814341	-3.520692	1.669641	2.955323	5.127027	0.361202	9.377390	3.530224	1.064185	3.119349	-2.386919	-0.731448	0.227530	-3.395248	0.682489	0.765964	-3.109530	-0.119253	1.437078	-4.814674	1.901564	0.383134	-2.017289	3.356041	-0.845613	-1.988554	-2.025675	-1.964458	-1.329282	-4.448022	1.826059	2.546663
AGTCGGCTCAACTTTA-1_1	2.138094	-1.160051	0.417458	1.271410	2.124394	0.596220	3.594940	1.444009	0.458172	0.918321	-0.597018	-0.252757	0.203803	-1.327148	0.487772	0.687496	-1.171519	0.097871	0.129487	-1.520384	0.913854	0.147550	-0.826990	1.536640	-0.224002	-0.606565	-0.655788	-0.884983	-0.576554	-1.973019	0.565842	0.953580
CGATCTGTTGGAGGAC-1_1	2.035439	1.027910	-0.474666	2.315591	2.331558	1.622939	2.884881	2.904035	-0.005607	1.292041	0.574925	-1.437225	0.636899	-1.525153	1.279768	0.773779	-1.998270	2.115462	-0.003723	-0.714820	1.137330	0.353847	-0.524148	2.997302	0.625624	0.403046	-0.220117	-2.853987	-1.019141	-2.599377	0.184978	0.869599
ACGGGAGTGTCGGCCC-1_1	1.279065	1.524448	-0.486989	1.726511	1.567574	1.003694	1.311115	2.021456	0.028114	1.094530	0.769726	-1.322571	0.372859	-1.110710	0.818918	0.184134	-1.524310	1.679118	0.485599	-0.100711	0.720815	0.052562	-0.133158	1.909884	0.490114	0.207335	-0.016776	-2.308742	-0.800279	-1.711605	-0.059504	0.612733
TTAACTTCAGGTAGGA-1_1	2.162030	-0.398463	0.360999	1.743385	2.104445	1.403769	3.530312	2.627138	0.353991	1.205872	-0.570720	-1.330545	0.381426	-1.434321	1.020579	0.662957	-1.688297	1.258467	-0.111347	-1.230832	0.823363	0.503268	-0.904874	2.762608	0.411031	-0.026784	-0.673678	-2.000057	-0.957466	-2.194827	0.251844	0.680600
CCACGGAGCCATAAGA-1_1	5.383998	-0.061259	1.178165	3.165430	3.563642	2.035029	6.082138	3.892127	1.353926	3.237677	-1.404749	-2.266251	0.159687	-3.251915	1.627944	0.587248	-2.212613	2.590433	0.432738	-2.146491	1.098663	0.549356	-1.124707	4.027331	-0.109839	-1.062014	-1.127304	-3.932317	-1.464847	-3.516932	0.251961	1.569083
CTTCTATGTTGAAGTA-1_1	4.332361	-1.349491	0.978553	2.186164	3.296398	0.928806	5.567624	2.522359	0.731979	2.020298	-1.402263	-1.175627	0.218500	-2.530015	0.869981	0.494137	-1.939316	0.738712	0.543700	-2.344989	1.106167	0.423866	-1.100384	2.584073	-0.478831	-1.087167	-1.218328	-2.171272	-1.166802	-2.984344	0.720078	1.485638
CACCGTTGCGCGATAT-1_1	2.444651	0.076605	0.514808	1.304203	1.346937	0.946981	2.488640	1.353670	0.713382	1.333489	-0.601434	-1.147772	0.246161	-1.662918	0.864139	0.311050	-0.702736	0.840570	0.107062	-0.448154	0.521279	0.425125	-0.700940	1.616950	-0.256950	-0.246555	-0.589711	-1.653616	-0.561728	-1.437914	0.131253	0.520155
TCTAGCAATCTCCGCC-1_1	10.269410	9.033806	1.174479	5.289385	4.747175	-2.013649	6.521985	0.323261	1.836910	10.288501	-1.081441	-4.973383	-0.344708	-8.415653	-0.849230	-0.577539	-1.760159	4.083837	5.090803	-1.859881	1.725946	-1.309397	-0.851440	0.748579	-3.453650	-1.620153	0.766821	-6.387048	-1.970219	-2.568017	2.344447	1.820162
AGTTTGGCCAGACCTA-1_1	7.795165	8.207009	1.377394	4.328190	3.567287	-1.505018	4.775979	0.233422	1.683882	8.766260	-0.833700	-4.407602	-0.720029	-6.539597	-0.693005	-0.376613	-1.456334	4.117136	4.363757	-1.409241	1.130804	-0.915128	-0.458760	1.029823	-2.241804	-0.825397	0.801341	-5.842756	-1.314442	-2.214114	1.280470	1.405392
TTGTAAGGACCTAAGT-1_1	5.023597	1.109815	1.114397	3.110089	2.745713	3.567978	4.489321	3.879639	1.080493	2.770708	0.322954	-4.079373	0.164907	-3.254118	2.256926	1.512738	-2.226389	3.552691	-0.834207	-0.406988	2.103824	2.112137	-3.080198	4.864512	0.468243	1.727876	-2.431792	-4.375979	-0.950628	-3.932142	0.457347	0.143366
AAATTTGCGGGTGTGG-1_1	5.179490	1.321064	1.620895	3.006619	2.553719	2.482325	4.757765	2.852350	1.631157	3.615466	-0.845782	-3.367594	-0.232516	-3.183377	2.073018	0.640032	-1.800632	3.007495	0.212074	-0.526746	0.855665	1.564539	-2.115203	4.410264	-0.259213	0.671906	-1.540548	-4.500903	-0.518932	-3.741131	-0.054951	0.848245
AAGTTCGGCCAACAGG-1_1	0.970807	-3.966012	-0.344725	2.622328	6.063036	2.231890	7.510026	7.985058	-3.067112	-5.187505	5.022467	-5.491990	-0.194340	-0.421077	3.115185	3.823489	-5.953268	4.978315	-0.635551	-2.655754	5.184680	7.417264	-8.343678	9.026320	8.099594	7.324557	-4.170970	-5.103062	-4.432726	-7.431674	3.901498	-0.336662
CCGCTTACCTCACTCT-1_1	4.845222	5.446169	2.071578	3.478617	1.937289	2.921276	2.195896	2.413067	1.625190	5.598499	0.709768	-5.403482	-1.113001	-3.162700	1.780790	0.949429	-2.066709	4.298735	1.200202	0.513749	0.948516	2.286737	-3.019739	5.228780	0.114538	3.059520	-1.308965	-6.165318	0.969856	-5.048620	-0.912950	0.236967
ATCACGTGCTAATTAA-1_1	-6.838784	-10.357662	-2.024876	-1.607076	0.832717	-2.160402	1.744249	0.393044	-7.435092	-11.083442	7.264320	-5.336226	-1.866378	3.069604	5.980119	6.179942	-0.378050	-0.433295	-0.455389	-1.368156	5.405864	10.939290	-15.606037	-0.334749	13.173421	12.350758	-6.544766	3.032349	-3.695905	-6.051409	11.338582	-2.166236
GGTGAAGTACAGGGAT-1_1	5.312042	4.800951	0.283490	4.756287	1.656576	3.699627	3.183872	2.790038	2.267040	6.511554	0.126167	-3.598592	0.235921	-4.158004	2.672548	0.648465	-1.815580	4.390057	0.296730	-0.288271	0.932079	1.842386	-2.454072	4.327567	-0.584878	2.497033	-0.821439	-5.784848	1.300270	-3.498109	-0.473809	0.894898
GCTGTATTACTGGCCC-1_1	-8.335875	-13.090183	-3.105943	-4.168611	-1.377910	-4.544163	-2.988228	-3.385443	-9.957191	-13.292690	7.017893	-4.932642	-0.759183	4.160238	4.360607	10.199751	-0.159652	-5.063691	0.311041	-0.276585	5.055576	13.429807	-17.659773	-5.964091	14.794465	11.939641	-5.258047	7.683139	-4.029459	-5.591951	14.283622	-3.120543
AACGGCCATCTCCGGT-1_1	0.473183	-3.184052	-1.508966	1.550431	2.150929	1.433583	3.841835	3.037068	-1.209146	-1.753844	3.542133	-2.209457	0.923402	-0.611313	2.768742	3.145033	-1.401301	1.987339	-0.112563	-1.628160	3.934113	4.330997	-4.810533	2.988158	3.188599	4.675537	-2.548256	-0.777835	-1.455704	-4.634902	4.419873	0.730109
TAAGTAACATCTTGAC-1_1	-6.081258	-9.846786	-1.933980	-2.651057	-0.731474	-2.852211	-2.142566	-2.377000	-6.774468	-8.988322	5.177864	-3.802691	-1.095659	2.930747	3.340915	6.906173	-0.408777	-3.516839	0.330807	-0.297514	3.151657	10.068872	-13.135518	-4.211206	10.839710	7.949646	-3.438953	4.868046	-3.369937	-3.680338	10.541716	-1.961702
TTCTTGAGCCGCGCTA-1_1	2.365385	2.043580	2.113327	3.449243	1.037332	5.188838	2.850372	5.020125	2.307751	6.063299	0.357614	-5.059662	-1.193212	-0.535580	4.603302	0.688710	-3.030427	5.820433	0.147853	-0.889605	-0.415054	4.167369	-4.174899	7.524534	1.620567	4.517812	-3.208858	-6.095102	1.717813	-5.037694	-0.517245	1.468330
AGTGCGTAGCTCGTAA-1_1	-8.134994	-11.203595	-1.469185	-2.123666	0.411921	-2.031462	1.460150	0.121174	-7.733286	-12.067474	7.657052	-6.474308	-1.703089	4.692380	6.466390	7.108425	-1.226084	-0.502476	-0.430294	-1.428268	4.859914	12.442229	-17.427443	-0.755138	13.901538	14.412611	-7.033311	3.385227	-4.201743	-6.105279	12.031439	-2.677426
GGGATGGTCGTAACCG-1_1	4.306308	5.971467	1.873897	3.648344	1.859434	2.595111	1.465447	2.932682	1.769303	6.162186	0.732714	-4.951213	-1.379679	-2.688244	2.063822	0.717513	-2.364518	4.615236	1.525103	0.314243	0.429139	2.107533	-2.072205	5.465913	0.266982	2.818049	-1.076785	-6.361854	1.327681	-4.836351	-1.457767	0.301451
GTCTGGGCGGTCGAGA-1_1	0.698300	0.004729	0.633085	1.524942	1.733198	3.129002	2.577439	3.722769	0.499411	1.158345	1.468715	-3.231525	-0.704135	0.011858	2.501746	1.257605	-2.525273	3.653105	-0.711843	-0.971187	1.283305	2.953522	-3.533933	4.486535	2.536232	3.386303	-2.258815	-3.756389	-0.455877	-3.369468	0.804052	0.191314
CGGAACGTAAACATAG-1_1	11.585258	24.013742	4.307024	5.572449	7.656282	-5.897968	4.486912	-1.975682	2.097367	19.896700	-0.852917	-11.726841	-5.487009	-9.856256	-4.071296	0.429130	-3.313279	8.457352	11.130920	-2.482153	-0.174967	-1.029295	0.631283	3.257517	-2.907720	0.553904	4.100536	-14.230613	-1.783805	-6.212042	0.051431	2.127045
TGCGACACCCTAGTGC-1_1	-3.370828	-7.869023	-1.871636	0.608428	0.177134	1.883866	0.623517	0.979398	-1.222921	-3.100169	6.313502	-3.759000	0.612540	2.320640	2.312876	4.164521	-3.241439	-0.796086	2.264643	-1.059778	1.617420	9.942132	-10.066721	0.044124	6.235928	6.160450	-3.230764	1.488137	-4.201894	-3.267319	10.171830	0.015000
CAAACGAGTATCGCAG-1_1	-0.590788	-3.206746	-0.217566	0.532734	0.197707	3.447433	2.053382	2.425040	0.810732	1.197071	2.554815	-3.281842	0.218627	0.901039	3.076447	1.432550	-2.357915	1.333829	0.378345	-1.702221	0.943130	5.162082	-5.593391	2.369025	2.358768	3.305302	-1.976990	-1.227498	-1.319222	-2.786400	4.124698	1.234240
TCAGTAGGGACTATAA-1_1	-7.876860	-10.961390	-0.172840	0.077524	-0.715217	2.066836	-2.512454	-2.082852	-2.029762	-4.057615	6.531459	-3.850042	-0.031611	5.158941	3.153455	3.383399	-3.856289	-4.097267	3.590571	-0.490455	0.075033	11.240283	-13.553103	-3.736465	8.722932	5.629804	0.408213	2.433299	-4.173433	-3.642663	11.433529	-0.213997
GCGGTTCCCTATCATG-1_1	-5.742369	-10.028764	-0.903946	-0.526622	0.116121	0.472673	-1.025364	0.086972	-3.601036	-5.945929	7.849327	-4.755437	0.597401	3.942600	3.336710	3.736967	-2.869658	-2.491951	3.412199	-1.308411	2.024978	12.101637	-14.068952	-1.302520	9.378286	7.033116	-1.587109	2.437196	-4.394951	-4.608244	10.932028	-1.643838
GTGACTTCAGTAGTGC-1_1	-7.395566	-10.696827	1.011488	0.090204	-0.020323	2.492733	-1.579079	-0.153192	-2.839212	-4.285830	8.309907	-5.215967	0.711550	5.254179	3.994006	1.180205	-3.714769	-3.295936	4.537637	-1.599739	2.091558	11.846416	-15.677613	-1.669072	9.928745	5.532825	1.374058	1.145347	-3.015255	-5.922152	9.813209	-1.340273
CGTCACGTCCATTGGT-1_1	-4.837283	-9.914948	-0.402118	-0.708072	0.583720	-0.710211	-0.588303	0.968507	-5.068871	-7.280000	9.721745	-5.709203	1.400920	2.980059	2.985155	4.087380	-2.667776	-1.945833	4.384893	-1.405432	4.449177	13.649870	-16.166088	-0.178110	11.133832	7.862033	-1.940184	2.772488	-3.585185	-6.642762	10.454066	-2.962130
ATAAGTTACCGCGACG-1_1	-10.899637	-11.813149	4.121607	-0.551179	1.625938	1.171740	-0.277652	0.387653	-5.448391	-9.475144	11.343554	-5.898738	-1.783459	4.881234	4.158532	-2.185243	-3.300532	-4.399280	4.003932	1.558158	2.607541	12.616331	-20.445507	0.194190	15.342684	9.171444	1.396437	-0.487511	-0.713923	-7.430374	7.235735	-4.479701
CTGAATCCGAGACCTC-1_1	-6.499544	-11.507336	-0.785971	-2.175911	0.556106	-2.478853	-1.186116	-0.532117	-7.254704	-10.454627	9.434835	-5.584497	0.211597	3.019639	3.254863	4.964084	-1.689326	-3.358587	3.523415	-0.429535	3.943429	14.002172	-17.399084	-1.648350	13.231655	9.378002	-2.430841	4.300356	-4.225727	-5.888832	11.585452	-3.863019
TACGACGCTTGCTGCG-1_1	-7.571245	-10.918976	1.677081	-1.776635	0.644051	-1.557360	-1.221966	-0.248023	-6.393135	-8.969796	9.556380	-5.996102	-1.012820	2.671355	3.549493	2.513348	-1.462096	-3.376994	3.407647	-0.454901	3.981288	12.340330	-17.721968	-1.198804	13.903079	8.041689	-0.069951	2.723319	-2.406484	-6.519756	8.897445	-4.134345
GAATTCACCCGGGTGT-1_1	-4.508822	-9.327630	-1.009962	-2.027931	0.771498	-2.999596	-0.143503	0.608240	-7.010042	-10.050232	8.443178	-5.646944	-0.515381	0.503116	2.996072	5.312855	-0.718545	-1.545089	2.008941	-0.659955	4.601439	12.052411	-15.222928	-0.216636	12.465177	9.545485	-3.973176	3.838373	-3.949796	-4.823815	10.017541	-4.200107
GGGTGACACCTTAACT-1_1	-10.621566	-17.759073	-1.280339	-3.093823	0.722021	-2.857140	-1.066932	0.096579	-10.834020	-14.983267	15.420778	-10.280656	-0.010965	3.508165	5.353714	8.646017	-2.633128	-3.858334	5.695315	-2.778403	5.836875	21.603876	-27.532490	-1.754547	21.424736	15.183785	-5.077994	7.453568	-8.081724	-9.283397	19.909483	-5.878292
TGAGTAAATTAGCGTA-1_1	1.369039	-1.000800	0.303759	1.646434	2.033927	3.889058	3.688669	4.705862	0.529482	0.437546	3.492519	-4.763521	-0.489421	-1.003128	2.727125	2.494729	-2.746256	4.630692	-1.422351	-1.481481	3.367784	4.414725	-6.216414	4.782572	3.819722	4.543970	-3.448742	-3.431859	-1.283453	-3.917608	2.795437	-0.984413
GAGTCCGCTTACCGGA-1_1	2.338535	-1.429018	-1.332042	3.014266	2.852584	4.334663	4.010790	5.709760	0.055887	0.739255	5.909344	-5.362202	0.212395	-2.305203	3.435973	3.060123	-3.573199	5.756382	-0.745426	-1.409875	5.043511	6.570035	-7.631570	5.650105	4.824126	5.968390	-4.345542	-3.611820	-1.092209	-5.010877	4.504024	-0.769878
GGCGCGTTCGAGTTTA-1_1	1.962655	0.442194	0.752635	2.412787	1.769367	4.419491	3.061926	4.555175	1.513885	2.651259	2.118427	-4.122348	-0.471324	-1.275718	2.664752	1.366422	-2.554861	4.722482	-1.178329	-0.844007	2.202582	3.176214	-4.689419	4.804422	2.259526	2.989335	-2.804492	-4.211285	-0.315735	-3.412760	1.020260	-0.141108
ATTCATATACTGTCCA-1_1	1.841293	-0.684867	-0.203362	2.468982	1.914150	5.062881	2.785925	5.191683	1.399220	2.120047	5.036365	-5.601785	-0.265926	-0.920802	3.556916	2.192448	-3.506933	5.206491	-1.205215	-1.463180	4.157381	5.483167	-7.285869	4.973237	3.777849	4.778253	-3.524535	-4.124559	-0.696053	-4.182128	3.177954	-0.987173
ATAAACGGACCCGTAA-1_1	-6.032663	-10.409192	-0.432250	0.861973	1.915823	-0.127483	0.421815	1.671051	-4.841808	-7.710694	11.560947	-5.026122	0.957288	1.772408	3.265027	1.947538	-2.612139	-1.550898	5.396239	-1.202793	4.338918	13.281414	-16.652586	1.179406	12.458845	8.128449	-1.496937	2.026393	-4.213262	-7.429436	11.074761	-2.875829
GTCGTACCATCTCGGG-1_1	-3.112669	-6.333240	-0.078703	0.422707	0.854424	0.371702	0.279899	1.621423	-2.475609	-3.839085	7.071992	-3.945353	0.478053	1.055872	2.268242	1.917298	-1.728042	-0.487682	2.873513	-1.503240	2.866118	8.525829	-10.568815	0.926647	7.466023	4.925474	-1.194177	1.045254	-2.664189	-4.605671	6.942340	-1.579752
ATAATAGCTGTTGAAT-1_1	-14.215534	-17.767782	3.679657	-1.420577	1.475853	0.066417	-1.334995	-0.271733	-8.274961	-12.712586	16.848591	-8.498501	-0.551032	6.500062	5.329587	0.292095	-3.873848	-6.918099	7.839969	0.152928	4.648175	19.536324	-28.394976	-1.052951	21.011860	11.811831	2.050347	3.129033	-2.949922	-11.454716	14.081547	-5.608560
TTCCGCGTGAGGCGAT-1_1	-12.034037	-15.558451	2.858708	-1.052938	1.017796	-0.192222	-1.428362	-0.260878	-6.921534	-10.700094	14.466904	-7.590280	-0.506164	5.798389	4.768009	1.195373	-3.303687	-5.765367	6.839728	-0.397126	4.024173	17.434040	-24.436123	-1.097174	17.943615	10.359476	1.653100	3.067608	-3.051078	-9.710317	12.911177	-4.762747
TACCGGCTCACTGCCC-1_1	-12.673005	-14.771187	3.568974	-1.337581	1.496142	0.029238	-0.606522	-0.041161	-6.947598	-11.642497	14.652002	-6.904580	-0.568500	6.867151	4.319574	-1.261663	-3.565399	-6.731324	6.752046	1.351433	3.664147	16.586340	-24.078680	-0.074086	17.322937	10.853436	2.053755	2.095818	-1.151522	-9.573210	10.789253	-5.241508
GTATCTTTCATAACCA-1_1	-12.471387	-15.395421	2.874313	-0.428247	0.986876	0.927266	-1.834376	-0.925996	-6.007209	-9.299545	13.839346	-6.809083	-0.191224	6.215007	4.460662	0.295757	-3.895385	-6.055222	7.260518	-0.265037	3.486238	16.450478	-23.512409	-1.844204	16.981865	9.039332	2.750016	2.751229	-2.783490	-9.557802	12.694082	-3.859242
GTTACCTACAACTTGC-1_1	-13.228088	-16.124504	3.414097	-0.946527	1.175880	0.401065	-1.638325	-0.663430	-6.730087	-10.876464	14.922000	-7.228909	-0.356447	7.136034	4.630826	-0.185968	-3.920747	-6.868824	7.477126	0.467244	3.761509	17.653925	-25.170086	-1.360367	18.019724	10.243279	2.761523	2.635637	-2.182681	-10.143182	12.533906	-4.750733
TGACTATAATCCTTTC-1_1	-12.891953	-14.614168	3.367712	-0.129570	1.077422	2.161200	-1.673984	-0.987032	-4.800891	-8.389365	12.559919	-5.864415	-0.704644	7.262422	4.594607	-1.999567	-4.161240	-6.513186	6.517707	0.645703	2.338167	14.553581	-21.855377	-1.702639	15.315698	8.180811	3.778301	1.147555	-1.616311	-8.439970	10.768976	-3.388200
AAATACCTATAAGCAT-1_1	-12.239289	-14.812668	3.767820	-1.089689	1.187726	-0.069705	-1.050987	0.002811	-7.110420	-11.251726	13.802950	-7.956987	-1.744115	4.842652	4.756525	0.872350	-3.157396	-4.985767	5.378076	0.295842	4.017569	16.359579	-24.566568	-0.705712	18.853735	11.250585	0.697039	2.051224	-2.424752	-8.966531	11.454715	-5.577903
TTATTAGAGCGTGTTC-1_1	-9.037901	-11.043790	3.221892	-0.788930	0.937278	0.932558	-0.635503	0.596142	-4.292889	-7.681340	10.389481	-5.332716	-0.602206	5.976258	4.118244	-1.701052	-2.946895	-4.868580	4.466439	0.735507	2.411421	12.461198	-18.043640	0.178892	12.143368	7.384662	2.367669	0.010539	-0.602681	-7.052591	7.015085	-3.429591
ATGTGGACATCTTGAT-1_1	-10.143600	-13.420470	1.802027	-0.782838	0.414297	1.036266	-1.092384	-0.033785	-4.893926	-7.795767	11.942262	-6.751705	-0.389148	5.175993	4.905673	0.720863	-3.106620	-5.006903	5.734558	-0.943111	3.457659	14.485676	-20.047338	-0.848995	14.121842	8.572104	1.736778	2.581128	-2.626731	-7.569011	11.768865	-3.278742
GTACGCTTCATTGCAC-1_1	-12.709276	-14.739794	3.667332	-0.688498	1.537214	1.100797	-1.104191	-0.437315	-6.094884	-10.646307	13.408617	-6.124028	-0.915516	7.189383	4.595828	-2.188949	-3.970344	-6.571862	6.041977	1.682101	3.207181	15.528172	-23.213598	-0.839456	16.642021	9.722681	2.856650	0.665692	-0.965615	-8.879118	9.910489	-4.610099
CACATATTAGCAGGAT-1_1	-10.245581	-15.042800	0.185818	-1.239947	0.103371	0.097530	-1.728744	-1.022259	-6.200495	-9.503214	12.468428	-7.021101	0.425678	5.374098	4.538075	3.918634	-3.661006	-5.308125	6.164426	-0.865974	3.710264	17.054058	-21.645529	-2.241361	15.326465	10.214133	-0.304789	4.543096	-4.471905	-7.660706	15.104369	-3.320780
CAAGAGGGCGGAGTAC-1_1	-9.387433	-13.443527	0.253804	-0.989040	-0.048492	-0.284585	-2.763096	-2.305209	-5.833920	-8.808749	9.433571	-5.499548	0.001336	4.888277	3.248591	4.901928	-3.711586	-4.500126	4.514703	-0.022781	2.544164	14.987812	-19.142452	-3.988054	14.013554	8.856605	-0.779263	3.921072	-4.550973	-6.103480	13.149047	-2.803009
TCGCAAAGATGCATTT-1_1	-0.301800	-4.794810	-2.081348	0.730209	0.095183	1.723665	0.646407	0.733831	0.036815	-0.011080	4.401414	-1.671085	1.735606	0.524643	1.793958	2.253541	-1.742348	-1.387750	2.298632	-0.875774	1.868455	6.426624	-5.610179	0.230195	2.101147	2.140014	-0.679099	1.206399	-2.115816	-2.882375	6.577829	1.177973
GTCGTTATTCGCTTAT-1_1	-0.822785	-3.768428	-1.407891	0.597186	-0.271633	2.411414	0.268510	0.424307	0.788229	1.021461	2.829463	-1.361895	1.055410	1.164537	1.759413	1.590010	-1.794160	-1.248116	1.587609	-0.847203	0.637973	4.632450	-4.102471	-0.034442	1.147642	1.337278	-0.254065	0.541435	-1.656777	-1.870979	5.246397	1.451721
TCGTGTACTATGGATG-1_1	0.439669	0.260399	0.019727	0.361893	0.255978	0.074634	0.409172	0.118015	0.192692	0.552847	0.028709	-0.246130	0.026107	-0.304935	0.199288	-0.002451	-0.206667	0.126551	0.388664	-0.085255	0.083651	0.097133	-0.025655	0.279768	-0.093528	-0.104534	0.018029	-0.405117	0.060965	-0.406510	0.107029	0.345328
GCGGAGAGGGAGAACG-1_1	2.863307	0.688057	0.316567	3.177876	1.029411	3.009015	2.725924	2.264408	1.288326	4.149930	-0.572817	-1.768876	0.361928	-1.846031	2.271405	-0.454103	-1.354154	2.661395	0.778913	-0.944543	-0.119394	1.776253	-1.385188	3.580143	0.068901	0.501811	-0.568709	-3.399059	0.643655	-2.559869	0.418661	1.988595
TCACAGGGAATCGCAA-1_1	14.343970	27.486219	4.691955	7.650136	8.869736	-7.609479	6.126286	-2.302851	3.656455	27.594479	-3.395522	-12.906466	-6.411273	-11.607235	-3.595804	-1.585596	-4.738220	10.238244	14.649383	-5.084597	-1.483708	-0.214756	2.494199	4.003657	-4.252730	-0.696480	4.804090	-17.914862	-1.339463	-6.934350	0.478013	5.186168
GACTGCACCAGCCCAG-1_1	7.358837	11.640350	1.084467	6.191190	4.033934	-0.741618	2.691880	1.612076	2.138304	13.202342	-0.983506	-6.236478	-1.649052	-5.166293	0.991299	-1.812516	-3.405589	6.848934	6.864289	-1.618137	-1.142142	1.034485	1.168563	4.431407	-0.977094	-0.069057	1.883694	-10.059573	0.155659	-4.935051	-0.607734	3.846152
TCCGCTGTCATCCCGG-1_1	22.853909	50.926071	9.553950	10.601040	17.268785	-18.292566	9.813587	-4.192587	3.504083	46.332294	-7.177759	-21.952450	-12.941520	-19.131292	-11.501426	-2.342496	-8.347722	15.679574	27.062187	-9.423649	-3.164117	-4.145234	5.757084	4.428424	-8.196025	-2.730533	7.248818	-29.070658	-3.479625	-10.008408	1.391192	6.366966
AGATACTCAAGATCGA-1_1	7.935180	8.762514	2.911887	7.611100	3.156945	0.185158	3.709972	3.006987	3.912427	15.737316	-2.578046	-5.488998	-3.212548	-3.998567	3.049638	-3.165244	-4.291632	7.001573	7.983797	-2.456822	-3.059819	4.301613	0.600276	7.733689	-0.943848	0.067652	-0.152952	-12.098541	2.693470	-6.131633	-2.313484	4.611855
ACTGAATGGCGAAAGT-1_1	14.115288	29.905443	6.800079	7.597934	9.860534	-9.518238	4.571867	-1.066822	4.052128	30.448959	-5.314755	-14.731507	-8.831606	-10.977803	-3.698126	-2.439422	-5.681513	10.896937	16.918535	-5.530697	-3.409437	0.672617	4.090419	6.015091	-3.886489	-0.807346	3.859375	-20.339867	-0.106420	-8.242559	-1.922773	5.254335
TCCTACATCCACGGCC-1_1	11.037574	20.849098	4.224716	8.815784	7.057344	-3.986138	3.451673	1.634074	3.960389	23.896820	-3.257907	-10.752648	-5.787007	-7.482341	0.813955	-3.258854	-5.920323	10.435877	13.105503	-3.178752	-3.566618	2.758824	2.890901	8.230294	-1.926526	0.356910	2.199832	-17.544399	1.308838	-8.718925	-2.938351	5.713741
TTCAGCCCTGGTCCAC-1_1	4.618700	-1.766802	3.124235	4.784988	1.624160	2.931133	6.484457	3.649707	3.168285	10.857501	-3.710521	-2.425032	-1.425281	-0.770708	2.608742	-2.458358	-4.370622	3.843116	5.868660	-4.336849	-3.601808	6.000785	-2.138706	7.192719	0.239386	-0.189723	-2.361130	-7.389634	1.917474	-7.484361	0.295435	7.825957
TTAGAGTTTAGAAGGA-1_1	2.818353	2.121701	3.617650	3.848267	1.417650	1.317204	2.742117	3.865977	3.647641	11.296331	-3.448174	-3.493747	-3.571295	0.357290	2.997664	-2.267376	-4.401245	4.315958	5.904284	-2.574007	-4.702388	5.283637	-0.257347	7.486598	0.528224	0.375708	-2.384831	-7.702338	3.302600	-6.346961	-2.459685	5.437417
GGTTAGCTATATGTCT-1_1	3.863294	5.042130	3.770806	4.793840	2.009900	-0.043976	2.242436	3.236676	3.584525	13.414495	-3.299843	-4.577400	-4.658598	-0.194060	3.261322	-2.861574	-5.021466	4.516109	7.592384	-2.598089	-5.333389	5.523172	0.863675	8.137822	-0.036136	0.454640	-1.624043	-9.938393	3.773503	-6.491998	-3.209885	5.219538
CTGGTTTCGAGCAAGA-1_1	0.149444	-1.185302	5.323316	2.250299	2.355573	1.565684	4.289435	5.426301	3.335702	10.670304	-5.185520	-4.661867	-5.353224	3.546276	1.966382	-2.803526	-6.561622	3.567503	8.079819	-4.775843	-6.368829	7.344091	-1.636701	10.182533	2.394194	0.463462	-3.264478	-7.900419	3.176932	-9.707123	-1.550378	8.773222
TGGGCCCATACTAATT-1_1	2.496711	0.176623	3.396184	3.353963	1.385062	1.981938	3.735894	3.494603	3.301151	9.944776	-3.243560	-2.998438	-2.913307	0.662312	2.404008	-2.070890	-4.388422	3.516410	5.689904	-2.952628	-4.453747	5.494437	-1.164456	7.137753	0.682997	0.145656	-2.528163	-6.689558	2.686298	-6.731390	-1.171795	6.363669
ACTTATTTATGTGCCA-1_1	3.387438	-0.732225	3.792707	4.390754	1.592239	2.730450	5.359958	4.109024	3.829186	12.245925	-4.114617	-3.384446	-2.898075	0.645575	3.099005	-2.752515	-5.547812	4.452062	7.110712	-4.033062	-5.288249	7.037049	-1.780583	8.639884	0.705566	0.190136	-2.945283	-8.164952	2.889950	-8.511230	-0.574174	8.530314
TTAGTTATTCGTGGCA-1_1	1.797760	-1.695520	3.444683	2.550651	1.866385	1.675305	4.715808	3.491342	2.223451	8.080132	-3.738374	-2.694761	-2.466331	1.216000	1.497751	-2.082546	-4.717122	2.966258	5.646316	-3.798682	-3.997016	5.524168	-1.499353	7.112077	1.179603	0.079555	-2.266200	-5.884902	1.737404	-7.378656	-0.310329	6.983266
AACCGCTAAGGGATGC-1_1	1.968449	-1.118914	4.572021	3.336775	2.263061	1.884565	5.104991	4.777483	3.202743	10.760243	-4.610468	-3.898827	-3.921600	1.981999	2.258605	-2.829391	-6.039341	3.807643	7.464978	-4.429292	-5.621654	7.074557	-1.469836	9.471444	1.556798	0.055772	-2.955324	-8.010176	2.862250	-9.045103	-1.185090	8.350174
ATACGTCCACTCCTGT-1_1	3.816214	6.959948	4.883550	4.385976	2.878449	-0.450725	1.386862	3.612667	3.444069	14.095830	-3.419757	-5.852139	-6.141622	0.408963	3.281065	-2.562671	-5.817646	5.054478	8.127691	-2.212928	-6.308754	6.113072	1.206994	9.733882	0.347139	1.210600	-2.146853	-11.297657	4.337185	-7.944266	-4.550316	5.169608
CGACACGCTCCGACAG-1_1	1.689589	-1.473410	4.407215	3.091944	2.394514	1.735100	5.371028	4.382257	3.050530	10.631186	-4.675775	-3.738895	-3.992302	2.335694	2.238338	-3.133043	-6.427728	3.300303	7.756323	-4.628967	-5.923268	7.258478	-1.414438	9.405283	1.499267	0.057641	-2.903888	-8.014503	2.919283	-9.300630	-0.877189	8.949066
TCTGAACTCGTACCCG-1_1	3.557719	2.818868	2.312685	4.015417	1.467243	1.144982	2.606864	2.174681	2.694278	8.856478	-2.075794	-2.963640	-2.277985	-0.842896	2.637529	-2.084186	-3.418031	3.613341	4.794815	-1.367049	-3.118623	4.009855	-0.245343	5.834977	0.053298	0.623095	-1.319931	-6.982288	2.422350	-4.939456	-1.633273	3.981369
AGGATATAGGGATTTA-1_1	4.317312	5.435457	1.862320	4.066288	1.918495	-0.035025	1.638586	1.324290	2.058269	8.711364	-1.222415	-3.604738	-2.154770	-1.975839	1.682455	-1.631287	-2.674447	3.758509	4.776451	-1.030231	-1.947957	2.732706	0.209913	4.585932	-0.408607	0.538263	-0.049191	-7.005543	1.691959	-3.940023	-1.540701	2.613215
GTGATCACTAACGCCT-1_1	5.182047	2.449694	1.399951	5.460592	1.613142	1.846066	3.864483	2.022766	2.589765	9.959662	-1.857367	-2.905960	-1.286977	-1.792595	3.282279	-2.738645	-3.678941	4.360093	5.241764	-1.916718	-2.728629	4.346889	-0.714627	5.932332	-0.391392	0.356043	-0.871489	-7.802854	2.091325	-5.344093	-0.440352	5.200890
ACCGGGCCTTTGTTGA-1_1	3.740061	2.313474	2.686987	4.004277	1.365177	1.165738	2.725646	2.296239	2.879173	9.255969	-2.206609	-3.008392	-2.592406	-0.772916	2.544531	-2.181027	-3.354096	3.382629	5.020401	-1.760614	-3.265879	4.378397	-0.462214	6.006566	-0.011646	0.336507	-1.517113	-6.936411	2.708491	-4.996678	-1.564337	4.171268
TTGACAGGAGCTCCCG-1_1	3.300431	3.619628	1.772484	3.629948	1.380144	0.455370	1.721802	1.498342	2.107034	7.791975	-1.370767	-2.773606	-2.021873	-1.081149	2.025153	-1.751298	-2.794580	3.105213	4.434761	-1.015523	-2.421478	3.058158	0.130267	4.656993	-0.146389	0.525672	-0.619908	-6.284633	1.924261	-3.908917	-1.507610	2.953883
CTCTTCTATTGACTGG-1_1	2.110269	-0.732004	2.274226	2.652703	0.921765	2.213338	3.540499	2.458205	2.097037	5.786541	-1.958666	-1.958744	-1.216409	-0.014677	1.578769	-0.973051	-2.575913	2.512615	3.079439	-1.955623	-2.103203	3.631935	-1.690385	4.911806	0.648571	0.409369	-1.640893	-4.395679	1.339765	-4.528586	-0.264495	4.073148
CGTGGCCGAATATCTA-1_1	4.295514	5.371323	1.115027	3.844923	1.889747	-0.161334	1.987451	0.745157	1.752270	8.181342	-0.973188	-3.054886	-1.375782	-2.589491	1.098994	-1.408662	-2.067238	3.583702	4.204001	-1.320449	-1.051727	1.690738	0.242923	3.210777	-0.680640	0.104691	0.571147	-6.056359	0.947308	-3.056283	-0.531613	2.482394
GGTTTAGCCTTTCTTG-1_1	3.510162	-0.026089	1.000394	3.293823	1.351922	2.405505	3.644646	1.916480	1.402175	4.567518	-1.271222	-1.736658	-0.125188	-1.688129	1.964084	-0.784318	-1.537813	2.497137	1.538345	-1.527534	-0.730583	2.365268	-1.310251	3.876460	0.040447	0.063020	-0.527208	-3.949097	0.689841	-3.140397	0.223395	2.746920
TCAAGGTTACTACACC-1_1	8.219893	11.674953	2.473189	5.926549	3.846837	-1.177735	3.181325	0.595340	2.959742	13.996455	-1.515440	-6.656715	-2.617497	-5.772499	0.621784	-1.317708	-2.712458	6.458667	7.112722	-1.831307	-0.967712	1.808815	0.143793	4.347515	-1.385111	0.346966	1.562607	-10.206638	0.583701	-4.811339	-0.675455	3.239783
TTGACTATTGTCCGGC-1_1	4.681583	-0.283100	0.348937	4.319442	1.789400	3.912400	5.067634	2.559465	1.816753	4.990457	-1.680944	-1.948586	1.070939	-3.274909	2.815890	-0.238883	-1.206292	2.622928	0.462456	-1.544776	-0.069253	2.360250	-2.348316	4.127392	-0.644084	0.129890	-0.523215	-4.096884	0.403564	-3.035592	1.034871	2.751184
CGGGAATATAGTATAC-1_1	4.681521	2.259266	-0.064368	4.335929	1.237450	2.813750	3.120340	2.148461	2.126611	5.555296	-0.538256	-2.071736	0.639914	-3.263540	2.172370	-0.533814	-0.920031	3.139175	1.122601	-0.796746	0.416451	1.475540	-1.738969	2.949928	-0.733299	0.042111	0.021714	-4.422707	0.687521	-2.016969	0.232061	1.829939
GCAACAGCAGTATGCG-1_1	-8.556234	-10.249649	-8.117352	-0.494968	0.233366	-2.367508	-0.150915	-4.684631	-4.468774	-8.850130	3.223839	3.839231	-1.760012	8.517089	6.402893	3.817657	-2.167061	-5.179813	0.519495	3.425449	2.052794	7.282808	-10.080076	-3.364842	9.885233	10.621770	-5.053114	0.558766	-3.382316	-4.655649	14.359264	5.404454
ATCAAACACTGTTCCA-1_1	4.156154	-3.340026	-1.721861	5.088778	3.987660	3.423230	7.157934	4.740715	-0.230805	0.684702	1.357215	-1.717995	3.036661	-2.051397	4.153295	1.868133	-2.712354	2.129596	0.993164	-1.540775	3.682329	6.099643	-5.057163	5.911132	1.175476	3.191392	-1.243001	-3.832475	-1.253774	-6.507659	3.077306	4.769476
TGGGCAATAGTTGGGT-1_1	-11.822203	-15.626224	-11.359837	-2.715495	-1.494766	-7.141671	-5.553993	-8.298140	-11.272047	-17.914124	3.553474	4.933061	-2.436859	11.882880	8.252455	7.656696	-0.378171	-11.244301	-1.105004	6.233497	5.612940	11.874348	-15.773251	-9.468977	15.651612	14.689632	-6.117712	3.919678	-1.970108	-4.673438	18.219423	2.036120
TGAATGTCAGCCGGCC-1_1	-11.327511	-13.844095	-10.267174	-2.292067	-1.342311	-6.162106	-4.926484	-7.512079	-10.753414	-17.027819	3.352485	4.026020	-1.725031	9.317982	5.978775	8.156647	-0.295552	-9.713635	-0.449732	5.233058	4.594464	10.942067	-14.282280	-8.605531	15.027789	13.712695	-6.900734	5.216172	-2.627731	-4.384964	17.304382	0.542765
CGGCTCTAAAGCTGCA-1_1	-13.851606	-16.215605	-8.712684	-2.238507	-0.857837	-4.472956	-5.861451	-8.550731	-9.147521	-14.958213	4.543234	3.940569	-3.514201	12.735894	7.115094	3.231583	-2.606914	-11.762727	1.054206	6.362545	3.511548	11.792915	-17.335136	-9.071294	16.531731	12.539229	-2.295608	1.556433	-1.697444	-4.197389	17.396622	1.650297
GGACACAAGTTTACAC-1_1	-14.790827	-16.187531	-10.315263	-2.339024	-1.349437	-4.502133	-6.714980	-9.801772	-9.441371	-15.024429	3.407099	5.264409	-3.951847	12.553150	7.137282	3.886472	-2.546459	-12.350794	0.647179	6.698334	3.514291	10.508900	-16.828609	-10.300944	17.611441	12.883506	-2.977169	1.978603	-1.759469	-4.110010	18.782179	2.493166
CCGAGAAGTCGCATAA-1_1	-10.564624	-10.912376	-5.005012	-1.221941	-0.646617	-0.692926	-3.526871	-5.938076	-3.811560	-7.088194	2.262035	2.079016	-4.198627	8.855255	5.176982	0.196303	-3.189558	-7.323143	0.296239	3.947398	0.228667	6.385809	-11.520066	-5.794159	11.266735	8.222433	-0.537369	-0.949988	-1.823004	-1.158338	12.218401	2.311950
AACTACCCGTTTGTCA-1_1	-16.538191	-16.762394	-9.877155	-1.590009	-0.852473	-2.882493	-5.961106	-10.492684	-7.538286	-13.005090	2.243097	5.752297	-7.222467	13.777622	8.563871	0.943837	-4.043820	-11.807948	-0.653380	7.584798	1.598037	8.850613	-17.138134	-9.963380	18.851027	13.460457	-2.392255	-1.939784	-2.196008	-2.064738	19.277378	4.266950
CGCCACAGGTCGCGAT-1_1	4.057971	5.913094	0.613405	3.075858	1.655673	0.541105	1.317059	0.980619	1.150155	4.316337	0.958530	-3.927910	-0.630956	-3.089912	0.418188	0.345361	-1.183712	3.058575	2.723466	0.665176	0.884944	0.390017	-1.114861	2.322332	-0.078060	1.351971	0.429391	-5.027185	-0.161463	-2.902884	-0.394352	0.594616
TTGAATCGTTGTATAA-1_1	2.716606	4.323985	1.087098	1.486205	1.331816	-0.481402	0.895581	0.132274	0.802144	3.671765	0.063939	-2.730367	-1.044475	-2.121682	-0.161583	0.213889	-0.642569	1.826885	2.084444	-0.112704	0.269145	0.285735	-0.413442	1.321072	-0.316880	0.522628	0.433928	-3.228006	-0.124358	-1.689710	-0.345602	0.244686
TGGCCAATTTGGTACT-1_1	2.579680	0.842359	0.560473	1.594248	1.188989	1.202815	2.155627	1.351094	0.733382	1.750269	-0.256788	-1.696183	0.081485	-1.790620	0.891959	0.284451	-0.681225	1.326633	0.152732	-0.208091	0.582067	0.551375	-1.050910	1.815010	-0.213799	0.174702	-0.599768	-2.067637	-0.343449	-1.520444	0.073810	0.319868
CGACCCTTAACGCCGG-1_1	5.135830	5.504256	1.029650	2.789151	2.542062	-1.269878	3.107960	0.110923	0.913704	5.908433	-0.673121	-3.069764	-0.708089	-4.252894	-0.529147	-0.350772	-1.096923	2.467376	3.045962	-1.036009	0.522452	-0.502539	-0.213325	0.815910	-1.542976	-0.515713	0.453375	-3.877752	-0.798558	-1.528586	0.814970	0.963100
TCGGCGTACTGCACAA-1_1	3.411893	3.728742	0.903511	1.911322	1.390809	-0.001821	1.684800	0.445619	1.153973	3.558810	0.056510	-2.499906	-0.561005	-2.795953	0.151157	0.179444	-0.579685	1.987270	1.707186	-0.078461	0.695384	0.047643	-0.658986	1.185012	-0.518713	0.227649	0.183925	-3.129558	-0.303010	-1.526635	-0.050772	0.223032
GAGTAAGGCCACGGGA-1_1	4.264037	2.780191	0.619163	2.416795	1.824587	0.205017	2.929621	0.883967	1.248877	3.487932	-0.290746	-2.157734	-0.017672	-3.499691	0.485960	-0.065936	-0.727796	1.836105	1.386818	-0.401571	0.826087	-0.193095	-0.684977	1.051647	-1.029751	-0.560057	-0.100742	-2.763366	-0.486296	-1.329047	0.404698	0.465800
ATCAGCTCGTCCACTA-1_1	0.995688	1.138360	0.643749	0.835286	0.483775	0.724794	0.648280	0.859477	0.516643	1.339320	0.085078	-1.310752	-0.400651	-0.607342	0.518393	0.223565	-0.591232	1.216582	0.365810	0.088832	0.209488	0.560488	-0.697860	1.511008	0.282805	0.654501	-0.524598	-1.576002	0.208264	-1.250774	-0.288156	0.058798
AGGATCACGCGATCTG-1_1	5.537144	8.465201	1.428973	2.793179	3.092984	-1.655434	2.666127	-0.137291	1.021826	7.075584	-0.233735	-4.589299	-1.403905	-4.732910	-1.048895	0.171484	-1.307272	3.295988	3.812907	-0.799420	0.664707	-0.758434	-0.158078	1.143419	-1.382921	0.041221	1.128783	-5.156648	-0.980055	-2.286999	0.461078	0.757407
AAATGGCCCGTGCCCT-1_1	1.360189	1.280167	0.640837	1.057281	0.612701	0.736769	0.914789	0.946858	0.601878	1.566152	0.011484	-1.415593	-0.302819	-0.878219	0.602497	0.196372	-0.624464	1.309723	0.495058	0.070056	0.251098	0.530070	-0.673339	1.591563	0.163084	0.568302	-0.459143	-1.779256	0.116802	-1.346478	-0.284390	0.163837
CAGTACCAGTTTACGT-1_1	3.426006	-0.188799	0.597090	1.704144	1.756701	0.802344	3.278542	1.320952	0.928921	2.015263	-0.806216	-1.081497	0.259293	-2.197079	0.879281	0.092246	-0.799112	0.758984	0.658676	-0.916083	0.529930	0.592458	-0.749767	1.627633	-0.588733	-0.824488	-0.589114	-2.019700	-0.633287	-1.730588	0.416494	1.104436
GGTCGTAAGCTCGCAC-1_1	4.553079	4.885651	1.128906	2.555127	2.114263	-0.890856	2.569570	0.452559	1.213989	5.165581	-0.607410	-2.910682	-0.729822	-3.739981	-0.281106	-0.261687	-0.879059	2.324822	2.713605	-0.639516	0.498183	-0.334671	-0.253120	0.983649	-1.106268	-0.411079	0.244037	-3.659741	-0.571411	-1.406432	0.336108	0.623248
CGTTCATGGTGCGCGT-1_1	2.148360	-0.608866	0.518360	1.148947	1.399952	0.820713	2.507209	1.146607	0.523698	1.155935	-0.622270	-0.816751	0.102428	-1.255337	0.673100	0.189306	-0.769594	0.416607	0.273787	-0.768047	0.290119	0.626778	-0.727382	1.568536	-0.160163	-0.383423	-0.560527	-1.352192	-0.454416	-1.487785	0.310941	0.824903
GACTACAAAGCGGTGG-1_1	4.611689	-1.074461	0.831763	2.361107	2.854413	0.954783	5.613438	2.401150	1.263815	2.473138	-1.358390	-0.998868	0.434575	-2.936102	1.035529	0.645746	-1.354599	0.773696	0.600428	-2.288943	1.324059	0.328132	-1.135717	2.204673	-0.784329	-1.596001	-0.965361	-2.147785	-1.045994	-2.406580	0.813144	1.440026
CAGCTGGCGTAACCGT-1_1	3.591012	3.756270	0.793728	2.143530	1.643939	-0.438277	1.922478	0.452082	1.050008	4.123394	-0.410333	-2.397560	-0.487919	-2.898639	0.036754	-0.276438	-0.767660	1.932493	2.110214	-0.448873	0.309818	-0.073300	-0.138270	0.968368	-0.757051	-0.326445	0.294209	-3.073268	-0.314516	-1.247684	0.163522	0.681212
ACTCGTAACCCGTCCT-1_1	1.604513	0.085350	0.513125	1.123427	0.776118	0.881163	1.637338	1.056811	0.602879	1.372406	-0.441236	-0.892834	-0.000959	-1.037719	0.757845	0.056123	-0.565771	0.819929	0.270680	-0.392132	0.164997	0.592581	-0.582763	1.502651	-0.025812	0.004828	-0.506520	-1.409122	-0.082107	-1.116575	-0.001178	0.547854
CATATGTCAGGCTACG-1_1	3.095053	-1.251361	0.725732	1.472263	2.062065	0.883713	3.870611	1.620423	0.814879	1.588142	-1.024288	-0.689748	0.232793	-1.787206	0.715110	0.486989	-0.900575	0.222821	0.348050	-1.559746	0.715007	0.577340	-1.062034	1.790198	-0.429658	-0.926828	-0.795798	-1.424211	-0.664542	-2.018973	0.607454	1.213888
GCCCGACTTCTTCCCG-1_1	4.943183	0.508171	0.932741	2.763984	2.254776	0.854323	4.626356	1.629499	1.495700	3.748856	-1.153661	-1.618873	0.119065	-3.309398	1.191973	-0.240023	-1.200293	1.726219	1.392563	-1.493624	0.563939	0.727168	-0.786786	2.135326	-0.892515	-1.201084	-0.681234	-3.249303	-0.638192	-2.146140	0.549700	1.665052
CTGGCATCCGAATGAG-1_1	2.287778	1.274147	0.356542	1.609183	1.032556	0.861978	1.859944	1.193818	0.915322	2.002948	-0.282208	-1.313662	0.117863	-1.799716	0.859293	0.116591	-0.649072	1.445334	0.494723	-0.184531	0.489961	0.195227	-0.539870	1.434860	-0.213380	-0.000944	-0.301417	-2.015361	-0.277814	-1.235208	-0.046960	0.408282
AAGTGCGTTAGAATCT-1_1	5.397625	-2.142550	2.019618	2.717610	3.599990	1.518539	7.131829	3.172764	1.538979	3.874758	-2.319772	-1.621498	-0.139989	-3.141788	1.098311	0.037125	-2.339759	1.558649	1.193935	-3.214225	0.415178	1.385014	-1.526849	3.873981	-0.201510	-1.333145	-1.622981	-3.390900	-0.937296	-3.925926	0.763248	2.593855
AGAAGTGATTCGTGAT-1_1	2.063607	2.062613	0.006399	1.898479	1.549098	1.838317	2.122673	2.452526	0.651741	1.870979	0.493733	-2.149793	0.196848	-1.594582	1.209166	0.716188	-1.550412	2.412955	-0.115603	-0.193686	1.028765	0.200158	-0.864891	2.610239	0.474332	0.706742	-0.535502	-2.990668	-0.672998	-2.226370	-0.112215	0.291289
TACCTTAAGATTTCCC-1_1	3.160745	0.609444	1.460724	2.229157	1.705921	1.858798	3.398694	2.846363	1.403291	3.031834	-0.934548	-2.046755	-0.359791	-1.746693	1.587877	0.495982	-1.467394	2.614764	0.388375	-0.935259	0.395000	1.221977	-1.177091	3.753108	0.317464	0.360284	-1.234915	-3.478256	-0.162906	-2.811849	-0.447970	0.946976
AATGACAGCAATGTCT-1_1	3.895953	0.791764	0.656106	2.331182	1.624406	1.086675	3.653004	1.512628	1.556010	2.902155	-0.705365	-1.453465	0.202130	-2.800257	1.179693	0.110142	-0.738298	1.701329	0.719828	-0.818563	0.729117	0.462930	-0.921196	1.813285	-0.652206	-0.796367	-0.421400	-2.648822	-0.394496	-1.475447	0.299447	0.788370
TCAACGCAGGAAATAA-1_1	3.277873	1.472444	2.022257	3.014948	1.525967	2.116212	3.180279	3.352498	1.401903	4.103348	-1.030738	-3.096963	-0.659760	-1.388287	1.917362	0.198482	-2.099948	3.530087	1.364185	-0.695655	0.016867	2.244491	-1.506895	5.271779	0.745498	1.205217	-1.442462	-4.917372	0.418227	-3.948513	-0.995749	1.369344
TATTCCTCCGCCCACT-1_1	3.030197	0.294090	0.728972	1.836085	1.298223	1.233297	2.939939	1.543320	1.268524	2.303971	-0.783711	-1.289074	0.092048	-2.045488	1.121439	0.194007	-0.663209	1.352859	0.325961	-0.633366	0.525646	0.668814	-0.965080	1.990647	-0.309170	-0.315400	-0.650030	-2.215897	-0.301464	-1.486335	0.113096	0.661887
ATCAAACGAAGGTTTG-1_1	4.048361	0.877929	1.984005	3.210337	2.271369	2.059729	4.175927	3.300016	1.431614	4.123796	-1.461086	-2.887465	-0.623293	-1.752307	2.172786	0.027812	-2.410793	3.409016	1.340667	-0.968974	-0.252509	2.289845	-1.298563	5.426877	0.501761	0.834132	-1.474293	-5.218984	0.145272	-4.329807	-0.873124	1.940192
TTGATTAGCTGTTTCT-1_1	0.997364	0.602893	0.335846	0.683681	0.632493	0.713521	1.006462	0.828700	0.422682	0.866687	0.002265	-0.945558	-0.090543	-0.723224	0.530509	0.289757	-0.543563	0.918172	-0.012603	-0.060026	0.351126	0.249717	-0.536188	1.109957	0.154437	0.341375	-0.461455	-1.178865	-0.147182	-0.944625	-0.048689	0.039692
CTGCTGAGGCCACGAA-1_1	4.471045	3.243405	0.626022	3.998998	1.957821	2.159055	2.989626	3.283336	1.569968	5.050352	-0.484402	-2.989933	0.038031	-2.763147	2.177042	-0.362246	-1.845230	4.291309	1.607554	-0.371872	0.253624	1.125808	-0.908944	4.247881	0.127817	0.457330	-0.544120	-5.484091	-0.107327	-3.343868	-0.688716	1.591225
CCGTGTTAAATTCCAT-1_1	2.332476	0.415196	0.629396	1.558586	1.476221	1.358639	2.581773	1.707193	0.651211	1.732662	-0.642032	-1.400051	0.068615	-1.409785	1.140602	0.286322	-1.149709	1.564858	0.094633	-0.522394	0.248638	0.661699	-0.668407	2.380151	0.047922	0.218357	-0.697318	-2.329741	-0.445298	-2.092561	-0.083961	0.816112
CACGTCGGCAACCTCT-1_1	2.238500	-0.002951	0.384222	2.170568	1.675990	1.886551	3.159463	2.158695	0.319738	1.894973	-0.558042	-1.539916	0.399294	-1.324261	1.396992	0.098366	-1.598939	1.709256	0.338316	-0.929334	0.154254	1.211574	-0.832049	3.105634	0.272807	0.237824	-0.456134	-2.790648	-0.506625	-2.591715	0.261843	1.447526
GTATTCTGAGAAACGA-1_1	3.209908	0.512907	1.136940	2.297002	1.643273	1.922811	3.342284	2.347552	1.053143	2.706960	-0.885398	-2.095479	-0.127998	-1.687279	1.722768	0.231758	-1.510274	2.371182	0.231235	-0.608290	0.205588	1.463310	-1.287587	3.616326	0.087515	0.558831	-1.158864	-3.421634	-0.116152	-2.736633	-0.284681	0.988931
CGGTGCGCGTTGGTCC-1_1	3.187800	1.598358	0.534058	2.325725	1.094995	0.810683	2.485807	0.983136	1.326092	3.332805	-0.444707	-1.553736	-0.098113	-2.218145	0.969846	-0.340316	-0.759433	1.932963	1.271453	-0.546205	0.275940	0.640410	-0.737966	1.668841	-0.425121	-0.265406	-0.155668	-2.856164	0.071150	-1.422164	0.115268	0.917503
GTGATTCGCCGCTCAA-1_1	8.823331	14.203079	2.490153	4.958839	4.567729	-2.265320	3.943334	-0.369869	2.084424	13.044837	-0.688137	-7.533188	-2.588576	-7.207048	-1.235424	-0.046528	-2.127025	6.472554	6.650291	-1.639681	0.308629	-0.074205	-0.154195	2.720904	-1.856639	0.412937	2.364964	-9.869063	-0.899601	-4.324573	0.008349	1.996928
GCCCGCGCGTAAACGG-1_1	5.627981	0.818723	0.991073	3.861484	2.386762	2.770441	5.459317	3.397280	1.961800	4.533725	-1.399958	-2.546198	0.330884	-3.514523	2.348729	0.081258	-1.557911	3.375403	0.433548	-1.357838	0.707830	1.397823	-1.695345	4.266124	-0.467203	-0.452148	-0.969938	-4.719912	-0.625065	-3.075742	0.197874	1.609288
AACGTACTGTGGGTAC-1_1	6.508178	9.021912	2.111123	4.045968	3.082763	-0.520612	1.979918	0.860193	1.707795	8.688238	-0.193201	-5.867993	-2.067595	-4.538636	0.393868	-0.164943	-1.743849	4.783119	4.640874	-0.367873	-0.029602	1.263409	-0.849016	3.624582	-0.745708	1.127548	0.838034	-7.719033	0.032063	-4.290209	-0.914306	1.331233
GAGTATGCCCGCCTTG-1_1	5.119990	-0.070798	1.758988	3.922936	3.004820	3.190180	6.131284	3.832790	1.179191	4.200732	-1.854424	-2.993640	-0.004822	-2.451180	2.422265	0.155776	-2.586542	3.419727	0.679286	-1.764690	-0.242040	2.546226	-1.874158	6.055424	0.196375	0.358083	-1.422839	-5.628193	-0.351370	-4.858070	-0.111724	2.575114
TGATTCTGTCGCCGGT-1_1	6.067624	11.392917	2.335702	3.797275	3.631269	-1.298170	1.664876	0.505670	1.520975	9.751878	0.081845	-6.629117	-2.797409	-4.535752	-0.180987	0.152874	-2.216256	5.181072	5.354995	-0.468377	-0.233156	0.854021	-0.313941	3.890859	-0.697451	1.429540	1.348606	-8.526611	-0.065065	-4.805516	-1.259148	1.227652
GGGCGGCAAATGAATT-1_1	3.840845	2.293139	0.618148	3.267284	1.301275	1.967017	2.467726	2.041969	1.540993	4.396313	-0.384778	-2.256992	-0.139011	-2.341795	1.690322	-0.407020	-1.119002	3.283853	1.211218	-0.328947	0.138786	1.302728	-1.318064	3.180567	-0.189042	0.364248	-0.435401	-4.200887	0.404502	-2.494430	-0.258559	1.330299
TTCCAATCTGGCTATC-1_1	10.506935	14.138663	2.017295	6.558624	4.736142	-0.942750	4.731813	0.033297	2.842767	14.566596	-0.697514	-7.986367	-1.909315	-8.177490	-0.260979	-0.545585	-2.359012	7.416192	6.961103	-1.587461	0.425056	0.668870	-0.800173	3.453973	-2.048294	0.389694	2.523236	-11.306978	-0.692858	-5.099840	0.385642	3.044668
GGAACCGTGTAAATTG-1_1	5.296470	0.632280	0.590647	4.275045	2.611776	2.919027	5.781676	2.857675	1.664747	4.632873	-1.507124	-2.447060	0.591421	-3.180649	2.503113	-0.222292	-2.112589	3.027097	0.847639	-1.431462	0.157549	1.762913	-1.508899	4.482622	-0.470337	-0.251827	-0.541318	-5.108292	-0.370030	-3.561997	0.384638	2.436940
TTGGTCACACTCGTAA-1_1	4.105131	1.400356	-0.251303	4.305916	1.677976	4.085801	3.661257	3.275290	1.244450	4.717831	-0.347965	-2.565844	1.023203	-2.630574	2.671730	-0.486224	-1.709255	3.421086	0.393158	-1.044966	0.314224	1.821067	-2.060677	4.245372	-0.088654	0.498636	-0.587784	-4.512872	0.415400	-3.035208	0.543411	2.375877
CGAACCCGCATGCGTC-1_1	3.673337	1.047299	0.160048	3.375961	1.672204	2.589559	3.418944	2.274295	1.051770	3.724125	-0.758513	-2.124043	0.563086	-2.085748	2.031857	-0.382554	-1.691045	2.666687	0.751459	-0.758303	0.103604	1.530899	-1.254271	3.539840	-0.172082	0.270651	-0.386834	-3.985862	-0.016135	-2.939445	0.191196	2.038406
GGGCGTCACCACGTAA-1_1	3.211236	-0.659191	-1.551546	4.075869	3.178937	3.085500	2.844785	4.475234	-0.978371	1.527646	2.399942	-2.720992	1.862131	-1.678147	2.440569	-0.524045	-3.642016	3.172185	1.449195	-0.619513	2.256662	4.163781	-2.534448	4.644520	1.581254	1.491739	-0.929899	-4.030880	-1.447787	-4.697191	1.575637	2.815073
TACCAGAAGTAGGTTC-1_1	2.612664	1.165800	-0.172543	3.012543	1.651408	2.516731	2.366881	2.647956	0.279922	2.871179	0.142767	-1.909065	0.577601	-1.384493	1.709656	-0.273587	-1.848845	2.709914	0.664911	-0.671535	0.219434	1.358793	-0.892424	3.515250	0.320793	0.383759	-0.246440	-3.648554	-0.197692	-2.889203	0.159992	1.754332
TTGGATATCGTCTACG-1_1	2.910059	-2.705184	-1.095996	3.162283	2.536837	3.366436	4.747538	3.771150	0.248631	1.564960	1.596784	-2.094211	2.143917	-1.573996	2.815538	0.816065	-2.416317	1.578743	1.128071	-1.781403	2.385415	4.797678	-4.030128	4.211856	1.018305	1.199934	-0.267821	-2.762681	-1.392179	-4.378920	2.887636	2.971859
TAGATATGGACTGGAA-1_1	3.066335	1.141191	0.129087	2.712067	1.221858	2.367864	2.862499	1.993220	1.229561	3.271425	-0.505785	-1.597780	0.414636	-1.994444	1.668722	-0.077769	-1.116927	2.461125	0.267781	-0.596461	0.397107	0.955934	-1.190292	2.752326	-0.215845	0.131037	-0.371635	-3.116650	-0.031762	-2.152415	0.204602	1.312187
GCGACGATAGTTGTAC-1_1	4.095486	-0.659962	-1.647475	3.520137	2.128222	3.776675	3.719708	3.563359	0.866011	2.878833	2.138552	-2.187850	1.997678	-2.968129	2.821157	1.154614	-1.852445	2.519899	0.142450	-0.893578	2.809490	3.935907	-3.634505	3.675961	0.433013	1.632635	-0.958769	-2.658825	0.075229	-3.319564	2.460433	1.815263
CTGGATTTACACTTGA-1_1	3.231473	1.894063	0.151611	2.419048	1.312538	2.079680	2.567682	1.674973	1.332568	3.215873	-0.123408	-1.762630	0.223292	-2.386256	1.430069	0.135032	-0.936315	2.416053	0.148358	-0.258967	0.617123	0.602080	-1.302822	2.283612	-0.410429	0.310866	-0.363453	-2.990674	-0.017467	-2.056015	0.149439	0.773955
GTTATATTATCTCCCT-1_1	5.721008	4.755265	0.223340	4.249079	1.759234	3.560720	3.076647	2.842716	2.044854	5.944723	0.834978	-3.703148	0.177497	-4.061621	1.984868	0.530030	-1.284536	4.230935	0.344053	-0.430335	1.394197	1.222972	-2.630801	3.675653	-0.785439	1.052814	-0.174544	-5.485900	0.495989	-3.248763	0.025700	0.663221
TATTCCACTCAGCTCG-1_1	4.881253	2.184910	0.676122	3.989622	1.908644	3.143203	4.226656	2.669466	1.996520	4.897841	-0.729846	-2.666713	0.276476	-3.483064	2.117921	0.155473	-1.319451	3.537786	0.455904	-0.529384	0.600154	1.332794	-2.118027	3.942320	-0.549529	0.395790	-0.741690	-4.692670	0.076507	-3.110954	0.099251	1.371908
CTGTTACCCAATCTAG-1_1	1.715725	1.345163	-0.503519	2.249247	2.537337	2.711566	1.952622	3.881051	-0.048438	1.100093	2.273776	-2.645619	-0.034475	-1.136513	1.562283	0.800292	-2.888026	4.188257	-0.506931	-0.194556	1.970322	1.843660	-2.080351	3.921870	2.074800	1.908676	-1.479442	-3.942456	-0.983498	-3.561617	0.489423	0.429160
ACGCGAAGTCAGACGA-1_1	3.626137	-0.613448	1.306862	3.190361	3.302480	3.704343	5.183671	5.022089	0.144397	2.054703	0.524309	-3.962257	0.051154	-1.240174	2.428901	0.991106	-3.458814	4.146705	0.023799	-1.342386	1.207490	3.418086	-3.145932	6.443899	1.610961	1.620278	-2.218850	-5.289455	-1.668234	-5.225834	0.640958	1.666587
GATAGGTAACGTTGAC-1_1	-6.525815	-10.227191	-0.199829	0.947629	1.824269	1.037875	0.763500	1.879207	-3.973094	-6.925857	10.564723	-5.716445	0.168550	2.124877	3.352883	2.509554	-3.349618	-0.450690	4.306521	-1.651228	3.733212	12.887745	-16.694263	1.150138	12.402781	8.875072	-2.580761	1.441468	-4.594581	-6.838793	11.333682	-2.617181
TGTTCGTATTGCGGTG-1_1	-5.843175	-8.855732	1.252021	0.858454	1.974697	1.303120	1.445613	2.617563	-4.047938	-6.593879	10.063282	-6.088641	-0.383517	1.246418	3.397826	1.499701	-2.992883	0.437581	3.265340	-1.438598	3.670655	11.654420	-16.546812	2.186612	12.671268	8.507924	-2.651660	0.013318	-3.555539	-6.949601	8.760574	-2.992484
GGTCAGTGGGTCCCAC-1_1	-12.558550	-15.679626	4.067562	-1.366638	1.086434	0.038413	-1.076286	0.365911	-7.536737	-11.555990	14.824991	-8.901208	-1.420896	5.545258	5.356042	1.071422	-3.523842	-5.079443	5.849618	-0.308735	4.414189	17.935436	-26.390606	-0.515489	19.721531	11.770424	0.921136	2.144771	-2.607800	-9.940364	12.102143	-5.731456
AATTCTAGAGTTAGGC-1_1	-11.568485	-14.843806	2.969243	-1.318776	1.340703	-0.540224	-0.427077	0.577178	-7.463014	-11.818065	14.264387	-7.935861	-1.581696	4.171877	5.243073	0.930448	-2.702640	-4.883074	5.352031	0.079037	4.375875	16.627596	-24.267700	0.106581	18.688528	11.654972	0.238224	2.389882	-2.865210	-8.936986	11.952101	-5.443790
GTTTACGTTCCATCTG-1_1	-13.004096	-15.879933	4.096896	-1.897604	1.714073	-0.697332	-0.341849	0.555458	-8.299875	-13.404007	16.086008	-8.024131	-0.998915	6.153885	5.016239	-0.658376	-3.322130	-6.547191	6.546626	1.271073	4.445271	18.299896	-26.757715	0.425801	19.804382	12.278375	1.327578	2.105376	-1.621456	-10.599467	11.338172	-6.127967
AGACCCACCGCTGATC-1_1	-11.508493	-16.104471	1.497285	-1.683548	1.309039	-1.125948	-0.681167	0.168006	-8.598579	-12.461468	15.446605	-8.448664	-0.498423	3.587508	5.109284	2.598911	-2.498645	-5.125475	6.688964	-0.938657	5.650630	17.952919	-25.367630	-0.560597	19.707785	11.966696	-0.342578	4.645730	-4.073362	-9.859431	14.926894	-5.514797
TCTAGCATGCCCAGAA-1_1	-13.307773	-17.245010	2.832964	-1.931193	1.532368	-1.419588	-1.037976	-0.147700	-9.120748	-14.212791	16.757303	-8.464776	-0.354819	6.666435	4.857736	1.202388	-3.537868	-6.818111	7.518843	0.653542	5.616735	20.016386	-27.819132	-0.631878	20.665709	13.123125	0.863585	3.821184	-2.502113	-10.992948	13.914924	-6.537233
CCCGCAGCGCGAACTA-1_1	-7.053236	-12.152158	-1.092779	-0.927631	0.738497	-0.508759	-0.585751	0.162485	-5.859347	-8.456108	11.157709	-5.720757	1.154534	2.861236	3.820307	3.582918	-2.440688	-3.456651	5.480982	-1.434758	4.082901	14.322178	-17.691038	-0.741758	12.836814	8.518450	-1.314197	4.257457	-4.691480	-6.987684	13.287970	-2.688427
CTCTATTTGGCTGCAG-1_1	-10.915508	-14.899570	1.221495	-1.609479	1.063686	-1.937350	-1.384978	-0.986812	-8.009647	-12.233570	13.400152	-6.820468	-0.668979	4.102097	3.950002	3.181224	-2.516724	-5.396043	5.834219	0.331232	4.524374	16.749512	-22.788589	-1.655909	17.789585	11.238651	-0.383152	4.550149	-3.647098	-8.375326	13.514973	-5.072919
TTCTGCCGCGCCTAGA-1_1	1.979485	-2.702553	-1.199632	0.921314	1.132153	1.978542	2.627658	2.433816	0.072646	0.415283	3.132937	-2.393764	1.766007	-1.025551	2.477832	1.252678	-1.107101	0.925751	0.833567	-1.418265	2.698084	4.839419	-5.068385	2.269576	1.427817	1.871570	-0.694765	-0.436931	-0.904397	-3.445490	3.633593	1.113669
ACTCCCTAGAATAGTA-1_1	-9.551687	-16.097012	-1.032701	-2.113975	-0.074810	-1.446332	-1.732585	-0.870934	-7.468062	-10.971862	13.350438	-7.571175	0.682459	4.248197	5.027267	6.099499	-2.898703	-5.529425	6.327653	-1.419074	4.530110	18.781324	-22.656654	-2.251251	16.288254	11.200386	-1.376425	6.355104	-5.882591	-8.041759	17.242496	-3.354565
CCGAACCTTCCCGGCC-1_1	5.467269	0.796986	-1.322665	4.147508	1.169851	3.715136	3.244223	2.251349	2.287951	5.643609	0.193699	-1.716284	1.971669	-3.788822	2.678230	-0.225277	-0.377243	1.668947	1.008271	-1.262893	1.346720	1.893645	-2.486493	2.249211	-1.584875	-1.155983	0.775621	-3.081089	0.448375	-2.108041	1.880259	2.410777
TCAGACGCTATAGAAG-1_1	-3.442441	-8.357445	-2.594882	0.486517	0.869002	0.581555	0.066021	0.611568	-2.392646	-4.651718	7.353357	-2.448027	1.929103	2.981219	2.340974	2.739498	-2.572350	-2.255399	4.083538	-0.700739	2.022520	10.448151	-10.376392	-0.068574	6.231343	5.113281	-1.505014	2.154408	-4.254146	-4.446259	10.165898	-0.007210
CAGGCGCCATGCTAGG-1_1	6.016061	0.318904	-1.097907	4.431246	1.927132	3.121527	4.836487	2.209141	2.198674	5.326820	-0.764565	-1.634912	2.052735	-3.880536	2.528375	-0.307002	-0.821115	1.695662	1.325454	-1.518534	1.276125	1.719366	-2.149372	2.517571	-1.584845	-1.621591	0.689474	-3.750936	-0.251835	-2.651309	1.779953	2.888789
CACTCGAGCTGAACAA-1_1	2.563645	-1.303677	-1.070558	2.168943	1.048393	3.040725	2.814236	2.162913	1.099515	2.552616	1.153955	-1.599178	1.770989	-1.871780	2.377019	0.616679	-1.159882	1.073528	0.478150	-0.957144	1.670104	3.210107	-3.162612	2.195372	0.051187	0.969363	-0.522697	-1.373862	0.029090	-2.358752	2.337812	1.845539
ACAAGGAAATCCGCCC-1_1	3.598621	0.830225	-0.368459	3.721823	1.443691	3.499885	3.202640	2.362500	1.109017	4.392926	-0.657128	-1.745855	1.010453	-2.333184	2.431263	-0.722012	-1.577651	2.650320	0.793008	-1.002177	-0.011132	1.740210	-1.421578	3.598744	-0.300818	0.179516	-0.171582	-3.687992	0.343702	-3.104450	0.814692	2.699787
ACCACGTGCAGCTATA-1_1	2.300268	-0.320187	-1.446126	3.472681	2.552965	2.759750	3.204108	3.349724	-0.263545	1.889553	1.072124	-1.375539	1.834391	-1.391856	2.409947	-0.249926	-2.630050	2.110887	1.170861	-1.209065	1.435732	2.380545	-1.282237	3.682241	0.726336	0.538733	0.436780	-3.289529	-1.022890	-4.213328	1.410270	3.428732
ACGGCGACGATGGGAA-1_1	7.339251	0.046724	-1.311660	5.756110	2.052389	4.102365	6.189070	1.873213	3.004826	8.033278	-1.101209	-1.516770	2.275221	-4.877260	3.025832	-0.977315	-1.167883	1.862584	2.552949	-2.424248	1.099489	2.673628	-2.938544	2.920394	-2.150959	-1.983721	0.617231	-4.630999	0.230067	-3.674864	2.744137	4.663486
TTACTAAAGGACTTTA-1_1	16.293047	29.071362	3.818730	8.927140	9.542041	-7.132733	7.947143	-2.934996	3.406656	28.547531	-2.652001	-13.419120	-5.287360	-13.681021	-3.970959	-1.394135	-4.919179	11.519881	14.691886	-5.404843	-0.495736	-1.263451	2.153404	3.008466	-5.025780	-1.102765	5.936298	-18.230804	-2.247932	-6.905446	2.048183	5.922809
GGCTGAAATAGCAAAG-1_1	7.587227	-4.556595	-0.665950	6.267461	4.578993	4.704379	10.019620	3.079983	2.437534	6.424512	-1.266858	-1.382368	2.943779	-4.635486	3.809614	0.541488	-2.182954	-0.359634	3.288809	-4.314405	2.159718	4.826337	-4.602678	5.238487	-1.676775	-1.813946	0.222204	-4.390189	-0.949317	-8.008876	4.466208	8.520159
TTAGACGAGTCACCTC-1_1	20.132647	34.260708	3.287064	11.536488	11.807349	-9.433745	10.657926	-3.417631	2.085247	33.174667	-3.223186	-15.728900	-4.573083	-17.156170	-5.513171	-2.295374	-6.455026	12.830121	18.184011	-6.710221	0.160022	-2.755670	2.227132	2.248590	-6.962712	-1.260373	6.622877	-20.429895	-4.141957	-7.778418	4.404680	7.850665
GTAGTCGCGGGAATCA-1_1	6.603215	-3.952570	-0.257370	6.103866	5.072252	4.806795	9.415957	3.273484	1.418312	5.851402	-1.147802	-1.547018	1.745220	-3.030580	3.265267	-0.292075	-3.567355	1.297490	3.370237	-4.203992	0.646654	5.332352	-3.958795	6.508060	-0.467443	-0.944786	0.061716	-5.831536	-0.923963	-8.872066	3.524294	9.231122
GCAAACCCTACATTAT-1_1	7.291440	6.859112	0.722160	5.756423	2.763183	0.286580	3.864199	0.866410	2.030621	11.064158	-1.262434	-4.185221	-0.686179	-4.705591	1.435215	-1.853013	-2.481411	5.044752	5.002818	-2.150491	-0.598832	1.940465	-0.262654	3.602834	-1.530744	-0.241677	1.196619	-8.018828	0.528585	-3.806949	0.504891	3.800080
GTTAAAGTAGGACTGG-1_1	7.618752	-1.144186	-0.642833	7.545661	4.356109	5.868104	8.531137	4.537822	0.981845	7.284883	-1.845086	-3.207110	2.066028	-4.026358	4.356227	-1.693132	-4.183899	3.876524	2.335229	-3.325321	-0.363542	4.863417	-3.027009	7.730377	-0.571403	-0.106418	-0.000536	-7.802495	-0.425327	-7.547814	2.335154	7.402852
ACCCTCCCTTGCTATT-1_1	9.940506	12.189476	3.238806	8.033146	4.622196	-1.545830	4.410346	1.975671	3.641035	18.649858	-3.127069	-7.136376	-3.801646	-5.812133	1.916295	-3.479031	-4.565810	7.425669	9.566739	-3.322461	-2.741810	3.826847	1.124533	7.273673	-1.941610	-0.348917	0.746382	-13.540214	2.062101	-6.599768	-1.661865	5.212444
CATGTCTCATTTATGG-1_1	4.405594	-0.822264	0.656859	4.282436	2.596096	3.787842	5.846711	2.798187	0.889075	4.962511	-1.509937	-2.042397	0.418464	-1.964278	2.264089	-0.736972	-2.597155	2.880235	1.492623	-2.486557	-0.832213	2.958131	-1.873690	5.363606	0.013664	-0.184276	-0.371087	-5.114397	0.055951	-5.058310	1.109972	4.397902
AATAGAATCTGTTTCA-1_1	2.028522	1.329901	2.099869	2.725291	0.806551	1.421115	1.891133	2.429664	2.447004	7.158799	-1.876518	-2.181713	-1.918291	-0.045551	2.236395	-1.340669	-2.851650	2.919767	3.557540	-1.413041	-2.820813	3.443420	-0.395312	4.907211	0.308401	0.463147	-1.552233	-4.932697	2.064286	-4.110014	-1.245280	3.529557
TCTCATGAGATAGGGT-1_1	4.897296	7.412924	2.945753	4.893390	2.373064	-0.268408	1.708095	1.971576	2.954298	12.163458	-2.005219	-4.749206	-3.691239	-1.833664	2.540369	-2.068886	-3.974303	4.891577	6.587771	-1.574080	-3.576202	4.025543	0.826002	6.696911	-0.435953	0.866438	-0.422079	-9.538451	2.698742	-5.429009	-2.663335	3.538188
ATGACTATGCGACATT-1_1	1.373160	1.537434	3.586368	2.773489	1.439983	1.208002	2.255849	3.918079	3.183099	9.756621	-3.244059	-3.604829	-3.958795	1.580347	2.521645	-1.975729	-4.571043	3.515006	5.726757	-2.496767	-4.955740	5.210178	-0.429119	7.479414	0.986584	0.469614	-2.581977	-6.897793	3.094771	-6.465801	-2.241470	5.507415
CCTAACCCAAACAAGT-1_1	12.145737	10.746424	-1.610003	11.618814	5.070298	1.577190	6.489166	2.246655	2.289941	17.439880	-1.174620	-6.986705	1.339690	-7.866080	3.391245	-4.411622	-5.496738	8.185400	9.259786	-2.579668	-1.078470	2.798272	-0.143845	5.863892	-2.581443	-0.638300	2.349555	-13.873425	-0.027278	-7.364148	1.835191	8.470843
AGTCAAGATGACACTT-1_1	1.866718	-0.646276	2.790319	2.647866	1.231395	1.841701	3.545155	2.963691	2.487430	7.921565	-2.902164	-2.206897	-2.083383	0.623670	1.793755	-1.737590	-3.795606	2.903079	4.845027	-2.812648	-3.597035	4.619392	-1.057866	5.931983	0.785096	0.116826	-2.078835	-5.355892	1.834390	-6.019434	-0.546234	5.810852
CGGGAGCTTCAGTGTA-1_1	5.644215	6.072780	2.278985	5.708536	2.314726	-0.195376	2.598957	1.872581	2.656898	12.584859	-2.178809	-4.405877	-2.870575	-2.078351	2.689811	-2.953844	-4.182081	4.604239	6.973700	-2.114768	-3.535528	4.362536	0.613605	6.428123	-0.899287	0.238170	-0.361186	-9.487794	2.529060	-5.251812	-1.674345	4.661466
CCACAGTACCCATCCT-1_1	1.883681	-0.894778	3.527772	2.972564	1.892324	1.614114	4.587593	3.564075	2.750126	9.433025	-3.818208	-3.013333	-3.037092	1.448666	2.158709	-2.592255	-5.321464	3.214857	6.402893	-3.699033	-4.814450	6.020198	-1.115380	7.790279	1.068222	0.134161	-2.400533	-6.904536	2.476743	-7.730155	-0.754129	7.443775
GAGCGCGCACGAGTAG-1_1	3.661695	3.445698	1.826780	3.690598	1.340627	0.616899	1.870538	1.626553	2.185553	7.637270	-1.346778	-2.686046	-1.869741	-1.457116	1.914332	-1.534373	-2.341810	3.287986	4.019066	-1.121367	-2.022506	2.839494	-0.071999	4.449951	-0.192217	0.314269	-0.564728	-6.002053	1.776790	-3.532534	-1.345436	2.593472
ACCAGTGCGGGAGACG-1_1	4.177442	3.534407	1.919647	4.251313	1.376848	0.528916	2.331193	1.441977	2.405998	9.010629	-1.571426	-3.033153	-2.037377	-1.594093	2.224590	-2.037299	-2.883154	3.228349	4.973917	-1.540253	-2.502595	3.526902	-0.111026	4.887873	-0.478887	0.302553	-0.572729	-6.766970	2.079697	-4.009046	-1.086419	3.478947
TCCTTACGACGGTCCG-1_1	4.060397	3.799312	1.386581	4.307830	1.182289	0.839271	2.102256	1.336533	2.354424	8.916757	-1.200014	-2.835002	-1.589410	-1.760815	2.312239	-1.841524	-2.756252	3.472712	4.548903	-1.500006	-2.175639	3.145055	-0.029078	4.472338	-0.552945	0.307021	-0.119505	-6.405262	1.884057	-3.648260	-0.725753	3.333697
TAGTCGATCACGGGTT-1_1	7.412008	11.260995	0.716508	5.607642	3.867620	-1.259150	3.167814	0.127655	1.777417	12.945544	-0.846342	-5.846655	-1.307451	-5.489669	0.204290	-1.571495	-2.921481	6.031910	6.665446	-2.106440	-0.613221	0.636236	0.869953	2.962135	-1.567646	-0.350708	2.416353	-9.074226	-0.397217	-4.118808	0.688725	4.062155
AGACGAAGTGCCGGTC-1_1	10.945459	26.105639	5.363338	7.063801	8.482048	-7.634271	3.300879	-1.343088	3.329719	26.206888	-3.327928	-12.804074	-7.707933	-8.645671	-2.471038	-2.296132	-5.544860	9.512104	15.096896	-4.030885	-3.502703	1.193561	3.843752	6.148268	-2.828492	-0.266193	3.965997	-17.666466	0.212446	-7.825864	-2.134814	5.163285
CGCTGGTGACTACCCT-1_1	7.716210	9.877825	1.448351	6.091086	3.424569	-1.108458	3.656672	0.547297	2.563525	14.238258	-1.771549	-5.302714	-1.907286	-5.165475	0.986707	-2.153376	-3.040939	5.895990	7.069628	-2.832362	-1.140877	1.893020	0.675845	3.971833	-1.748160	-0.449733	1.583988	-9.592012	0.546257	-4.223236	0.273661	4.376242
AGGCATTGTCGTAGGG-1_1	6.781452	-0.945915	0.150180	6.222497	3.532852	4.509582	8.337455	2.846666	1.069425	7.328755	-2.389076	-2.621411	0.882449	-2.948698	3.579849	-1.657908	-3.820038	3.491727	2.249875	-3.536967	-1.330349	4.158832	-2.221871	6.699293	-0.812129	-0.185928	-0.147501	-7.439729	0.191235	-6.569281	1.795193	6.422667
TGGTAGAATATATGGG-1_1	14.602839	33.464481	5.415196	7.155460	11.097619	-10.696587	6.006176	-3.768279	2.424553	30.309221	-3.115734	-14.879224	-8.003113	-12.526649	-6.745656	-1.282423	-5.489169	10.609469	17.389250	-5.740568	-1.941281	-2.087992	3.920669	3.144876	-4.916430	-1.858466	6.278126	-19.085377	-2.288720	-6.956234	1.180969	5.035489
AGTTTGGCACGGGTTG-1_1	6.849011	10.584259	0.147932	6.143325	3.554644	0.415663	2.761855	0.984202	2.042063	11.549413	0.137448	-5.499804	-0.842543	-4.901047	1.168285	-1.446795	-3.226109	6.557354	5.885560	-0.968424	-0.465960	0.830770	0.220275	3.824449	-0.922771	0.482017	2.085824	-9.362760	0.068024	-4.964149	0.072077	3.854635
GCATCGGCCGTGTAGG-1_1	-1.789844	-2.657187	-0.432174	0.387275	0.376862	2.764389	0.729112	0.104694	1.031705	1.665800	1.093824	-0.476881	-0.739379	1.822830	1.666848	-0.303247	-2.308990	-0.107804	1.297358	-0.604515	-0.979799	2.263370	-3.379154	0.989237	2.445693	2.055015	0.003115	-1.179825	-1.029947	-2.626297	3.685841	3.862522
ATGCGAGTCCCACCAC-1_1	5.487117	-0.879528	1.651868	4.468657	2.994546	4.203834	6.809248	3.596033	1.316243	5.252912	-1.742761	-2.986720	0.002725	-2.273036	2.452476	-0.219347	-2.688165	3.522144	1.127322	-2.608739	-0.737295	3.374008	-2.559637	6.414972	0.130015	-0.016453	-1.084027	-5.844381	-0.083642	-5.577936	0.760504	4.055722
TCGGCGAACCCAAACC-1_1	1.490539	-2.758430	0.270523	2.715844	2.343698	4.082213	4.653574	3.147413	0.330756	2.464165	0.508863	-2.297983	-0.089536	0.610265	2.747568	-0.487682	-3.427409	2.261676	1.689975	-2.189781	-0.383472	4.643421	-3.486586	5.257283	1.534689	1.624671	-0.960371	-3.847136	-1.140774	-5.389594	2.504806	4.746117
AGAGTAAACTTCACTA-1_1	3.426297	1.419388	0.323248	3.245900	1.066156	2.753195	2.523682	2.056898	1.453469	3.983760	-0.558883	-1.954531	0.340346	-2.315858	1.941232	-0.325488	-1.017492	2.677516	0.424899	-0.313776	0.187403	1.519279	-1.778283	3.166742	-0.359349	0.623832	-0.701437	-3.461170	0.618324	-2.326901	0.018206	1.471358
AAGCCGAAGCGGTTTA-1_1	1.756648	-0.668789	-0.196571	1.938545	1.262973	1.950342	2.520730	1.586164	0.449075	1.586236	0.117475	-0.880488	0.635898	-0.999257	1.260420	-0.048068	-1.247098	1.253799	0.456019	-0.730700	0.494294	1.755335	-1.478266	2.298849	0.162322	0.186926	-0.185291	-1.947767	-0.341449	-2.126947	0.910618	1.700484
CCCGAGTTTCTCCGTA-1_1	3.350039	-4.182647	-2.297284	4.396321	3.688377	2.110308	6.629321	3.523461	-0.123702	-0.462774	1.748379	-0.757463	3.359699	-0.970476	4.489233	2.546208	-1.992917	0.587918	1.550208	-1.130810	4.258587	6.109572	-5.111229	4.817919	0.708350	3.156840	-0.596565	-2.490992	-1.168664	-7.075805	3.707658	5.769074
AATATCGAATCAATGC-1_1	6.526669	-3.299130	-0.135608	5.414577	5.019080	3.289185	9.552925	4.065782	1.462430	3.160059	-1.204811	-1.523019	2.398896	-3.512783	3.494569	1.865752	-2.474631	0.993795	0.816547	-2.894333	2.375511	3.429805	-3.526892	5.757933	-0.867439	-0.575237	-0.297668	-4.646111	-1.324047	-6.576148	2.230576	5.031769
GCGCCTCCCACTCCGA-1_1	-11.171073	-13.034848	-9.007241	-2.492018	-1.169730	-5.014515	-4.117500	-6.577973	-9.350420	-15.330025	3.660844	2.969625	-1.873939	9.881448	6.149835	6.190856	-0.864809	-9.093022	-0.395239	4.640280	3.663141	9.995147	-13.904637	-7.353489	13.759015	13.635496	-5.653823	4.168380	-2.335845	-3.689794	16.013618	0.607754
CGTTAAACTAGTTAGG-1_1	-4.944458	-7.432804	-5.322080	0.365964	1.404326	-1.436295	1.814099	-1.493218	-2.829151	-6.304180	3.556068	2.305987	-0.868184	5.455162	5.111339	2.575373	-1.959183	-1.958141	0.685058	2.187571	2.323807	6.405985	-7.908203	0.003096	7.096386	8.189270	-4.124070	-0.842354	-2.811261	-5.124156	9.717957	4.507542
TGAGTTAAAGACATTC-1_1	-11.240046	-11.837569	-7.308115	-1.135208	0.325703	-4.720214	-3.289547	-6.213417	-8.797782	-14.005731	4.325007	3.394796	-3.346735	8.117435	5.428961	2.693302	-0.880933	-7.939987	0.295567	5.276269	4.001515	8.059623	-13.623425	-5.972148	14.931690	11.772993	-4.242998	1.594442	-1.273731	-3.810228	13.648170	0.185749
AACAGGTAGTATGGAT-1_1	0.125931	-1.516584	-0.875447	0.765403	1.045601	0.700551	1.694433	0.975558	-0.288930	-1.017898	0.881529	-0.200765	0.284693	0.373360	1.311042	1.109567	-0.854859	0.541316	-0.091447	0.036210	1.370486	2.065232	-2.285446	1.369783	1.286071	2.193228	-1.319218	-0.856229	-0.608471	-2.142216	1.879147	1.001251
CGACGCATCCGTACCT-1_1	4.211283	7.296084	1.657133	2.607829	1.887571	0.073351	1.125809	0.546345	1.344200	5.232766	0.962094	-4.695724	-1.719652	-3.200598	0.034904	0.808297	-1.212721	3.186518	3.092412	0.581190	0.897302	0.717136	-1.355608	2.869764	-0.142529	1.850661	0.422826	-5.664467	0.048315	-3.493521	-0.908671	0.007279
CCTAGGTAAAGGTAGC-1_1	11.398426	23.737082	4.061635	4.349313	8.152391	-8.109016	5.418473	-2.834554	0.955986	18.145840	-1.994021	-10.162847	-5.344177	-10.087979	-6.526565	0.336666	-2.816603	6.466414	11.376631	-3.277094	0.651757	-2.963201	0.837387	0.839627	-4.084720	-0.887103	3.388931	-11.335638	-2.563505	-3.890618	2.332151	0.913648
AGCGGCGGTTAGCGGT-1_1	4.645557	-1.525919	0.760236	2.935511	3.227209	2.551196	6.157286	3.435178	0.835016	1.647121	-0.634496	-2.087517	0.656743	-2.752986	1.506271	1.084515	-1.881270	1.542013	-0.559988	-1.623757	1.511366	1.639920	-2.583446	3.984421	-0.171132	-0.491179	-1.293792	-3.041470	-1.491643	-2.999707	0.984597	1.004868
CTGGACGCAGTCCGGC-1_1	1.827127	0.421562	0.513662	1.087412	0.904137	0.961384	1.636015	1.118461	0.516822	1.213576	-0.233239	-1.257766	0.020789	-1.185509	0.753774	0.233298	-0.605119	1.013578	0.045308	-0.168609	0.418026	0.532975	-0.810628	1.528840	-0.061936	0.212582	-0.625549	-1.519243	-0.245016	-1.249712	0.009272	0.242952
AGCCTAATACCCACGT-1_1	6.864112	1.526144	0.579351	3.381820	3.337351	0.413910	5.995581	1.612190	1.444636	4.484480	-1.088606	-2.134333	0.549118	-4.922000	1.010974	-0.072999	-1.472733	1.591475	1.634911	-1.600061	1.261904	0.142063	-1.058257	1.761831	-2.047796	-1.767278	-0.455290	-3.549917	-1.328112	-2.451227	1.432630	1.572471
AATCTGGCTTTCTAGT-1_1	4.939966	2.221791	0.732792	2.692310	2.145817	1.271768	3.764805	1.939936	1.756654	3.318031	-0.353721	-2.494149	0.155136	-3.843444	1.273844	0.416762	-0.799338	2.309734	0.661533	-0.327119	1.264833	0.077904	-1.258680	2.075090	-0.803418	-0.465347	-0.514165	-3.348330	-0.827332	-1.980941	0.215904	0.353722
CACCCTTGGTGAGACC-1_1	0.799603	0.573849	0.273491	0.718482	0.932590	0.842521	0.916809	1.150775	0.239998	0.557306	0.314180	-1.153288	-0.169801	-0.596642	0.570452	0.378872	-0.961401	1.220334	-0.027195	0.029970	0.566584	0.485695	-0.705404	1.444275	0.558752	0.667580	-0.662929	-1.453657	-0.387937	-1.393865	0.015593	0.093703
GGATCTTGACTCAACC-1_1	0.710352	0.429229	0.065545	0.721064	1.003464	0.781651	0.861132	1.193806	0.127063	0.291236	0.432763	-0.999490	-0.121027	-0.621497	0.534088	0.381389	-1.003549	1.169049	-0.078469	0.053342	0.728652	0.496969	-0.684982	1.318293	0.636367	0.717349	-0.738782	-1.286198	-0.496587	-1.294823	0.127854	0.064274
ACGAGGATACCACTCT-1_1	1.459530	1.704909	0.598469	1.113592	0.705688	1.093961	0.995782	1.138096	0.695401	1.688640	0.318585	-1.798071	-0.321368	-1.044296	0.659717	0.380618	-0.798584	1.633542	0.289310	0.157719	0.528870	0.499433	-1.010161	1.758510	0.301693	0.855205	-0.623661	-2.041137	0.089746	-1.620255	-0.207108	-0.007178
GAGTTGATGGCAATTT-1_1	2.436147	5.036136	0.873356	1.385653	1.432682	-0.586561	0.988478	-0.042034	0.644388	3.844733	0.231405	-2.695086	-1.019071	-2.185372	-0.503915	0.342052	-0.729358	1.946977	2.038378	-0.239975	0.325180	-0.129142	-0.167409	1.081173	-0.386673	0.417982	0.763536	-3.250499	-0.239083	-1.557081	-0.227194	0.253625
GTGGCAAACAGCGGCA-1_1	12.006715	19.615587	3.084400	4.882095	7.676651	-7.357306	7.025918	-1.822420	1.159552	16.718061	-2.678920	-8.120798	-3.536149	-10.567951	-5.230226	-0.569687	-2.921170	5.716922	10.006071	-3.799455	1.150123	-3.464101	0.813320	-0.206942	-4.927184	-1.887089	2.093943	-9.573113	-2.907046	-2.904779	3.351914	1.618432
GATGTAACGAACCACC-1_1	2.771934	3.919840	0.741822	1.825750	1.202871	-0.010802	1.345578	0.513629	1.060325	3.685382	0.077312	-2.242165	-0.648749	-2.252973	0.167065	0.141149	-0.689945	2.199618	1.720196	-0.250022	0.379350	0.071674	-0.351914	1.286222	-0.317000	0.300609	0.407937	-3.218127	-0.096446	-1.484358	-0.242034	0.367899
AGCCGTGGCTAAATGT-1_1	2.564661	1.420284	0.474831	1.797794	1.315759	0.904437	2.312792	1.554110	1.010259	2.111172	-0.331642	-1.497917	0.085070	-2.015846	1.020898	0.244798	-0.876775	1.744757	0.474569	-0.319588	0.588168	0.064918	-0.410287	1.742441	-0.166728	-0.069401	-0.373861	-2.353299	-0.456446	-1.381635	-0.132389	0.410019
CTCCCTCCTTTCGATC-1_1	4.886190	8.657937	1.603074	2.620941	2.742413	-1.516284	1.757437	0.076639	1.133464	7.456560	-0.263521	-4.710439	-1.812163	-3.854628	-0.825869	0.131110	-1.329504	3.594798	4.068766	-0.879281	0.124961	-0.060716	-0.035427	1.823973	-0.858266	0.351233	1.275718	-5.841945	-0.469924	-2.644775	-0.158433	0.904366
TTGGAAGAATACAGTC-1_1	3.706837	1.920282	0.524562	2.479388	1.258965	0.882089	2.717634	1.121331	1.548000	3.539860	-0.410161	-1.718454	0.040627	-2.759220	0.979742	-0.196366	-0.639351	2.057305	1.219866	-0.517515	0.583549	0.435601	-0.829097	1.537326	-0.603965	-0.458482	-0.104550	-2.908473	-0.095943	-1.387492	0.180496	0.762530
AGTTAAGTCAACCGCT-1_1	5.293111	2.872124	1.692070	4.345576	1.555796	1.872500	3.351940	2.660157	2.221283	6.386733	-1.067317	-3.099216	-0.707798	-3.002535	2.074136	-0.881092	-1.505331	4.322251	2.509787	-0.717809	-0.250608	2.242691	-1.518777	4.541656	-0.054148	0.440263	-0.896994	-5.969112	0.905747	-3.429758	-0.812441	1.754607
CTCATGGTAATTTGCG-1_1	5.937997	-0.465101	1.677840	3.606677	2.915990	2.051583	6.377303	3.079974	2.084612	4.784401	-2.097298	-2.182638	-0.003302	-3.496779	1.940910	-0.092972	-1.854196	2.629502	1.289401	-2.225603	0.384775	1.703609	-1.508908	4.111418	-0.433145	-0.966189	-1.337954	-4.593329	-0.708382	-3.608270	0.307551	2.476200
AAAGTAGCATTGCTCA-1_1	2.498809	1.086611	2.522962	3.052717	1.756269	1.886169	2.972671	3.797198	1.526320	5.842273	-1.984034	-2.883506	-1.476107	-0.176007	2.073969	-0.767376	-3.167145	3.620728	2.924178	-1.536136	-2.066025	3.359713	-0.748893	6.323556	1.032505	0.982600	-1.719744	-5.761649	1.183257	-5.320371	-1.558585	3.329352
TTGTGGTAGGAGGGAT-1_1	6.225220	9.223413	1.365722	3.813215	3.325506	-1.419533	2.890580	0.265091	1.322591	9.168010	-0.742291	-4.961902	-1.438738	-4.899584	-0.593053	-0.448193	-1.672856	4.506743	4.613410	-1.416808	-0.003326	-0.095750	0.230880	2.008903	-1.369906	-0.313346	1.546331	-6.772826	-0.619196	-2.771361	0.229165	1.821739
AGTCGTGGGCATTACG-1_1	1.191890	-0.917622	4.505177	2.301267	2.394101	1.666310	4.573049	4.685721	2.382684	7.568875	-3.985029	-3.692397	-3.501359	1.895816	1.417135	-1.757086	-5.066585	3.467838	5.544993	-3.467904	-4.127671	5.760904	-1.718415	8.740951	1.970858	0.607576	-2.819845	-6.693890	2.099037	-8.089485	-1.539190	6.257570
ACCTAAGTACCTTTCA-1_1	9.961814	12.278351	2.452657	5.653870	4.677688	-2.427782	5.450867	0.827508	2.458452	13.396958	-1.925768	-6.314569	-1.916940	-7.902705	-1.264377	-0.987134	-2.160064	6.045561	6.754923	-2.480550	0.485480	-0.653928	0.071989	2.232713	-2.621508	-1.286429	1.100710	-9.204721	-1.075526	-3.176188	0.919959	2.154184
GTAGAGGGAGACAAGT-1_1	2.855934	1.168300	4.874781	3.854801	2.996939	2.281745	4.134431	5.664304	2.865444	10.434723	-4.075082	-4.900977	-4.163476	1.567451	2.686834	-1.937132	-5.976265	5.155614	6.343180	-3.111893	-5.255020	6.793254	-1.445317	10.672626	1.818283	1.193342	-3.549945	-9.113990	2.761220	-9.737141	-2.718310	7.107023
GATCCTCGACACTGGC-1_1	5.544404	2.160044	0.971008	3.883687	2.683550	2.028290	4.748218	2.623437	1.712664	4.791034	-1.046234	-2.999682	-0.023536	-3.423155	2.172848	-0.188053	-2.016743	3.520610	1.348144	-0.760813	0.260287	1.401295	-1.280572	4.181132	-0.422146	0.140553	-0.639189	-5.410108	-0.396014	-3.770041	-0.149223	1.769284
CCTACATTCACAGACG-1_1	2.229960	-2.515508	4.017061	3.247567	3.812159	3.557321	6.417251	5.796941	0.160844	4.954334	-3.027291	-4.227131	-2.294347	1.891365	1.443706	-0.966658	-5.370715	4.970590	3.941854	-4.486960	-2.346392	5.894143	-2.921483	10.106712	3.296684	1.595699	-2.456434	-7.615637	0.124417	-9.689919	-0.390202	6.497365
TTGACCGTGTTAATGA-1_1	2.845807	-0.228723	3.248013	3.068090	2.152848	1.852314	4.489107	3.689381	1.896265	6.077681	-2.700881	-2.912812	-1.730193	-0.268466	1.596996	-1.022570	-3.433834	3.704612	3.513284	-2.235971	-2.149206	4.077416	-1.531582	6.861048	1.188104	0.599615	-1.989994	-5.873965	1.314608	-6.110154	-1.244789	4.218850
TCTGTTACCCAGCATA-1_1	2.633742	-0.147970	3.490708	3.271767	2.711490	2.939490	5.094191	4.488040	1.398760	6.059646	-2.770135	-3.852454	-1.957114	0.498014	2.193843	-0.283004	-4.294701	4.840943	3.102097	-2.536835	-2.570473	4.942134	-2.366426	8.659617	1.838178	1.893900	-2.382644	-6.897728	0.983187	-7.858172	-1.118282	4.899204
CTAACTGGTCCGGTTC-1_1	2.271454	1.276479	0.928972	3.066269	2.051887	2.376766	2.307827	3.638738	-0.188012	3.020923	-0.263086	-2.743532	-0.176552	-0.457633	2.087898	-0.320371	-2.768215	3.541891	1.277612	-0.791111	-0.594380	2.101853	-0.540732	5.492610	1.198227	1.204770	-0.947242	-4.966921	0.077613	-4.340250	-0.779320	2.073122
AGCGACAGGAACGGTC-1_1	12.212302	25.655422	6.748677	6.940488	8.651107	-7.132021	2.769800	-0.198355	3.475188	25.404058	-3.668577	-13.797910	-8.413924	-8.838903	-1.651663	-1.899708	-5.294456	10.129609	14.478233	-3.345330	-3.598734	2.342271	2.802959	7.733147	-2.509763	0.971533	2.658329	-18.390285	0.679744	-9.140707	-3.433372	4.159176
TAATAGAACAGAGTTA-1_1	9.383008	14.539235	2.511606	5.496768	5.140623	-2.742505	3.466530	0.084567	1.848042	14.100631	-1.154439	-8.217409	-2.818248	-7.092649	-0.957909	-0.671916	-2.452613	6.705047	7.591966	-1.747312	-0.483548	0.456744	0.169116	3.414579	-1.845572	0.223654	2.323070	-10.566264	-0.926002	-4.817101	-0.122690	2.694135
ACAGGTGGAGGTGAGG-1_1	15.321424	30.586018	5.831135	6.354647	10.762519	-10.563155	6.396099	-2.804582	1.668834	26.350775	-3.618647	-13.811652	-7.484379	-12.493846	-6.952580	-0.610043	-4.497810	9.309931	15.579159	-4.933591	-0.861257	-2.337287	1.803730	2.667161	-5.221229	-0.737181	4.153623	-16.910019	-2.699547	-6.473283	1.609675	2.874358
TGCGAGAATATTACCC-1_1	10.483520	5.992813	0.768573	7.726337	3.798704	1.505767	6.867065	2.644141	3.196613	11.426176	-1.447085	-4.917289	0.147992	-7.170984	2.545067	-1.841932	-2.577891	5.862898	4.624760	-2.062419	0.273279	1.735146	-1.260337	4.406270	-2.055246	-1.321972	0.416800	-9.172431	0.020738	-4.078784	0.775875	3.643893
TTGCGTCGGCCAACCG-1_1	1.995306	1.897769	0.018971	1.923051	0.792239	0.853960	0.846509	1.025951	0.598587	2.371244	0.164388	-1.450557	0.033155	-1.288569	0.781990	-0.315005	-0.733514	1.713697	1.051473	0.021082	0.127883	0.459205	-0.430157	1.528271	-0.070475	0.201204	0.093537	-2.450008	0.104063	-1.372917	-0.173945	0.779714
AGGCTTCCCGAAGAAG-1_1	2.572817	0.548776	0.857329	2.339075	1.303998	1.766089	2.403725	2.001372	0.675223	2.812626	-0.796959	-1.712183	-0.141927	-1.057796	1.415357	-0.295810	-1.453463	2.178558	0.880786	-0.709162	-0.293181	1.591323	-0.882109	3.397833	0.269767	0.434038	-0.673091	-3.317275	0.240616	-2.784168	-0.314264	1.689368
GCGGACCGCGTTGTGG-1_1	5.050282	4.854254	-0.653355	4.693528	2.263352	1.298088	2.946002	1.717599	1.198110	6.057325	-0.040233	-3.186163	0.837011	-3.917927	1.347213	-1.011381	-1.861139	3.649415	2.759404	-0.570395	0.371920	0.157641	-0.193399	2.232357	-0.873248	-0.520094	0.936888	-5.254697	-0.415327	-2.539167	0.474134	2.423866
GTAATCTGATTCTTCG-1_1	4.607680	5.281431	0.920075	3.528912	1.996370	0.007805	1.787614	1.063024	1.271841	6.340853	-0.436617	-3.530964	-0.793404	-3.038198	0.704859	-0.786340	-1.438043	3.456866	3.380294	-0.580795	-0.278063	0.965017	-0.201911	2.583036	-0.492712	0.105553	0.639555	-5.373997	0.159271	-2.672456	-0.364708	1.666770
CCGCGGAATGCGTCAC-1_1	7.813475	12.342520	2.012376	4.528782	4.537125	-3.534229	4.035424	-0.409409	1.134354	12.659739	-1.916944	-5.819160	-2.220149	-6.322800	-1.942945	-1.124237	-2.390043	4.798371	7.040763	-2.512718	-0.381566	-0.608070	0.817696	1.647481	-2.577691	-0.766795	1.622160	-8.215780	-1.017123	-3.052171	0.933407	2.519251
TTCCACACAGATTTGA-1_1	6.695993	2.046233	0.014500	4.372614	2.539765	1.674601	5.451158	1.848049	2.144609	6.164143	-1.045759	-2.283098	0.719968	-4.420557	2.017528	-0.780417	-1.594985	3.055296	1.935942	-1.569802	0.732309	1.121985	-1.238389	2.650370	-1.558862	-1.351179	0.093231	-4.903654	-0.458329	-2.814903	1.125981	2.488014
CTTCTATTAATGCTAG-1_1	4.825779	3.793421	0.389946	3.573889	1.743433	0.497723	2.781272	0.860437	1.545639	5.973016	-0.528280	-2.541018	-0.144166	-3.324512	0.950971	-0.854067	-1.245944	2.999462	2.599509	-0.958158	0.130686	0.777635	-0.431381	1.959511	-0.887207	-0.402792	0.584793	-4.635630	0.061547	-2.028075	0.348460	1.809412
CATTTGAGTGGTACGT-1_1	2.167728	-1.021799	-0.527304	3.174501	3.581722	2.196597	3.846123	4.063529	-0.890546	0.651515	0.606381	-1.380045	0.844899	-0.996897	1.538736	0.109803	-3.413401	2.255659	0.750295	-1.570425	1.414568	2.138141	-1.290300	4.334376	1.279021	0.554311	-0.460161	-3.326148	-1.923397	-4.194953	0.907358	2.151772
TCACAGCAAACTCGAA-1_1	3.754588	-0.830464	0.888566	3.122089	2.515350	2.591824	5.521524	3.221023	0.964647	3.422652	-1.437425	-1.978399	0.362882	-1.978795	1.809415	0.146196	-2.211351	2.344085	0.653146	-2.223686	0.122112	1.742356	-1.458838	4.462155	0.294513	-0.321836	-0.617415	-3.905653	-0.546433	-3.690601	0.565974	2.446532
CAGACGAACCTGATAC-1_1	7.379278	4.889048	0.471916	6.697019	2.784267	2.982532	5.268936	3.165927	2.791593	8.520648	-0.830553	-4.268058	0.382144	-4.958495	2.825539	-0.998191	-2.357394	5.573477	3.215601	-0.767197	0.160354	1.891118	-1.852471	5.106663	-0.632956	0.183078	0.072378	-8.169338	0.320993	-4.496884	-0.218617	2.900750
TAGCTAGAAGGCATGA-1_1	7.001305	-1.839091	0.811475	4.150579	3.873166	1.760072	9.154460	2.936377	1.796957	4.469038	-2.118588	-1.409769	1.110405	-4.231735	2.000905	0.720116	-2.027363	1.068620	1.069602	-3.729506	1.751452	1.077686	-2.070401	3.500490	-1.592253	-2.189474	-1.043355	-3.821934	-1.093107	-3.921504	1.687276	3.334490
ATCCAGAGCAACAACC-1_1	4.470519	-0.862276	-1.079187	5.011204	4.320607	2.979821	6.005172	4.435053	0.001874	2.217745	-0.053914	-1.838191	2.144972	-2.734557	2.944921	0.302310	-3.193846	2.144343	1.018829	-1.910387	2.168923	2.238182	-1.874756	4.747997	0.111018	0.289892	-0.241690	-4.218679	-1.809576	-5.438198	1.499433	3.750508
TCCGGTTCGTCCGGTC-1_1	2.655033	-0.474125	0.188886	1.734534	1.709033	1.651751	3.550981	1.666152	0.727202	1.495237	-0.636496	-0.894757	0.644775	-1.742586	1.208082	0.644893	-0.953787	0.905659	-0.324105	-0.874434	0.764581	0.680949	-1.158249	2.169324	-0.331152	-0.245769	-0.456549	-1.809460	-0.538552	-2.030088	0.560716	0.908466
CGCGCATGTTTGATTG-1_1	2.348796	2.364940	-1.093479	2.676569	1.485122	2.170147	1.781390	2.627781	0.368875	2.516635	1.257012	-1.663489	0.884115	-1.775509	1.356885	0.240713	-1.608395	2.488026	0.396644	-0.332627	1.202724	0.553941	-0.710411	2.484417	0.248208	0.373880	0.150982	-3.100684	-0.303385	-2.126695	0.265205	0.902335
TGGCGATCAAGTTATG-1_1	4.221297	0.347654	0.274160	3.111596	2.237792	2.667085	4.740246	2.895694	1.239668	3.019574	-1.011209	-1.941113	0.885304	-2.916456	1.933630	0.400350	-1.285946	2.148933	-0.091921	-1.212312	0.744716	0.859565	-1.420944	3.339503	-0.396701	-0.412885	-0.498983	-3.499563	-0.774208	-2.501292	0.567812	1.442340
CCCTTTGACAGGTCTT-1_1	3.885316	5.909541	0.498580	2.731053	1.648394	0.412075	2.058857	0.538491	1.464075	5.285761	0.413240	-3.055542	-0.544517	-3.287266	0.172414	0.250507	-1.044634	3.231565	2.219759	-0.306633	0.747415	-0.118522	-0.641904	1.584312	-0.549932	0.526050	0.955091	-4.665111	-0.254805	-2.196145	-0.021673	0.746097
CAGAGACGGTCACCCA-1_1	5.454955	-0.179105	-0.247888	3.585415	2.452784	2.141872	5.746761	2.202989	1.513331	3.769956	-1.146915	-1.605559	1.474151	-3.439818	2.122835	0.147043	-1.339651	1.245595	0.798925	-1.650511	1.256904	1.177733	-1.608051	2.740549	-1.370870	-1.263183	-0.141449	-3.521507	-0.833901	-2.929463	1.317936	2.379506
TAGCTCGCCTGATAAC-1_1	3.468043	2.795232	0.415843	3.237562	1.177234	2.780187	2.540361	2.326530	1.589329	4.342065	0.095417	-2.523443	0.046381	-2.374478	1.751044	0.158546	-1.268865	3.338719	0.453680	-0.263323	0.599475	1.192806	-1.804715	3.393788	-0.134449	0.893339	-0.522371	-4.154942	0.515176	-2.635761	-0.226761	0.924029
TTGTGTTTCCCGAAAG-1_1	6.814653	0.613583	-0.011316	4.205911	2.974260	1.703115	6.955926	2.364953	2.152578	4.620565	-1.242358	-1.744199	1.517036	-4.855887	2.221858	0.399110	-1.253655	1.952352	0.928020	-1.979034	1.791801	0.472557	-1.349333	2.329471	-2.013067	-2.019668	-0.137682	-3.901280	-1.044084	-2.508461	1.343964	2.112818
TATACACAGACGCCTT-1_1	16.646238	29.114697	4.097660	8.064910	9.826181	-6.570757	7.935749	-2.556284	2.529848	25.084642	-1.459260	-14.210525	-5.049460	-14.461767	-5.063217	0.277729	-3.712128	10.525235	12.773559	-3.917348	0.928472	-2.398422	0.330934	2.455408	-4.942647	-0.308221	5.533174	-16.666903	-3.149172	-6.518687	2.202893	3.478768
ACATTAGTTTATATCC-1_1	5.347327	1.932620	-0.079656	3.625088	2.006602	1.407707	3.667734	1.738209	1.684437	4.325636	-0.508570	-2.211489	0.829425	-3.791285	1.539386	-0.399285	-0.866238	2.155071	1.540296	-0.643869	0.876763	0.678854	-1.192571	1.940119	-1.100011	-0.957742	0.116813	-3.776299	-0.459661	-1.938592	0.579606	1.474554
CCATCGCAGTTAAACT-1_1	3.773623	-0.814849	-0.749138	3.612346	2.168731	4.524056	4.292243	4.859884	0.720474	2.860007	2.703737	-3.880389	1.564365	-2.376165	3.730680	0.715059	-2.486624	3.708609	0.018993	-1.414305	2.666227	5.048406	-5.379810	5.166039	1.625394	2.713748	-1.705618	-3.680405	-0.265840	-4.149530	2.295692	1.851401
AATTAGCGCTGCAGCG-1_1	7.070850	1.799084	-0.043895	5.264611	1.885888	2.774217	5.148314	2.158787	2.930834	7.163467	-1.059403	-2.229549	0.927326	-4.470085	2.520459	-0.988787	-1.048545	3.357798	2.118897	-1.435168	0.732893	2.042088	-2.187754	3.160110	-1.444057	-1.226146	0.159985	-5.373976	0.390693	-2.687771	0.933096	2.634646
TCCGCTTATCCCATTA-1_1	-0.974822	-4.859465	-0.909875	0.178431	0.338452	0.603708	0.549502	2.028936	-1.300546	-2.415287	5.429328	-3.494176	0.692922	0.680625	2.052047	2.503089	-1.299416	-0.154884	1.798085	-1.533234	2.781389	7.176412	-7.838307	1.234660	4.732996	4.145005	-1.874396	0.855091	-2.241731	-3.168980	6.211805	-1.076658
GTTTGGGCTTGTGAGC-1_1	6.083053	1.758431	-0.888767	4.788587	1.471879	2.931489	4.008263	1.969988	2.671634	6.251393	-0.443856	-1.688387	1.647896	-4.249214	2.228368	-0.451062	-0.504057	2.416570	1.635823	-1.166262	1.223207	1.388582	-1.910274	2.146892	-1.551812	-1.467681	0.863253	-4.131884	0.225346	-1.908229	1.278868	2.179338
CTTGTCAACATTCGAG-1_1	7.572808	-2.367764	-1.187312	4.890264	2.536675	5.568846	6.389856	4.352281	2.341674	4.952531	0.990379	-2.967506	3.115741	-4.606698	3.502311	1.255413	-0.825744	2.126924	0.229120	-1.902717	3.382046	5.082591	-6.152808	4.344388	-1.259888	-0.559431	-0.569587	-3.388232	-0.479762	-4.216700	3.651579	3.050314
GGACCAACAGGATAAC-1_1	3.320412	-0.421111	-0.308694	2.710624	1.230675	2.780834	3.197182	1.806089	1.172979	3.168942	-0.446082	-1.106511	1.210531	-2.358524	1.740529	0.055144	-0.682445	1.101153	0.513138	-1.086983	0.700438	1.563016	-1.691901	2.392564	-0.630190	-0.576344	0.085226	-2.179272	-0.061098	-2.194954	1.316692	1.874830
AAGCTAGATCGAGTAA-1_1	3.290732	-0.328247	-0.343303	2.293443	0.993397	2.607604	2.674073	1.688357	1.151842	2.861514	-0.143762	-1.071125	1.153248	-2.226537	1.594683	0.136566	-0.372754	1.023799	0.162531	-0.854722	0.888388	1.487706	-1.930448	1.941943	-0.749241	-0.524115	-0.146691	-1.775869	0.085718	-1.773406	1.215138	1.328928
TACCGTGCCTCGGACC-1_1	3.455008	-0.134097	-0.501739	3.184274	1.391535	2.972546	3.261834	1.989464	0.996738	3.581827	-0.499187	-1.402725	1.185553	-2.122237	2.069569	-0.470080	-1.158500	1.740395	0.831951	-1.188850	0.301235	1.775691	-1.495680	2.891249	-0.437336	-0.414934	0.237278	-2.900018	-0.000322	-2.640790	1.267235	2.590175
GTAGCCAAACATGGGA-1_1	3.778728	-1.085814	-0.445728	2.947908	1.885872	2.925463	4.108050	2.354416	1.144720	2.649666	-0.246380	-1.336464	1.600382	-2.525326	2.001478	0.438319	-0.914102	1.079975	0.362600	-1.238762	1.400664	1.977507	-2.321301	2.722792	-0.540238	-0.558327	-0.067913	-2.342619	-0.571053	-2.781921	1.612301	2.237277
TGCCAGTACGTGGAGA-1_1	6.097767	6.846731	-0.522464	4.678144	2.045442	1.359540	3.408261	0.546260	2.581677	8.933943	0.106439	-3.109314	0.416005	-4.723991	0.778952	-0.473584	-1.442426	3.957271	3.477024	-1.443212	0.849384	0.425330	-0.773720	1.597793	-1.524535	-0.746958	2.099830	-5.839036	0.076926	-2.649479	1.427113	2.665324
ATAAGGTGGAGAACAT-1_1	2.694799	0.922755	-0.208274	2.800208	0.723036	2.221906	1.910898	1.410925	1.246143	3.727902	-0.361383	-1.109294	0.530670	-1.775872	1.725987	-0.667267	-0.924088	2.014129	0.922329	-0.570379	0.042544	1.273462	-1.007597	2.251530	-0.351313	0.010279	-0.121585	-2.664830	0.548562	-1.789522	0.417470	1.728506
CTTTAATATTGGTCGA-1_1	2.661694	0.114564	-1.006015	2.364012	1.159589	2.332654	2.182250	1.362845	0.920636	2.755022	0.214616	-0.837392	1.294578	-1.760080	1.774671	-0.141205	-0.870478	1.047814	0.751129	-0.690196	0.818748	1.384089	-1.347421	1.818063	-0.568510	-0.302996	0.498188	-1.890358	-0.018626	-2.445118	1.298850	2.264582
TGGTTCAACGGGTAAT-1_1	4.484405	2.260068	-0.942745	3.559299	1.215027	1.860963	2.552969	1.079590	1.697603	5.339019	-0.184599	-1.364947	1.146150	-3.032890	1.425378	-0.672511	-0.710624	2.115499	1.742697	-1.031967	0.621703	0.952803	-0.947959	1.388316	-1.235500	-1.086545	1.113492	-3.349541	0.172658	-1.728081	1.187127	2.187433
GCTGCTACTGCGTAGC-1_1	-5.806792	-8.571280	-3.784188	-0.015391	-0.527656	4.834466	-0.573941	-2.787769	3.888421	5.352224	5.573163	0.387687	-0.564260	4.704387	4.081098	-0.539405	-4.227724	-5.544508	6.389439	-1.891294	-1.174376	4.891798	-8.579228	-0.867964	5.394324	2.950088	4.335168	1.025633	-3.418269	-5.402683	13.647652	10.381202
CTGCACAACTACATAT-1_1	1.198663	-4.186104	-1.908716	2.009921	1.864995	5.850397	4.293125	1.793996	2.278412	5.198027	0.971361	-1.337278	1.134679	-0.186268	4.315681	-0.418816	-3.856184	0.210444	2.900455	-2.489154	-0.420909	4.826807	-4.943045	3.769635	1.475345	2.138643	0.191461	-2.356171	-1.628811	-6.162199	6.080777	9.158214
TGGCAAACTAAATTAC-1_1	-8.844508	-11.923025	-5.676287	-0.541248	-1.480106	4.694938	-3.159367	-5.685434	3.344728	4.348520	6.258936	1.639096	-0.700715	8.669366	5.467918	-1.787335	-5.909695	-9.324982	7.549281	-0.272141	-0.753233	6.482290	-11.692002	-4.133360	7.500309	3.531642	6.781383	0.557587	-3.248925	-5.237154	17.176064	11.564572
TCGCACCAGGAGGCAG-1_1	-7.014473	-8.453015	-2.658036	0.493846	-0.677177	4.345289	-1.344163	-3.641641	2.373172	2.880033	3.932077	0.586798	-1.601241	6.044936	3.786227	-1.384534	-4.530179	-5.184643	4.567656	-0.366465	-1.367899	4.689652	-8.840255	-2.300184	6.369575	3.549297	3.758589	-0.732059	-2.302423	-3.773731	11.556440	7.646929
ACAAATCGCACCGAAT-1_1	-6.763965	-9.105436	-4.179615	0.079204	-0.790137	5.058681	-1.484041	-4.092799	3.778454	5.026713	5.309064	1.371745	-0.782209	6.311944	4.298657	-2.017322	-4.939475	-7.064907	6.617976	-0.636520	-1.343670	4.400372	-9.287020	-1.878215	6.140805	3.566043	5.513186	0.052680	-2.580117	-4.820232	13.937956	10.875962
CTTTACCGAATAGTAG-1_1	-4.018443	-10.407569	-5.365001	0.428867	0.495384	6.701347	1.526415	-1.883146	5.334151	7.619520	5.122830	1.155277	-0.229541	5.054935	6.595628	-0.718317	-5.538215	-5.440471	7.139926	-2.238864	-1.193191	7.607109	-10.748107	1.298523	5.710045	4.092136	3.860797	-0.794253	-3.649643	-8.601257	15.578473	16.313761
TTCCTCGGACTAACCA-1_1	12.166942	1.288570	-3.483193	11.621190	5.038295	6.371062	9.969440	3.761845	1.921751	13.528057	-1.485449	-4.534711	3.761715	-5.939764	6.206806	-4.123855	-5.792126	4.631942	6.149710	-4.214278	-0.584015	5.832459	-3.189323	7.841856	-2.942995	-1.633048	1.655814	-11.536866	0.034879	-9.377277	4.131965	11.266237
TTATCCGGGATCTATA-1_1	1.763281	-7.322046	-2.536012	3.881088	3.557009	5.859951	5.397636	2.675232	2.483788	4.848153	3.637312	-1.591850	0.955838	0.646840	4.811577	-0.530665	-5.072942	-0.075437	4.989844	-3.527824	1.225432	8.109090	-7.169323	5.046023	2.656948	1.399603	1.942718	-3.535126	-2.965007	-9.085217	8.211347	11.342916
CTGGAAGACACGGTGG-1_1	11.343794	21.963306	4.692858	6.574852	7.240038	-6.088143	3.810679	-1.271622	3.180830	23.113340	-3.175228	-11.278105	-6.155805	-8.609376	-1.618495	-1.987731	-4.539567	8.589935	12.701701	-3.771297	-2.396228	1.530390	2.452836	5.227400	-2.987410	0.118283	3.176812	-15.606611	-0.041223	-7.093294	-1.192440	4.785794
GTTCGTCTAAAGAACT-1_1	24.801189	52.941025	8.644996	11.470958	18.305470	-18.846689	10.924368	-6.047728	2.876569	49.014275	-6.679842	-22.865429	-12.537837	-20.650612	-11.627044	-2.742105	-9.032622	15.940023	28.342894	-10.088660	-3.034733	-3.792419	5.710116	4.066715	-9.434743	-2.699538	8.635609	-30.032125	-4.435199	-10.947221	3.159280	8.169405
GTCTATTGGTTCCGGT-1_1	5.408662	4.970399	0.865889	5.093732	2.084990	0.426503	2.847817	1.360052	1.965044	9.462081	-1.175162	-3.321846	-1.059418	-2.949805	1.940724	-2.110043	-2.699747	4.113574	4.733791	-1.756263	-1.370227	2.437560	0.097145	4.152587	-0.881026	-0.071035	0.504699	-7.149275	1.289588	-3.728787	-0.329138	3.520020
CTAGGCGCCCTATCAG-1_1	9.442363	16.096476	2.217687	6.059215	5.496886	-3.776455	4.024629	-1.087208	2.081904	17.851671	-2.101133	-8.089447	-3.179374	-7.346884	-0.925319	-1.831592	-3.621474	6.865739	9.491401	-3.171048	-1.256994	0.893458	1.474923	3.454384	-2.699029	-0.173961	2.883098	-11.995899	-0.622228	-5.384905	0.387616	4.668243
AACGGACGTACGTATA-1_1	7.538980	7.524026	1.176798	5.861672	3.093391	-0.773915	3.986307	0.467764	2.046738	12.458611	-1.775063	-4.574803	-1.410948	-4.646829	1.170254	-2.494122	-2.980752	4.668804	6.352019	-2.615164	-1.190521	2.390280	0.216176	3.866568	-1.848337	-0.486315	1.114080	-8.791429	0.795179	-4.120868	0.392570	4.374233
AACACACGCTCGCCGC-1_1	3.938249	2.348794	2.407435	4.301504	1.703262	1.198787	2.969055	2.182330	2.655630	10.458080	-2.489914	-3.152302	-2.597336	-0.450836	2.972694	-2.689353	-4.285876	3.637152	5.888285	-2.214164	-4.115132	5.057165	-0.302077	6.511218	-0.149499	0.476372	-1.598910	-7.642532	2.723144	-6.078629	-1.267026	5.727943
GCTACTATAGTAGAGT-1_1	7.440684	11.800945	3.347967	6.762410	4.156295	-2.275796	2.838462	1.254773	3.171656	18.256104	-2.940004	-7.080389	-4.910510	-3.232345	2.212074	-3.656072	-5.844267	6.105269	10.595729	-3.080481	-4.801775	4.800277	1.983526	7.783731	-1.577745	0.205890	0.452394	-13.320128	2.761507	-7.153222	-2.194926	6.158285
AGCATATCAATATGCT-1_1	4.463451	-1.909854	4.134906	5.189776	2.743553	2.930284	7.478781	4.191226	3.379537	13.527308	-5.038362	-3.425285	-2.892292	0.734452	3.064978	-3.579509	-7.089433	4.722039	8.441442	-5.421119	-6.164315	8.393545	-1.957017	10.183710	0.763688	0.066737	-3.214811	-9.681520	2.797911	-11.007794	-0.097139	11.226067
CGAACAGTATGGGCGT-1_1	9.598677	20.012121	4.176702	6.260916	6.807570	-5.363859	2.582042	-0.711925	2.506607	20.961344	-2.570039	-10.559505	-5.867236	-6.952410	-1.055452	-2.105708	-4.705519	7.909836	11.971036	-3.151752	-2.846272	1.843217	2.496510	5.748292	-2.316437	0.296590	2.812816	-14.456177	0.368980	-7.153933	-1.554671	4.705147
ACAATTGTGTCTCTTT-1_1	1.469783	-2.475273	3.288867	2.790063	2.627600	2.998224	5.243495	3.558980	1.265926	7.431316	-3.675712	-3.367769	-2.839750	2.651253	1.786746	-2.087375	-5.779538	2.665280	5.836482	-4.292562	-4.929535	6.684936	-2.278685	8.569867	1.761739	0.845929	-2.372257	-6.837910	1.392178	-9.347157	0.317294	8.954928
GATCGCTACCCGATTT-1_1	0.554295	-1.133429	0.505262	3.293700	2.291461	3.110909	3.358846	4.010318	-0.621770	3.372882	-0.603119	-2.821655	-0.424247	2.329605	3.303972	-1.392769	-5.238112	3.371391	3.204294	-1.875992	-2.469797	5.145297	-1.480634	7.232471	2.110790	2.382373	-0.980601	-6.170218	-0.220973	-6.526241	0.729253	5.494368
CAGCAGTCCAGACTAT-1_1	-6.453673	-7.956960	-2.541709	-0.565794	-1.309685	5.489481	-1.595548	-3.876534	3.433123	5.197386	3.911527	0.244926	-0.763530	6.011595	3.461685	-1.045078	-4.675815	-6.203084	5.574779	-1.324371	-2.740074	3.842864	-8.575739	-2.227888	5.239602	3.493670	4.549185	0.795677	-2.296551	-4.019475	12.368721	9.925192
AGAGGCTTCGGAAACC-1_1	-11.537909	-12.883721	-4.609118	-0.636794	-0.912568	5.849719	-3.183395	-7.563255	4.477963	5.140526	6.572691	3.313506	-3.105235	10.940975	4.473155	-5.412515	-6.384175	-11.918573	8.463021	1.179000	-1.980794	4.172598	-13.030959	-4.446724	9.598308	5.588839	8.749175	-0.559740	-1.049405	-5.701471	17.478041	13.719491
CCCTCCTCGCTCGTAT-1_1	-10.998978	-12.173792	-2.873801	-0.953116	-1.177074	8.373765	-1.669958	-5.936471	5.580596	7.828229	5.655704	1.454303	-3.713792	10.790464	5.095395	-4.687325	-7.095853	-10.062234	7.843797	-0.703474	-4.592741	4.100657	-13.338133	-2.208260	9.480321	7.297680	7.900576	-1.071520	-1.198415	-6.432048	17.232807	15.951552
ATTACATGTCAGTCTT-1_1	1.833898	-1.768914	-0.398629	2.431806	1.974826	2.134755	3.418268	1.708475	0.213111	1.955414	0.129471	-0.885965	0.635804	-0.625009	1.548862	-0.481326	-2.147683	0.836031	1.611052	-1.600870	0.158157	2.789239	-1.733321	2.994923	0.409211	0.149909	0.046971	-2.516562	-0.684423	-3.599261	1.665120	3.734099
TTGGGACGTAAGAGTT-1_1	-5.733941	-6.551478	-1.869308	0.216824	-0.181132	4.469584	-0.500461	-2.681650	2.265110	3.016505	2.455511	0.763573	-1.848353	4.953329	3.096710	-1.433988	-4.049897	-3.691873	3.486472	-0.354504	-2.097293	3.217749	-7.380221	-1.074591	5.714531	3.687137	2.193731	-1.278021	-1.720098	-3.628675	9.391543	7.662066
CTTCGGCCAATTGTTT-1_1	2.708468	-1.731342	0.448408	2.810505	2.039625	2.888043	4.828481	2.197855	0.807825	2.447464	-0.773587	-1.444124	0.663919	-1.443321	1.758700	0.100444	-1.757487	1.468626	0.715613	-1.684649	0.145624	2.666563	-2.313289	3.662514	0.304230	0.251926	-0.567859	-3.044774	-0.494506	-3.246379	1.325112	2.802660
CCCAGTAAACTTGGGA-1_1	1.848750	1.478656	0.204263	1.263167	0.768172	0.678513	0.950168	0.754529	0.581706	1.619550	0.188605	-1.341694	-0.029658	-1.376500	0.544327	0.076321	-0.469685	1.135874	0.497559	0.110006	0.438544	0.243261	-0.619487	1.074255	-0.174672	0.249304	-0.162995	-1.694438	-0.066605	-1.076504	-0.033585	0.206104
AGATTCACAACCGATA-1_1	1.032834	0.818487	-1.021646	2.410658	2.931077	1.172588	1.834713	3.200229	-0.821913	0.006891	1.559060	-1.201033	0.224483	-0.864570	0.899994	0.396877	-2.783530	2.414827	0.394163	-0.503739	1.678445	0.769300	-0.623579	2.860542	1.568680	1.061339	-0.415697	-2.800362	-1.484515	-2.868304	0.397238	1.001107
AGAAGGTACACTTCAC-1_1	4.553982	6.203387	0.706359	2.747821	2.125886	-0.090525	2.365984	0.336493	1.189432	5.115288	0.362863	-3.552548	-0.560745	-3.985063	-0.111115	0.255499	-1.062377	3.130511	2.445785	-0.178911	0.957327	-0.396333	-0.510601	1.348828	-0.814431	0.332624	0.786814	-4.546549	-0.603948	-2.204904	0.176719	0.694893
GCAGGAACTTAGATCT-1_1	1.838344	1.770097	-0.695552	2.153216	1.912950	1.396986	1.716018	2.518077	0.039880	1.365599	1.008131	-1.579580	0.552800	-1.505463	1.048534	0.231405	-1.745317	2.086495	0.444629	-0.153787	0.999779	0.196238	-0.299509	2.329936	0.464797	0.183323	0.025737	-2.805420	-1.015872	-2.137703	0.073457	0.817389
AATCTAGGTTTACTTG-1_1	1.172670	0.945033	0.420842	1.063261	1.151709	1.244390	1.336113	1.738145	0.357208	0.978036	0.297280	-1.634969	-0.160703	-0.765309	0.849306	0.532430	-1.288155	1.699176	-0.052663	-0.084561	0.694172	0.541351	-0.784937	2.127238	0.683248	0.788729	-0.785389	-2.095219	-0.475571	-1.864483	-0.119255	0.151871
CCCGGTGTATCGGAAT-1_1	3.258050	4.399000	0.710002	1.983042	1.533322	-0.541468	1.724775	0.252746	0.940989	4.269382	-0.243349	-2.393712	-0.534102	-2.751335	-0.259161	-0.110372	-0.754672	2.111203	2.197743	-0.536548	0.358688	-0.261670	-0.062637	0.787744	-0.695108	-0.198965	0.585770	-3.145847	-0.355568	-1.207082	0.208217	0.671872
TTATCCTCAAGGAATA-1_1	2.875194	0.654138	0.554837	1.673511	1.370118	1.069381	2.649939	1.548706	1.027713	1.967620	-0.505961	-1.348077	0.118800	-1.986148	1.013016	0.251677	-0.723921	1.408592	0.276817	-0.482509	0.625413	0.362393	-0.733132	1.814593	-0.295997	-0.322189	-0.503693	-2.137366	-0.497335	-1.472908	0.092423	0.520683
AGCATCATTTCGAAAG-1_1	19.843346	42.559418	6.815369	6.908128	15.066147	-17.585335	11.134528	-5.342295	1.350188	34.192814	-6.309003	-15.559157	-9.519484	-17.884857	-13.671533	-1.495198	-5.835713	10.408625	21.840208	-8.518009	0.414449	-7.273328	3.627728	-1.142409	-9.300511	-4.567743	5.171051	-19.157633	-4.973504	-4.737282	6.137377	2.609677
CGCGAGTCTGCCGGGT-1_1	3.446987	6.608557	1.147055	1.566812	2.260858	-1.782468	1.675999	-0.412561	0.619329	5.298820	-0.433645	-3.045897	-1.356458	-3.055953	-1.281170	0.083240	-0.957627	2.243539	3.043156	-0.896599	0.233672	-0.739032	0.254706	0.537832	-1.026249	-0.172941	0.924638	-3.618457	-0.561586	-1.333832	0.391849	0.458092
TGCGTCATGACTGAGC-1_1	19.178410	45.267181	8.037331	6.000147	15.831013	-19.470234	9.797871	-5.526414	1.395493	34.755936	-6.719457	-16.714409	-11.423547	-17.184580	-14.968708	-1.494665	-6.131126	9.916254	23.891573	-8.078923	-0.150497	-7.148956	3.996568	-0.390180	-8.943888	-4.586183	4.851152	-19.966642	-4.757415	-5.396699	5.354821	1.433409
GTATGAAATTTCACTC-1_1	7.014219	9.391007	1.720493	3.910024	3.486959	-1.709775	4.097873	0.127782	1.640659	9.038109	-0.766448	-4.726201	-1.328171	-5.968927	-1.127319	-0.099253	-1.494058	4.399424	4.570078	-1.484573	0.809381	-0.941842	-0.232258	1.289669	-1.832300	-0.483950	1.086252	-6.333118	-0.999472	-2.288446	0.791836	1.133212
TTGGTTGCGGTGCGCG-1_1	26.467054	65.031212	12.533848	8.316816	22.447300	-28.487854	12.295538	-6.897479	2.810086	50.902020	-10.617803	-24.659924	-17.905680	-23.103613	-21.004875	-2.745674	-9.018261	14.298158	35.209373	-11.435413	-1.460017	-9.248855	6.513733	0.842611	-11.916018	-6.578609	6.428511	-29.864637	-5.833596	-8.410415	5.707293	2.009655
ACAGAACTGAGAACAA-1_1	7.399545	8.317660	1.809193	4.456133	2.979333	-0.626711	3.707542	0.913884	2.455532	9.481674	-0.892181	-4.941309	-1.318950	-5.686523	0.029494	-0.475329	-1.298272	4.817556	4.418625	-1.233833	0.517396	0.305307	-0.496341	2.381682	-1.365781	-0.475928	0.927264	-7.145915	-0.459290	-2.735654	0.089045	1.503921
CTACTATCATAGGTTT-1_1	4.113179	4.733393	0.852745	4.831127	1.588018	1.430578	1.288762	3.026937	1.655976	6.654478	-0.144797	-3.466965	-0.552033	-2.327898	2.139302	-1.193804	-2.182879	4.636992	3.550787	-0.113524	-0.583618	1.724420	-0.372164	4.646288	0.366196	0.806678	-0.316677	-6.480546	0.937772	-3.575315	-1.395186	1.990871
CCTCTATCGATTAGCA-1_1	3.331670	-1.624770	3.377120	3.410184	1.941028	2.855139	5.730932	3.816471	2.464173	7.477221	-3.155622	-2.479421	-1.329347	-0.576541	1.544217	-1.113306	-3.440845	3.556942	4.042533	-3.429139	-2.466503	4.597769	-2.169760	6.690170	1.067459	0.098145	-2.125871	-5.805391	1.194498	-6.752872	-0.244817	5.850708
CCGTATCTCGTCGTAG-1_1	-3.891026	-3.553794	9.641869	0.571428	4.460793	0.858445	6.861943	8.630905	3.736410	11.774428	-7.679453	-7.788314	-10.310521	8.763008	0.796203	-5.394940	-11.104772	2.393384	11.737335	-7.269726	-9.753015	10.983994	-2.599890	16.246292	4.929655	1.923597	-4.180862	-10.995755	5.342472	-14.556283	-2.748698	12.012976
TCACGATGTCCGTGGA-1_1	-1.339302	-0.378213	7.555532	2.202331	3.257260	1.504706	4.577353	8.028537	3.813037	11.824364	-5.773030	-7.037235	-8.188609	6.122221	2.356341	-3.670444	-8.587098	3.555783	9.629999	-5.192977	-8.279490	9.386559	-1.877237	14.215836	3.423047	1.580158	-4.305719	-10.649278	4.716251	-11.857544	-3.306110	9.290892
TCAACAAAGATAATTC-1_1	-1.193426	-2.129523	5.114723	1.723928	3.021143	2.675653	4.742854	6.217497	1.181861	7.012285	-4.414892	-5.570121	-5.203748	5.778116	2.155401	-2.032922	-7.438976	2.786036	6.697409	-5.049709	-5.805477	8.022915	-2.423969	11.544250	3.476485	2.163853	-3.017223	-8.530254	1.841815	-10.547127	-1.092407	8.444294
ATGACGCGTTCTATCC-1_1	1.518717	-1.781430	4.684950	3.448659	3.686374	4.034680	5.786003	5.787819	1.262647	8.149406	-4.307889	-4.954543	-3.928329	3.503217	2.372078	-1.910495	-7.101093	4.653184	6.289827	-4.527931	-5.516455	7.964040	-2.926080	11.975019	3.035852	1.998512	-3.315601	-9.129095	1.583092	-11.916544	-0.793463	9.599005
ATTTGCGCGAGTAGCT-1_1	0.705353	-5.387759	-1.131040	4.155663	3.673549	5.761213	6.879609	3.800120	-0.035016	3.309035	0.622632	-2.039503	0.623417	2.085126	4.298389	-1.672939	-6.397193	1.078403	4.239469	-3.548059	-1.236275	7.101245	-4.306314	7.328104	2.990710	2.589767	-0.194142	-5.785513	-2.274509	-8.124010	5.033891	9.582647
TTCTTGGACGATCTGC-1_1	-6.849002	-7.930638	-1.959946	2.017694	0.902190	5.753318	0.440606	-2.256916	2.114304	2.380832	3.063670	1.301609	-2.654330	6.274622	3.984647	-2.963482	-5.358912	-3.151924	3.891538	0.631720	-1.806112	4.640090	-9.361212	0.185295	7.950994	5.280605	1.917222	-3.984037	-1.603758	-5.041810	9.946137	8.394840
AGACGACGATGCCGCT-1_1	-1.018628	-5.217743	1.095589	1.865142	1.688707	6.105883	4.565211	3.234628	1.311214	5.238470	-0.103166	-3.252530	-2.473499	5.680553	4.113387	-1.263328	-6.632040	1.652630	4.327785	-3.614838	-3.857315	7.488827	-6.122308	7.447947	4.230725	3.899080	-1.138229	-6.440431	-1.019218	-8.712608	4.880905	10.331844
GGTCTCTGAATGGACT-1_1	0.469261	-4.926773	5.529205	4.040491	2.624617	6.355650	7.122734	7.214595	1.525054	8.590224	-4.029333	-6.767611	-4.844254	6.653811	3.730782	-2.472317	-8.433458	4.081495	7.616084	-6.669972	-5.687269	10.886591	-5.568350	13.656515	4.506981	2.987043	-3.452639	-10.950171	1.273002	-12.598068	1.171714	11.835520
GCTCAATCCGTTTATT-1_1	0.970470	-3.655700	-1.019110	2.608507	2.306773	4.213931	3.601826	2.170865	0.849042	2.889026	1.422806	-0.940426	-0.062358	1.386823	2.773276	-1.028854	-4.088281	0.867346	2.684726	-1.897988	-0.339106	4.888676	-3.933550	4.325716	2.058235	1.538516	0.142070	-3.625348	-1.610492	-5.842094	4.060181	7.091094
CCAGAAAGCAACTCAT-1_1	4.169595	2.710565	1.517781	4.214027	2.072176	3.137590	3.314052	3.285740	1.555433	5.924561	-1.081168	-3.324407	-0.726032	-1.724443	2.999502	-0.688697	-2.956155	5.162720	1.654171	-0.372518	-0.945327	2.974257	-1.625061	6.475895	0.474644	1.936042	-1.387878	-6.551544	1.128577	-5.650955	-1.099817	2.718573
CACCGTTAGGGATCAC-1_1	8.564672	2.180501	0.863740	7.819199	3.262079	4.598309	6.740116	3.335622	2.592401	10.797881	-1.836337	-4.178987	-0.174310	-3.565304	4.668498	-2.888000	-4.424167	6.411516	4.193469	-2.277408	-1.730049	5.218765	-2.378550	8.201364	-0.615113	0.601842	-0.622771	-9.885815	1.698052	-7.844949	0.401059	6.574821
AATAACACTAGAACAA-1_1	8.029467	4.669320	0.253470	7.160264	3.850074	3.929934	5.681619	3.971277	2.026259	8.369828	-0.838388	-4.573407	0.445145	-4.748980	3.552525	-0.836309	-3.315236	6.383442	2.547099	-0.943427	-0.242608	2.380967	-1.717764	6.624393	-0.661965	0.644040	0.058716	-9.208107	0.016524	-6.173451	-0.203548	3.707848
CACCCGGTTTGTGACT-1_1	1.771723	-4.597850	4.930834	3.468483	3.878340	4.202962	7.524230	5.425781	0.784695	7.291411	-4.598242	-4.511161	-3.632520	3.871851	1.655291	-2.528892	-7.234931	3.529474	6.814237	-6.158753	-5.053232	8.565866	-3.553494	11.578444	3.333580	1.261136	-2.792043	-8.850806	0.949288	-11.979952	0.479291	10.838844
CCACCAACTTTACTGT-1_1	5.348282	5.445745	-0.104471	5.223183	2.259012	1.943224	2.080501	2.495847	1.520249	6.858559	0.377741	-3.553125	-0.042235	-3.236585	2.130396	-1.182162	-2.231801	5.174322	3.185516	-0.070358	-0.159561	1.211135	-0.589141	4.055914	-0.220431	0.476708	0.553964	-6.940466	0.332366	-4.059564	-0.559027	2.439543
AACTCTCAGTGTGCTC-1_1	4.081925	-4.499316	2.759037	4.476389	4.907567	5.055006	9.195916	5.035146	0.295843	5.217537	-2.524026	-3.726589	-1.359562	1.000838	2.296579	-1.281004	-5.800352	4.131864	4.035748	-5.085026	-2.469804	7.249021	-4.146965	10.225115	2.435441	0.789157	-1.790635	-7.839912	-0.807253	-10.731810	1.894068	8.940927
AAACCGTTCGTCCAGG-1_1	3.704500	1.168454	0.824084	3.435477	1.695159	2.381114	2.895855	2.032012	1.048350	4.499448	-0.886652	-2.244841	-0.216346	-1.583144	2.102499	-0.912025	-2.080073	3.145604	1.608404	-0.709591	-0.738727	2.368162	-1.224344	4.328869	0.049986	0.715261	-0.728554	-4.615627	0.693274	-4.008177	-0.232681	2.695817
CAGCGATTCCCTTCAA-1_1	2.544888	-3.912293	4.058265	5.318481	4.294655	6.151172	8.357637	6.913432	0.488128	8.024055	-3.950025	-6.100474	-2.966539	4.686705	4.408628	-2.580101	-9.107103	6.376179	6.648220	-5.392110	-5.358330	10.683522	-4.891161	14.440244	3.836225	3.435015	-3.197117	-11.655844	0.520445	-13.806594	1.019531	11.938036
GCTAGCTTGAATAGCT-1_1	4.453000	-1.131324	2.132623	4.148106	3.200161	3.853500	6.576574	3.370160	1.129991	5.965476	-2.452718	-2.736320	-0.526795	-1.045226	2.142141	-0.691533	-3.725311	3.808872	2.492554	-2.949940	-2.083483	4.211303	-2.239076	7.149250	0.740545	0.502424	-1.358071	-6.413586	0.358694	-7.363199	0.364523	5.902446
TTGCGGCATCAGAAAG-1_1	3.712498	-2.535748	1.893663	4.046782	3.788764	4.041872	7.132956	3.609116	0.494063	5.296219	-2.304148	-2.780161	-0.754484	0.205678	2.220375	-1.151604	-4.771285	3.432971	3.299056	-3.686662	-2.560261	5.317163	-2.537108	8.003329	1.360823	0.600885	-1.191746	-6.683995	-0.104663	-8.517641	1.188310	7.498498
AATAGAACAGAGTGGC-1_1	6.392956	0.037895	1.533296	5.184131	3.218909	3.769269	6.509868	3.418261	1.464557	6.199253	-2.223780	-3.012928	-0.008386	-2.743543	2.912048	-0.904676	-3.038239	4.045471	1.818475	-2.199244	-0.919280	3.554784	-1.999619	6.632060	-0.098015	0.192852	-1.125787	-6.876565	0.280768	-5.985024	0.131791	4.381086
GCCATCGAGCTGCGTG-1_1	5.374648	2.003367	-0.336044	5.199241	2.165421	2.406857	4.581992	1.663276	1.412445	6.432171	-0.918573	-2.452728	0.593699	-2.852399	2.448940	-1.545466	-2.486364	3.400644	2.646495	-1.358029	-0.579868	2.355895	-1.332356	3.983835	-0.853185	-0.035566	0.310755	-6.105130	0.466475	-3.934037	0.660933	3.753956
ACACTGATCAAGGTGT-1_1	3.914939	1.239248	-0.117123	3.550640	1.446478	2.012717	3.355295	1.510217	1.318202	4.406876	-0.714788	-1.673760	0.493217	-2.248130	1.829376	-0.840701	-1.471106	2.492660	1.451631	-0.920882	-0.060544	1.487468	-1.063944	2.786644	-0.534102	-0.213885	0.058710	-4.002166	0.220330	-2.471543	0.434993	2.285103
ACCAACGCTTATTTAT-1_1	4.563334	-0.833622	-1.320143	5.102789	2.794625	4.169743	5.003149	2.834685	1.118947	4.743161	-0.432224	-1.480647	2.197995	-2.898426	3.355616	-0.841771	-2.545600	2.160807	1.870565	-1.687302	0.737393	3.404902	-2.276166	4.500397	-0.401752	-0.020835	0.455245	-4.318318	-0.154407	-5.231793	2.053401	5.234372
GACATCGATTTATAAC-1_1	10.260490	20.090157	2.608007	5.405097	6.566838	-5.158841	5.419374	-2.305815	1.600499	17.936562	-1.296211	-8.845459	-3.467128	-9.248740	-3.826018	-0.321776	-3.086455	7.279452	9.534520	-3.432521	0.119608	-1.944072	1.378623	1.227177	-3.386022	-0.890147	4.120583	-11.273357	-1.887241	-4.007190	1.720876	3.087053
CAGACACCGATCGCTG-1_1	4.296236	-1.525988	-0.852169	3.642906	2.127961	4.120718	4.176370	2.283002	1.835003	4.104351	0.049043	-1.025139	1.878934	-2.858746	2.527090	0.154966	-1.193824	1.172881	1.316292	-1.400620	1.324530	3.178649	-3.294910	3.185257	-0.672758	-0.506786	-0.027904	-2.539322	-0.154357	-4.099716	2.498715	4.162472
CCAAGAAAGTGGGCGA-1_1	5.245505	4.702662	-0.037539	3.798853	1.961262	1.013550	3.168032	0.828440	1.856691	6.052342	-0.188460	-2.747932	0.371630	-4.171038	0.793402	-0.296366	-1.032461	3.100843	2.256883	-0.718034	0.761772	0.197296	-0.774818	1.481896	-1.214404	-0.546731	1.039294	-4.566282	-0.265773	-2.086588	0.668672	1.568993
GGTAGACCGTTGGGCG-1_1	2.712337	0.790675	-1.130018	2.470671	0.851086	2.974071	1.882570	1.286055	1.241858	3.649707	0.385705	-0.957356	1.191455	-1.977748	2.087999	-0.368455	-1.088265	1.392948	0.667726	-0.646834	0.646421	1.352531	-1.347110	1.906045	-0.628483	-0.021500	0.335701	-2.054817	0.438543	-2.268527	1.360619	2.118421
TCGTTAGGAGTCCCTA-1_1	5.521698	3.959456	-0.382920	3.782075	1.961597	1.092550	3.579700	1.018302	1.880830	5.874997	-0.327676	-2.330816	0.922669	-4.470616	0.752526	-0.274408	-0.726012	2.580512	1.962063	-1.037287	1.029136	0.031955	-0.833121	1.002876	-1.591864	-1.318303	1.112129	-3.885591	-0.406223	-1.577455	1.155552	1.640991
ACGGCCAACATGGACT-1_1	3.473010	1.196332	-0.944015	2.877913	0.917072	2.910897	2.060911	1.600993	1.424429	3.771167	0.284863	-1.114601	1.245174	-2.332534	1.798354	-0.125783	-0.767969	1.516268	0.449263	-0.474245	0.945172	1.243259	-1.661596	1.961762	-0.927791	-0.287071	0.199724	-2.466296	0.455288	-1.951404	0.955139	1.583731
GTGAGTGGTACAACGC-1_1	5.656857	7.707370	0.457227	3.074998	2.787631	-1.285091	3.446208	-0.573213	1.087781	7.251754	-0.248545	-3.403618	-0.347691	-5.071880	-1.202618	0.008098	-1.081595	3.122221	3.526056	-1.248984	1.044799	-1.085987	-0.061805	0.173026	-1.897877	-0.747265	1.638013	-4.482009	-1.018845	-1.665859	1.456754	1.402361
GAGACTTCGCGACCGA-1_1	2.371585	0.012835	-0.920787	2.643012	1.606321	1.762930	2.613911	1.786118	0.438590	1.854595	0.155951	-0.788132	1.461123	-1.579193	1.579734	0.047928	-1.118825	1.050744	0.739744	-0.669350	1.046260	1.145942	-0.993044	2.008777	-0.252230	-0.173379	0.394058	-2.142427	-0.458820	-2.501020	0.914677	2.188516
GAAGTCAGTTGCACTA-1_1	5.971750	8.338539	0.493671	3.985954	2.630640	-0.187616	3.159760	0.181528	1.779031	8.208922	-0.035421	-4.196315	-0.363181	-5.053464	-0.093513	-0.303136	-1.604314	4.393431	3.913096	-0.905539	0.736190	-0.294364	-0.142075	1.463579	-1.229191	-0.126905	1.734925	-6.277112	-0.636478	-2.789420	0.591268	1.916533
GTTTGGTAGGGTCAAC-1_1	4.000894	5.062109	-0.050240	2.895145	1.585337	0.444069	1.906074	0.129241	1.285478	5.715091	0.087277	-2.546427	-0.059177	-3.050117	0.335479	-0.441259	-1.128125	2.844969	2.590978	-0.627802	0.422552	0.302206	-0.398507	1.246800	-0.851898	-0.030156	1.236401	-4.239773	-0.153214	-2.184580	0.573477	1.730350
ACGGCACTTGCTTGGG-1_1	3.591615	1.808987	-0.141175	2.644668	1.054332	1.556862	2.265852	1.357689	1.520569	3.565164	-0.127525	-1.537248	0.517749	-2.468989	1.230765	-0.184215	-0.558135	1.949986	0.940729	-0.408624	0.758448	0.642385	-1.108569	1.611469	-0.637504	-0.405094	0.209909	-2.860563	-0.012527	-1.503089	0.366203	1.028706
CCTCTGTACTATTCTA-1_1	4.757308	4.197895	-0.006160	4.649760	1.314885	2.409049	2.660763	2.245398	2.245540	6.766584	-0.026104	-2.407339	0.118132	-3.180034	2.034908	-0.749561	-1.542625	4.333645	2.201008	-0.807612	0.280211	1.180082	-0.950586	3.312452	-0.417786	0.127441	0.452154	-5.600789	0.630592	-2.745564	-0.149061	1.921041
CTATTCATGTGTCCCA-1_1	3.775913	2.905175	0.571869	3.641683	0.969780	2.409504	2.126356	2.005996	2.014133	5.501427	-0.224734	-2.214416	-0.241892	-2.281252	2.044431	-0.495562	-1.429850	3.625309	1.443475	-0.471567	0.109479	1.657313	-1.333006	3.502997	-0.205432	0.781071	-0.296090	-4.574093	0.945212	-2.786112	-0.334674	1.599504
GCCCGATCTGTGGTCG-1_1	8.240841	11.395727	0.861635	5.749563	3.533782	-0.283540	4.059811	-0.008125	2.603787	12.903249	-0.601495	-5.748643	-1.057095	-6.474680	0.152787	-0.963509	-2.328483	6.336583	5.855555	-1.990337	0.254640	0.404605	-0.025103	2.596549	-1.694772	-0.182717	2.542568	-9.076314	-0.341545	-3.929884	0.943586	3.416682
TTAGAAGAACATGACT-1_1	2.587369	0.316387	0.583316	2.698936	0.932425	2.725272	2.515483	1.605108	1.412930	4.256606	-0.759369	-1.352081	0.006762	-1.494016	1.911865	-0.506965	-1.359425	2.293275	1.186494	-0.991634	-0.668483	1.915791	-1.273101	3.192950	0.018672	0.360016	-0.687357	-3.001720	0.674744	-2.781176	0.507491	2.553718
AGGATAAAGTCGGGAT-1_1	5.127484	6.334069	-0.160882	4.391376	1.632700	1.386298	2.904788	0.957935	2.608333	8.236003	0.218274	-2.732951	-0.070169	-3.893149	1.035528	-0.443109	-1.519349	4.223658	3.262043	-1.267065	0.573844	0.485548	-0.571441	2.048825	-0.906124	-0.327619	1.578262	-5.768779	0.334797	-2.472196	0.750149	2.216821
CGGCAAACATCGTGCG-1_1	7.787575	12.814791	0.974082	5.768578	3.633900	-0.802206	4.125583	-0.491561	3.031342	14.082824	-0.594994	-5.826186	-1.500068	-6.421671	-0.088926	-0.750049	-2.648297	6.642398	6.538116	-2.268393	0.080171	0.179550	0.415343	2.523479	-1.638275	-0.040266	3.034206	-9.651277	-0.163325	-3.897832	0.811229	3.503488
CTAGTTACAACCCGGT-1_1	6.930070	9.866804	-0.224666	5.522576	2.626574	1.311760	3.865683	0.696091	3.027039	11.114638	0.442855	-4.324451	-0.218428	-5.587116	0.731263	-0.432387	-2.165805	5.696405	4.432498	-1.556230	0.889766	0.132780	-0.612168	2.368622	-1.399501	-0.155428	2.475197	-7.918364	0.003386	-3.553869	1.120074	2.921743
TTCGACAGAGCCCGTG-1_1	1.969908	2.306365	-0.675471	2.565792	0.937420	2.521074	1.118837	1.994599	0.724705	3.347768	0.722634	-1.560221	0.393719	-1.168815	1.737422	-0.557295	-1.659359	2.665630	0.689637	-0.183448	0.243295	0.790771	-0.673714	2.691477	0.159852	0.552200	-0.102274	-3.117503	0.444139	-2.357787	0.079738	1.542243
AAGCATACTCTCCTGA-1_1	6.292495	9.020773	-0.744687	6.082619	2.391738	2.352144	3.363442	1.997144	2.804991	10.288300	0.707364	-4.111166	0.188930	-4.802271	1.715512	-0.962060	-2.797422	6.136123	4.073062	-1.015357	0.549633	0.401667	-0.484022	3.375262	-0.782238	0.215434	1.910093	-8.105529	0.193796	-4.110840	0.475828	3.169286
GACGACGATCCGCGTT-1_1	3.943817	1.919127	-1.010659	3.607783	1.016271	2.784895	2.255874	1.810940	1.706086	4.796533	0.220544	-1.186234	1.126110	-2.594659	1.939018	-0.524394	-1.009590	2.272107	1.191006	-0.656848	0.812184	1.111129	-1.161187	2.206073	-0.853171	-0.646970	0.523560	-3.364676	0.392182	-1.972083	0.782147	1.919252
GGTAGAAGACCGCCTG-1_1	4.806925	1.670951	-1.683482	3.964771	1.257161	2.957385	2.856738	1.478900	2.160667	5.511467	0.142761	-1.124738	1.787432	-3.164537	2.383424	-0.477781	-0.920472	2.004103	1.514200	-0.948335	1.037358	1.327665	-1.368027	1.777309	-1.400603	-1.105665	1.277035	-3.427805	0.263501	-2.240168	1.513895	2.631594
GAGATGGGAGTCGACA-1_1	3.331129	-1.243187	-1.202163	3.466565	2.450888	3.259262	3.845248	2.044729	0.965961	3.591539	0.497969	-1.174374	1.466786	-1.732549	2.670704	-0.377855	-2.278073	1.553436	1.786350	-1.587372	0.702068	3.062955	-2.062299	3.548062	-0.104781	-0.166871	0.714647	-3.133061	-0.364247	-4.757319	2.262755	4.649889
AACGATAATGCCGTAG-1_1	-5.487195	-9.625600	-4.747377	0.156980	-0.418481	5.785184	-0.299824	-2.980102	5.153170	7.277944	6.589693	0.952519	-0.200539	5.048010	5.220885	-1.498403	-4.876133	-6.826548	7.873535	-1.939289	-0.841293	5.355640	-9.688708	-0.171169	5.540430	3.536412	6.216368	0.674130	-3.255921	-6.724404	15.232604	13.320628
TGGTCCCACGCTACGG-1_1	-4.295805	-7.900045	-3.812811	0.267166	-0.207959	4.407404	-0.592870	-2.542116	3.815554	5.295833	5.448184	1.084663	0.082774	4.912752	3.930380	-1.317101	-3.945605	-5.797080	6.584972	-1.078078	-0.704244	4.644087	-7.955259	-0.272988	4.297394	2.556986	5.334510	0.254124	-2.459362	-5.514740	11.905081	10.471340
GCTATACGTCTCGGAC-1_1	-0.026921	-5.556605	-4.110643	2.580124	1.929343	6.249252	2.699972	0.293269	3.456118	7.201845	3.383436	0.025176	0.613890	1.251307	5.037205	-2.618848	-5.249686	-1.761982	5.995969	-2.409622	-0.665215	5.142108	-5.967316	3.406458	2.924803	2.349358	2.962197	-2.411775	-2.191089	-7.981566	9.505439	13.698191
GAGCCAGCTACCTGTG-1_1	11.640980	4.055199	-3.134070	9.712338	4.716708	3.063593	8.091287	2.940861	1.765818	11.725120	-1.180056	-4.252640	3.623183	-7.014573	4.041946	-2.794296	-3.900291	4.029149	5.335775	-2.832011	0.905777	2.606660	-1.591360	4.361862	-3.514764	-2.360032	1.840332	-9.528432	-1.084233	-6.038730	3.195071	7.576072
TGCTAAGTGTCTATTT-1_1	11.852340	21.212788	1.840536	7.081148	7.400397	-5.291673	5.799774	-1.991752	1.497835	20.890148	-1.710894	-10.101122	-3.047736	-10.020418	-2.803545	-1.577085	-4.232899	8.287190	11.091296	-4.182572	-0.485564	-1.205792	2.167611	2.112935	-3.884183	-1.279136	4.696987	-13.137856	-2.081498	-5.116897	2.226647	5.428065
GTCCTACGAATAGTCT-1_1	6.872989	7.458709	0.174453	4.492673	2.902415	-0.797973	3.645262	-0.278266	1.309434	9.874812	-0.919399	-4.026281	-0.180644	-5.138192	-0.016148	-1.323110	-1.780828	4.044985	4.674020	-2.120369	0.201394	0.445530	0.143361	1.374281	-2.043535	-1.009265	1.924809	-6.425167	-0.639626	-2.589940	1.619770	3.440248
CAGTGTCGGCTGGCCC-1_1	11.443442	24.686161	4.704236	5.461306	8.500874	-8.140938	3.595390	-2.196975	1.863298	23.056225	-2.866076	-11.988557	-6.687518	-8.922920	-4.231370	-1.382339	-4.298670	7.848354	13.488905	-3.927857	-2.148584	-0.209288	2.590827	3.735609	-3.498395	-0.596827	3.914196	-15.151744	-1.297410	-6.404986	-0.046591	3.925489
CTATCGACGAAATACA-1_1	6.502461	12.443529	2.420099	5.593281	4.255744	-2.048771	2.078000	1.009854	2.366362	14.085404	-1.630763	-6.655572	-3.399666	-4.273666	0.835821	-1.904859	-3.846538	6.299442	7.921666	-1.645504	-2.170814	1.951509	1.460436	5.405942	-0.934394	0.691831	1.365404	-10.906221	1.055102	-5.701608	-1.974352	3.553145
CATCATTACCCTGAGG-1_1	4.759613	6.609517	3.904583	4.962362	3.100349	-1.010931	2.381550	2.537263	2.920450	13.570383	-3.206039	-5.344119	-5.070498	-0.505618	2.782393	-3.282669	-5.514997	4.200218	8.505796	-2.252605	-5.573540	5.638594	1.150246	8.464725	-0.291889	0.622962	-1.544650	-11.160018	3.646726	-7.273125	-3.556929	5.468881
TAAGTTGCGACGTAGG-1_1	7.913928	1.362083	0.556373	5.592686	3.503419	1.474275	6.501246	1.488431	1.356988	8.627012	-2.121520	-2.928955	0.161844	-4.109054	2.072826	-2.291379	-3.169301	2.965608	4.137554	-3.006846	-0.861183	2.992802	-1.225875	4.239007	-1.588107	-0.961401	-0.404710	-6.947894	-0.046096	-5.236153	1.554345	5.686456
AGTGCACGCTTAAGAA-1_1	2.633700	-2.112042	3.889513	3.702109	2.997025	2.372761	6.375175	3.853525	2.041062	9.793250	-4.496235	-3.639785	-3.228076	2.123845	2.206041	-2.973596	-6.721884	3.505049	7.222699	-4.756317	-5.561738	7.596940	-1.998901	9.722608	1.423710	0.480004	-2.733780	-8.379720	2.214301	-10.219192	-0.195563	9.783241
TGTGCCGGTGCCGGAA-1_1	1.593440	-2.461445	3.068726	4.168027	3.149875	3.099549	6.130433	4.221012	1.085785	9.699538	-4.317694	-3.819374	-3.114829	3.550603	2.988602	-3.586280	-7.941157	3.570676	7.919655	-5.067401	-6.559081	8.197294	-1.737655	10.873607	2.050767	1.191861	-2.371142	-9.407636	2.092708	-11.366143	0.390788	11.342166
AGGAGGCCTTCGCGCG-1_1	1.573116	-4.584144	0.385686	1.728351	2.042071	5.510684	5.181782	1.403078	2.031455	7.723135	-1.652079	-1.606885	-1.658233	2.985409	3.073307	-2.517879	-5.593409	0.714559	4.989911	-4.114736	-4.610985	5.447000	-4.195056	6.209496	2.297776	1.738907	-0.457741	-5.279178	-0.051724	-8.871944	4.854098	12.567950
GCCATTAGCCTCAAAC-1_1	0.938386	0.910104	-0.058169	1.025583	0.339537	1.032601	0.763786	0.911880	0.551914	1.390535	0.167459	-0.699434	0.175087	-0.757186	0.679348	0.133832	-0.477896	0.925737	0.110628	-0.121150	0.366533	0.302967	-0.490404	1.080303	0.019858	0.262631	-0.159531	-1.235767	0.207930	-0.728142	-0.043236	0.246335
GTTAGGCTACCCGTTT-1_1	1.613212	0.367210	-0.013077	1.099888	0.657726	1.051065	1.349778	1.199308	0.674487	1.254178	0.032031	-0.758295	0.376120	-1.158790	0.736469	0.202188	-0.313713	0.773586	0.012608	-0.233376	0.650145	0.364156	-0.798058	1.096207	-0.179840	-0.195274	-0.275979	-1.143035	-0.125663	-0.774760	0.203907	0.288102
GGGTATTCTAGCAAAC-1_1	1.950186	1.676353	0.319483	1.616042	0.764384	0.967480	1.033745	1.107966	0.683950	2.130280	0.083740	-1.580659	-0.068298	-1.304577	0.806234	-0.069292	-0.710328	1.623942	0.704563	0.056435	0.299563	0.535000	-0.700484	1.651781	-0.009366	0.430836	-0.263576	-2.229437	0.095211	-1.466135	-0.203151	0.492348
GCCCTAGCCGTCGCGA-1_1	1.731293	1.169439	0.234441	1.244888	0.682077	0.743031	1.113213	0.839972	0.702939	1.640833	0.012038	-1.160712	0.025177	-1.287780	0.624846	0.056344	-0.429407	1.118163	0.447112	-0.002478	0.402608	0.285491	-0.631356	1.111406	-0.139793	0.137668	-0.217743	-1.599596	-0.040892	-0.979735	-0.024026	0.275094
CAGATCCTGGTTTGAA-1_1	2.658266	2.544681	0.588832	1.902761	0.904465	0.470584	1.374691	0.814133	1.169165	2.949337	0.016866	-1.755732	-0.317916	-2.003578	0.575374	0.036744	-0.534806	1.862720	1.271181	-0.079695	0.428776	0.303048	-0.603304	1.353134	-0.230787	0.221859	0.057493	-2.743569	0.019106	-1.316110	-0.233185	0.296863
CTTCAGTGGTCGCCTA-1_1	3.585038	6.314723	1.132016	1.883970	1.937761	-1.225637	1.642542	-0.045909	0.981552	5.455769	-0.277921	-3.094936	-1.216493	-3.003100	-0.843635	0.047413	-0.918257	2.595921	2.992990	-0.802438	0.279346	-0.406677	0.077945	0.884185	-0.759982	-0.062519	0.909423	-4.050949	-0.400408	-1.513288	0.136679	0.603213
GGGCAACCGCACGTGC-1_1	3.187212	1.936230	0.974856	2.517995	1.012238	0.872097	1.954983	1.454372	1.527964	3.812241	-0.525660	-1.810838	-0.491218	-1.988580	1.105188	-0.503082	-0.861724	2.244773	1.650912	-0.351291	0.021959	1.035684	-0.716699	2.368962	-0.132856	0.067929	-0.481443	-3.481302	0.480535	-1.801197	-0.500450	0.864039
GACCCAATTATGATAC-1_1	13.285114	27.548050	4.433720	5.361571	9.316887	-9.949756	6.699205	-1.730341	1.842220	22.015934	-3.704152	-11.025415	-5.889564	-11.465939	-7.626594	-0.987023	-3.963938	7.880405	14.105459	-4.912434	0.306570	-4.233857	2.194131	0.495118	-4.946106	-2.757134	3.231062	-13.639189	-2.834512	-3.848793	2.909859	1.764458
GAAGCTCGGACCCGTC-1_1	3.868383	6.775578	1.550503	2.267088	2.183258	-1.146445	1.287032	0.644725	1.277377	6.447948	-0.606089	-3.709830	-1.723417	-2.838354	-0.385721	-0.195937	-1.220680	3.015030	3.468703	-0.801681	-0.260294	0.245887	0.254238	2.008279	-0.572715	0.027801	0.685509	-5.153922	0.021066	-2.197134	-0.602464	0.775363
CGTCGGGTCTAAGCGC-1_1	3.289846	7.007263	1.097566	2.402772	2.230625	-0.853219	0.776537	0.861611	0.792815	5.869984	0.163222	-3.904971	-1.573680	-2.391786	-0.037336	-0.086094	-1.565204	3.339216	3.430652	-0.399956	-0.257970	0.216663	0.321280	2.455867	-0.155432	0.484782	0.906784	-5.232994	-0.121564	-2.710059	-0.825678	0.896475
GAGGCCCGACTCCGCA-1_1	2.979422	5.084906	0.348343	3.267859	1.587491	1.125319	0.726142	2.724349	1.076421	4.729002	0.681244	-3.175191	-0.659717	-1.761630	1.511077	-0.292789	-1.886679	3.916318	2.235126	0.084198	0.031816	0.573879	-0.062613	3.632313	0.460781	0.805811	0.191750	-5.243175	0.370116	-2.965516	-1.234381	0.996085
TTGCCATAGCCCGCTC-1_1	13.360728	27.272797	5.521304	6.236728	9.321373	-8.796371	5.189312	-1.212915	2.467617	24.237345	-3.645263	-12.547072	-6.733449	-10.760851	-5.354202	-1.055334	-4.504303	8.891409	14.307583	-4.226271	-1.560780	-1.698156	2.457044	3.283852	-4.058113	-0.890900	3.348012	-16.248457	-1.579303	-6.199809	0.155678	3.007069
TAACATACACGCGATC-1_1	3.095011	4.838350	1.349651	3.499778	1.659370	0.171859	0.839143	2.050834	1.647865	6.310858	-0.631114	-3.046572	-1.588293	-1.505362	1.580781	-1.092202	-2.151655	3.549106	3.619486	-0.264446	-1.230278	1.711404	0.301510	4.081597	0.189597	0.739832	-0.207999	-5.913944	1.227408	-3.315194	-1.898822	1.515645
CCGACGGGCATGAGGT-1_1	2.800006	1.497720	2.229005	2.972315	1.255275	1.354348	2.451964	2.371405	2.048525	6.075674	-1.712389	-2.534211	-1.687922	-0.657502	1.982659	-1.208594	-2.429128	3.073332	3.002832	-0.988546	-1.940655	3.188183	-0.910629	5.031779	0.393126	0.750320	-1.501096	-5.184231	1.774299	-4.133479	-1.377214	2.747032
AATGTGCCCGAGGTGT-1_1	-1.543382	-2.938766	6.432234	1.548893	3.268230	1.737316	6.017747	6.398741	2.560816	8.669392	-5.561121	-5.843644	-6.477313	6.091254	1.588172	-3.622345	-8.383907	2.325887	8.752552	-5.573045	-6.998788	8.988895	-2.416492	12.702004	3.349548	1.240806	-3.185062	-8.898760	3.290279	-11.326229	-1.284431	9.839336
AGCTGTAACCTCAATC-1_1	-2.122450	-3.900706	7.672363	1.649044	4.030758	2.515322	7.245520	7.324256	2.374200	9.115836	-6.346821	-6.962440	-7.659281	7.635170	1.592231	-4.090310	-10.062062	2.640834	9.702045	-6.527844	-7.842847	10.757470	-3.455110	14.964394	4.256160	1.961702	-3.594744	-10.517865	3.523215	-13.604270	-1.332975	11.469985
CGAGTGAAGGTACCAG-1_1	-2.350501	-4.881823	8.264994	1.821643	5.191612	2.770657	8.675929	8.470551	2.113298	10.738523	-7.782737	-7.766089	-8.543030	9.137758	2.026331	-4.813450	-12.370770	3.222700	11.595346	-8.290253	-9.821279	12.656901	-3.248824	17.632566	4.989116	2.315217	-4.123004	-12.345764	3.577514	-16.565441	-1.118593	14.265357
AGTCTCACAAGACTAC-1_1	1.422834	-5.655591	5.159323	3.234125	4.471688	4.552806	8.472492	5.803380	0.552084	7.391254	-5.367898	-4.729943	-3.819775	4.742601	1.872468	-2.681614	-8.298141	4.191496	7.547837	-6.893838	-5.841508	9.487998	-3.920717	12.797507	4.028816	1.742355	-3.117378	-9.470699	0.731736	-13.683164	1.014157	12.579197
AAATTGATAGTCCTTT-1_1	-1.454238	-4.973077	-1.679706	1.792768	1.602789	4.292516	2.429157	0.642520	1.098822	2.868109	1.657835	0.181739	-1.100920	4.016122	3.353675	-1.929509	-4.647358	-0.853120	3.525952	-1.292896	-1.779926	4.824110	-4.894214	3.548012	3.654445	2.841168	0.720369	-3.806236	-1.772931	-5.818951	5.980926	8.854620
TAAGTCGCCGAGTATC-1_1	-0.544702	-5.019361	-0.503372	2.563629	2.391986	4.790965	4.432138	2.796765	0.306494	3.272908	0.360777	-1.136357	-0.940208	4.273051	3.630111	-1.712007	-5.997221	0.614304	3.922126	-2.609148	-2.698876	6.413403	-4.272803	6.415268	3.508154	3.124865	-0.320635	-5.691378	-1.878505	-7.359838	4.655412	9.153976
GCGGAGAAACTTCGCA-1_1	1.668471	-3.846972	0.599098	3.202919	2.596914	4.439327	5.583042	2.938275	0.307307	3.835017	-0.370327	-2.458370	-0.666190	2.019093	2.957947	-1.369032	-4.755918	1.842867	3.331364	-3.193328	-2.130608	5.984661	-3.521774	6.531101	1.837294	1.377971	-0.724971	-5.274745	-0.818264	-7.045543	3.033722	7.343536
GGCAAAGGCGCCAATA-1_1	-2.025032	-4.597412	-1.260574	1.632839	1.116602	4.798773	1.760433	0.616608	1.565599	2.829734	2.166154	-0.401657	-0.838576	3.659234	3.337417	-1.779855	-4.433582	-0.249055	2.878312	-0.485173	-1.509755	4.436862	-5.607487	2.901640	3.740766	3.626909	0.692790	-3.221112	-1.558734	-5.060969	5.782392	7.630236
ATTTCCGGGTTCTGCG-1_1	2.726831	-3.960137	1.800523	3.976067	4.479058	3.133410	7.383900	4.276919	-0.535859	3.740877	-2.008223	-2.709725	-0.925098	0.977187	1.786224	-1.391996	-5.505205	2.774933	3.927943	-4.553247	-1.673121	5.910603	-2.686137	8.153880	2.173783	0.903751	-1.094560	-6.548325	-0.990074	-8.668055	1.514739	7.268652
TAAACCCAGGAGGGCA-1_1	1.672097	-1.971506	1.886735	4.228955	2.496746	4.431664	5.102170	4.256053	0.350167	6.757804	-2.408221	-4.040305	-1.585044	3.292231	3.842051	-2.337046	-6.569119	4.051346	5.292954	-3.421432	-4.794168	7.179660	-2.443057	9.770382	2.225575	2.211009	-1.700407	-8.290237	1.049729	-9.275093	1.005740	8.881646
TTCGGGCGCTAGTCTT-1_1	0.145475	-7.168217	5.913064	3.427571	4.374759	5.864964	9.822124	6.929739	1.262776	9.711977	-6.382867	-6.599532	-5.806056	8.252484	3.619257	-4.134026	-11.258524	4.080193	10.139841	-8.593128	-8.115271	12.683041	-5.436126	16.052658	5.320363	2.839756	-3.154267	-12.584880	1.386810	-16.434139	2.062358	16.389149
GTGGAGTCGGCGGTTG-1_1	1.032583	-4.677109	4.516889	3.793977	3.951208	4.695324	7.349569	6.098890	0.077046	6.569460	-4.196155	-5.259856	-3.669266	5.375580	2.782539	-2.543147	-8.303446	4.556146	6.995631	-6.109804	-5.167132	9.702256	-3.905239	12.838132	4.229080	2.496795	-2.646091	-10.108932	0.542555	-12.664975	0.693734	11.378624
GCACGCCTACTTAGAT-1_1	-2.872779	-8.859424	-2.422368	2.750027	3.182908	6.543427	6.268758	2.337363	0.856854	3.449499	2.866308	-1.302040	-2.036892	6.478972	6.702660	-2.439925	-8.128105	-0.528187	5.350327	-3.519459	-3.133873	9.298674	-7.450615	7.583532	5.712221	5.548415	0.510973	-6.433756	-3.920365	-9.709066	9.557211	13.561991
CAATATTCTTGACCTA-1_1	-5.245926	-7.476074	-2.578238	2.181101	1.489162	5.661310	1.273259	-1.330200	2.011228	2.598142	2.854471	1.824263	-2.669728	5.956800	4.513809	-3.678013	-5.384029	-2.225761	3.796916	0.999462	-1.426925	4.811460	-8.781580	1.770798	7.434087	5.180630	1.401710	-5.087238	-1.479142	-6.061201	9.211463	9.780952
CGTTTGTGTAGAGGGT-1_1	0.372988	-8.418097	-0.703843	3.249091	3.776693	5.654798	7.604391	1.236051	1.521830	5.477354	0.158299	-1.132966	-2.090580	4.462973	4.489250	-2.776507	-7.846485	-0.803268	6.239409	-4.616378	-4.383167	8.762919	-6.123683	7.650003	3.778728	2.856373	0.619270	-6.632878	-2.393555	-10.312624	7.666618	15.396475
CATAGCGTTGCCCACC-1_1	0.781881	-9.340960	0.306856	3.819314	4.491814	6.531891	9.188724	2.894221	0.889235	5.918045	-0.935534	-2.291578	-2.434505	5.647483	4.584245	-3.201582	-9.064770	0.391408	7.070834	-6.036137	-4.951263	10.623255	-6.666356	10.055755	4.491702	2.904534	-0.010196	-8.398837	-2.222266	-12.478134	7.289973	16.070692
TTCCGGCCTTGAGGCT-1_1	0.635702	-4.640969	1.750039	2.917369	4.318968	4.096950	6.462427	4.814251	-0.697789	2.278347	-1.062488	-2.976598	-1.535697	3.270497	2.495575	-1.202088	-6.538558	3.486222	3.994309	-3.745149	-2.003478	7.660525	-3.918902	9.165843	3.572570	2.524713	-1.858665	-6.700066	-1.636975	-9.827248	2.042210	8.207412
TCGTTGCTATCCGGTC-1_1	3.521874	-4.597910	0.451954	3.932133	4.202794	3.358319	7.689652	2.400776	0.353804	4.027576	-1.199217	-1.147951	-0.144344	-0.293150	1.913866	-1.078282	-4.664631	0.861817	3.747797	-4.033878	-1.183055	5.742796	-3.409958	6.157142	0.652514	0.134761	-0.587718	-5.170980	-1.397028	-7.832009	3.251577	8.758106
CAGAGGCGATGCATGA-1_1	-6.082035	-6.057205	-2.876194	0.321741	-0.304998	2.483485	-1.385756	-3.630116	0.964462	0.490581	1.606999	1.828360	-1.921321	5.498072	3.152906	-1.582443	-3.765069	-4.047647	2.260707	1.316089	-1.347967	3.000255	-6.402461	-2.408141	5.608187	3.194541	1.809649	-1.914820	-1.585128	-1.859987	8.331301	5.344240
GGGTTAACATTTGAGT-1_1	-8.575799	-8.347354	-3.493168	0.325067	-0.613540	2.711243	-2.879244	-4.821539	0.385448	-0.226711	2.825692	1.541184	-1.990306	6.864318	3.773090	-1.582612	-4.607537	-5.687998	3.124748	1.752040	-0.838464	4.377781	-8.848802	-4.247902	7.501217	3.568719	2.743695	-1.360307	-1.970540	-2.105418	10.676350	4.910736
TGCCAATGGGTACTCT-1_1	-7.218278	-7.071281	-3.247339	0.388191	-0.241251	2.000299	-2.182518	-4.263275	0.019708	-0.643439	1.708125	1.984069	-2.481901	6.170827	3.608372	-1.853816	-3.916894	-4.601308	1.940684	2.033245	-0.486551	3.467156	-7.582170	-3.471845	6.984701	3.230782	1.970116	-2.405247	-1.367259	-1.775022	8.714645	4.459571
GACGCCGTAAAGGCTA-1_1	-1.579192	-4.117313	-2.046492	1.546061	1.482176	3.801953	2.477157	1.296493	1.018041	1.813489	1.707085	-0.357695	0.365947	2.017723	3.497280	-0.319726	-3.956678	-0.144014	2.283483	-0.840140	-0.413482	4.674421	-4.352322	2.825790	2.847655	3.026141	-0.284961	-2.402450	-2.027387	-4.393538	5.402082	6.078993
CTGGCTGGTTGTCAGT-1_1	0.030464	-2.197595	-0.212442	0.988325	1.065716	2.694854	2.035643	1.203832	0.435411	1.622671	0.297483	-0.616995	-0.116772	1.126526	1.555971	-0.207367	-2.377046	0.388482	1.269888	-1.199867	-0.776525	2.697113	-2.296052	2.355168	1.367374	1.317079	-0.383704	-1.858301	-1.033872	-3.206253	2.363459	4.092625
ACATCCCGGCCATACG-1_1	-3.653203	-4.631927	-1.876358	0.743837	0.091468	4.183803	0.744215	-0.870308	1.761775	2.722991	1.918156	0.144579	-0.871047	3.901133	3.336478	-1.117171	-3.795592	-1.719772	2.799979	-0.418440	-2.128110	3.473499	-5.183433	1.053260	3.786232	3.406039	1.006231	-1.741556	-1.687137	-3.285127	6.945155	6.942065
CTCTTGTCCCGCTTGG-1_1	2.430601	-1.219011	-0.880773	2.569654	1.758411	2.306824	2.865797	1.546656	0.732137	2.167202	0.504311	-0.501350	1.355049	-1.561626	1.567359	-0.018999	-1.183125	0.558510	1.340035	-1.094821	1.230775	2.115204	-1.752802	2.153865	-0.142147	-0.467946	0.430172	-1.697368	-0.446076	-3.318400	1.725772	3.320517
TACGCCTCCATTCCGA-1_1	1.750996	-2.075855	-1.348988	1.559259	1.185001	3.638625	2.253558	0.788789	1.910645	4.008381	0.281238	-0.183527	0.667201	-0.507705	2.547897	-0.419682	-2.132543	0.033107	1.769804	-1.037396	-0.592072	2.607429	-2.985854	2.185401	0.398825	0.777184	0.336041	-1.839368	-0.603352	-3.757089	3.620838	6.195705
CGGAGCAATTTAATCG-1_1	4.474311	0.629673	-1.389684	3.910610	1.217929	3.204545	3.137399	1.405022	1.717181	4.828413	-0.171993	-1.218145	1.711074	-2.803046	2.222082	-0.861290	-0.880934	1.644756	1.327412	-0.918161	0.703671	1.741597	-1.942966	2.091002	-1.240105	-1.003340	0.647812	-3.072477	0.407193	-2.383301	1.625281	2.971556
AACTAGGCTTGGGTGT-1_1	3.519683	-0.964367	-0.679164	3.588500	2.355394	3.231975	4.057167	2.112308	0.800810	3.487781	-0.174502	-1.200486	1.174118	-1.848387	2.126321	-0.703280	-2.236693	1.692968	1.581384	-1.493987	0.309832	2.847504	-1.872392	3.716990	-0.090855	-0.294931	0.279991	-3.439972	-0.309278	-4.331921	1.651263	4.232272
GCGTCGCCAGGGTGAT-1_1	1.645781	1.437780	-0.051026	1.577742	0.554765	0.737275	0.969229	0.605621	0.712668	2.129977	0.035272	-0.913901	0.123337	-1.190463	0.590192	-0.176701	-0.478374	1.240618	0.829656	-0.151434	0.178179	0.336352	-0.394171	0.992807	-0.194144	0.007704	0.234088	-1.859686	0.133350	-0.950180	0.027723	0.621028
GTTGGTCATGCTATCC-1_1	4.864143	-1.854759	-0.166176	4.470514	2.726815	4.041527	6.130831	2.421527	1.357404	4.822144	-1.074570	-1.649133	1.301980	-2.828253	2.460472	-0.542052	-2.075652	1.495327	1.779701	-2.557939	0.223360	3.335709	-2.780681	4.425083	-0.479390	-0.667124	-0.009787	-4.092124	-0.274731	-4.864829	2.272991	5.180173
GCTGGCGGCGCATGCT-1_1	23.017027	46.134655	5.873925	10.580845	15.284783	-14.005884	11.631931	-6.122138	3.103362	41.320953	-3.687873	-19.346189	-8.254103	-20.417919	-10.662667	-0.934628	-6.710943	14.640248	22.780560	-8.774674	0.151978	-5.248423	4.083816	0.924932	-8.428751	-3.651004	9.706748	-24.338989	-4.812839	-7.761625	5.312983	6.894491
TGAGCGGAAAGTGTTC-1_1	5.123572	5.911359	-1.021259	4.712321	1.723729	2.200508	2.963320	0.971858	2.403132	7.920510	0.315555	-2.575362	0.702000	-3.948860	1.543609	-0.672687	-1.880219	3.886479	2.835474	-1.020406	0.624464	0.590509	-0.703411	2.052652	-1.130030	-0.150635	1.713770	-5.540050	0.309751	-2.970918	1.022182	2.752541
CTTTCTGTGCGGGCTT-1_1	13.576746	24.803448	2.152261	7.111496	7.826223	-5.497226	7.111973	-3.384396	3.023131	23.429810	-1.052065	-10.575814	-3.128122	-12.216728	-4.363676	-0.334672	-3.392203	8.983807	11.971968	-4.447396	0.921075	-2.131787	1.643229	0.787792	-4.549841	-2.174322	6.474608	-14.097783	-2.244708	-4.861466	3.068150	4.821593
ATCTAATATCCTACGG-1_1	7.228362	3.945395	-1.480366	5.133942	2.093385	2.305363	4.334069	1.233244	2.857797	7.897472	-0.342908	-2.043133	1.916886	-5.151961	1.665486	-0.460095	-0.649166	2.866958	2.549911	-1.481918	1.394535	0.965401	-1.618490	1.296742	-2.208112	-1.921155	2.042729	-4.962340	-0.048539	-2.279460	1.900695	2.847105
AACCTTTAAATACGGT-1_1	3.207416	0.298828	-0.970563	2.845540	1.344908	2.922746	2.734063	1.737329	1.154778	3.398088	0.138907	-1.074726	1.414438	-2.152075	2.138393	-0.015261	-1.008413	1.509530	0.561114	-0.853513	0.822923	1.567655	-1.618457	2.318828	-0.628433	-0.176994	0.354052	-2.474030	0.220982	-2.581046	1.350857	2.207633
TTCACTCGAGCACCTA-1_1	4.799879	0.016989	-2.320005	5.061473	2.328349	3.207206	4.247916	2.432647	1.438144	4.236379	0.417724	-0.965529	3.146410	-3.214432	3.021147	-0.008004	-1.170437	1.019740	1.884814	-1.137088	2.231446	2.190881	-2.231057	2.701840	-1.310822	-0.938460	1.363548	-3.321183	-0.225872	-4.159117	2.213541	4.429378
CTGCACTCCAGTACAG-1_1	2.604150	-0.510760	-1.296275	2.333469	1.511266	2.556418	2.320602	1.944455	0.799552	2.163984	1.034439	-0.992134	1.593780	-1.548351	2.029198	0.016386	-1.361782	1.200493	0.742777	-0.620080	1.581751	2.230491	-2.032317	2.194040	-0.176331	0.016906	0.340119	-1.844989	-0.309063	-2.997816	1.698580	2.496080
CCATTTCTACCTATTA-1_1	5.403414	-1.800685	-1.730473	4.476106	2.371145	5.141877	4.680295	2.238063	2.681276	6.088228	0.512031	-1.231365	2.532878	-3.923569	3.639867	0.032842	-1.115273	0.733972	2.263812	-2.120072	1.835897	3.520596	-3.758427	3.315703	-1.208809	-1.055514	1.047012	-2.509069	-0.016413	-5.500088	3.916328	6.087027
CAAGCGGCACATAATT-1_1	-2.471506	-6.139663	-3.622087	0.236615	0.496719	3.312143	1.020978	-0.768239	2.868760	4.057221	3.428210	0.666256	-0.374589	2.764675	4.358589	-0.747811	-2.759813	-2.985142	4.020393	-1.474076	0.198885	3.999559	-6.123709	0.963077	3.657364	2.469561	2.408428	-0.605021	-2.028409	-5.062152	9.183007	9.167636
GTTAACATCACTTAAA-1_1	-4.509412	-7.478985	-3.294371	-0.226300	-0.520834	3.472281	-1.171784	-2.605754	2.888095	3.643691	4.862223	0.572052	-0.029027	4.676304	3.403950	-1.183189	-3.535454	-5.467040	5.362878	-0.746741	-0.100398	4.209279	-7.676558	-1.322205	4.312924	2.412725	4.667386	0.501507	-2.188230	-4.276891	10.809134	8.016035
GTCCGGACCTGAAATT-1_1	1.573043	-4.710768	-3.038884	1.325425	1.733400	3.925453	2.027363	-0.062894	3.262447	5.284544	2.437480	0.458513	0.505019	0.569127	3.371155	-1.206697	-2.984052	-1.730223	4.068661	-1.645523	0.372120	4.062347	-5.156295	1.945841	1.408519	0.774617	2.521331	-1.650056	-1.399978	-6.209165	6.894578	10.267924
CTGTGGTCGGGAGATA-1_1	4.806479	-0.809175	1.293510	4.189637	2.499810	3.016542	5.695490	2.423646	1.152950	6.031967	-1.992151	-2.133751	-0.204683	-1.701861	2.241298	-1.226875	-2.859900	3.041363	2.487666	-2.761747	-1.415639	3.545530	-1.744478	5.473667	-0.013201	0.001568	-0.811606	-5.638022	0.442960	-5.613140	0.719138	5.017715
CATGTAAGAGACATTT-1_1	6.429479	5.321373	0.138889	4.807658	2.393232	0.397796	3.369978	0.472432	1.333333	8.623314	-0.736644	-3.540123	-0.128190	-4.104275	1.045908	-1.741406	-2.055946	3.796680	4.026652	-1.619824	-0.213716	1.474231	-0.421027	2.558418	-1.497378	-0.424578	1.131881	-6.376161	0.141939	-3.152466	0.998288	3.446134
CACGTTTCGTACACAC-1_1	7.402806	3.791127	0.011700	6.132247	2.256593	1.575540	4.929852	1.191918	2.025418	9.603369	-1.293184	-3.179938	0.278375	-4.383930	2.147236	-2.180787	-2.332678	4.085536	3.984399	-2.208395	-0.393779	2.520684	-1.203024	3.610337	-1.722039	-0.633302	0.712594	-7.175038	0.691910	-3.566217	1.164490	4.205051
CATCCTCTCAAAGATC-1_1	12.878969	25.761080	4.094046	5.532921	9.028109	-9.522457	6.656285	-3.270760	1.174054	23.550854	-3.501143	-10.583700	-5.625722	-11.047146	-6.441763	-1.065642	-4.121587	7.500972	13.422831	-5.537622	-0.555898	-2.887837	2.414532	0.728930	-5.358691	-1.714599	4.055442	-13.717785	-2.653855	-4.329977	2.769737	3.610651
GATTAACCGAAAGCCC-1_1	5.997616	-0.817328	0.496814	4.077923	2.562412	1.881095	6.553919	1.869214	1.529479	5.538846	-1.905655	-1.466719	0.582111	-3.246129	1.925711	-0.920989	-2.038171	1.867954	2.040594	-2.847072	0.087398	2.182050	-1.508054	3.361392	-1.259344	-1.390823	-0.554532	-4.598991	-0.433806	-3.540923	1.451290	3.796959
AACGCTGTTGCTGAAA-1_1	4.723765	-0.699945	1.429896	4.226569	1.963163	2.425583	5.256307	2.106567	1.556424	7.161452	-2.171704	-2.077729	-0.497037	-1.413116	2.429338	-1.754624	-3.126380	3.037801	3.481873	-2.878385	-1.864490	4.049060	-1.527286	5.320631	-0.111928	0.035813	-0.965353	-5.883389	0.972435	-5.487163	0.590323	5.438227
TTCAGCTGGCGTGCCC-1_1	3.180258	-0.505564	1.839835	3.428142	1.679610	2.221421	4.134478	2.121237	1.506634	6.568237	-2.018517	-2.219179	-1.023033	-0.101753	2.092868	-1.585277	-3.596611	2.787139	3.708582	-2.186636	-2.733710	4.267822	-1.370287	5.603286	0.357581	0.508926	-1.467691	-5.555180	1.329700	-5.725581	-0.027376	5.478981
TAGAGGTTCTACTTGT-1_1	0.251563	-0.576640	3.407470	1.694880	1.897100	1.283220	3.025918	3.397997	1.928482	6.715199	-3.259704	-3.155495	-3.570302	2.541653	1.464264	-1.938136	-4.724541	2.297657	5.297273	-2.996029	-4.379006	5.146149	-1.019589	7.182718	1.611147	0.455349	-2.134364	-5.740546	2.108526	-6.835601	-1.135349	6.052978
GTATCAAACGTTAGCT-1_1	1.098651	-1.277095	3.280647	4.381320	2.528946	3.674045	4.919356	5.071823	1.410228	9.460611	-3.806749	-4.628638	-3.187280	3.645454	3.545529	-3.012286	-7.407853	3.586085	7.252794	-4.182662	-6.436231	7.940128	-1.722998	10.969062	2.151750	1.635742	-2.370044	-9.390054	2.348388	-10.333200	-0.374960	9.762475
AATCATGTAAAGACTC-1_1	2.027447	-2.536869	4.530170	4.953690	3.750465	3.369580	6.978959	5.704273	1.810940	12.156252	-5.486141	-4.907390	-4.355220	4.080461	3.244455	-4.257445	-9.211799	4.394986	9.791190	-6.196395	-7.868752	9.910972	-1.899392	13.188801	2.450959	0.907944	-3.184289	-11.282293	2.826515	-13.405077	-0.348277	12.971291
AGTCACTAGCTCTCGA-1_1	0.774817	-6.131522	-0.523919	3.952960	2.990779	6.002003	6.750000	3.099915	0.349454	5.872452	-0.437163	-2.345542	-0.290186	3.510481	4.647358	-2.521368	-7.470543	0.766023	5.751451	-4.526701	-4.039554	8.245659	-4.199049	7.925013	2.880426	2.412437	0.072215	-6.610628	-1.541226	-9.588880	5.689574	12.427896
TATCTTGCAATACAAC-1_1	0.922203	0.432165	0.585633	1.050072	0.434789	1.237931	1.124870	1.328709	0.445005	1.402343	-0.083049	-1.194374	-0.113367	-0.439500	0.830123	0.196276	-0.721825	1.329765	0.139813	-0.254024	0.104690	0.851657	-0.835413	1.941701	0.350008	0.598074	-0.675547	-1.582590	0.147744	-1.309223	-0.167846	0.371772
TATTATGTTTGCCTGC-1_1	5.080935	9.386801	1.480929	2.590835	3.136937	-2.692438	2.726136	-0.807925	0.917140	8.425600	-0.954019	-4.085762	-1.789562	-4.399154	-1.925068	-0.266303	-1.454147	3.266760	4.748169	-1.683379	0.126799	-0.983307	0.530446	0.574676	-1.711023	-0.503688	1.493059	-5.358734	-0.800843	-1.744448	0.839685	1.226835
GTCAAAGAAGTGGTGT-1_1	2.586967	-1.850896	1.239864	1.455679	2.370864	1.181840	4.651363	2.180294	0.802998	2.034783	-1.300489	-0.997543	-0.092028	-1.446837	0.436628	0.314280	-1.714394	0.730413	0.617121	-2.288097	0.205096	0.889251	-1.289102	2.670572	0.280113	-0.649642	-0.902221	-1.706189	-0.648386	-2.715065	0.723376	1.713577
GGGACAGAGTTACTCC-1_1	1.975313	2.721749	1.559862	2.182507	0.798769	0.293515	0.549493	1.684614	1.446851	4.397831	-0.591527	-2.103492	-1.532147	-0.897244	1.129551	-0.622975	-1.286366	2.085120	2.271927	-0.300151	-0.977551	1.559915	-0.098174	3.163925	0.125005	0.516756	-0.666196	-3.755591	1.262291	-2.090870	-1.425241	0.695452
AGCAACCGAAAGTAAT-1_1	3.913395	1.007938	1.030608	3.093456	1.677011	1.376649	3.479080	1.985657	1.545434	4.071258	-1.107507	-1.889357	-0.205379	-2.219289	1.553164	-0.552597	-1.405440	2.425555	1.654862	-0.925972	-0.138522	1.415264	-0.819048	3.207227	-0.104393	-0.239760	-0.669676	-4.074801	0.147684	-2.519639	-0.285836	1.699263
CTCTCTAACTGCCTAG-1_1	2.812005	5.802138	1.942844	2.783113	1.499672	-0.152346	0.431221	1.819739	1.874278	6.126757	-0.310063	-3.379654	-2.197556	-1.633323	1.075263	-0.286841	-1.741976	3.491959	3.393898	-0.138286	-0.820754	1.380293	-0.001777	3.796929	0.279455	1.207497	-0.255026	-5.620586	1.153202	-3.147702	-2.033619	0.583923
ATACGGAACGTCGTTT-1_1	1.454350	0.253073	1.337995	1.568929	0.788447	1.450639	1.976535	2.214636	0.804347	2.570434	-0.699649	-1.557675	-0.462667	-0.416354	0.944807	0.142853	-1.193457	2.196774	0.837786	-0.951012	-0.255299	1.502071	-1.042124	3.178976	0.678107	0.584968	-0.887182	-2.652774	0.298309	-2.518558	-0.442141	1.208052
TCGGTCCCGACAATAG-1_1	0.947552	-0.084934	1.256981	1.591916	0.382820	1.623652	1.691067	2.051782	0.963127	2.907768	-0.752317	-1.533454	-0.543612	0.061228	1.194459	-0.123521	-1.346381	1.757853	1.285923	-0.930421	-0.785731	1.924199	-1.227451	3.158613	0.614034	0.738390	-1.018761	-2.560614	0.546877	-2.373611	-0.138359	1.640951
CGCGCAAATGTCCAGA-1_1	5.421476	3.294663	0.683077	4.338632	1.869810	1.236884	3.406006	2.103759	2.124387	6.334592	-0.845428	-2.708069	-0.122884	-3.505162	1.794182	-1.105513	-1.505241	3.755796	2.693033	-0.822959	0.033237	1.211637	-0.647238	3.161042	-0.534099	-0.468948	-0.076384	-5.470437	0.262368	-2.586023	-0.231147	1.877027
TCTAATACTGCCTCAG-1_1	5.780544	9.681580	4.105920	6.496749	3.445755	-0.978022	1.489811	3.712143	3.538821	14.845298	-2.619189	-6.421183	-5.316810	-1.338551	3.374091	-3.319698	-5.709244	6.285254	9.230459	-1.253730	-5.200166	5.364462	1.690739	9.720606	0.070365	1.066532	-1.202076	-13.255465	3.820327	-7.578775	-4.950921	4.277741
CTCGGTTGTCGGCCCT-1_1	2.661600	2.854881	2.237334	3.074272	1.549862	0.708976	1.510372	2.363717	1.834485	6.601341	-1.643388	-3.037551	-2.232196	-0.407308	2.120867	-1.555918	-2.953883	2.930066	3.767308	-0.603793	-2.680330	3.240043	-0.055959	5.388858	0.328372	0.839352	-1.466555	-5.870969	2.061079	-4.328123	-2.024976	2.730388
GGTAACCGGGAGGATA-1_1	1.552093	2.485492	6.073183	3.474802	3.205571	0.571219	3.231337	6.183981	3.899451	13.083274	-5.311820	-6.100618	-6.930315	3.098702	3.035139	-3.210456	-7.269572	5.159688	8.800927	-3.720636	-7.294779	7.880126	-0.425666	12.190369	2.083458	0.795030	-3.988846	-10.628529	4.537678	-10.382339	-4.265543	7.759892
CAGGCGCACGGTGGTC-1_1	-3.537951	-5.639620	10.469698	1.596553	5.496790	2.581898	10.093329	10.245380	3.958667	13.691506	-9.215291	-9.336704	-10.882483	10.703801	2.103200	-6.318151	-14.195255	3.283454	14.341887	-9.459760	-11.697071	14.627956	-4.082808	20.706636	5.714910	2.511139	-4.917013	-13.985923	5.311944	-18.892887	-1.516894	16.589628
TCATCGATGGTCCCAA-1_1	-0.289767	-6.000846	7.828590	2.964055	4.922987	4.018764	9.723409	8.102552	2.212313	10.479091	-7.731059	-7.102603	-6.528399	6.993823	2.098909	-4.099084	-11.128968	4.341809	10.957296	-8.228318	-8.341646	12.293337	-4.602258	16.721869	4.895248	1.684254	-4.250463	-11.780750	2.585084	-16.616999	-0.095048	14.789441
CAAAGATTATTGGGCC-1_1	0.176462	-8.388642	8.781097	3.438236	6.010018	5.272050	12.019013	8.654313	1.558026	10.503850	-8.479424	-7.816112	-7.420141	8.787995	2.357339	-4.565229	-12.953068	4.986941	11.938896	-10.216493	-8.973514	14.679042	-5.997131	19.030632	6.095807	2.283545	-4.404505	-13.908142	2.026131	-19.271826	0.862992	17.563112
ACAATGAATACGGAGA-1_1	-11.895683	-13.091815	-5.003430	1.235021	-0.183003	5.581370	-2.807352	-7.857453	2.751797	1.830420	3.654072	5.093559	-4.542906	12.965734	6.134116	-5.844707	-7.739540	-9.887417	5.632221	3.633957	-2.595542	5.843028	-13.675396	-4.393615	11.412618	7.041943	6.322040	-5.568141	-1.129502	-4.829640	15.741222	12.610570
GCTCCTGACATACTGG-1_1	-0.380820	-3.751667	0.019591	2.103554	1.004101	4.846879	3.156443	2.465164	1.027500	3.373398	0.892359	-2.157160	-1.147631	3.231572	3.675950	-0.793165	-4.233804	1.044638	2.473373	-2.050005	-1.886299	5.456665	-4.593507	4.998569	2.706467	2.822247	-0.713750	-4.353321	-1.020523	-5.079360	4.033088	6.554071
GATGACAAGTAGGGCA-1_1	-3.769588	-7.353400	-2.746863	1.902543	1.063561	6.073502	1.231801	-1.186262	2.730691	4.328084	3.526816	1.143636	-1.742972	5.879501	4.453514	-3.351947	-5.310170	-2.658560	5.011056	-0.042608	-1.790313	5.213348	-8.421316	2.218582	5.920033	4.214600	2.506290	-3.995768	-1.681955	-6.766499	9.701587	11.491546
TACGCCGAGGGTACCC-1_1	1.637752	-4.100257	0.329406	5.229754	5.333310	3.674067	6.600809	5.583335	-1.789719	2.027380	-0.140645	-2.386468	-0.243053	1.651472	2.897527	-1.894663	-6.892132	3.016014	4.397730	-3.916868	-0.851304	6.910389	-2.507145	8.914876	2.996853	1.774567	-0.524343	-7.162521	-2.180272	-8.980947	2.123712	7.298150
AAGCGTCCCTCATCGA-1_1	6.336752	-8.253323	1.118855	6.520314	7.687783	3.427115	13.072832	3.394122	-0.047447	6.321898	-1.693212	-1.732304	-1.098028	-1.066316	2.062413	-2.212697	-7.200507	0.340353	6.989423	-8.163809	-1.179458	8.634420	-4.747933	9.456582	0.591452	-1.194716	-0.630480	-7.817410	-2.107977	-12.467426	5.293000	13.147381
CACTCCTATGTAAGAT-1_1	3.777170	-8.304345	1.433045	4.982563	5.279339	5.880411	11.572845	3.562392	0.625395	7.729888	-3.415633	-3.190156	-1.759196	3.493588	4.086988	-3.418458	-8.621935	1.538767	7.156404	-7.290816	-5.182272	10.261754	-5.612987	11.283048	2.434017	1.616891	-0.854563	-9.483891	-0.949784	-13.207143	5.533723	15.767673
TCGAGCCAGGCAGGCC-1_1	4.381680	-7.263004	1.536953	5.600847	6.198376	4.280369	11.320794	3.897299	-0.245791	5.238862	-2.143971	-2.118903	-1.159338	0.430421	2.077041	-2.121495	-7.029065	1.574751	5.997232	-6.907660	-1.862664	8.715772	-4.729072	9.556075	1.571407	0.111018	-1.293170	-7.547119	-1.945520	-11.507567	4.355069	11.959792
TCGTCAAGTACGCGCA-1_1	7.588883	-12.324226	0.419111	7.999566	9.529108	5.013277	17.653574	3.276770	0.591582	9.547811	-2.397614	-1.539755	-1.273042	0.374011	3.584493	-3.237841	-10.196239	-0.982024	10.368217	-11.450908	-2.338565	12.494491	-7.271321	12.379827	1.075540	-0.947869	0.387293	-10.946356	-2.798669	-17.546095	8.844393	21.258385
TTGTGTATGCCACCAA-1_1	-3.485834	-4.099289	-1.863058	0.372823	0.103747	3.173110	0.135079	-1.454828	1.835901	2.435249	2.038500	0.776790	-0.926068	2.807999	2.305739	-0.995366	-2.841226	-2.323496	2.675788	-0.217433	-1.247215	2.160369	-4.491721	0.039129	3.608400	2.457832	1.267177	-0.899390	-1.326797	-2.688076	6.570664	5.747480
CGATTAAATATCTCCT-1_1	-1.241899	-5.547787	-2.949475	2.099581	1.586423	4.548800	2.846908	0.732806	1.689084	3.303796	1.991094	0.180722	0.135863	2.362699	4.379027	-0.987632	-4.129598	-1.244304	3.630310	-1.467168	-0.590181	5.336228	-5.163919	3.008920	3.195173	2.593986	0.670317	-2.570318	-2.326498	-5.693643	7.434462	9.415308
GTGGACGCATTTGTCC-1_1	1.913441	-3.148807	0.011499	2.896458	2.359846	3.892835	5.019466	1.899830	0.640726	3.980721	-0.690066	-1.304951	-0.074591	0.689186	2.463016	-1.296076	-3.918366	0.977461	2.926658	-2.663355	-1.892177	4.466395	-2.720632	4.943108	1.087439	0.916170	-0.351963	-4.182993	-0.596047	-5.851576	2.918578	7.169903
ACCCGGAAACTCCCAG-1_1	-9.063841	-9.397924	-5.263069	0.612739	-0.144663	3.816178	-1.691113	-5.376478	2.459589	2.256127	3.893653	3.411251	-2.911415	7.511978	4.857529	-3.489228	-5.129277	-6.920307	5.144338	1.351978	-1.441712	3.494362	-9.343355	-2.744962	8.718761	4.518159	3.954669	-2.360230	-2.585514	-3.738505	14.090466	9.781666
CCGCATGTGGTACGAT-1_1	4.372590	-4.564249	-1.677541	5.041247	4.136748	5.062610	6.879819	3.191034	1.608696	4.639287	1.261709	-1.154599	2.554367	-2.367196	3.578867	0.093274	-3.407999	0.546350	3.859570	-3.246994	1.952313	5.936817	-4.592431	5.113906	0.304442	-0.590756	0.774443	-3.556617	-1.494586	-8.040198	4.877148	8.819517
GCAAACCTTGGCCATA-1_1	-17.293846	-16.206419	-6.800107	0.815472	-0.885081	3.987822	-5.230933	-9.691941	-0.313348	-1.822629	4.218613	3.488441	-6.385836	12.352833	7.820422	-2.895131	-7.776675	-10.282239	4.145018	3.902958	-1.640423	7.441861	-16.584705	-8.356321	16.368517	7.514846	3.669938	-3.627236	-4.026526	-2.888413	20.376484	8.659857
ATTCACTGATGTTGGA-1_1	2.498525	-3.422627	-1.870950	2.294394	1.972438	3.853528	3.468735	1.533368	2.222914	3.722749	1.303117	-0.589971	1.870559	-1.084875	3.292311	0.564478	-2.167855	-0.239194	2.225743	-1.485928	1.225149	4.232473	-4.346091	2.501405	0.246324	0.619006	0.780009	-1.683601	-1.024016	-5.080048	4.578635	6.538861
ACTCCCTAATGCTAAA-1_1	-14.155027	-14.081941	-6.885592	0.676097	-0.183910	2.542434	-3.457425	-7.273358	-0.591956	-2.540509	5.867013	2.417742	-3.945425	8.958089	5.900398	-0.911169	-6.014601	-8.589591	5.417978	2.630664	-1.037263	7.661279	-14.246725	-5.773911	13.724525	7.352430	1.873472	-0.439799	-5.178577	-3.340579	19.638979	7.079629
TCCTAAATTGGGAAGC-1_1	4.245607	-0.419627	-1.546868	3.600718	1.225924	3.263864	3.259075	1.505264	1.904637	4.325791	0.116020	-1.003985	2.221173	-3.046281	2.758891	-0.016524	-0.280161	0.561426	1.178369	-1.123085	1.496059	2.017979	-2.469851	1.892740	-1.452082	-0.889687	0.877200	-2.026232	0.425694	-2.738083	2.278533	3.222406
GAACAGATTACTAAAT-1_1	-1.532987	-4.370540	-2.989786	4.418855	4.070777	3.151249	4.107585	4.352154	-1.449723	-0.711432	3.339271	-0.707450	1.432419	1.189741	3.999832	-0.665559	-4.654873	0.924369	3.496318	-1.777352	2.295428	5.573582	-2.824963	5.460916	4.001602	2.113137	0.237722	-4.073467	-2.999402	-6.315306	4.923625	4.763244
ATACAGGCCCTCCAAT-1_1	1.987744	-3.752444	-2.567284	2.231091	2.048396	3.608020	3.463700	1.606780	2.168980	3.664109	2.159801	-0.737253	2.182926	-0.985632	3.848133	0.356530	-2.113743	-0.699731	2.788507	-1.994359	2.213326	3.914968	-4.324466	2.415932	0.578335	0.922672	1.605360	-1.182163	-1.133769	-5.695845	5.318561	7.189053
CGATTCGCCTGGCTGC-1_1	-0.904791	-7.108692	-5.091597	1.889537	2.027992	3.150053	2.606689	-0.011924	2.752709	3.982797	4.345264	1.371935	0.650978	1.963125	5.701414	-1.092283	-2.843834	-3.217504	5.129510	-1.775882	2.077315	5.012647	-6.443187	2.171369	3.499117	1.980918	3.307455	-1.480700	-2.279851	-7.417525	9.933512	11.721311
AAGTTCACTCCAAGCT-1_1	-4.305320	-8.069999	-3.064633	0.159805	-0.191307	6.103454	-0.347447	-2.323051	4.518771	6.841875	5.169639	0.363340	-0.508650	4.798729	4.081266	-1.892590	-4.607594	-5.256743	6.759717	-1.662842	-1.737616	4.434780	-8.708351	0.256432	4.804142	3.376582	5.154945	0.005270	-2.441564	-6.435336	12.352006	12.511726
ATCAGCCTCATGCTGC-1_1	10.206002	9.287477	0.103318	9.706670	3.972406	2.564008	4.375455	2.589956	2.833960	14.843767	-0.460715	-6.078058	-0.435599	-5.680042	3.886349	-3.558776	-4.839633	8.589090	7.417212	-1.387778	-1.450810	3.772650	-0.830203	7.200742	-1.197873	0.891214	1.167761	-12.837470	1.543038	-7.898304	-0.271570	6.389936
AGTACTCTTATGCCCA-1_1	6.253823	-1.679289	2.634171	5.940455	4.425776	4.656186	8.449009	4.138136	1.021143	7.910134	-2.886604	-3.775743	-0.761847	-1.273215	2.928200	-1.594078	-5.177297	4.479112	4.049103	-3.907967	-3.069023	5.869147	-2.639269	9.590805	0.820764	0.431853	-1.640076	-8.784885	0.627174	-9.757370	0.612433	8.207396
GCGCTTAAATAATTGG-1_1	0.710519	-4.276443	5.796891	3.363178	4.377499	2.862369	8.252048	6.292419	1.569212	9.861063	-6.150409	-5.121902	-4.551134	4.472777	1.980312	-3.847274	-9.537921	4.302839	9.240533	-6.770398	-6.882510	9.608398	-2.623721	13.548178	3.565081	1.327333	-3.228715	-10.154327	2.255234	-13.851928	-0.180836	12.149739
TTGTGAACCTAATCCG-1_1	2.816586	-0.162303	1.632063	3.629776	2.376432	2.886899	4.002940	3.615983	0.555727	5.195723	-1.648951	-2.587148	-0.598665	0.016294	2.093040	-0.974784	-3.653442	3.778465	2.816004	-2.247455	-2.134857	3.588241	-1.105546	6.565184	1.170593	0.719266	-1.010151	-5.872760	0.616990	-6.253008	-0.265101	4.896443
AGTCGTCGACCACCAA-1_1	4.028423	-3.510990	2.268218	3.676702	3.065547	2.426433	7.869406	2.425364	0.946803	6.659857	-3.125118	-2.135695	-0.669349	-0.604251	1.411373	-1.760171	-4.290079	2.335552	4.302144	-4.857294	-2.527050	5.071785	-2.416085	6.539245	0.443130	-0.480072	-1.070845	-5.681755	0.524255	-7.297978	1.787701	7.616989
TCCTTTAAATCCGCTT-1_1	6.924405	0.625071	-0.037497	4.868965	2.705725	1.490463	6.398633	1.275931	1.611355	7.271821	-1.773617	-1.958440	0.693196	-3.926534	1.999721	-1.678389	-2.306738	2.312968	2.980035	-2.832366	-0.144484	2.234678	-1.284986	3.034058	-1.848502	-1.525378	-0.042941	-5.373591	-0.213072	-3.533931	1.911292	4.473454
ACTGAAACGCCGTTAG-1_1	3.996512	-1.322159	0.161991	2.565396	2.119140	0.971239	4.873363	0.922057	0.784101	3.101048	-1.152529	-0.670011	0.690647	-1.958906	1.420363	-0.176266	-1.304984	0.145056	1.457316	-2.176780	0.441220	1.433900	-1.121833	2.037856	-1.171168	-1.067412	-0.342725	-2.640994	-0.311310	-3.046272	1.322527	3.209192
GCACACACTGGTAGCC-1_1	5.744461	0.582905	-0.425525	3.739868	2.175361	1.197994	4.720249	0.989363	1.305387	5.615881	-1.187752	-1.496168	0.919200	-3.304032	1.549568	-1.201902	-1.534362	1.509262	2.209083	-2.032893	0.291324	1.655633	-1.183551	1.990316	-1.750716	-1.483552	0.197716	-3.896187	-0.254202	-2.693919	1.714899	3.439561
TAAGGGCCTGTCCGAT-1_1	8.733585	-0.744607	-0.139085	5.502418	4.009162	1.315059	9.370787	1.799403	1.844376	7.143559	-2.190595	-1.802461	1.651035	-5.108296	2.466300	-0.818239	-2.626143	1.174461	2.942494	-4.012618	1.271239	1.955908	-1.520370	3.044786	-2.942336	-2.897380	-0.238604	-5.313489	-0.964172	-4.303997	2.713912	5.446298
GCTAGAGTAGAGATGT-1_1	1.018431	0.671989	1.738388	1.841340	0.955892	1.303179	1.616442	1.912173	1.698747	5.670188	-1.636528	-2.019858	-1.973804	0.961949	1.695866	-1.261275	-2.967916	2.013512	3.334181	-1.390470	-3.057838	3.265850	-0.512746	4.462151	0.573138	0.480618	-1.406309	-4.162513	1.755106	-4.213800	-0.799130	3.951653
CACAGGGCCATATAGT-1_1	4.446489	7.972762	1.134476	4.141553	2.455787	-0.279695	1.401831	0.419427	1.748320	9.752835	-0.569227	-4.217010	-1.787237	-2.908853	0.978307	-1.231357	-2.695530	4.453799	5.154568	-1.193267	-1.316886	1.608479	0.502795	3.615805	-0.631129	0.621506	1.171132	-7.018694	0.887334	-4.054997	-0.549586	2.947591
CCATGCCCTAGATTTC-1_1	-6.049708	-7.759281	-1.705929	-0.819356	-1.419063	8.031807	-0.500648	-3.055822	4.191958	7.847750	2.707407	-0.107253	-2.125026	6.703777	4.356113	-2.274081	-5.541839	-5.367880	5.513298	-2.164347	-5.011687	3.416470	-8.674213	-0.149697	5.766397	4.772423	3.957884	-0.803612	-1.554131	-5.435157	12.435797	13.788254
TCGCGTAGCAGTGTCC-1_1	-3.337046	-3.722216	-1.387056	-0.123024	-0.438905	1.557180	-1.054796	-1.898086	0.714627	0.907737	1.710657	0.174247	-0.537386	2.657167	1.609557	-0.375077	-1.878924	-2.618386	1.943720	0.020083	-0.450370	1.958568	-3.891713	-1.577446	2.764060	1.286923	1.660246	0.175856	-1.037009	-1.339777	5.162848	2.919420
GACGAGGCTAATAAAC-1_1	-12.773883	-14.632293	-5.911762	-2.215374	-1.713911	5.629736	-4.302433	-8.865620	4.696242	5.490556	6.399486	3.694624	-3.682599	13.065122	5.750228	-4.889633	-6.996640	-13.871006	8.409244	1.315153	-2.888425	5.030388	-14.507255	-5.875581	10.277738	6.063949	9.480915	-0.226531	-1.700064	-5.758301	20.103626	15.815495
CTACACTCGCAGATGG-1_1	-5.231996	-6.470857	-1.751938	-0.586960	-0.948849	4.467891	-1.083740	-3.037268	2.818038	4.212699	2.827799	0.579988	-1.204376	5.530265	2.904981	-1.658652	-3.766258	-5.332905	4.272482	-0.639077	-2.438890	2.859646	-6.862149	-1.362553	4.345722	3.261722	3.984650	-0.124584	-1.010716	-3.353445	9.300998	8.491535
TCCCTGGCGTATTAAC-1_1	1.560610	0.407922	0.731397	1.579097	0.747029	1.451274	1.820076	1.664691	0.704484	2.067304	-0.436538	-1.306545	-0.120655	-0.855301	1.171645	0.083494	-0.927437	1.663565	0.360995	-0.540077	-0.025261	1.047070	-0.808087	2.504134	0.287014	0.462756	-0.659388	-2.200134	0.173565	-1.684822	-0.160839	0.758970
AAACACCAATAACTGC-1_1	0.911225	1.113604	1.066990	1.527588	0.408592	1.868755	1.121324	2.241635	0.838587	2.329892	0.136321	-1.963730	-0.582054	-0.177087	1.385548	0.291420	-1.213868	2.391488	0.349033	-0.262187	0.116154	1.398672	-1.330638	3.261834	0.877901	1.353305	-1.231928	-2.687640	0.627107	-2.054769	-0.564497	0.300817
TGGACGCAATCCAGCC-1_1	0.956290	0.898635	0.846478	1.595781	0.593647	1.484465	1.052101	2.039617	0.502184	2.229519	-0.135451	-1.601401	-0.364338	-0.244027	1.282910	-0.022919	-1.243204	2.136184	0.683200	-0.374454	-0.263614	1.252987	-0.700889	3.042614	0.725901	0.960849	-0.833147	-2.574134	0.451970	-2.085353	-0.527846	0.777998
GGAACCTTGACTCTGC-1_1	2.360328	2.074698	-0.369404	2.760755	1.531608	1.761374	1.810133	2.452147	0.383595	2.581717	0.202741	-2.017682	0.681468	-1.705865	1.440877	-0.128669	-1.591998	2.185698	0.857037	-0.270965	0.413417	0.443752	-0.349954	2.702744	0.212701	0.318216	-0.036107	-3.345711	-0.382574	-2.146438	-0.188656	1.210585
GTATCTCAGTCTTGAC-1_1	1.269088	0.720547	2.128613	2.010255	0.776578	1.293920	1.730555	2.786277	1.606924	4.712361	-1.422887	-2.044694	-1.559944	0.243851	1.404490	-0.680114	-2.105412	2.306597	2.435799	-1.114385	-1.789002	2.636310	-0.808360	4.482388	0.709911	0.610477	-1.608345	-3.919854	1.327678	-3.437868	-1.218470	2.277591
GCTGAATCTTCCAATC-1_1	3.154638	1.453647	3.258205	3.965859	1.515413	2.722643	3.454385	4.831060	2.419516	7.558529	-2.078322	-3.722923	-1.821256	-0.503965	2.795504	-0.721233	-3.356311	5.030616	3.191041	-1.597669	-2.175261	4.294740	-1.851756	7.830657	1.137716	1.523630	-2.446991	-6.768804	1.750371	-5.915998	-1.714865	3.453740
AGATGCAAGACGTGCA-1_1	4.603073	3.171900	1.897896	4.815452	1.393736	1.312216	3.155559	2.639849	2.827236	7.987323	-1.491307	-2.874560	-1.440594	-2.251267	2.318466	-1.831692	-2.220691	4.153392	4.057482	-1.087435	-1.329748	2.835643	-0.606888	5.139041	0.007644	0.088552	-0.770507	-6.914093	1.796104	-3.668936	-1.424942	2.446939
TTAAGGCCCGTACTTT-1_1	3.034971	2.532733	2.710482	3.445562	1.173642	1.387850	1.933156	3.358702	2.608794	7.688571	-1.861512	-3.056692	-2.221922	-0.795642	2.345594	-1.298257	-2.677180	3.886285	3.610322	-1.178419	-2.225510	3.494405	-0.708676	5.899609	0.453765	0.799194	-1.799383	-5.986593	2.182551	-4.447874	-1.976585	2.650746
AGTATGCTGGAGACCA-1_1	0.241610	-1.543841	6.474347	2.393149	2.788648	1.581265	5.223355	6.540471	3.428527	10.611736	-5.742850	-5.381640	-5.790360	3.742763	1.725405	-2.939894	-7.137464	3.907423	8.531145	-5.210213	-6.264476	8.124264	-2.164814	11.650540	2.828763	0.433344	-3.737663	-8.666526	3.271322	-10.536894	-2.028321	8.805726
GCGGCAAAGTATTGCC-1_1	4.785841	2.729174	1.372839	4.215340	1.512999	1.524248	2.926786	2.022451	2.027157	6.380717	-1.031438	-2.755816	-0.807482	-2.398243	2.026255	-1.213422	-1.735529	3.877258	2.881970	-0.812391	-0.716238	2.426269	-1.090850	4.239611	-0.118185	0.350081	-0.475301	-5.826829	1.181196	-3.394657	-0.755187	2.184689
GCGCAAATATATTCAA-1_1	3.593824	5.682975	5.638229	4.013739	3.269392	0.069194	1.873344	4.815066	3.370888	12.839338	-3.522776	-6.368265	-6.348946	0.962838	3.133770	-2.369828	-5.991824	5.213730	7.628057	-1.990313	-6.200511	6.630201	0.170495	10.947417	1.006959	1.445596	-3.293729	-10.980728	4.404284	-8.979527	-4.808273	5.271399
GAAGAAACGATATTGT-1_1	-1.150937	-0.919677	5.796148	1.823324	2.881052	1.544316	4.111895	6.580024	2.456505	9.358914	-5.223702	-5.906056	-6.230593	5.360683	2.146251	-2.726782	-7.563237	3.379873	7.988278	-4.822233	-6.834278	8.107877	-1.704809	11.978444	3.061838	1.555427	-3.348368	-8.760531	3.053042	-10.603916	-2.080734	8.696731
GGACCTCTAGGCCGCC-1_1	0.865553	-2.177330	5.363137	3.227175	3.269346	3.214665	6.079887	6.079745	2.105043	8.965765	-4.989534	-5.252256	-4.596515	3.950855	2.284003	-2.522349	-7.442494	4.126902	7.397839	-4.910172	-5.948719	8.423428	-2.859341	12.202492	3.013606	1.476459	-3.396213	-9.290333	2.305751	-11.496990	-1.056820	9.632338
AACAGCTGTGTGGCAA-1_1	1.895787	-1.722879	5.315221	3.854520	3.887352	3.756322	5.997707	6.414529	1.012127	7.702794	-4.312472	-5.840662	-4.292216	3.569444	2.398203	-1.888029	-7.132616	5.333388	6.208418	-4.633388	-4.808095	8.405824	-3.441940	12.817377	3.414460	2.295404	-3.419863	-9.820792	1.482513	-11.848462	-1.265311	8.812324
TCGAATATCCCGCAGG-1_1	1.401061	-4.757716	5.568827	4.973464	4.502921	5.868895	8.143016	7.852241	0.082929	8.095136	-4.625950	-6.762943	-4.649101	6.411551	3.600665	-3.239207	-9.802715	6.197554	8.286173	-6.982683	-5.861040	11.527332	-4.788674	15.917451	5.218557	3.174029	-3.350036	-12.580431	0.913205	-14.926592	0.454085	12.977739
GCGACCCAACCATCTG-1_1	-1.537349	-3.172074	7.147794	2.910797	4.606946	3.341045	7.308593	8.786236	1.271429	9.966815	-6.749396	-8.169088	-7.190886	8.471603	3.400873	-3.844161	-11.665617	4.651850	10.118930	-7.207698	-8.546118	12.076510	-3.297571	17.140306	5.007095	3.153594	-3.802783	-12.990299	2.793043	-15.421516	-1.567519	12.633018
AGAGAAGGAGTACAAT-1_1	2.180607	-9.429221	6.851206	4.957790	6.977126	5.440069	13.742243	7.767685	-0.001384	10.228683	-7.623030	-6.812883	-5.071276	7.209629	3.091086	-4.744246	-13.268049	5.569225	11.474248	-10.697622	-8.328608	14.588829	-5.745969	18.626024	5.515005	2.737833	-3.664114	-14.142220	0.807869	-19.806774	2.533427	18.814119
GGCTCCTCCACCTGTT-1_1	3.113876	-5.120039	4.500418	4.690859	4.790186	4.022364	9.028182	5.515888	0.014643	7.239526	-4.631835	-4.872440	-2.846650	3.196895	2.279985	-2.882289	-8.021307	4.186343	7.151620	-6.482444	-4.710374	9.258386	-3.721644	12.538170	3.218451	1.481298	-2.398235	-9.960946	0.470833	-12.698430	1.061479	11.472173
TCAGTGTATACGTCAT-1_1	1.698065	-4.708025	2.118753	2.807488	3.164719	3.139317	6.711816	2.944191	0.024706	4.436636	-2.632750	-2.755655	-1.823363	2.962544	1.929665	-1.960357	-5.653548	1.880674	4.817336	-4.634320	-3.349073	7.046027	-3.307526	7.936987	1.999309	1.146924	-1.414698	-6.285636	-0.188716	-8.711877	2.077420	8.904137
ATATAAAGCGCTCGTG-1_1	-17.249311	-16.852379	-2.428482	1.491095	1.809523	2.490475	-2.662794	-5.457810	-3.212735	-6.938870	9.642895	1.210507	-7.093641	10.897973	8.574442	-8.148785	-6.211384	-9.341202	4.843873	5.101355	2.903492	9.828762	-22.041405	-3.312279	20.831039	10.126033	5.573292	-6.504298	-0.110472	-7.033831	15.145689	3.048157
CTAGGTTCGGACGTGA-1_1	-12.386668	-12.129476	-5.311594	0.624479	-0.718856	2.847746	-4.044734	-7.136697	0.140343	-0.858495	3.606557	2.902486	-4.119964	9.349343	5.931828	-2.398823	-5.735646	-8.225040	3.882877	2.954816	-1.100503	5.783686	-12.122656	-6.008343	11.436415	5.040420	3.677763	-2.506465	-2.904408	-2.538119	15.215990	7.048088
TCGGGAGACAGCGTAC-1_1	-10.264620	-9.903588	-3.949782	0.473163	-0.409193	3.199357	-2.906245	-5.737339	0.322914	0.401904	3.778401	1.940339	-3.181504	7.600255	4.693508	-3.091465	-4.841333	-6.860565	4.255176	1.590349	-0.276734	4.153498	-10.840256	-4.390188	9.987714	4.136315	4.046999	-1.961534	-1.713625	-3.313958	12.691154	6.507505
CATAAGAAGCTTGGCT-1_1	-2.262796	-5.643225	-3.768552	2.634572	2.336701	2.799956	2.421207	1.023584	0.974281	1.068872	3.490315	0.617419	0.788863	1.903297	4.182816	-0.270698	-3.833341	-1.293688	3.587175	-0.731725	1.143827	5.467691	-4.927560	2.361183	3.738243	2.286938	1.004508	-2.311785	-2.656966	-5.081194	7.385311	6.615152
AAGCACCCTGCGTATC-1_1	-5.568006	-7.370964	-2.355531	0.457427	0.138377	3.000205	-0.141263	-1.409519	1.474792	1.130944	4.925091	-0.628807	-0.865550	3.895743	3.656203	-0.636264	-3.372236	-3.138577	3.980324	-0.806952	0.037772	5.179444	-8.537826	-0.491816	6.063628	3.361969	2.233647	-0.346307	-2.940122	-4.165854	10.131579	4.978112
AGTTTGCACCTGCCTC-1_1	4.459342	-2.730026	-2.553620	3.817771	2.324928	4.721637	4.013968	1.671596	3.062979	5.747641	1.572621	-0.694580	2.517987	-3.294249	3.664046	-0.312970	-1.507264	-0.021225	2.932469	-1.839382	2.260912	3.717734	-4.416245	2.707881	-0.557650	-0.693829	1.572198	-1.784657	-0.367763	-5.542037	4.993889	7.364467
GACTGCAAATCGAGCT-1_1	3.511327	-0.852215	-1.608015	2.687375	1.027967	3.197571	2.560205	1.556376	1.783706	3.816098	1.002165	-1.137999	2.040889	-2.644149	2.815605	0.180940	-0.482660	0.398560	1.122558	-1.160547	1.791603	2.416374	-2.700328	1.708182	-1.095229	-0.519222	0.812631	-1.199399	0.202973	-2.917072	2.720422	3.044605
CTTCAACTCCACTTGG-1_1	4.092052	-3.212147	-1.405246	3.794860	2.797683	4.553756	5.080113	2.287218	2.241320	4.652573	1.049792	-1.044321	2.211394	-2.889110	3.189178	0.402804	-1.434430	0.341683	2.580571	-2.477883	2.095098	3.723040	-4.136992	3.317972	-0.161427	-0.604376	0.773178	-1.895431	-0.830366	-6.153948	4.324318	7.065853
CATGAGATGCACTCTC-1_1	7.395922	-4.706430	-0.547469	6.262139	5.286457	4.658214	9.862589	2.742522	1.338541	7.396418	-0.980858	-1.408003	1.383868	-3.031143	3.189621	-1.095841	-4.063366	0.735453	4.529662	-5.352635	0.165398	6.047799	-4.379099	6.527406	-0.965761	-1.463491	0.180097	-6.221529	-0.934193	-9.833335	4.565255	11.033418
CGCGACCGCGACAGAT-1_1	5.843891	-2.012043	-0.409710	6.068157	4.772947	5.306393	7.896765	4.216402	0.748784	5.492646	-0.696003	-2.595085	1.215333	-2.767643	3.720691	-1.122037	-4.466559	3.826114	2.234345	-3.121442	-0.278764	5.111679	-3.350924	7.336519	0.354280	0.396066	-0.331028	-6.776382	-0.988137	-7.964649	2.438476	7.613144
GCAGTGTGGCTATAGG-1_1	12.328156	20.071745	2.594487	6.730754	7.226509	-4.501981	5.009119	-1.795007	1.774233	20.414463	-1.986127	-10.702921	-3.623594	-9.717974	-1.705150	-1.289382	-3.841162	7.985042	10.331539	-3.476511	-0.689410	0.595532	0.782338	3.561918	-3.624974	0.306605	3.827752	-13.804269	-1.485552	-6.478642	1.124886	4.958902
ATACTGCCTTACACCG-1_1	2.516022	-7.283847	-3.911041	2.704024	3.915718	6.389513	5.548031	0.949579	4.092185	7.633426	2.727772	0.101000	0.471282	0.483649	5.602966	-1.539056	-5.542057	-1.518514	5.817430	-3.560148	-0.010351	6.487659	-7.462945	4.748580	2.557714	1.818731	2.881757	-3.766551	-2.521371	-10.760539	9.899595	16.589655
TACAGAAACGGTGGGC-1_1	12.763338	19.046326	3.090454	7.200550	6.913068	-5.481261	6.131042	-1.439397	2.165129	21.393982	-3.234939	-9.513639	-3.750409	-9.957566	-2.260471	-2.145058	-3.689560	7.518962	11.299237	-4.348544	-0.890365	0.279541	1.275347	2.947425	-4.221296	-0.983974	3.052272	-13.328575	-1.449214	-5.259140	1.575200	4.967574
GGCGCGGAGATCTTTC-1_1	11.302514	5.559917	0.569028	8.702174	3.836634	1.090399	7.001179	1.297982	2.167805	14.707975	-2.274035	-4.961387	-0.209498	-6.173483	2.742516	-4.047591	-3.988834	5.764808	7.124629	-3.636238	-1.323297	4.301248	-1.278748	5.572031	-2.571892	-0.884461	0.658075	-11.073389	1.098325	-6.139548	1.629961	7.159678
CGTTAATGTCCCGACG-1_1	7.764839	-0.202913	0.741344	5.116465	3.593563	1.476675	7.906556	1.775903	1.461976	7.287655	-2.488307	-2.129837	0.458794	-4.348135	2.072114	-1.579249	-2.886902	2.314447	3.065599	-3.451204	-0.346381	2.492047	-1.213403	3.895334	-1.823443	-1.664244	-0.727896	-5.973394	-0.598740	-4.407742	1.760106	4.943305
GCTAACTGAAGTCTGA-1_1	8.953172	-1.856921	1.320447	6.013111	4.510680	2.462707	9.894327	2.688762	1.606792	8.676371	-3.458481	-2.421239	0.297893	-4.334489	2.761909	-1.975088	-3.935117	2.618707	3.888159	-4.862548	-0.957419	3.899984	-1.753209	5.785131	-1.479359	-1.634058	-1.265551	-7.454288	-0.738178	-6.734957	2.024733	7.091883
AGTGATAACCTGCGCG-1_1	5.976208	-3.587937	1.636630	3.760975	4.317819	1.525952	9.018871	2.521669	0.962502	5.628303	-2.737510	-1.480503	-0.167028	-2.674047	1.290359	-1.021563	-3.776281	0.949271	2.924400	-5.083726	-0.475183	2.824564	-1.877941	4.746351	-0.550897	-1.461312	-1.336784	-4.678937	-0.689722	-5.759883	2.054024	5.419531
TATGATCTTCTCTTTA-1_1	2.336223	-2.175035	2.212048	2.827406	2.669998	2.553344	5.490786	3.022825	0.457156	4.666852	-2.403662	-2.585000	-1.058678	0.686511	1.459161	-1.032646	-3.975730	2.671705	3.236356	-3.393399	-2.415585	4.372883	-1.943873	6.604293	1.388402	0.710918	-1.265809	-5.381187	0.451229	-6.791636	0.535974	5.719418
TGTACCTACACGAGGG-1_1	2.221633	-0.000486	0.070709	1.587426	1.315070	0.603796	2.496398	0.807621	0.330060	1.820266	-0.581192	-0.793224	0.318886	-1.236952	0.760747	-0.280870	-1.099460	0.656873	0.867430	-0.927422	0.047580	0.622590	-0.264076	1.408498	-0.410546	-0.479702	-0.120300	-1.908824	-0.351729	-1.566174	0.484938	1.520315
ATATCGTTCCTCGAAC-1_1	1.810876	-0.373978	0.724543	1.864389	1.305154	1.444868	2.568520	1.328454	0.298699	2.490907	-0.840802	-1.328871	-0.189403	-0.278822	1.086066	-0.452474	-1.779800	1.380292	1.302264	-1.145149	-0.943343	1.869477	-0.769185	3.046438	0.292356	0.304573	-0.473477	-2.876478	0.220676	-3.009129	0.167411	2.522486
CGGCGCCATCAATCCC-1_1	5.360094	-1.664110	0.563375	3.203181	3.290385	0.970025	6.841157	1.799484	0.927262	3.421266	-1.599124	-1.017025	0.597928	-2.812676	1.424468	0.157452	-2.021984	0.377668	1.429249	-3.052225	0.981121	1.174554	-1.357697	2.695583	-1.301142	-1.541599	-0.831767	-3.133973	-0.842700	-3.526164	1.464333	3.179480
CCTGTTTGAAGACACG-1_1	4.033879	2.559437	0.118030	2.556524	1.626615	-0.258593	2.699480	0.342905	0.817074	4.383628	-0.516985	-1.714713	0.144256	-2.914803	0.324878	-0.728804	-0.974549	1.542929	2.096235	-1.082238	0.348804	0.230148	-0.239921	0.799849	-1.292671	-0.906799	0.408375	-2.871541	-0.281865	-1.167615	0.930710	1.503612
GCCACTCAGAGCGCGA-1_1	4.285398	0.429350	0.171876	2.529882	2.017294	0.319817	4.051765	0.944892	0.789605	3.470202	-0.973977	-1.162683	0.509393	-2.736605	0.833483	-0.496872	-1.227735	0.919902	1.516991	-1.585236	0.451096	0.591778	-0.517399	1.346943	-1.310225	-1.301247	-0.173786	-2.559981	-0.579346	-1.733356	1.126880	2.009556
TCGGCTTGTATCGACG-1_1	3.687353	-0.510101	-0.160897	3.089187	2.439888	1.582953	4.557285	1.856595	0.340679	2.776067	-0.931931	-1.357644	0.844975	-1.950577	1.574387	-0.315867	-2.024121	1.072368	1.193712	-1.640298	0.245588	1.485079	-0.958969	3.038084	-0.507806	-0.436851	-0.143213	-3.445251	-0.739813	-3.268808	0.965933	2.879440
TAGATGGTTCCTTACT-1_1	4.400372	-0.431271	0.510792	2.726773	2.460007	1.516554	5.030610	1.736731	0.915106	2.964695	-1.292654	-1.522007	0.450232	-2.534610	1.505080	-0.081174	-1.716486	1.305943	0.806742	-1.590160	0.284825	1.202554	-1.029331	2.831027	-0.741575	-0.701813	-0.580584	-3.353584	-0.770189	-2.893976	0.752279	2.217906
ATCGTTAGCTAGCGGA-1_1	5.596120	7.574572	0.672682	3.660767	2.742812	-1.351173	2.691512	-0.441180	1.066932	8.988095	-0.966859	-4.021142	-0.867482	-4.321820	-0.287062	-1.072809	-1.755559	3.541018	4.622444	-1.693745	-0.194883	0.373372	0.378918	1.440277	-1.604333	-0.380082	1.557357	-5.927467	-0.530794	-2.528273	0.910525	2.722990
ACAGCGACATTCTCAT-1_1	3.408717	-1.096238	0.146581	2.310716	2.126869	1.209286	4.143489	1.247450	0.489970	2.390677	-0.925384	-0.910459	0.551733	-1.686658	1.242009	-0.171793	-1.488239	0.425153	1.062707	-1.635378	0.280613	1.465530	-1.069402	2.360225	-0.648695	-0.617160	-0.337736	-2.587488	-0.533182	-2.974996	1.005958	2.719692
ATTCAACCATTTAAGG-1_1	-5.723041	-7.470845	-2.425779	0.231281	-0.788933	4.582751	-1.201398	-2.851178	2.790903	3.686304	4.242288	-0.092110	-0.157361	5.295259	3.081114	-0.473884	-4.321951	-4.989541	5.141510	-0.978990	-1.818330	4.637307	-8.037156	-1.674465	4.710671	3.048641	3.667377	0.587299	-2.589411	-3.796033	11.085956	7.772363
CACTCTTCTGCTAGCC-1_1	2.371436	-2.022982	-0.029251	2.956486	2.256049	2.965321	4.733501	1.611532	0.417094	3.529541	-0.651646	-1.342601	0.240586	-0.435189	2.096686	-0.930187	-3.101664	1.264841	2.140033	-2.352942	-1.146388	3.433103	-1.839775	4.147788	0.400661	0.399855	-0.156052	-3.720308	-0.446019	-4.815051	2.063946	5.401112
CTAACTGATAATCGCC-1_1	-3.186462	-4.532601	-1.649094	0.180176	-0.190535	3.576713	-0.264613	-1.623061	2.191626	3.277424	2.415097	0.510036	-0.456180	3.381942	2.315068	-1.064719	-2.978849	-3.112495	3.432232	-0.484382	-1.434927	2.516129	-5.020292	-0.133392	3.178338	2.326276	2.483249	-0.485487	-1.179114	-3.150159	6.849658	6.646857
GAAACATAGGAAACAG-1_1	2.280351	0.629628	0.887185	2.057385	0.991207	1.464730	2.260101	1.880653	0.978453	2.741348	-0.710626	-1.537543	-0.200168	-1.211496	1.411864	-0.108408	-1.119252	2.058494	0.717294	-0.626194	-0.102784	1.261049	-0.813284	2.927753	0.209537	0.382272	-0.685135	-2.875458	0.246800	-2.052813	-0.308923	1.070004
TAATAGGTCACCAGAA-1_1	1.903392	-0.146839	0.405620	1.465479	0.958545	1.334088	2.164464	1.238916	0.580796	1.697743	-0.510382	-0.987580	0.174080	-1.119563	0.956776	-0.012303	-0.744342	0.976692	0.284176	-0.677806	0.070226	0.881411	-0.802151	1.881685	-0.066656	-0.071512	-0.407217	-1.723593	-0.078343	-1.508064	0.262607	0.990951
CACCAGTCAGCATGCA-1_1	1.339184	0.999420	3.043522	2.186764	1.263789	1.345778	2.167971	3.545974	2.227968	6.404370	-2.216831	-2.960678	-2.737157	0.873762	1.752448	-0.958253	-3.107449	2.925267	3.568387	-1.689015	-2.863388	3.793721	-1.007572	6.139427	1.025138	0.772074	-2.212279	-5.238428	1.929258	-4.990950	-1.759683	3.401361
GAGCGCTGTTAGGTAA-1_1	1.621875	0.736720	0.195766	1.595229	0.842388	1.378203	1.593521	1.445959	0.492566	1.795683	-0.199965	-1.213638	0.172585	-0.901702	1.028461	0.002259	-0.907253	1.600614	0.285463	-0.358540	0.161313	0.682490	-0.624520	1.996096	0.148772	0.277987	-0.333990	-2.105490	-0.048738	-1.534546	-0.039463	0.789438
CCCTATGTAGAGCAGA-1_1	1.520550	0.461189	2.613791	2.588783	1.677254	1.788660	2.731443	3.715390	1.301657	5.628068	-2.209562	-2.844061	-1.830718	0.850554	1.827995	-0.970571	-3.564726	3.113595	3.398117	-1.806663	-2.764425	3.862991	-0.908037	6.514786	1.251401	1.057632	-1.913082	-5.500802	1.287163	-5.676160	-1.367259	3.999701
GATCGCTATATCTCAG-1_1	1.956411	2.345875	1.635731	2.087774	0.930342	0.366954	0.872030	1.586274	1.392168	4.456622	-0.889703	-2.109997	-1.608267	-0.655319	1.275201	-0.777468	-1.581048	2.019636	2.359501	-0.378433	-1.362106	1.899819	-0.125567	3.421627	0.141925	0.563293	-0.840869	-3.876305	1.345187	-2.487276	-1.402228	1.168507
AAGGGACTATGCATTC-1_1	3.606200	5.132688	2.845648	3.601703	1.896090	0.167337	1.085838	2.633651	2.111294	7.750259	-1.307104	-4.020507	-2.935853	-1.275185	2.015479	-1.104161	-2.651031	3.984986	4.081972	-0.538520	-2.123326	3.056134	-0.121158	5.927680	0.238426	1.267259	-1.138645	-7.048993	2.114438	-4.388382	-2.710732	1.597973
CTCGGGTTCTCTGGCC-1_1	2.662334	0.671617	1.334022	2.880777	1.246870	1.794016	2.752779	2.478596	1.214738	4.269627	-1.156479	-1.977443	-0.529069	-0.902839	1.808210	-0.669654	-1.931370	2.970599	1.777377	-1.105278	-0.849156	2.292701	-0.942553	4.326338	0.501465	0.588546	-0.858344	-4.277961	0.816322	-3.456190	-0.615326	2.279437
TATATATCGAGAAATG-1_1	2.584862	1.575376	1.218633	2.727699	1.002877	1.118397	2.003635	1.730995	1.563342	4.761983	-1.039425	-1.927615	-0.894876	-1.083206	1.636141	-0.985454	-1.645553	2.538878	2.275120	-0.722567	-1.116695	2.042334	-0.574051	3.514789	0.137376	0.359895	-0.696022	-4.091544	1.131335	-2.760902	-0.786700	1.938195
ACCCGAGCGAAATTAC-1_1	2.113770	1.348597	1.415627	2.579737	1.361942	1.607260	1.913060	2.732362	0.839709	4.032865	-0.980451	-2.344201	-0.827991	-0.363309	1.919134	-0.502547	-2.314828	3.128360	1.753097	-0.710474	-1.206620	2.332913	-0.632867	4.779537	0.704871	1.057098	-1.046426	-4.394540	0.822943	-3.786990	-1.042852	2.118326
TTGTTTCATTAGTCTA-1_1	2.325259	0.717482	0.902601	2.733824	1.728649	2.324938	2.832715	2.974281	0.219286	2.988736	-0.648872	-2.279797	-0.087543	-0.567363	1.807832	-0.208889	-2.279880	3.083822	0.912939	-0.976060	-0.554959	1.990710	-0.928893	4.724147	0.785690	0.898422	-0.832295	-4.308006	0.174369	-3.829381	-0.432375	2.011178
ATGGGACCTGCTGAAC-1_1	3.035793	-0.402436	2.027890	3.418135	1.957040	2.851043	4.520759	3.369652	1.157042	5.126357	-1.714252	-2.683167	-0.651888	-0.436554	2.064509	-0.507113	-2.972157	3.536411	2.233210	-2.137374	-1.660664	3.564008	-1.826001	6.131818	0.924119	0.867940	-1.275123	-5.420045	0.711105	-5.433463	-0.212798	3.949723
TGCGACGGCCGAACGT-1_1	2.527898	-0.952010	2.056824	4.155571	2.857398	3.634988	4.946795	4.712142	0.103344	5.525097	-2.088121	-3.709359	-0.971678	1.320384	2.862981	-1.411256	-5.065292	4.219752	3.709033	-3.020666	-2.905392	5.193076	-1.779068	8.665410	1.981589	1.580561	-1.426697	-7.470932	0.536685	-7.942797	-0.045321	6.277267
AGCTAACAAGCAATGT-1_1	5.873567	3.881760	0.943474	4.886065	1.917087	1.660985	3.447045	1.928241	2.061634	6.975474	-0.715779	-3.353251	-0.318261	-3.567369	1.878914	-1.038663	-1.659014	4.238011	2.959575	-0.752547	-0.190287	1.947555	-1.316823	3.884391	-0.535541	0.235879	0.073142	-6.376908	0.713172	-3.392894	-0.335802	2.189783
CGTGTCTCGTTACGAC-1_1	1.524654	-1.159831	1.449329	1.792320	1.641623	1.681562	3.331411	2.002708	0.408121	2.959625	-1.436775	-1.621029	-0.665523	0.243131	0.881830	-0.506211	-2.326888	1.770973	1.910119	-2.009452	-1.375013	2.559936	-1.139116	4.086113	0.904364	0.375112	-0.822039	-3.341114	0.276866	-4.127979	0.175467	3.322348
CTAAATCCGGTGTACA-1_1	-0.421273	-3.847496	-0.373567	2.209730	1.304417	5.150630	3.738850	2.661774	0.856642	3.616082	0.656444	-2.381349	-0.482780	2.997788	4.129170	-0.833388	-4.819798	1.180824	2.715119	-2.333026	-1.949289	5.809034	-4.519499	5.346339	2.667433	3.284541	-0.744638	-4.325446	-1.317802	-5.736978	4.372746	7.194027
GAATAGTGCTCGATTA-1_1	0.547147	-3.427738	3.296904	2.489884	2.562661	3.602383	5.578649	4.380902	0.410526	5.281199	-3.225379	-4.384284	-2.860085	4.422420	2.534491	-1.777626	-6.186203	3.009678	5.134766	-4.583451	-4.298849	7.297380	-3.098787	9.438095	2.958899	2.047496	-2.004530	-7.486306	0.689034	-9.152218	0.741744	8.421185
AGCAAAGGCCGCTAGT-1_1	-10.480182	-10.555222	-3.453903	1.130695	-0.404712	3.415830	-3.103176	-5.608529	0.264861	-0.325903	4.031641	1.757233	-2.876269	8.380462	4.771549	-2.997051	-5.338033	-6.889667	4.297806	2.085840	-0.452864	5.467846	-11.626130	-4.540349	9.974558	4.584136	4.237761	-2.513537	-1.827047	-3.264968	12.514001	5.712211
TTATAGGTAATTGTCT-1_1	-11.926809	-11.907008	-0.785374	1.056613	-0.117946	3.347557	-3.082184	-4.216536	-1.258404	-2.347272	7.374987	-1.472018	-2.058444	7.373980	4.453170	-2.324096	-4.900879	-6.711818	5.566807	0.922886	0.317408	8.279860	-15.140778	-4.057627	11.896618	5.351958	4.545133	-0.389325	-2.066704	-4.857533	12.390634	2.321158
TTGTGCAGCCACGTCA-1_1	-8.692881	-9.149590	-1.912381	0.387068	-0.417766	2.259847	-2.741414	-3.759443	-0.709056	-1.145763	4.634861	-0.447314	-1.514058	5.834063	3.676152	-0.530420	-3.681473	-5.237902	4.031640	0.343308	-0.315332	6.324261	-10.578813	-3.799379	8.343678	3.207309	2.811608	0.149151	-2.567101	-3.390952	10.618190	3.172300
ACGGACTCTCAAAGCG-1_1	-11.213384	-11.623991	-1.988208	0.685766	-0.576057	3.331757	-3.428877	-4.671896	-0.918466	-1.470538	5.477234	-0.938059	-2.194795	7.532497	4.546862	-0.521771	-4.900414	-6.176576	4.529298	0.321089	-0.477769	8.056467	-13.568999	-5.025304	10.734020	4.235704	3.098278	-0.162343	-3.183512	-4.030341	13.176641	3.535270
ATGCTCTGGCGCGGTA-1_1	0.949941	-3.580174	-2.189860	3.243535	2.809103	3.364792	4.327332	3.070023	0.346766	1.512625	2.015172	-1.168095	2.225789	-0.062149	3.943071	0.338834	-3.281543	0.604161	2.400621	-1.915808	2.122246	4.827850	-3.541154	3.959370	1.348972	1.759085	0.616419	-2.613013	-1.703206	-5.705157	4.013865	5.591661
ATAATCTTGGAGAACC-1_1	-4.667584	-6.752165	-3.884377	0.179233	-0.176962	1.870549	-0.544020	-1.917535	0.848789	0.496471	3.343654	0.600883	-0.545181	4.439878	3.494555	0.600429	-2.894150	-3.433650	3.076892	-0.311984	-0.002419	5.068504	-6.423902	-1.334365	4.612885	2.207942	0.816717	-0.131964	-3.066594	-3.128676	9.901545	5.099077
CTCATTGCTCTAACAA-1_1	4.093054	-1.105231	-0.646304	3.335141	2.018556	3.110860	4.454941	1.954723	1.364250	3.344763	-0.397813	-1.269042	1.643942	-2.650023	2.315118	0.276633	-1.043635	0.991130	0.741253	-1.524135	1.192798	2.184132	-2.302161	2.794621	-0.767162	-0.603177	0.298369	-2.625111	-0.276256	-3.350503	1.841656	3.083364
TAGGTGACGATAACCT-1_1	4.566443	-1.352583	-0.819539	3.765632	2.059070	3.341593	4.746017	1.951017	1.669464	4.054942	-0.490628	-1.288171	1.993263	-3.060280	2.762475	0.352309	-0.773447	0.716477	1.091036	-1.810270	1.309077	2.381245	-2.563321	2.812766	-1.121406	-0.754189	0.527901	-2.570750	-0.108390	-3.807043	2.249163	3.793902
CGGATCCTCAAGGACT-1_1	3.338702	4.046686	-0.205336	2.214567	1.424276	0.177302	1.737365	0.280298	1.018924	4.292959	0.099443	-2.042719	0.199420	-2.662633	0.106039	-0.144934	-0.772285	2.062032	1.871417	-0.563543	0.567687	-0.154582	-0.181086	0.630668	-0.833758	-0.463557	1.141941	-3.076367	-0.344750	-1.371041	0.652464	1.223724
GGGCGTGGTTTCCCAG-1_1	3.069772	2.920053	-0.435610	3.048891	1.225813	1.352433	1.612327	1.559324	0.950855	3.819338	0.114578	-1.955668	0.448828	-2.126399	1.201777	-0.569862	-1.125742	2.589772	1.455920	-0.255393	0.233285	0.401250	-0.404257	1.942399	-0.271377	-0.038715	0.492046	-3.595928	-0.015091	-1.755887	-0.000749	1.423761
TGGCTATGTGACATAC-1_1	6.366840	7.155112	0.565630	4.293548	2.743132	0.015612	3.787767	0.587815	1.683038	7.938292	-0.395365	-4.008510	-0.149327	-5.333455	0.172817	-0.509373	-1.494335	4.307367	3.426375	-1.226050	0.751169	-0.294258	-0.174439	1.567327	-1.481770	-0.686400	1.313905	-5.864755	-0.681123	-2.319590	0.779781	1.986022
CTTAGTGTAGTAGCAT-1_1	2.517294	1.619102	0.021883	3.112099	1.848590	2.144147	2.472621	2.636944	0.186702	3.119618	-0.319546	-2.139266	0.394368	-1.101410	1.799677	-0.403708	-2.176438	2.977888	1.127004	-0.670624	-0.398020	1.259077	-0.391534	3.921274	0.471857	0.564082	-0.142441	-4.328860	-0.119164	-3.350412	-0.266774	2.093615
GGATTGCTGTGACTCC-1_1	5.248121	5.550868	0.300366	3.455958	2.342941	-0.441330	3.174242	0.342295	1.066043	6.569890	-0.519658	-3.044176	-0.014000	-4.283142	-0.077366	-0.616166	-1.254168	3.089195	3.020439	-1.238211	0.574121	-0.325191	-0.062964	0.978742	-1.490736	-0.792753	1.016098	-4.432430	-0.718790	-1.650320	1.064738	1.832159
ACTTCCATGCGGGACA-1_1	2.498161	0.892249	0.804014	2.720193	1.679420	2.031128	2.717291	2.865281	0.292106	2.942417	-0.704690	-2.175337	-0.013071	-0.865384	1.663872	-0.189327	-2.015058	2.892613	0.973994	-0.924325	-0.400188	1.686283	-0.739590	4.297861	0.626546	0.656477	-0.625924	-4.157275	0.030434	-3.428412	-0.457177	1.831126
ACTCAAGTGCAAGGCT-1_1	3.055094	0.801706	0.944768	3.163419	1.303920	1.680185	2.959384	1.974528	1.239733	4.440210	-1.073177	-1.809896	-0.320336	-1.195115	1.837211	-0.865672	-1.868149	2.879316	1.936069	-1.092049	-0.803949	2.170668	-0.843247	3.893431	0.232999	0.337587	-0.532619	-4.349494	0.740587	-3.192160	-0.352815	2.430854
ACAAGGATGCTTTAGG-1_1	2.174172	1.325713	0.113200	2.902585	1.661802	2.045765	2.148449	2.647127	0.109160	2.790148	-0.205129	-1.957837	0.338331	-0.971414	1.648034	-0.392820	-2.016028	2.712147	1.107329	-0.628210	-0.286513	1.293058	-0.415041	3.805243	0.574140	0.531520	-0.251449	-3.905992	-0.100760	-3.125212	-0.246918	1.921301
TTGAACGACGTGCTGA-1_1	3.161963	4.009700	0.846569	2.231212	1.540228	-0.563153	1.466556	0.351069	0.893755	5.043379	-0.661889	-2.453640	-0.901951	-2.178663	0.146596	-0.668813	-1.048414	2.048640	2.639765	-0.790360	-0.363779	0.656118	0.122076	1.633415	-0.637133	-0.165111	0.503378	-3.810035	0.166498	-1.656816	-0.203759	1.249889
ATTCATCGTTGAGGCA-1_1	3.744749	0.317476	0.153657	2.461388	1.722604	0.779144	3.723401	1.058263	0.869061	3.275690	-0.888120	-1.146685	0.434845	-2.306343	1.054253	-0.492741	-1.258975	1.212265	1.286155	-1.416178	0.248095	0.825144	-0.540960	1.698948	-0.908827	-0.991346	-0.135267	-2.732265	-0.397631	-1.810406	0.841245	1.965880
TGCAACCCATCTGCGG-1_1	4.082979	2.617094	0.577965	3.166545	1.508352	0.019035	2.574838	0.681227	1.084921	5.587319	-0.932497	-2.098235	-0.432879	-2.417266	0.835894	-1.347387	-1.413434	2.034112	2.827562	-1.217243	-0.464187	1.361637	-0.248862	2.153411	-0.907569	-0.467205	0.166710	-4.308074	0.466940	-1.965411	0.190045	2.100290
AGTGCTAAACACAGCA-1_1	4.360705	4.969897	0.992068	3.095566	2.037127	-0.778342	2.208330	0.436084	1.132758	6.860872	-1.032161	-3.092052	-1.061606	-2.910702	0.280875	-1.097533	-1.479151	2.619400	3.545094	-1.264681	-0.563239	0.995893	0.180247	2.141058	-1.006900	-0.348982	0.637656	-5.083313	0.238385	-2.170315	-0.090930	1.935137
AACTCCAGAGCGTGTT-1_1	2.247476	0.134133	0.083369	1.233840	1.165076	-0.102836	2.171820	0.350504	0.373350	1.737516	-0.447744	-0.369042	0.307781	-1.384071	0.341977	-0.146691	-0.542746	0.145418	0.948730	-0.868504	0.407422	0.147791	-0.262498	0.465046	-0.844183	-0.793725	-0.156333	-1.046048	-0.261865	-1.024656	0.714180	1.165198
TCTCCACAAGTTGAAT-1_1	5.838551	2.978755	-0.044239	4.606276	2.021423	0.564713	3.868233	0.929394	1.241126	7.327857	-1.115427	-2.609621	0.269071	-3.514657	1.439480	-1.859745	-1.933977	2.834639	3.350736	-1.815223	-0.366063	1.686029	-0.519754	2.523842	-1.443333	-0.802413	0.539866	-5.432281	0.258536	-2.531989	1.037241	3.337161
CTTTGCATCGCTCTTG-1_1	4.107812	-0.990885	-0.232648	3.730669	3.422694	1.665337	5.535038	2.505433	0.030117	2.741660	-1.001838	-1.427717	0.930731	-2.131206	1.740740	-0.255158	-2.815171	0.975152	1.490826	-2.176020	0.520216	1.734910	-1.131068	3.765974	-0.412732	-0.361756	-0.353657	-3.841783	-1.137450	-4.243287	1.179306	3.446807
TCACAAACCGAGGTAC-1_1	4.596528	2.833402	0.356304	3.127316	1.771386	-0.138702	3.106319	0.609822	1.065121	5.199829	-0.764625	-2.128623	-0.024149	-3.255075	0.580859	-1.044536	-1.239945	1.930077	2.464270	-1.208112	0.148434	0.523732	-0.259075	1.341805	-1.278494	-0.833269	0.237744	-3.678010	-0.122026	-1.446501	0.748251	1.765800
CCGTAGGAAATCCCTG-1_1	5.732106	-2.370409	1.061196	3.167489	4.387045	0.529958	8.081923	2.692168	0.833649	3.138509	-1.854052	-0.878212	0.324578	-3.058007	0.987813	0.415110	-2.760475	0.284101	1.428547	-3.831238	1.537470	0.648757	-1.588137	3.026735	-1.110291	-1.688123	-1.450832	-2.688240	-1.211694	-3.964259	1.589626	2.671031
GCCTCCGACAATTCAC-1_1	0.883853	-0.131803	-0.751936	1.763150	2.078333	0.997482	1.868752	2.156606	-0.566724	0.337107	0.727257	-0.677449	0.604414	-0.417452	0.836784	0.129769	-2.061883	1.328269	0.554321	-0.731150	0.855587	0.840220	-0.413639	2.207356	0.870986	0.293321	0.043534	-1.906646	-1.047243	-2.310721	0.493767	1.209741
ACCCATTTGTCCCTCT-1_1	2.340251	1.758232	-0.059358	1.524692	1.018408	-0.087895	1.496331	0.200374	0.474328	2.625201	-0.172005	-1.084720	0.179231	-1.756032	0.181390	-0.377636	-0.612694	0.949735	1.274051	-0.579354	0.287576	0.048817	-0.078045	0.440440	-0.756178	-0.576698	0.393290	-1.728118	-0.182669	-0.752675	0.581670	0.949482
CCTATGGCTCCTAGTG-1_1	3.398858	1.526513	0.249961	2.566912	1.508650	2.058967	2.959396	2.248484	1.243527	2.960791	-0.277579	-2.028236	0.370638	-2.368432	1.563369	0.263175	-1.076456	2.428007	0.117487	-0.455890	0.778733	0.567854	-1.190657	2.602134	-0.230713	0.115849	-0.516773	-3.150262	-0.393984	-1.979296	0.077131	0.754138
CGTCGCTTGGTTATAC-1_1	1.586702	1.605585	0.842034	1.642403	0.662563	0.548759	0.839297	1.108269	0.877854	2.806886	-0.381372	-1.445717	-0.690412	-0.803113	0.903287	-0.403723	-0.912355	1.635014	1.339251	-0.196896	-0.452235	1.066768	-0.335596	2.191654	0.126311	0.444589	-0.383411	-2.594720	0.681914	-1.645631	-0.684132	0.711457
TGCTTAGAGAGAATGC-1_1	2.781860	1.337164	0.698019	2.573405	1.107343	1.527573	2.254324	1.829983	1.091751	3.279608	-0.590027	-1.814306	-0.123302	-1.509574	1.468056	-0.303499	-1.208052	2.429044	1.048907	-0.429088	-0.085773	1.296112	-0.903752	2.993918	0.076694	0.407075	-0.506282	-3.462373	0.345351	-2.215992	-0.357819	1.245571
GATTGCTCCAGTTGCA-1_1	1.943400	1.432735	0.526394	1.682304	0.953274	1.472149	1.692182	1.809832	0.774134	2.168249	-0.041545	-1.734165	-0.088379	-1.144474	1.139406	0.260876	-1.032573	2.133176	0.259262	-0.198796	0.380944	0.690353	-0.864711	2.423378	0.253300	0.608553	-0.603718	-2.602659	-0.005135	-1.847321	-0.317705	0.456308
CGTGCTTCTACCTAAA-1_1	2.372197	0.228687	1.547532	2.503200	1.544294	2.082876	3.172045	2.808515	0.708775	3.291993	-0.994301	-2.316785	-0.441118	-0.563594	1.555327	-0.054582	-2.065166	2.889594	1.179951	-1.192958	-0.635622	2.313543	-1.357329	4.665326	0.797621	0.881133	-1.111085	-4.120948	0.332215	-3.824183	-0.490884	2.068323
ACTCCAATATCATCAT-1_1	1.794690	2.330249	0.583795	1.479553	1.177566	2.296492	1.600409	2.283359	0.919726	2.307152	0.729671	-2.571610	-0.434283	-1.145102	1.330603	0.887231	-1.617785	3.007139	-0.408315	-0.103252	0.953859	0.752697	-1.539149	2.981927	0.854069	1.554296	-1.150714	-3.224613	0.039981	-2.607855	-0.220923	-0.141450
GCCGACCCACGACTGC-1_1	1.584153	0.816281	0.464142	1.347668	0.767897	0.963949	1.430918	1.131801	0.607045	1.680092	-0.215045	-1.205678	-0.100925	-0.914772	0.832746	0.054985	-0.755586	1.390251	0.404915	-0.192694	0.130277	0.648883	-0.630834	1.784284	0.093088	0.332864	-0.408289	-1.958895	0.060624	-1.380180	-0.174896	0.523659
GAGGGTAGTAACAAAG-1_1	0.511661	0.575578	-0.103805	1.255049	1.708479	2.030824	1.634794	2.689864	0.034302	0.458654	1.438966	-1.830777	-0.381423	-0.552547	1.142747	1.105140	-2.167127	2.958400	-0.647183	-0.283665	1.506146	1.573637	-1.773432	2.955480	2.086345	2.232611	-1.693698	-2.751736	-0.546458	-2.495328	0.533715	-0.214686
GGCCGAGACTCTGGTG-1_1	5.057342	5.951725	0.511376	3.522518	2.120088	0.479382	2.745805	0.990402	1.630009	6.107963	0.048914	-3.483508	-0.283353	-4.083839	0.485621	-0.125097	-1.223594	3.694773	2.541635	-0.530426	0.728861	-0.061997	-0.546534	1.848738	-0.827520	0.000948	0.877481	-5.161787	-0.412576	-2.308545	0.163173	1.198766
TATATAGGGCTTTACG-1_1	2.895115	5.646598	0.035350	2.929247	1.373042	0.996265	1.534225	1.351769	1.402371	4.601548	0.945532	-2.663199	-0.353001	-2.499855	0.569848	0.260469	-1.353562	3.343768	2.077251	0.117350	0.625188	-0.154717	-0.514761	2.122375	0.006802	0.745747	0.783002	-4.714897	-0.011546	-2.302006	-0.447734	0.642693
TGCCGGATGTACGAGC-1_1	5.453441	4.349605	0.311991	4.234186	1.822798	1.742718	2.939228	1.751798	1.972439	5.839393	-0.072478	-3.142667	0.095155	-3.930296	1.447016	-0.299336	-1.103962	3.668165	1.959892	-0.362024	0.647559	0.785401	-1.338930	2.650589	-0.787480	0.139603	0.403347	-5.245434	0.027857	-2.616025	0.025447	1.315983
AGGTAGATCGAGATAT-1_1	1.929012	-0.375755	0.447825	2.609596	1.822037	3.249522	3.328153	3.596740	0.311758	2.167868	0.420672	-2.579899	0.240624	-0.521323	2.298187	0.228457	-2.368549	3.163160	0.181951	-1.158789	0.597467	2.850270	-2.551291	4.592247	1.246048	1.661551	-1.244498	-3.804292	-0.605174	-3.611248	0.674859	1.749714
GATCAACATAAAGGGA-1_1	-7.414310	-7.667123	-1.563171	1.321012	-0.032690	3.453287	-1.322280	-2.657355	0.645136	-0.537851	3.555266	-0.351665	-1.362059	5.627902	2.991387	-0.855020	-4.340093	-3.311699	2.866941	0.641506	-0.933973	5.299186	-8.848599	-2.450576	6.640931	4.157676	1.497549	-1.320446	-2.548534	-2.363481	9.196681	2.867403
TAACAGCGTTTGTGCT-1_1	-6.209092	-6.878783	-0.816202	2.143390	0.765483	3.276850	0.004836	-1.208248	0.449831	-0.928049	4.516206	-0.755114	-1.113071	4.019607	2.793797	-1.424231	-3.720223	-1.965159	3.126899	0.385920	0.150583	5.444021	-8.652265	-0.547803	6.663122	4.050012	1.274844	-1.803376	-2.086687	-3.306693	7.729290	1.971434
GAATGCGAATCGGTTC-1_1	-4.438585	-5.080978	-1.069121	0.573311	-0.214872	2.075850	-1.005640	-1.845776	0.558886	0.311353	2.723067	-0.282242	-0.629685	3.502589	2.077057	-0.524553	-2.600390	-2.651913	2.487353	0.065131	-0.370884	3.547372	-5.900416	-1.549234	4.122192	2.175292	1.935210	-0.376435	-1.457930	-2.122250	6.198218	2.612830
GAGTATGCGCGTGCAT-1_1	-7.402596	-7.978687	-1.780050	0.876799	-0.012636	2.998122	-1.685540	-3.580090	0.818511	0.523665	4.196321	0.763799	-1.816497	5.814504	3.099135	-2.448575	-3.762009	-5.142396	4.262747	0.801284	-0.370347	4.348883	-9.170455	-2.438125	7.263856	3.536974	3.828489	-1.220679	-1.272028	-3.570606	9.389240	4.874819
ATCCACATCGACAGAA-1_1	-8.032448	-8.734507	-1.933388	0.785268	-0.148236	2.657235	-2.081692	-3.685712	0.175998	-0.219410	4.707495	0.425283	-1.750263	6.168113	3.705960	-2.259015	-3.889292	-5.485093	4.396886	0.874300	-0.012304	5.352072	-10.228675	-2.790908	8.045762	3.643273	4.061180	-1.147575	-1.484229	-3.796430	9.958265	4.338989
TAGACGAAACGCCAAT-1_1	-11.034783	-11.490426	-1.738411	1.230344	0.360358	2.836437	-2.247352	-4.271114	-0.926314	-2.056360	6.631958	0.255027	-3.072566	7.910024	5.098838	-3.890958	-4.671944	-6.786566	5.178689	1.715192	0.713692	7.285182	-14.392836	-2.941941	12.024079	5.503329	5.002203	-2.444753	-1.191519	-5.273706	11.832569	3.975128
CAGCAGTCTGTGCTGC-1_1	-10.107203	-10.187153	-1.809377	0.629769	-0.207877	2.593050	-2.783113	-4.289692	-1.185558	-1.602569	5.140807	-0.322843	-2.473392	6.638547	4.498243	-1.989905	-4.158918	-5.775403	4.214432	0.832752	0.287964	6.435572	-12.513864	-3.881247	10.518588	4.166165	3.664302	-1.053806	-1.914684	-4.058656	11.186684	3.316031
CTCACTGTGATACTTA-1_1	-10.075598	-10.724702	-2.757249	0.857947	-0.488429	3.695468	-2.775917	-4.751020	0.660619	0.622990	5.903270	0.296930	-1.668506	7.281366	4.386077	-2.149829	-4.957245	-6.856305	5.951087	0.482337	-0.409789	6.350736	-12.309296	-3.797713	9.517995	4.168363	4.931883	-0.436213	-2.542972	-4.552251	13.356214	5.893511
TTAATTGCTTTGGGTG-1_1	-11.509104	-12.185084	-2.059485	0.789379	-0.466016	3.280169	-3.630341	-4.826007	-0.945043	-1.806265	6.169394	-0.659812	-2.029057	7.979991	4.916882	-1.290561	-5.166477	-6.833061	5.117359	0.869397	-0.233868	8.482316	-14.445911	-4.937701	11.219216	4.707822	3.976680	-0.519890	-2.961637	-4.417955	13.433919	3.715368
GTAGTCTACGATATTG-1_1	-10.406149	-10.859139	-2.614586	0.636942	-0.598301	3.473295	-2.837240	-4.548716	-0.115387	-0.332807	5.316164	-0.349165	-2.074049	7.293068	4.656920	-1.246850	-4.922103	-6.167906	4.775381	0.360543	-0.379969	6.929480	-12.609883	-4.200766	9.979531	4.237082	3.675163	-0.548325	-2.867709	-4.089895	13.184210	4.735526
TTGCCGCTTTCTAGTA-1_1	-3.028367	-5.985189	-2.611109	0.676393	-0.031130	3.095896	0.595802	-0.324278	1.765622	1.847563	3.550700	-0.761020	0.510568	3.144536	3.407464	0.667575	-3.112234	-2.221799	3.233405	-0.999442	-0.076039	5.573413	-6.171346	0.264539	3.091094	2.208312	1.111077	-0.193108	-2.744445	-3.533640	8.340729	5.029449
GAACCTTTAACGATCC-1_1	-0.213489	-4.629719	-2.914291	1.223963	1.057934	3.086978	2.216234	0.478973	1.951081	2.899758	2.096408	0.270072	1.090058	1.320217	3.885206	0.160306	-2.725906	-1.778900	2.816796	-1.041009	0.745639	4.596163	-4.581553	1.702671	1.746047	1.661197	1.325359	-1.390311	-1.555235	-4.689590	6.223443	7.253739
TGGACCAATCTAAGAT-1_1	4.909353	-0.233733	-0.946451	4.084117	1.796259	3.603999	4.514848	1.768420	1.855957	4.783136	-0.776554	-1.423238	1.890741	-3.181544	2.631176	-0.130979	-0.851804	1.420429	1.038145	-1.504818	0.883855	1.991900	-2.295509	2.737033	-1.233526	-0.849074	0.547105	-3.238935	0.189142	-3.267968	1.858309	3.449523
CTAGTAGAAAGGGATT-1_1	2.433595	0.139356	-0.364547	1.872594	0.863291	1.351600	2.109073	0.935555	0.876191	2.309055	-0.385084	-0.668988	0.725674	-1.473620	1.108396	-0.276790	-0.545836	0.906276	0.634214	-0.634606	0.322498	0.841005	-0.836600	1.296718	-0.537382	-0.565376	0.185780	-1.773136	0.000446	-1.305393	0.656995	1.344427
AACCTCGCTTTAGCCC-1_1	3.741760	1.635534	-0.148809	3.092254	1.472288	1.325020	2.911222	1.336372	1.138005	3.964909	-0.538044	-1.751959	0.460912	-2.358829	1.419378	-0.688507	-1.256068	2.145787	1.458132	-0.771977	0.158485	0.908587	-0.717696	2.120225	-0.594471	-0.364194	0.161703	-3.545651	-0.101694	-1.979702	0.434938	1.834536
GAGTGTCAACCAGAAA-1_1	2.540944	-0.444131	0.564188	1.764788	1.413322	1.125435	3.094141	1.276949	0.702939	2.253713	-0.923543	-0.979527	0.069242	-1.322683	0.967982	-0.181664	-1.125416	1.017846	0.758303	-1.232917	-0.057773	1.045210	-0.711010	2.120104	-0.166758	-0.352678	-0.426357	-2.285515	-0.239923	-2.016644	0.391982	1.661468
GTGATCCTTGTCATGA-1_1	4.376879	1.924375	0.965199	4.635713	1.633440	2.265201	3.677135	2.563784	1.838586	6.281602	-1.172591	-2.583673	-0.285528	-2.006760	2.643677	-1.262822	-2.351681	4.194659	2.636460	-1.108200	-0.950131	2.658837	-1.043860	5.033119	0.159386	0.479878	-0.486447	-6.069739	1.079786	-3.883152	-0.527675	2.935678
CTCAACTAACCCGGAT-1_1	4.087921	-0.297749	1.015762	3.215137	2.280092	2.461975	4.901288	2.805259	1.027073	3.644494	-1.525604	-2.007225	0.209589	-2.027867	1.845888	-0.178331	-1.921510	2.453819	0.847118	-1.790211	-0.184206	1.900224	-1.302362	4.285694	0.031252	-0.187526	-0.673800	-4.234322	-0.232212	-3.598288	0.262686	2.512953
AGTGGCGTCTGAAGGT-1_1	1.505760	0.103339	0.917215	1.601923	0.918605	0.995427	1.856194	1.318269	0.658484	2.691696	-0.897647	-1.199942	-0.468361	-0.280004	1.009267	-0.451005	-1.455099	1.439437	1.375646	-0.872782	-0.917701	1.650379	-0.500865	2.695457	0.290693	0.276296	-0.567573	-2.631741	0.507054	-2.415805	-0.299569	1.885116
GGGAAGGGCTTTCTCA-1_1	2.138538	0.921525	0.343251	2.859618	1.568290	1.803488	2.344469	2.255727	0.206432	3.058883	-0.540273	-1.860776	0.105970	-0.705717	1.705140	-0.667527	-2.128188	2.474555	1.491089	-0.843741	-0.761127	1.619634	-0.320277	3.906356	0.524686	0.483805	-0.214040	-3.968442	0.232357	-3.262961	-0.240472	2.296706
AGGCCTGAGAATCTCG-1_1	2.764295	1.015745	0.288379	2.595603	0.943928	1.050420	2.377787	1.029543	1.010980	3.609444	-0.620528	-1.348800	-0.003159	-1.464791	1.271270	-0.749348	-1.158193	1.903949	1.569802	-0.832096	-0.295001	1.312175	-0.650819	2.237395	-0.256648	-0.066409	-0.039798	-3.203866	0.403059	-1.826541	0.161501	1.713503
AGCCACAGGTTACCCG-1_1	1.685604	-0.090547	0.813518	1.710869	0.837553	0.974813	2.006956	1.223399	0.713833	2.802163	-0.908251	-1.012796	-0.331014	-0.517302	0.937696	-0.597957	-1.298155	1.277576	1.480945	-1.027632	-0.742628	1.554980	-0.504733	2.427233	0.180350	0.069537	-0.520024	-2.546979	0.451779	-2.235616	-0.116581	1.952854
TGCAATCTAACACGGT-1_1	1.674648	0.367611	0.780698	1.705169	0.676484	0.774168	1.681990	1.084497	0.929415	2.875308	-0.766877	-1.017497	-0.449227	-0.649584	0.900542	-0.635964	-1.055295	1.318979	1.488655	-0.764070	-0.613673	1.348397	-0.432477	2.159858	0.096120	0.000759	-0.448371	-2.482010	0.580893	-1.799312	-0.275435	1.502718
GTTTGGGTTTCGCCCG-1_1	2.717676	4.898254	1.650974	1.991172	1.735946	-1.250456	0.894427	0.436524	1.083219	5.683760	-0.968461	-2.902609	-1.956310	-1.718600	0.041366	-0.790652	-1.354199	2.056661	3.377733	-0.707369	-0.980494	0.994452	0.522337	2.325545	-0.421067	0.104013	0.223429	-4.423029	0.666219	-2.123698	-1.151058	1.011025
CCTATGTCCACTCCAC-1_1	2.081981	0.808895	0.929027	2.042325	0.855878	0.663614	1.837273	1.125383	1.139273	3.744668	-0.946834	-1.262669	-0.688730	-0.827929	1.018209	-0.905521	-1.298820	1.534240	2.048753	-0.887213	-0.902679	1.605888	-0.383196	2.455734	-0.003539	-0.020073	-0.517436	-3.095994	0.773195	-2.176101	-0.400538	1.854589
CTGCCTTTCTAGTAAA-1_1	1.408139	0.244171	0.446381	1.455450	0.954726	0.712275	1.507850	0.978095	0.256587	1.776273	-0.476192	-0.980771	-0.148926	-0.471897	0.792107	-0.375491	-1.132579	1.049050	1.065827	-0.586684	-0.447865	0.999203	-0.208120	2.006705	0.213228	0.135354	-0.237033	-2.152045	0.135245	-1.817163	-0.142211	1.387203
TTAGTAAACCTGCTCT-1_1	3.125291	-0.024866	0.701639	2.726932	1.543958	1.172974	3.346114	1.576355	0.858598	3.781207	-1.199430	-1.368658	-0.072607	-1.389095	1.356872	-0.852444	-1.700873	1.691793	1.921889	-1.534186	-0.601142	1.765695	-0.625827	2.999557	-0.098023	-0.235452	-0.467164	-3.622114	0.155447	-2.829412	0.176245	2.614862
CCTCCTGTTGTGTCGT-1_1	3.616044	4.274457	0.668790	2.475157	1.675494	-0.757837	2.050759	0.077342	0.842074	5.455843	-0.725202	-2.407291	-0.651943	-2.696738	-0.119868	-0.723999	-1.069019	2.073544	2.834008	-1.071504	-0.120133	0.322950	0.093665	1.159801	-0.999073	-0.406535	0.658268	-3.758428	-0.109498	-1.409248	0.364967	1.474262
CTGCCTTTAATACCTT-1_1	1.949712	3.633949	-0.213769	2.446098	1.034728	2.371340	1.347619	2.585520	0.972649	3.174442	1.292534	-2.260218	-0.103569	-1.750138	1.224963	0.796136	-1.466204	3.222004	-0.020502	-0.030832	1.080069	0.280866	-1.108450	2.822480	0.611558	1.300992	-0.647177	-3.645396	0.379836	-1.861610	-0.405708	-0.257785
GAGCATCAACAACTTG-1_1	-5.278528	-8.814470	-3.174105	-0.899253	0.271239	-2.448584	-0.170213	-1.691296	-5.638753	-9.720284	4.820767	-1.641403	-0.311902	4.098263	3.659138	5.802076	-1.003065	-2.372284	0.021436	1.374017	2.757834	9.416578	-10.703937	-2.481827	8.312114	9.570015	-5.255176	3.066398	-3.285681	-3.216976	9.964068	-0.971888
CATACGAACTAGCTGG-1_1	-9.228629	-12.403134	-5.034500	-2.533597	-0.787243	-4.281011	-3.117734	-4.774440	-9.478750	-14.325647	5.304119	-1.232705	-0.350627	5.906341	3.472893	8.279849	-0.896609	-6.138337	0.997333	2.166276	3.024700	12.356692	-14.723716	-6.300964	13.076311	11.619533	-5.748820	6.528390	-4.125478	-4.081613	14.339409	-2.462411
GGGAACGGTTTCAGAT-1_1	-9.124168	-12.367845	-5.790099	-1.580289	-0.518472	-3.972999	-1.927896	-4.242600	-8.803232	-14.204625	4.967657	-0.387632	-0.938820	7.054506	5.237689	7.922217	-0.742995	-5.427858	-0.168106	2.443003	3.405816	11.747243	-13.918580	-5.493927	12.125248	12.646531	-6.912649	4.931386	-3.785392	-4.115018	14.439479	-1.001061
AGGGTGCCGTTCTTTA-1_1	-6.016293	-8.272837	-4.045403	-0.687670	0.074122	-2.204821	-0.257627	-2.503212	-5.175979	-8.989119	3.799809	-0.031032	-0.370225	4.931864	3.680591	5.040992	-0.987655	-3.028127	0.295320	1.664625	2.152417	7.951345	-9.243770	-2.805128	7.755441	8.855168	-4.937665	2.804578	-2.891197	-3.389279	10.100737	0.308362
ACGACTGGTCATACTC-1_1	3.022796	3.886195	-0.188799	2.942142	0.962421	2.096023	2.202746	1.946976	1.410363	3.825593	0.690921	-2.223703	0.085209	-2.640345	1.225132	1.001677	-1.051352	2.907703	0.300361	-0.141120	1.201513	0.492551	-1.211604	2.546843	-0.024385	1.433488	-0.265194	-3.703588	0.548996	-1.675121	-0.196943	0.031067
GGATCTTACTGCCCTT-1_1	1.609941	-0.774718	-1.586012	2.320572	2.584026	1.952143	2.960485	2.898181	-0.602490	-0.260582	1.860043	-1.162420	1.178494	-1.235488	1.679340	1.390077	-2.284728	2.256494	-0.257933	-0.499258	2.657665	2.621487	-2.090553	2.902738	1.698998	2.360122	-1.125620	-2.379759	-0.970273	-3.390596	1.817905	1.199838
TACTCCTCTAGTTGAC-1_1	2.324448	-1.260782	0.489234	3.385050	2.473037	3.718020	4.739204	4.156618	0.124400	2.481753	0.055806	-2.900306	0.405152	-0.345385	2.856322	-0.038821	-3.159796	3.325750	0.732011	-1.816361	0.239298	3.851870	-2.875284	5.798593	1.440595	1.813227	-1.068557	-4.800992	-0.905166	-4.719997	1.099372	2.929212
GTAGCTCCGGGAGGCT-1_1	5.453286	-0.955850	-0.387692	4.073878	3.095533	2.600945	6.000255	2.658995	1.134881	3.225283	-1.006511	-1.681270	1.749453	-3.245651	2.581520	0.340232	-1.706321	1.196296	0.601786	-1.529466	1.313436	2.093555	-2.147895	3.682084	-1.177820	-0.637821	-0.160163	-3.852538	-0.798242	-4.043992	1.358641	3.085417
GGACTCGTGAGTGGTC-1_1	-6.505545	-7.500932	-1.610393	1.612486	0.455435	3.194156	-0.777194	-1.621446	0.506684	-1.103014	4.282436	-0.532872	-0.574279	4.828674	2.716897	-0.372477	-4.078405	-2.650485	3.158627	0.444723	-0.326823	6.215089	-8.573047	-1.612235	6.104336	3.763420	0.668497	-1.002883	-2.893941	-2.911535	8.847553	2.292064
GTAGTTCGAAGGCGAA-1_1	-3.663641	-7.093209	-3.675689	1.695109	1.503489	1.734418	1.348594	-0.052091	-0.617203	-2.615552	4.853028	0.074684	0.573190	3.385846	2.835100	0.917603	-3.074728	-1.764797	3.465426	0.539650	1.248460	7.711675	-7.644171	0.845229	5.300509	3.791121	-1.656648	-0.542535	-3.494711	-4.150671	9.122163	2.995659
CTCAAACCACTGCCCG-1_1	-8.654749	-8.552556	-1.940544	1.018824	-0.006116	2.417362	-2.629076	-3.981921	-0.822223	-1.831659	3.572860	0.615663	-2.049921	6.448816	3.488098	-1.922187	-4.100741	-4.914848	3.100203	1.692895	-0.125289	5.311612	-10.069985	-3.766002	8.516756	3.833596	2.493260	-1.766321	-1.612761	-2.633224	9.207033	2.655353
GAGGGAGTCAGATCGC-1_1	-9.657913	-10.166880	-1.562871	1.140855	0.076257	2.474843	-3.107055	-3.881531	-1.510184	-3.125832	5.059562	-0.288982	-1.548885	6.885407	3.657548	-1.272619	-4.422750	-5.424900	3.894551	1.568921	0.067440	7.513779	-12.213950	-4.222887	9.630840	4.543071	2.436245	-0.945846	-2.312808	-3.273811	10.427996	1.698296
TCTCTTACCGCGAACC-1_1	-7.059565	-7.176297	-0.991742	0.759351	0.354353	1.668382	-1.908474	-2.648506	-1.446147	-2.745781	3.513645	-0.163159	-1.710194	4.682039	2.839627	-1.516948	-3.050216	-3.579121	2.293001	1.442396	0.502123	4.958757	-9.107897	-2.684418	7.709730	3.700043	1.494223	-1.339026	-1.204619	-2.449479	7.009943	0.916904
TGTGGCGGGCTTCTGG-1_1	-10.410136	-10.794021	-3.081778	1.115485	-0.137965	2.309551	-3.655456	-5.390824	-1.262173	-2.298578	3.986441	1.666207	-2.859430	8.514210	4.816613	-2.691723	-4.887127	-6.741373	3.731598	2.484011	0.186455	6.615779	-12.248923	-4.975813	10.592644	4.244518	3.682553	-2.776615	-1.621888	-3.349530	11.362211	3.996821
CGTTCAGACCCGCGAA-1_1	-11.584651	-12.059973	-4.288753	0.900448	-0.469202	2.713283	-4.221785	-6.480167	-0.684944	-1.747490	3.896392	2.414598	-3.200254	10.037449	5.572071	-2.717236	-5.752554	-7.930260	4.115162	2.852525	-0.447552	7.012003	-12.983967	-5.858610	11.107654	4.673603	4.155802	-2.992553	-2.211719	-3.326341	13.555964	5.726911
TCATATGAGCTTTGTT-1_1	-7.499420	-7.564281	-2.128744	1.033904	0.089334	1.916080	-2.159006	-3.687115	-0.674975	-1.510559	2.968731	1.169812	-2.161129	5.913660	3.441830	-2.204526	-3.589507	-4.487462	2.725245	1.781341	0.062448	4.481225	-8.758378	-3.080630	7.719399	3.358160	2.536466	-2.251264	-1.188438	-2.503915	8.135187	2.969979
AGTTGACGGTCCTTGC-1_1	-11.205698	-11.333636	-4.399620	0.855393	-0.396836	2.770614	-3.649580	-6.305590	-0.376638	-1.303610	3.329608	2.625145	-3.609043	9.609674	5.562496	-3.003735	-5.541767	-7.418122	3.649618	2.817359	-0.592196	5.951279	-12.180302	-5.300024	10.884068	4.779649	3.843413	-3.400875	-2.078458	-3.063559	13.187209	6.047694
ATAATTAGCTAAGTAG-1_1	-9.583207	-9.767826	-3.126965	1.309770	-0.317212	3.067212	-2.789821	-4.950713	0.219051	-0.540887	3.957858	1.461281	-2.270024	7.700763	4.274832	-2.295394	-4.994640	-6.132265	4.137525	1.859097	-0.558036	5.678526	-10.662427	-4.080677	8.893198	4.102076	3.680358	-2.089557	-2.054900	-3.067969	11.548600	4.957196
GGTCTTGAGCGCTCTT-1_1	-11.239685	-11.843456	-2.704384	1.736704	-0.001447	3.130856	-3.148869	-5.143940	-0.799424	-1.919492	5.481791	0.976314	-2.781524	8.581000	5.249480	-2.946686	-5.377469	-6.800501	4.850713	2.050455	0.180544	7.655829	-13.804792	-4.336427	11.542053	4.982448	4.398192	-2.708892	-2.077199	-4.347978	12.679661	4.371993
CGTTGTCGGCAATTGA-1_1	-8.929871	-9.398750	-2.712562	1.312513	-0.093971	2.586833	-2.666069	-4.475474	-0.308145	-1.187151	4.057652	1.343838	-2.176858	7.337746	4.273052	-2.658472	-4.591463	-5.807681	3.903955	1.998378	0.034065	5.737672	-10.705407	-3.649402	8.907311	4.038008	3.792048	-2.449996	-1.533192	-3.245447	10.369210	4.165918
TCTTGCTCCCGATACT-1_1	-10.089496	-10.500466	-3.563821	0.696602	-0.672749	3.054716	-3.083650	-5.269042	0.276247	-0.193886	4.138301	1.186645	-2.475096	7.973671	4.876512	-1.724631	-5.068007	-6.628584	4.231092	1.425093	-0.765896	6.122657	-11.278167	-4.512363	9.290144	4.083607	3.826792	-1.530452	-2.580427	-3.259447	12.845226	5.725836
AGCAGAAGGAGAAAGA-1_1	-10.312873	-10.767145	-2.591609	1.269242	0.004157	2.990153	-2.601720	-4.804337	-0.419338	-1.119365	5.066648	1.015473	-2.881260	7.783463	4.896452	-3.085078	-4.821408	-6.423299	4.618153	1.662358	0.131643	6.397494	-12.673802	-3.668135	10.768523	4.682374	4.363234	-2.452603	-1.716345	-4.320663	11.932310	4.868377
GAAGCCACTGATTATG-1_1	-11.032659	-11.878991	-3.382738	0.190285	-1.106842	3.422456	-3.656268	-5.342772	0.077515	0.009486	5.478996	-0.184239	-1.743825	8.322412	5.037746	-0.396633	-5.298276	-7.300013	5.353887	0.191299	-1.003116	7.908425	-12.981641	-5.228807	9.758938	3.906553	4.101646	0.318811	-3.622659	-4.086679	14.800034	5.800046
TGCTCTTGAGAGTTTG-1_1	-9.925412	-10.595309	-3.226034	0.742751	-0.361927	2.977165	-2.946926	-5.107736	0.055420	-0.211533	4.953641	1.172613	-2.257736	7.756270	4.780645	-2.478451	-4.834649	-6.888928	5.078254	1.272676	-0.199754	6.179413	-11.963666	-4.044162	9.770169	4.069582	4.616742	-1.461201	-2.120988	-4.215925	12.620200	5.880611
GACATCCGTCGAACTG-1_1	-9.605126	-9.703711	-2.314986	0.563152	-0.705371	3.046276	-2.907519	-4.536349	-0.166885	-0.385313	4.298491	-0.140740	-1.878575	6.852030	3.946211	-0.760767	-4.484566	-5.720206	4.132664	0.489835	-0.836616	6.192237	-10.950418	-4.357822	8.677805	3.580905	3.159065	-0.265763	-2.673752	-3.227271	11.726605	4.201125
AGATATAATACGACTA-1_1	-14.825500	-15.380077	-4.177824	1.562583	-0.504644	5.275780	-3.686475	-7.178270	0.736381	0.449343	7.219876	1.207623	-3.775744	10.782214	6.716149	-3.566261	-7.164300	-9.389377	7.252882	1.355092	-0.664855	8.496148	-17.317558	-5.525898	14.459302	6.349564	6.263608	-2.179909	-3.333775	-5.973275	18.726961	8.571828
TCGCTACTGGCTTTGA-1_1	-9.402308	-9.929242	-3.194875	0.561818	-0.825237	3.264808	-2.881478	-4.775468	0.575187	0.320027	4.355592	0.538003	-1.681314	7.447432	4.339316	-1.137826	-4.929955	-6.286916	4.520678	0.797729	-0.930523	6.128498	-10.753805	-4.221306	8.225495	3.747387	3.760536	-0.629410	-2.757058	-3.263119	12.551873	5.488620
GTGACAGCTTCCCACT-1_1	-8.357331	-8.445732	-1.122987	0.820274	0.192388	2.532141	-1.596958	-3.182758	-0.183338	-1.083977	4.920433	-0.012395	-2.242628	5.881710	3.524137	-2.761635	-3.695484	-4.975979	3.856365	1.175416	0.063244	5.118990	-10.610456	-2.208145	8.672875	4.396835	3.637708	-1.556020	-1.067016	-3.720059	9.043542	3.148039
GTGACGCAGGTTTCAT-1_1	-5.647730	-7.461507	-2.395370	0.844658	-0.295513	3.902700	-0.825295	-2.317781	2.377599	2.593665	4.519787	-0.034093	-0.429195	4.780969	3.122865	-0.667091	-3.948253	-4.215730	4.762083	-0.598902	-0.983170	4.869896	-7.840110	-1.254764	4.985173	2.983706	3.231233	-0.013473	-2.654311	-3.735533	10.403310	6.399206
GGGAAGACGGTCTGTC-1_1	-9.722641	-10.452285	-2.814833	1.273319	-0.247678	4.144184	-2.101610	-4.471716	1.048006	0.830389	5.254374	0.513499	-2.141351	7.288179	4.374635	-2.201269	-5.157331	-6.013509	5.243253	0.530068	-0.508478	6.078563	-11.789159	-3.331365	9.356470	4.427741	4.144224	-1.352315	-2.530404	-4.355358	13.047915	6.130198
CGTCGCATGTGAGCCA-1_1	0.887577	-2.349975	0.578610	3.084060	1.762748	4.396771	4.428538	3.767016	0.126081	3.367621	-0.276494	-3.209639	-0.184158	2.008638	3.680870	-0.704848	-4.398042	2.445547	2.396336	-2.317430	-1.648189	5.467827	-3.175916	6.566558	1.898274	2.560752	-1.304535	-5.292425	-0.566989	-5.686228	2.064789	5.078280
AGAAGGTTGTAGGTCG-1_1	-6.089744	-6.911582	-3.212744	0.221815	-0.181930	2.462883	-0.964474	-2.357423	0.648276	0.077558	3.198997	0.156807	-1.058201	4.936450	3.300411	-0.210727	-3.373356	-3.459167	2.882463	-0.090575	-0.601882	4.524251	-7.163121	-1.911057	5.542824	3.126394	0.916817	-0.380726	-2.994341	-2.370441	9.845238	4.076133
GGCCGGCGTCTGCTAT-1_1	4.735684	1.700173	-0.318710	3.382604	1.849580	1.452873	3.686253	1.337985	1.463692	4.504717	-0.605059	-1.778841	0.726821	-3.131176	1.521630	-0.605700	-1.189709	2.163157	1.422611	-0.947937	0.478609	0.861687	-0.997147	1.967746	-1.100640	-0.810631	0.279012	-3.698530	-0.265329	-2.131915	0.836265	1.967349
TTGACCAGGAACAACT-1_1	3.208129	-0.597531	0.043768	3.026835	1.513610	3.089372	3.646648	1.384166	1.051416	3.901168	-0.951435	-1.227311	0.656581	-1.704844	1.839046	-0.722010	-1.485173	1.627583	1.121605	-1.410428	-0.599042	2.151300	-1.617363	3.120764	-0.317631	-0.180589	-0.231075	-2.987075	0.377923	-3.278867	1.184629	3.390410
AGTCGTATAAAGCAGA-1_1	2.540527	-0.059239	0.363573	1.981982	1.427964	1.334215	2.978690	1.451898	0.631625	2.208642	-0.796897	-1.162942	0.242302	-1.402513	1.136849	-0.178662	-1.169305	1.235376	0.658840	-1.006528	-0.019271	0.958433	-0.665371	2.281493	-0.126911	-0.242128	-0.306004	-2.477094	-0.277067	-2.000299	0.327498	1.563025
GGCGTAGGGAAAGCTG-1_1	2.818686	0.372920	0.446133	2.191089	1.251639	1.298452	2.709239	1.336718	0.926748	2.677790	-0.746555	-1.292595	0.105915	-1.563395	1.234638	-0.318763	-1.077175	1.549396	0.844191	-0.775309	0.002794	1.067801	-0.742399	2.260036	-0.195717	-0.152416	-0.355202	-2.699263	-0.026160	-1.882564	0.140123	1.427484
AAACCTAAGCAGCCGG-1_1	1.814518	0.737874	0.401533	1.517391	0.779679	0.836591	1.689186	1.016784	0.781179	1.941283	-0.355904	-1.063198	-0.064154	-1.084288	0.852623	-0.106722	-0.714051	1.323401	0.643348	-0.351872	0.090732	0.621360	-0.520047	1.643616	-0.014937	0.041851	-0.244470	-2.025154	0.060132	-1.224572	-0.074378	0.702513
ATTGCCTTTATGTTTG-1_1	2.040731	2.213995	0.529635	1.716416	0.890284	0.710914	0.968770	1.108427	0.753821	2.529968	0.026396	-1.740038	-0.371786	-1.333015	0.741216	-0.040824	-0.738156	1.906971	1.020262	0.025081	0.114821	0.556542	-0.567025	1.869227	0.020912	0.480972	-0.132702	-2.666680	0.173918	-1.617969	-0.432100	0.482203
CAGGCAGTCTTACCAG-1_1	1.744693	1.289085	0.662692	1.527547	0.740982	0.952224	1.234341	1.285382	0.728366	2.103349	-0.182247	-1.453527	-0.320011	-0.966940	0.876374	-0.005933	-0.770887	1.760889	0.665802	-0.107808	0.052961	0.775274	-0.683240	2.084735	0.166932	0.476874	-0.449565	-2.347602	0.237250	-1.576673	-0.375941	0.532086
AGCTAAGTACGCAGGC-1_1	2.631841	-0.371225	0.636236	2.697967	2.134876	2.178873	3.881241	2.637535	0.232425	2.595486	-0.946585	-1.728088	0.280616	-1.068963	1.463481	-0.118989	-2.166911	2.168480	0.830876	-1.529818	-0.327918	1.825304	-1.006909	4.086317	0.515245	0.210739	-0.452722	-3.652725	-0.289576	-3.619025	0.196389	2.399359
AAATCCGATACACGCC-1_1	3.043295	-0.013536	0.471217	1.908732	1.626789	0.993367	3.390858	1.374837	0.835161	2.183096	-0.809306	-1.090946	0.248154	-1.882803	1.029408	-0.015455	-1.106484	1.149601	0.664274	-1.043378	0.338840	0.654212	-0.606551	1.915407	-0.427274	-0.610915	-0.435967	-2.335401	-0.518971	-1.817972	0.379660	1.319916
CGAGAGCTTTCACTAC-1_1	2.859142	-1.076515	0.058322	2.650898	2.676788	1.476870	4.459781	2.150763	0.055200	2.141217	-0.882478	-1.072557	0.507764	-1.444033	1.231338	-0.101235	-2.340241	0.939759	0.972730	-1.897559	0.165661	1.420839	-0.909021	3.277794	0.064562	-0.229829	-0.322654	-2.935110	-0.781578	-3.354563	0.818437	2.532493
CGCCCAGCGTTTCACG-1_1	2.888882	-1.429540	0.518002	1.642029	2.313742	0.506105	4.280364	1.491170	0.555810	1.599803	-0.896335	-0.398008	0.296059	-1.584281	0.648102	0.397593	-1.387164	0.123450	0.664127	-2.021736	0.911216	0.479116	-0.896610	1.705561	-0.473178	-0.914946	-0.675257	-1.372159	-0.562218	-2.342155	0.808871	1.636180
GTATCCTTTGGTAACC-1_1	2.321851	-1.167824	0.508981	1.445778	1.685749	0.856203	3.441005	1.193793	0.518651	1.923862	-0.914115	-0.639218	0.103291	-1.174119	0.651917	-0.048023	-1.289647	0.423704	0.789101	-1.664474	0.053583	0.940990	-0.789258	1.914802	-0.158921	-0.595975	-0.418914	-1.736118	-0.342556	-2.136570	0.694241	1.806632
CTTCTGGGCGTACCTA-1_1	-2.166112	-5.256578	-1.962584	0.328267	1.380757	-0.358712	2.052375	0.944075	-2.559806	-5.459002	4.075670	-1.366475	0.387728	1.889483	2.295794	2.943655	-1.595343	0.432924	0.469341	0.365927	2.648639	6.624729	-7.048269	1.093025	5.150177	6.436417	-3.930651	0.395656	-2.479593	-3.687634	5.975649	-0.035698
TGAACAAGCAGGGACT-1_1	1.258692	0.563781	-0.120802	1.440578	2.013227	2.108495	2.443434	2.706932	0.071358	0.556084	0.992242	-1.778343	-0.107378	-1.119809	1.238473	1.352705	-2.147524	2.876976	-0.904891	-0.477502	1.545457	1.385059	-1.607462	3.085633	1.654748	2.020606	-1.506790	-2.755227	-0.758503	-2.692022	0.556694	0.077201
AATACCGGAGGGCTGT-1_1	3.711783	7.209974	1.295261	1.892357	2.114196	-0.988454	1.507180	-0.189950	0.975172	5.698339	0.175471	-3.836037	-1.488421	-3.254680	-0.792389	0.455392	-0.960720	2.775332	2.920702	-0.510751	0.435932	-0.212327	-0.196702	1.349112	-0.686742	0.442328	1.165620	-4.594348	-0.410573	-2.107371	-0.171805	0.413565
GTTTGGTGATCGGTGC-1_1	3.300416	0.519050	-0.042459	2.585165	1.894475	2.420196	3.207429	2.392535	0.558933	2.116735	-0.028308	-2.049450	0.682863	-2.098862	1.758536	0.466373	-1.563161	2.355076	-0.247547	-0.424968	1.008738	1.543453	-1.666828	3.083598	0.032625	0.852645	-0.878117	-2.999810	-0.536965	-2.673290	0.433647	1.117673
GACTGCTGGTGAGAAA-1_1	2.729990	2.413367	0.529415	1.859820	1.254716	1.910857	1.864542	1.654711	0.911400	2.508270	0.518232	-2.622821	-0.172930	-1.926306	1.090971	0.660221	-1.124572	2.425273	0.004700	0.117355	0.913016	0.729706	-1.624225	2.460265	0.097663	1.183538	-0.786231	-2.990229	0.019952	-2.370545	-0.032389	0.038911
CGATCCTCGCAACATA-1_1	-0.172078	-3.653708	-2.325397	2.890511	4.239621	1.627016	4.236488	4.611283	-2.457319	-3.687664	4.312400	-1.876698	1.582931	0.053538	2.766977	0.423227	-3.922078	2.018022	1.713454	-0.688547	3.099986	6.167573	-4.845155	5.359910	4.828540	4.561356	-1.498460	-3.137297	-3.023548	-5.320985	3.836114	1.847197
CCAACCTTATGTAACT-1_1	1.478175	-0.590020	0.673697	1.558008	2.138722	2.504863	2.924443	3.575666	-0.112283	0.173098	1.333215	-3.042479	-0.096263	-0.253983	1.930722	0.850790	-2.481812	3.086822	-0.265193	-0.666581	1.511272	3.153992	-3.605181	4.318043	2.268074	2.444453	-1.931109	-3.488873	-1.349014	-3.768928	0.794972	0.634179
CGTGGTACCCAAAGGC-1_1	-7.014000	-8.760091	-0.669191	1.088954	0.759096	1.382706	-1.280039	-1.530536	-2.724030	-5.292915	5.411726	-1.961107	-0.875565	3.792313	2.592140	0.964404	-3.032268	-2.740511	2.559169	0.913347	1.003701	8.498278	-11.205140	-2.237733	8.715762	5.338262	-0.731034	0.344664	-2.828748	-3.057500	8.563709	-1.051283
AACCCGACAACCCGTG-1_1	0.751289	-2.374184	1.664368	2.740408	2.585962	4.630175	4.734250	6.283050	-0.025991	1.171533	2.122411	-5.089654	-1.225166	2.000793	3.921651	0.260037	-4.420813	4.823058	0.878322	-2.020066	0.997203	6.601467	-6.473838	8.304431	4.081357	4.362012	-2.924478	-6.154507	-1.659394	-6.565619	1.773857	2.401784
TATGTAAAGTGCTTAA-1_1	-6.548735	-7.248707	-0.048411	1.151462	0.584808	1.864826	-1.258256	-1.520781	-1.647115	-3.301703	4.470815	-1.464128	-0.991162	3.642602	2.432134	-0.416189	-2.845137	-2.558797	2.550218	0.674788	0.650181	6.340112	-9.563825	-1.922280	7.466965	3.850793	0.659553	-0.446244	-1.838713	-2.947753	6.785487	-0.271491
GCAAGTGTAAAGCATG-1_1	-1.335546	-3.600415	1.496848	2.118717	1.551392	4.122425	3.615027	4.475420	-0.011883	0.431032	2.619112	-4.398413	-1.310053	2.838463	3.827547	0.158522	-4.187407	2.899855	1.253281	-1.844819	0.506546	6.739131	-6.727298	6.093425	4.576706	4.499591	-1.668331	-4.854141	-1.589374	-5.436012	2.716918	2.193669
GGTGCATAAATGATTA-1_1	-1.218680	-3.737051	-0.375319	2.077832	1.686890	3.161590	2.250860	2.821101	0.209940	-0.543835	3.619317	-2.534526	0.253540	1.490707	2.835818	-0.104905	-3.062679	1.574255	1.315277	-0.708776	1.682179	5.482961	-5.967589	3.207142	3.723347	3.168029	-0.686227	-2.547916	-1.654778	-3.948717	3.745295	1.519027
CGGCCAGAGCGACCAT-1_1	-0.926406	-3.584328	-1.673304	1.626538	1.381572	2.922991	2.184841	1.308755	0.723814	1.337254	1.626406	-0.532146	0.407217	1.564505	2.939770	-0.276591	-2.941312	-0.151253	2.042921	-1.012557	0.078186	3.953886	-3.565166	2.448345	2.228098	2.098679	0.258938	-2.025831	-1.721483	-3.685906	4.383716	4.786664
TTCACTTCCTAGAACG-1_1	-3.762396	-5.918634	-3.472148	0.739053	0.437303	1.950326	0.086246	-1.049835	0.659652	-0.603775	2.874412	0.586720	-0.558074	3.630514	2.925951	0.598536	-3.023415	-2.165236	2.042297	0.572564	-0.146231	5.014652	-5.782459	-0.445257	4.298350	3.135468	-0.653689	-0.986298	-2.930346	-2.256042	8.386091	3.837614
AACGCGACCTTGGGCG-1_1	-3.660820	-4.653821	-2.729949	0.409344	0.413193	1.962091	0.250826	-0.762135	0.352801	-0.501403	1.981589	0.322297	-0.652237	3.404404	2.694072	0.061254	-2.791735	-1.452479	1.520512	0.402756	-0.667614	3.752930	-4.788618	-0.066497	3.785075	3.277066	-0.777073	-1.104706	-2.352468	-1.743181	6.717664	3.208866
ATCTGCTGTTATCGCC-1_1	-9.452068	-9.893366	-2.527952	0.934776	-0.286645	2.586123	-2.645561	-4.212286	-1.135928	-3.052207	3.728259	-0.213480	-1.748267	6.809565	3.167888	0.828675	-4.596824	-4.811259	2.873363	1.367299	-1.171206	7.476235	-10.708259	-4.615089	8.599010	5.083519	0.191731	-0.035563	-3.600743	-1.928612	11.670221	2.198473
AATTCCAAGCATGTAC-1_1	-9.659162	-10.200412	-3.097394	0.728568	-0.416369	2.420426	-3.824497	-5.322848	-0.767435	-1.896679	3.217235	1.615382	-2.486629	8.505226	4.463370	-2.033479	-5.002450	-6.489654	3.105162	2.540907	-0.306330	6.289301	-11.231882	-5.254452	9.210123	4.064512	3.301279	-2.480595	-1.692788	-2.578586	10.845286	4.068386
AAACGGTTGCGAACTG-1_1	-8.316869	-10.909931	-4.048879	-0.572815	-0.478887	-0.593304	-3.507408	-4.557555	-4.678863	-7.864042	3.869870	-0.015087	-0.963068	6.124168	2.795015	3.744937	-3.016496	-5.926776	2.305198	2.324561	0.765630	10.103535	-11.698180	-5.573014	9.724830	6.404295	-1.829528	2.500350	-3.492901	-2.343322	12.291930	-0.048755
GAAGGAGTCGAGTGCG-1_1	-9.658305	-11.102054	-3.026956	0.530366	-0.659185	1.636370	-4.159218	-5.269911	-1.823962	-3.377347	3.890586	0.588926	-1.936909	7.794306	3.917511	0.474541	-4.417983	-6.638894	3.298322	2.044465	-0.340773	8.317225	-11.736547	-5.938795	9.295328	4.182561	1.950905	-0.264277	-2.812781	-2.421598	11.965050	2.773078
GGCAAGCCCATAGTGG-1_1	-7.878273	-9.631063	-4.603401	-0.679730	-0.647152	-0.946804	-2.916025	-4.306083	-4.559256	-7.517533	3.002569	0.334051	-1.334754	5.789510	3.052260	4.085956	-2.215633	-5.327134	1.289911	1.873157	0.438618	8.367439	-10.001407	-5.115368	8.962094	6.705369	-2.889148	2.596378	-3.513350	-1.713948	11.916101	0.462712
TGACCAAATCTTAAAC-1_1	-11.777150	-12.637877	-3.355888	0.700329	-0.794778	2.582996	-4.676007	-6.275139	-1.493432	-2.976932	4.034467	0.846167	-2.799719	9.440286	4.776143	-0.179003	-5.515750	-7.488771	3.591189	2.249783	-0.940852	8.731423	-13.545976	-6.829200	10.981083	4.864257	2.543474	-1.092412	-3.187657	-2.754399	13.855494	3.913984
TTCGGTACTGTAGAGG-1_1	-0.016790	-4.561118	-2.884930	3.580008	3.198755	2.441817	4.422587	2.801978	-0.283959	-0.529850	2.688353	-0.366390	1.994546	0.518080	4.038460	1.463967	-3.311990	0.175512	2.255985	-1.023147	2.708159	5.820017	-3.975937	3.826277	2.329245	2.906443	-0.303356	-2.488754	-2.060423	-5.723872	4.980661	5.029493
ATGTACGATGACGTCG-1_1	-6.376266	-7.197191	-3.088224	0.691980	-0.295652	2.288927	-1.616178	-3.174804	0.773468	0.219516	2.994861	1.039648	-1.234004	5.565520	3.331691	-0.738492	-3.672259	-4.244389	3.185441	0.729206	-0.705467	4.667601	-7.280151	-2.542023	5.646989	2.702850	2.102256	-1.026380	-2.434412	-2.468600	9.477583	4.597056
ATCTAGCTTGTGAGGG-1_1	2.221608	-1.237418	-1.094158	2.807655	2.472208	2.219241	3.474871	2.726402	0.024795	1.247364	0.963997	-0.919904	1.712201	-1.285211	2.035398	0.469365	-2.069453	1.330594	0.911597	-1.192185	1.772851	2.399127	-1.643829	3.090029	0.425269	0.187016	0.328786	-2.442042	-1.137869	-3.848985	1.571683	2.931553
AGCGGGTCTGACACTC-1_1	-7.124060	-8.843643	-3.665159	0.802192	-0.639578	3.520598	-1.292268	-3.011595	1.649796	1.154934	4.428233	0.111705	-0.550772	6.238497	3.957959	0.418823	-4.644952	-4.643630	4.375177	-0.399882	-1.136142	6.758914	-8.825889	-2.455626	5.901814	3.099585	2.045229	-0.076550	-3.919036	-3.400907	12.510800	5.935736
GAGGTACGCGTGTCCC-1_1	4.691531	-3.614970	-2.275097	6.020782	4.375392	5.061601	6.637387	4.666767	1.120173	4.053471	1.842136	-1.481927	3.628509	-3.108764	4.302464	0.459273	-3.362149	1.601310	3.211409	-2.656708	3.199351	5.741340	-4.288799	5.693402	0.308150	-0.236951	0.896648	-3.974272	-1.716365	-7.861170	4.337987	7.532670
GCACTGCCTACCTTTA-1_1	-7.721335	-8.742238	-2.785122	-0.356203	-0.804882	1.694301	-2.838419	-3.799821	-1.057648	-1.130079	3.979431	-0.424587	-1.065486	5.680036	3.418047	0.783303	-3.293350	-5.297114	3.698795	-0.140676	-0.285329	6.462263	-9.649688	-4.072370	7.398032	2.732154	2.060367	1.178561	-2.833521	-3.154518	10.932122	3.488050
GGAGCGAGGCCTACTT-1_1	0.294641	-3.247234	-1.724673	1.347312	0.808058	2.711025	1.931984	1.358907	1.303078	1.940139	2.258019	-1.267041	1.555021	-0.064875	2.855617	0.892274	-2.101113	-0.394981	1.737126	-1.286702	1.309782	4.332674	-3.651480	1.374627	0.826759	0.983004	0.804680	-0.725352	-1.257313	-3.104326	4.278422	3.303501
AAACTCGGTTCGCAAT-1_1	-8.911324	-9.828713	-2.717571	0.089219	-0.954804	2.753372	-3.062579	-4.267196	-0.043803	-0.291591	4.365201	-0.398805	-1.341614	6.727437	3.982820	0.337410	-4.304102	-5.796222	4.099931	0.073053	-0.929327	6.889493	-10.576402	-4.479235	7.788541	3.213781	2.809675	0.571568	-3.242109	-3.122850	12.165344	4.413695
GGCGCTTCATTCCCTG-1_1	0.376178	-4.116078	-2.536265	1.584500	0.862263	3.463795	2.400446	1.334690	2.071301	2.882331	2.705349	-1.239135	1.960531	0.018017	3.911434	0.850373	-2.804882	-0.831113	2.285276	-1.260992	1.369084	5.341805	-4.753230	1.667789	1.000812	1.522051	1.278196	-1.035554	-1.535483	-3.856665	5.696115	5.028562
TGCTCGGTGGGTCACC-1_1	-9.982955	-10.598968	-2.783303	0.694837	-0.840139	3.474920	-3.046651	-4.637228	0.349135	0.034684	4.956253	-0.186220	-1.544206	7.360071	4.244277	-0.423471	-5.003235	-6.217360	4.794970	0.327730	-0.975970	7.112764	-11.574424	-4.519844	8.705884	3.728334	3.444528	0.023522	-3.278909	-3.563905	13.144374	4.946523
AAGCGCAGGGCTTTGA-1_1	5.008492	-1.570264	-0.331151	4.195383	2.560710	3.745212	5.795078	2.358835	1.592069	4.255316	-0.941746	-1.546083	1.636071	-3.064774	2.623986	0.078189	-1.484960	1.318840	1.090788	-2.035203	0.831800	2.902449	-2.798108	3.842165	-0.836415	-0.677424	0.091912	-3.596429	-0.226726	-4.219991	2.034780	4.047235
GACCTTCCACGTCTAC-1_1	-3.031874	-5.121840	-2.093354	0.687765	-0.108759	3.284771	0.449813	-0.348232	1.870908	2.174096	3.154057	-0.841757	0.335820	2.763527	3.071738	0.580403	-3.169734	-1.820708	2.883031	-0.989782	-0.661732	4.743305	-5.570098	0.311845	2.893778	2.450628	1.053109	-0.199040	-2.452094	-3.006347	7.555463	4.782359
GTTAGCCCATGACATC-1_1	2.771226	-0.419960	0.154478	2.216239	2.231897	2.145473	4.082489	2.634643	0.394146	1.535759	-0.437602	-1.490254	0.669514	-1.733924	1.425391	0.567518	-1.763510	1.776413	-0.358067	-1.123763	0.813334	1.058838	-1.332477	3.209842	0.258236	0.088859	-0.580689	-2.613036	-0.941108	-2.633555	0.547689	1.166502
AATTCGATTCGAGGAT-1_1	5.329690	-1.311629	-0.179859	4.321482	3.173915	2.924726	6.563839	2.365526	0.841978	4.279304	-1.441932	-1.703393	1.218085	-2.752709	2.408711	-0.485235	-2.537867	1.417300	1.401113	-2.446753	0.241707	2.749707	-2.016351	4.379184	-0.899430	-0.603096	-0.165081	-4.705006	-0.586251	-4.821654	1.646539	4.453101
AGTCTTTAAAGTGTCC-1_1	2.599946	0.540087	0.333049	1.833493	1.205624	1.209079	2.516704	1.452482	0.925125	2.064325	-0.520556	-1.258916	0.211544	-1.665494	1.108604	0.058525	-0.814424	1.405364	0.355574	-0.511809	0.394085	0.575714	-0.724719	1.910812	-0.231772	-0.213965	-0.338800	-2.244428	-0.313316	-1.454321	0.130412	0.786918
GACTAGGCCGTTAGGT-1_1	5.004015	2.576083	0.252848	3.086940	1.891695	0.646049	3.401627	1.022625	1.530099	4.499083	-0.427376	-2.189178	0.310871	-3.739633	0.941323	-0.408943	-0.876056	2.123712	1.647552	-0.795907	0.760801	0.321039	-0.789187	1.359272	-1.268272	-0.958290	0.198115	-3.422603	-0.334734	-1.593910	0.695272	1.248191
TCCAAGCCTAGACACA-1_1	2.275404	1.297239	-0.654103	2.549792	1.843453	1.625691	2.287305	2.301952	0.152918	1.850755	0.327755	-1.649691	0.974447	-1.675040	1.273248	-0.009709	-1.681775	1.844437	0.724271	-0.388142	0.728699	0.553006	-0.447447	2.401971	0.190344	0.061563	0.171296	-2.912288	-0.914628	-2.334766	0.269637	1.428289
GATTGGGAAAGGTTGT-1_1	3.823215	3.168964	0.411408	2.591278	1.452243	0.696473	2.215233	1.184392	1.384751	3.847205	-0.038350	-2.235459	-0.069770	-2.984828	0.734852	-0.076492	-0.707988	2.405254	1.353772	-0.338278	0.693275	0.037341	-0.600014	1.465689	-0.601125	-0.288231	0.203574	-3.289247	-0.274140	-1.408785	0.097783	0.605128
GATGAGGAACCTTCGG-1_1	5.992857	11.298246	1.950132	2.920138	3.741328	-2.684702	2.662149	-0.483460	0.991849	9.382455	-0.620394	-5.457976	-2.239989	-5.031677	-1.949388	0.175777	-1.657565	4.243213	5.153996	-1.547661	0.194936	-0.906207	0.328945	1.342480	-1.546683	-0.060848	1.779734	-6.699672	-0.899171	-2.639372	0.396130	1.053070
TGAATACCGACGCGTA-1_1	2.145999	1.344839	0.180018	1.366195	0.802085	0.333640	1.343659	0.577466	0.818404	2.047619	-0.080178	-1.034923	0.069587	-1.634356	0.433285	-0.080994	-0.348144	1.022803	0.785197	-0.268853	0.428266	0.096942	-0.327542	0.689568	-0.426311	-0.405534	0.118238	-1.581512	-0.087364	-0.676611	0.184725	0.405428
AATCGTGAGCCGAGCA-1_1	2.038944	3.351204	0.483740	1.218790	1.082816	-0.340541	1.044346	0.091114	0.577367	2.910140	0.042574	-1.767687	-0.494204	-1.790328	-0.230041	0.077669	-0.563500	1.521156	1.444344	-0.371668	0.304883	-0.228962	-0.017088	0.619040	-0.395280	-0.022944	0.539875	-2.267761	-0.215415	-0.905774	0.080959	0.402517
GCGAAGAATCTGACGG-1_1	2.112102	2.469165	0.627220	1.535529	0.903401	0.595410	1.031059	0.957449	0.865455	2.476256	0.170250	-1.818552	-0.474337	-1.513461	0.585907	0.168599	-0.656472	1.791587	0.955015	0.063839	0.370587	0.364823	-0.625275	1.691761	-0.038894	0.501599	-0.103177	-2.588480	0.072797	-1.535863	-0.398581	0.203138
TCGCCGACATATTCGC-1_1	1.307599	1.359893	-0.259078	1.554936	1.527057	1.283285	1.414208	2.189748	0.024802	1.116850	0.709551	-1.478940	0.207878	-0.904645	0.927705	0.286829	-1.554986	1.996634	0.175460	-0.214198	0.679665	0.303107	-0.395709	2.236483	0.650918	0.435214	-0.265816	-2.450598	-0.707249	-1.971588	-0.076154	0.552319
TGCATGTGACCCATAG-1_1	1.136565	0.448115	0.193199	0.761925	0.695870	1.152838	1.222003	1.139979	0.493957	0.854591	0.214690	-1.000628	-0.001108	-0.895815	0.669440	0.462746	-0.619916	1.144629	-0.393628	-0.108104	0.712304	0.478381	-0.973008	1.285867	0.268606	0.526304	-0.735382	-1.195512	-0.157700	-1.052130	0.143307	-0.064765
AGGGTCAGAGCACTCG-1_1	1.801458	2.023375	0.286688	1.152593	0.781367	0.239910	0.893277	0.393346	0.625604	1.906207	0.150985	-1.342699	-0.186319	-1.479144	0.233172	0.084061	-0.406929	1.129563	0.811027	0.015396	0.403072	0.010541	-0.371469	0.760826	-0.243733	0.157565	0.141401	-1.777891	-0.133753	-0.915606	-0.020365	0.202064
GTGTCAGTGTACGTGG-1_1	2.390197	2.478740	1.009958	1.718270	1.060563	1.890283	1.428803	1.588658	0.902100	2.668318	0.501663	-2.798254	-0.577847	-1.529943	1.008281	0.575714	-1.174831	2.589358	0.288852	0.209156	0.706901	1.105152	-1.794339	2.869865	0.368064	1.498981	-0.987759	-3.213044	0.311149	-2.690410	-0.259053	0.047529
CTGTAGTGAGGATCGA-1_1	1.782718	2.118045	0.779379	1.348728	0.677629	0.376208	0.560794	0.731513	0.703771	2.310522	0.030457	-1.641029	-0.616015	-1.161587	0.463041	0.063692	-0.515079	1.431032	1.023905	0.034602	0.083958	0.632863	-0.554582	1.573807	-0.032380	0.547681	-0.122369	-2.267783	0.336954	-1.337660	-0.504478	0.165716
GATAGTGCGAGTAAGT-1_1	3.138938	3.375104	1.023935	2.313279	1.179470	1.542037	1.607113	1.598588	1.220436	3.551691	0.426669	-2.936922	-0.584660	-2.086138	1.010270	0.435618	-1.088954	2.806390	0.950710	0.157604	0.670985	0.940539	-1.483930	2.878529	0.019899	1.196856	-0.466878	-3.837087	0.321791	-2.620160	-0.478864	0.229540
AGGGTTCAGACGGTCC-1_1	3.921340	4.155091	0.693451	2.613933	1.511507	0.651647	1.926923	1.074853	1.402494	4.221164	0.205572	-2.793252	-0.435316	-2.991911	0.610616	0.136202	-0.791200	2.734025	1.670287	-0.084089	0.717105	0.247829	-0.904001	1.872864	-0.455438	0.370258	0.256070	-4.009613	-0.174333	-1.986830	-0.191142	0.470396
GGACTCGACAGCGCAT-1_1	5.860985	6.997634	1.296905	3.797969	2.181768	0.754092	2.644649	1.108045	2.032875	6.731011	0.372471	-4.441385	-0.947021	-4.458398	0.595430	0.261888	-1.204247	4.246288	2.936094	-0.082275	0.993191	0.570340	-1.465940	2.799892	-0.673785	0.967304	0.567151	-6.363916	-0.171214	-3.341242	-0.361613	0.737143
GAGCGGAATGCGGTGT-1_1	2.803402	1.751212	0.543363	2.060622	1.019004	1.227040	1.734946	1.281073	1.070974	2.739227	-0.142657	-1.801181	-0.145856	-1.896562	1.008529	-0.034418	-0.667576	1.974801	0.697156	-0.054681	0.349891	0.707692	-1.051327	2.002510	-0.231206	0.330633	-0.354210	-2.719540	0.134244	-1.684018	-0.129546	0.589947
CGTAACTTCGACACTT-1_1	4.678698	0.133477	-0.132514	3.276439	2.004436	1.967937	4.428864	1.782464	1.233809	3.727327	-1.043802	-1.562592	0.901811	-2.719619	1.864541	-0.431433	-1.407528	1.693294	0.936626	-1.209268	0.419282	1.436712	-1.337259	2.701864	-0.964776	-0.743631	-0.176529	-3.564813	-0.450993	-2.617271	0.876930	2.234465
CATACTTCTTTCTCCG-1_1	4.910771	-0.994350	0.200027	2.940849	2.955525	1.625160	5.565947	2.166185	0.931903	2.502420	-1.082051	-1.465474	0.925933	-2.838830	1.735894	0.423527	-1.617762	0.748193	0.501224	-1.596817	1.107766	1.266204	-1.564838	2.974797	-1.007540	-0.904925	-0.576252	-3.066979	-1.046457	-3.314424	1.044796	2.263006
CAAGTAAGTGATAGAC-1_1	2.532671	1.592811	-0.172315	2.173241	1.574256	2.103561	2.733368	2.425718	0.661304	2.095556	0.278379	-1.855610	0.527385	-1.869234	1.320150	0.580453	-1.311841	2.310212	-0.302598	-0.502433	0.941888	0.294604	-0.971843	2.507963	0.082980	0.311356	-0.330517	-2.853551	-0.632251	-2.003337	0.135037	0.545595
AGCCCGCAACAAGCAG-1_1	4.253928	-1.143168	-0.254849	3.238349	2.827537	1.917981	5.427449	2.143989	0.744440	2.616713	-0.892829	-1.142178	1.220758	-2.366283	1.888479	0.285018	-1.782687	0.758199	0.711038	-1.736358	0.985759	1.658670	-1.634059	3.198938	-0.783170	-0.619093	-0.174002	-3.203054	-0.787659	-3.731756	1.238491	2.998909
GCTCCATGCAAAGCAA-1_1	3.125900	3.784226	-0.192874	2.644505	1.383947	1.436575	1.632117	1.590867	1.006099	3.368767	0.657218	-2.461061	0.130503	-2.392163	1.007062	0.199413	-1.119394	2.691090	0.905238	0.113735	0.727004	0.110837	-0.831739	2.015508	-0.235547	0.618707	0.295352	-3.693121	-0.121876	-2.096256	-0.199309	0.577975
TCGTACCGACGTCAAG-1_1	2.421080	-1.760488	-0.725450	3.135163	3.034835	2.142655	4.472700	2.960983	-0.032235	1.271002	0.510251	-1.110202	1.418984	-1.213369	2.067978	0.375173	-2.574935	1.352759	1.062645	-1.603433	1.367779	2.640598	-1.754333	3.750127	0.630249	0.263522	0.100254	-2.951446	-1.251722	-4.246716	1.461188	3.314013
ATTATCGGAATGTACG-1_1	2.676385	1.163670	0.147108	1.993883	1.126234	1.038540	2.095108	1.145059	0.946749	2.384753	-0.279440	-1.380175	0.219774	-1.825668	0.979497	-0.118795	-0.718559	1.483935	0.718638	-0.312542	0.362231	0.486383	-0.703505	1.585892	-0.325193	-0.168589	-0.087430	-2.373180	-0.174342	-1.383586	0.137578	0.814605
ACCTACTATAAATCTA-1_1	4.685412	-3.020352	-0.866597	5.091989	4.191363	3.500327	7.194882	3.615551	1.056815	2.783630	-0.073311	-1.151949	2.631667	-2.643301	3.514336	1.064203	-2.482112	1.355292	1.655853	-2.159497	2.251615	4.190788	-3.426448	5.064625	-0.168405	0.218104	0.035931	-4.006738	-1.164584	-6.609370	2.508506	5.861585
TATCCTATCAACTGGT-1_1	2.632701	0.034515	0.083948	1.525299	1.243554	1.011946	2.730703	1.192923	0.901529	1.550196	-0.465838	-0.769246	0.575050	-1.781788	0.974750	0.290472	-0.483869	0.777613	0.119573	-0.614688	0.733258	0.295034	-0.704491	1.250498	-0.577707	-0.699477	-0.162565	-1.522004	-0.438083	-1.191503	0.456563	0.712501
GCGCGGTCTAGTAACT-1_1	2.154869	-1.369039	-0.869353	2.615379	2.023241	1.970266	3.527877	1.819262	0.486331	1.372053	0.308091	-0.570571	1.612734	-1.251107	2.175561	0.803408	-1.294347	0.934907	0.748098	-0.954728	1.536467	2.304040	-1.899813	2.552080	0.021575	0.686284	0.021136	-1.912110	-0.500403	-3.624529	1.547177	3.128617
CCTTCGTATAGAATCC-1_1	2.929651	-0.814193	0.364449	1.644516	1.735318	1.037748	3.653504	1.496438	0.844756	1.661834	-0.794878	-0.738076	0.479242	-1.784053	0.955127	0.418363	-0.807017	0.475718	0.237575	-1.271945	0.722907	0.547920	-0.948095	1.762855	-0.463464	-0.850668	-0.412159	-1.608695	-0.508631	-1.741843	0.622686	1.193074
TGGGCGATACAATAAG-1_1	4.169277	0.696700	-1.085274	3.053799	1.403986	2.146397	3.045818	1.545042	1.507360	3.318846	-0.243468	-0.977748	1.672872	-2.707909	1.902807	0.162105	-0.286882	1.172341	0.516558	-0.634075	1.310590	0.806028	-1.499221	1.491580	-1.236006	-0.835023	0.441323	-2.380472	0.017867	-1.928710	1.078847	1.859263
TGACATGTAACGTGAC-1_1	3.449290	0.352375	0.212890	1.964128	1.478057	0.648645	3.087878	1.020716	1.049863	2.561886	-0.632963	-1.029831	0.411630	-2.293899	0.921541	-0.164462	-0.736584	0.953345	0.911434	-0.920802	0.559993	0.519842	-0.632933	1.252925	-0.821305	-0.970028	-0.159177	-2.114476	-0.405520	-1.302476	0.609785	1.143749
TTGGGAAGACGAGCCG-1_1	5.892131	-2.766061	0.723466	3.686844	4.057665	1.571246	8.493011	2.884621	1.215110	3.525917	-1.940464	-0.983509	0.902794	-3.078935	1.679860	0.732879	-2.374864	0.356233	1.119372	-3.803048	1.587005	1.565300	-2.217115	3.711173	-1.105128	-1.686403	-1.034970	-3.294690	-1.019883	-4.493752	1.710480	3.625638
GGTGTAAATCGATTGT-1_1	3.575281	0.028585	-0.235007	2.298143	1.671705	0.797832	3.677209	1.128026	0.886499	2.473813	-0.616100	-0.871774	0.961574	-2.225888	1.278497	0.060127	-0.860270	0.637281	0.835315	-1.174981	0.914568	0.508737	-0.710262	1.330627	-1.135164	-1.064980	-0.005363	-2.127738	-0.495347	-1.774720	0.913321	1.732052
GAACTGTGGAGAGACA-1_1	7.600509	-1.837997	1.188992	4.191094	4.239458	2.051013	9.188465	3.213789	1.865890	4.545302	-2.324778	-1.887972	0.791898	-4.509675	2.098013	0.522893	-2.301223	1.426729	1.047515	-3.502087	1.445751	1.482303	-2.110720	4.049990	-1.481710	-2.071001	-1.306212	-4.366303	-1.387510	-4.241151	1.528110	3.190811
TCCACATCGTATATTG-1_1	4.326397	-0.808319	-0.146095	2.780117	2.176057	0.937776	4.709257	1.166342	0.869475	2.954656	-0.955222	-0.824832	1.103162	-2.355043	1.559862	0.006182	-1.135425	0.249868	1.299731	-1.768640	0.942566	1.127446	-1.130328	1.822826	-1.371800	-1.131551	-0.231203	-2.600237	-0.493872	-2.864044	1.244111	2.854519
CCTATGGTCAAAGCTG-1_1	5.243048	-2.244284	0.252571	3.464104	3.905007	1.398347	7.453141	2.478982	0.864952	2.595405	-1.344321	-0.801558	1.048278	-2.892476	1.729046	0.858756	-2.178264	0.060886	0.804610	-2.947363	1.705985	1.291273	-1.886866	3.309899	-1.118607	-1.312681	-0.804216	-2.877285	-1.062313	-4.191407	1.540972	3.139232
TCCTTGTCCTTTAATT-1_1	4.032198	-0.104757	-0.388416	2.574285	1.851342	0.915715	3.848150	1.158130	0.919689	2.797882	-0.633793	-0.893083	1.120876	-2.330628	1.475502	0.003621	-0.894497	0.550036	1.031683	-1.259435	0.998160	0.749744	-0.921760	1.466489	-1.323960	-1.112944	-0.005307	-2.357901	-0.477888	-2.224140	1.059498	2.170496
AAGTTTATGGGCCCAA-1_1	5.773750	-0.170812	-0.205235	3.740624	2.650261	1.711082	5.770864	2.094687	1.315862	3.830578	-1.156917	-1.658324	1.403837	-3.446396	2.178641	0.018785	-1.435498	1.259469	1.094509	-1.725442	1.212690	1.200465	-1.439095	2.687237	-1.555126	-1.288104	-0.218336	-3.722117	-0.866044	-3.124555	1.255617	2.672607
GTCCGGGTTCACATTA-1_1	5.334257	2.412188	-0.302081	3.187332	1.956827	0.521379	3.258661	0.750171	1.268614	4.728244	-0.381732	-2.024421	0.734952	-3.776941	0.838128	-0.637016	-0.819395	1.619992	1.891970	-0.930016	0.815209	0.483654	-0.873021	0.966340	-1.697204	-1.278717	0.548579	-3.262274	-0.421738	-1.637881	1.204656	1.723057
ATGTAGCGCGCGTAGG-1_1	5.110434	-1.853460	0.869722	2.976030	3.339653	2.011269	6.328606	2.577595	1.088871	2.535788	-1.481950	-1.546018	0.495759	-2.870119	1.436669	0.472571	-1.812344	0.736419	0.459865	-2.039393	0.861409	1.689694	-2.109184	3.577263	-0.668417	-0.990618	-1.140830	-3.125980	-1.176243	-3.487976	1.095743	2.226477
TACGGAAGCCAAACCA-1_1	6.559722	3.771639	-0.260259	3.677370	2.533246	0.444610	4.069861	1.003156	1.767121	5.732858	-0.413812	-2.520490	0.947542	-5.119630	0.637918	-0.268707	-0.708219	2.281157	2.081964	-1.068620	1.398960	-0.204537	-0.880954	0.659344	-2.140048	-1.803744	0.830998	-3.626424	-0.857961	-1.586649	1.525664	1.552032
GCCCTGAGGATGGGCT-1_1	4.618649	-1.644470	0.473326	3.010774	3.588156	1.737957	6.313975	2.808306	0.749720	1.948480	-1.162940	-1.282024	0.703969	-2.702344	1.476795	0.825852	-2.062676	0.699759	0.178817	-2.134583	1.403770	1.120411	-1.842140	3.421093	-0.558405	-0.804335	-0.997194	-2.719382	-1.266662	-3.541910	1.032563	1.938498
CGGGCGATGGATCACG-1_1	2.137473	0.821346	-0.207623	1.283041	0.809642	0.407747	1.454394	0.489496	0.720654	1.679392	-0.033676	-0.630293	0.453524	-1.564691	0.523321	0.000639	-0.186090	0.631879	0.583659	-0.257162	0.618780	0.067728	-0.398233	0.419972	-0.642530	-0.627600	0.180418	-1.142899	-0.118295	-0.688170	0.449520	0.577313
TGCGGACTTGACTCCG-1_1	1.315892	1.079372	0.217222	1.061150	0.548448	0.666577	0.837090	0.760784	0.548566	1.400741	0.074693	-1.020703	-0.062223	-0.926671	0.550959	0.033321	-0.443558	1.078022	0.399826	0.008064	0.272834	0.275058	-0.492992	1.075533	-0.010080	0.216306	-0.183278	-1.463631	0.030406	-0.888024	-0.092907	0.262997
TCGCTGCCAATGCTGT-1_1	1.286461	1.490518	0.251593	1.029083	0.603734	0.511743	0.619785	0.683518	0.454847	1.432141	0.210089	-1.179574	-0.172884	-0.910118	0.443022	0.063271	-0.504320	1.146942	0.548208	0.116244	0.247128	0.226757	-0.419994	1.089134	0.019042	0.359050	-0.095832	-1.629699	0.031219	-1.034470	-0.205153	0.201971
